ISO-10303-21;
HEADER;
FILE_DESCRIPTION (( 'STEP AP214' ),
    '1' );
FILE_NAME ('Steel framev5.STEP',
    '2026-08-28T09:34:40',
    ( '' ),
    ( '' ),
    'SwSTEP 2.0',
    'SolidWorks 2021',
    '' );
FILE_SCHEMA (( 'AUTOMOTIVE_DESIGN' ));
ENDSEC;

DATA;
#1 = FACE_BOUND ( 'NONE', #969, .T. ) ;
#2 = EDGE_LOOP ( 'NONE', ( #1425, #608, #488, #276 ) ) ;
#3 = CARTESIAN_POINT ( 'NONE',  ( 57.64999999999992752, 4.999999999999992006, 4.000000000000000000 ) ) ;
#4 = EDGE_CURVE ( 'NONE', #1003, #310, #800, .T. ) ;
#5 = EDGE_CURVE ( 'NONE', #1295, #1077, #1290, .T. ) ;
#6 = CYLINDRICAL_SURFACE ( 'NONE', #315, 2.499999999999988454 ) ;
#7 = CARTESIAN_POINT ( 'NONE',  ( 56.50000000000024158, 94.49999999999997158, 4.000000000000000000 ) ) ;
#8 = ORIENTED_EDGE ( 'NONE', *, *, #660, .T. ) ;
#9 = DIRECTION ( 'NONE',  ( 0.000000000000000000, 0.000000000000000000, 1.000000000000000000 ) ) ;
#10 = PRODUCT_DEFINITION_CONTEXT ( 'detailed design', #169, 'design' ) ;
#11 = CIRCLE ( 'NONE', #797, 4.999999999999990230 ) ;
#12 = VECTOR ( 'NONE', #374, 1000.000000000000000 ) ;
#13 = CARTESIAN_POINT ( 'NONE',  ( 36.00000000000024869, 94.49999999999994316, 4.000000000000000000 ) ) ;
#14 = CIRCLE ( 'NONE', #571, 4.999999999999990230 ) ;
#15 = VECTOR ( 'NONE', #188, 1000.000000000000000 ) ;
#16 = ORIENTED_EDGE ( 'NONE', *, *, #4, .F. ) ;
#17 = ORIENTED_EDGE ( 'NONE', *, *, #235, .F. ) ;
#18 = DIRECTION ( 'NONE',  ( 1.000000000000000000, 0.000000000000000000, 0.000000000000000000 ) ) ;
#19 = EDGE_CURVE ( 'NONE', #1181, #836, #1341, .T. ) ;
#20 = ORIENTED_EDGE ( 'NONE', *, *, #713, .F. ) ;
#21 = DIRECTION ( 'NONE',  ( 0.000000000000000000, 0.000000000000000000, 1.000000000000000000 ) ) ;
#22 = EDGE_LOOP ( 'NONE', ( #706, #108, #606, #1237 ) ) ;
#23 = CARTESIAN_POINT ( 'NONE',  ( 9.999999999999982236, 13.99999999999998579, 0.000000000000000000 ) ) ;
#24 = VERTEX_POINT ( 'NONE', #1226 ) ;
#25 = ORIENTED_EDGE ( 'NONE', *, *, #285, .T. ) ;
#26 = LINE ( 'NONE', #864, #722 ) ;
#27 = EDGE_CURVE ( 'NONE', #38, #47, #1016, .T. ) ;
#28 = EDGE_CURVE ( 'NONE', #617, #1058, #1153, .T. ) ;
#29 = ORIENTED_EDGE ( 'NONE', *, *, #1398, .F. ) ;
#30 = DIRECTION ( 'NONE',  ( -0.000000000000000000, -0.000000000000000000, 1.000000000000000000 ) ) ;
#31 = EDGE_LOOP ( 'NONE', ( #142, #622 ) ) ;
#32 = CYLINDRICAL_SURFACE ( 'NONE', #1036, 1.250000000000001110 ) ;
#33 = VERTEX_POINT ( 'NONE', #867 ) ;
#34 = FACE_OUTER_BOUND ( 'NONE', #937, .T. ) ;
#35 = ORIENTED_EDGE ( 'NONE', *, *, #68, .T. ) ;
#36 = ORIENTED_EDGE ( 'NONE', *, *, #691, .T. ) ;
#37 =( NAMED_UNIT ( * ) PLANE_ANGLE_UNIT ( ) SI_UNIT ( $, .RADIAN. ) );
#38 = VERTEX_POINT ( 'NONE', #416 ) ;
#39 = AXIS2_PLACEMENT_3D ( 'NONE', #1137, #224, #788 ) ;
#40 = DIRECTION ( 'NONE',  ( -0.000000000000000000, -0.000000000000000000, 1.000000000000000000 ) ) ;
#41 = ORIENTED_EDGE ( 'NONE', *, *, #1125, .F. ) ;
#42 = AXIS2_PLACEMENT_3D ( 'NONE', #1170, #1049, #698 ) ;
#43 = DIRECTION ( 'NONE',  ( -0.000000000000000000, 0.000000000000000000, 1.000000000000000000 ) ) ;
#44 = AXIS2_PLACEMENT_3D ( 'NONE', #1274, #1394, #475 ) ;
#45 = AXIS2_PLACEMENT_3D ( 'NONE', #7, #943, #971 ) ;
#46 = ORIENTED_EDGE ( 'NONE', *, *, #763, .T. ) ;
#47 = VERTEX_POINT ( 'NONE', #296 ) ;
#48 = DIRECTION ( 'NONE',  ( 0.000000000000000000, 0.000000000000000000, 1.000000000000000000 ) ) ;
#49 = ORIENTED_EDGE ( 'NONE', *, *, #1000, .F. ) ;
#50 = ORIENTED_EDGE ( 'NONE', *, *, #382, .T. ) ;
#51 = CARTESIAN_POINT ( 'NONE',  ( 9.409123392426194054E-32, 4.000000000000000000, 4.000000000000000000 ) ) ;
#52 = EDGE_LOOP ( 'NONE', ( #1174, #594, #1078, #1456 ) ) ;
#53 = VERTEX_POINT ( 'NONE', #939 ) ;
#54 = ORIENTED_EDGE ( 'NONE', *, *, #1000, .T. ) ;
#55 = CARTESIAN_POINT ( 'NONE',  ( 9.409123392426194054E-32, 4.000000000000000000, 4.000000000000000000 ) ) ;
#56 = VERTEX_POINT ( 'NONE', #1406 ) ;
#57 = CARTESIAN_POINT ( 'NONE',  ( 90.64999999999990621, 94.49999999999997158, 0.000000000000000000 ) ) ;
#58 = EDGE_CURVE ( 'NONE', #400, #962, #358, .T. ) ;
#59 = DIRECTION ( 'NONE',  ( -0.000000000000000000, -0.000000000000000000, 1.000000000000000000 ) ) ;
#60 = EDGE_LOOP ( 'NONE', ( #1203, #1073, #583, #941 ) ) ;
#61 = CARTESIAN_POINT ( 'NONE',  ( 36.00000000000024869, 94.49999999999994316, 4.000000000000000000 ) ) ;
#62 = CARTESIAN_POINT ( 'NONE',  ( 6.000000000000006217, 68.24999999999997158, 0.000000000000000000 ) ) ;
#63 = EDGE_CURVE ( 'NONE', #298, #1197, #1057, .T. ) ;
#64 = ORIENTED_EDGE ( 'NONE', *, *, #1461, .F. ) ;
#65 = DIRECTION ( 'NONE',  ( 0.000000000000000000, -1.000000000000000000, 0.000000000000000000 ) ) ;
#66 = DIRECTION ( 'NONE',  ( -0.000000000000000000, -0.000000000000000000, 1.000000000000000000 ) ) ;
#67 = VERTEX_POINT ( 'NONE', #1347 ) ;
#68 = EDGE_CURVE ( 'NONE', #1216, #53, #1233, .T. ) ;
#69 = CIRCLE ( 'NONE', #996, 1.249999999999997558 ) ;
#70 = CARTESIAN_POINT ( 'NONE',  ( 4.999999999999999112, 98.99999999999995737, 4.000000000000000000 ) ) ;
#71 = ORIENTED_EDGE ( 'NONE', *, *, #778, .T. ) ;
#72 = FACE_OUTER_BOUND ( 'NONE', #407, .T. ) ;
#73 = DIRECTION ( 'NONE',  ( 1.000000000000000000, 0.000000000000000000, 0.000000000000000000 ) ) ;
#74 = DIRECTION ( 'NONE',  ( -0.000000000000000000, 0.000000000000000000, 1.000000000000000000 ) ) ;
#75 = DIRECTION ( 'NONE',  ( 0.000000000000000000, 0.000000000000000000, 1.000000000000000000 ) ) ;
#76 = ADVANCED_FACE ( 'NONE', ( #711 ), #301, .F. ) ;
#77 = EDGE_LOOP ( 'NONE', ( #1330, #1084, #1120, #1324 ) ) ;
#78 = CARTESIAN_POINT ( 'NONE',  ( -1.261617073437676470E-15, 9.999999999999984013, 4.000000000000000000 ) ) ;
#79 = ORIENTED_EDGE ( 'NONE', *, *, #865, .T. ) ;
#80 = DIRECTION ( 'NONE',  ( 1.000000000000000000, 0.000000000000000000, 0.000000000000000000 ) ) ;
#81 = CARTESIAN_POINT ( 'NONE',  ( 95.14999999999999147, 4.999999999999997335, 4.000000000000000000 ) ) ;
#82 = DIRECTION ( 'NONE',  ( 1.000000000000000000, 0.000000000000000000, 0.000000000000000000 ) ) ;
#83 = EDGE_CURVE ( 'NONE', #289, #980, #1358, .T. ) ;
#84 = CARTESIAN_POINT ( 'NONE',  ( 55.25000000000024158, 94.49999999999997158, 0.000000000000000000 ) ) ;
#85 = DIRECTION ( 'NONE',  ( -0.000000000000000000, 0.000000000000000000, 1.000000000000000000 ) ) ;
#86 = FACE_OUTER_BOUND ( 'NONE', #280, .T. ) ;
#87 = DIRECTION ( 'NONE',  ( 1.000000000000000000, 0.000000000000000000, 0.000000000000000000 ) ) ;
#88 = APPLICATION_CONTEXT ( 'automotive_design' ) ;
#89 = DIRECTION ( 'NONE',  ( 0.000000000000000000, 0.000000000000000000, 1.000000000000000000 ) ) ;
#90 = AXIS2_PLACEMENT_3D ( 'NONE', #576, #705, #588 ) ;
#91 = DIRECTION ( 'NONE',  ( -1.114681751631683822E-16, 1.000000000000000000, 0.000000000000000000 ) ) ;
#92 = VECTOR ( 'NONE', #1121, 1000.000000000000000 ) ;
#93 = DIRECTION ( 'NONE',  ( 0.000000000000000000, 0.000000000000000000, 1.000000000000000000 ) ) ;
#94 = VECTOR ( 'NONE', #1405, 1000.000000000000000 ) ;
#95 = CIRCLE ( 'NONE', #137, 4.000000000000000000 ) ;
#96 = DIRECTION ( 'NONE',  ( -0.000000000000000000, -0.000000000000000000, 1.000000000000000000 ) ) ;
#97 = DIRECTION ( 'NONE',  ( 1.000000000000000000, 0.000000000000000000, 0.000000000000000000 ) ) ;
#98 = FACE_BOUND ( 'NONE', #377, .T. ) ;
#99 = DIRECTION ( 'NONE',  ( 0.000000000000000000, 0.000000000000000000, 1.000000000000000000 ) ) ;
#100 = CYLINDRICAL_SURFACE ( 'NONE', #901, 2.499999999999988454 ) ;
#101 = FACE_BOUND ( 'NONE', #1307, .T. ) ;
#102 = CARTESIAN_POINT ( 'NONE',  ( 73.89999999999994884, 4.999999999999993783, 4.000000000000000000 ) ) ;
#103 = ADVANCED_FACE ( 'NONE', ( #1171 ), #677, .F. ) ;
#104 = DIRECTION ( 'NONE',  ( 1.000000000000000000, 0.000000000000000000, 0.000000000000000000 ) ) ;
#105 = EDGE_CURVE ( 'NONE', #481, #402, #917, .T. ) ;
#106 = CARTESIAN_POINT ( 'NONE',  ( -0.000000000000000000, 0.000000000000000000, 0.000000000000000000 ) ) ;
#107 = AXIS2_PLACEMENT_3D ( 'NONE', #910, #96, #1028 ) ;
#108 = ORIENTED_EDGE ( 'NONE', *, *, #586, .T. ) ;
#109 = CARTESIAN_POINT ( 'NONE',  ( 73.89999999999994884, 4.999999999999993783, 0.000000000000000000 ) ) ;
#110 = AXIS2_PLACEMENT_3D ( 'NONE', #547, #1238, #561 ) ;
#111 = AXIS2_PLACEMENT_3D ( 'NONE', #1138, #336, #1493 ) ;
#112 = CIRCLE ( 'NONE', #900, 1.250000000000021982 ) ;
#113 = VECTOR ( 'NONE', #1471, 1000.000000000000000 ) ;
#114 = DIRECTION ( 'NONE',  ( 1.000000000000000000, 0.000000000000000000, 0.000000000000000000 ) ) ;
#115 = EDGE_CURVE ( 'NONE', #493, #825, #264, .T. ) ;
#116 = CYLINDRICAL_SURFACE ( 'NONE', #1303, 4.999999999999990230 ) ;
#117 = ORIENTED_EDGE ( 'NONE', *, *, #975, .T. ) ;
#118 = CARTESIAN_POINT ( 'NONE',  ( 58.89999999999994884, 4.999999999999992006, -6.000000000000000000 ) ) ;
#119 = EDGE_CURVE ( 'NONE', #1314, #702, #445, .T. ) ;
#120 = CARTESIAN_POINT ( 'NONE',  ( 7.250000000000000000, 94.49999999999995737, 0.000000000000000000 ) ) ;
#121 = CARTESIAN_POINT ( 'NONE',  ( 4.750000000000008882, 68.24999999999997158, 0.000000000000000000 ) ) ;
#122 = ORIENTED_EDGE ( 'NONE', *, *, #459, .F. ) ;
#123 = FACE_OUTER_BOUND ( 'NONE', #277, .T. ) ;
#124 = DIRECTION ( 'NONE',  ( 1.000000000000000000, 0.000000000000000000, 0.000000000000000000 ) ) ;
#125 = EDGE_LOOP ( 'NONE', ( #871, #419 ) ) ;
#126 = ORIENTED_EDGE ( 'NONE', *, *, #1365, .T. ) ;
#127 = CYLINDRICAL_SURFACE ( 'NONE', #555, 4.000000000000000000 ) ;
#128 = ORIENTED_EDGE ( 'NONE', *, *, #546, .T. ) ;
#129 = DIRECTION ( 'NONE',  ( -0.000000000000000000, -0.000000000000000000, 1.000000000000000000 ) ) ;
#130 = ORIENTED_EDGE ( 'NONE', *, *, #1180, .F. ) ;
#131 = AXIS2_PLACEMENT_3D ( 'NONE', #542, #314, #1241 ) ;
#132 = ORIENTED_EDGE ( 'NONE', *, *, #795, .T. ) ;
#133 = VECTOR ( 'NONE', #1378, 1000.000000000000000 ) ;
#134 = CIRCLE ( 'NONE', #552, 1.250000000000000222 ) ;
#135 = EDGE_CURVE ( 'NONE', #24, #33, #458, .T. ) ;
#136 = CARTESIAN_POINT ( 'NONE',  ( 6.000000000000014211, 5.500000000000005329, 4.000000000000000000 ) ) ;
#137 = AXIS2_PLACEMENT_3D ( 'NONE', #269, #1194, #1302 ) ;
#138 = ORIENTED_EDGE ( 'NONE', *, *, #704, .F. ) ;
#139 = CARTESIAN_POINT ( 'NONE',  ( 6.000000000000008882, 53.24999999999997868, 0.000000000000000000 ) ) ;
#140 = ORIENTED_EDGE ( 'NONE', *, *, #818, .F. ) ;
#141 = DIRECTION ( 'NONE',  ( 0.000000000000000000, 0.000000000000000000, 1.000000000000000000 ) ) ;
#142 = ORIENTED_EDGE ( 'NONE', *, *, #723, .T. ) ;
#143 = CARTESIAN_POINT ( 'NONE',  ( 91.89999999999990621, 94.49999999999997158, 0.000000000000000000 ) ) ;
#144 = ORIENTED_EDGE ( 'NONE', *, *, #185, .F. ) ;
#145 = CARTESIAN_POINT ( 'NONE',  ( 7.250000000000003553, 68.24999999999997158, 0.000000000000000000 ) ) ;
#146 = ORIENTED_EDGE ( 'NONE', *, *, #235, .T. ) ;
#147 = VERTEX_POINT ( 'NONE', #1124 ) ;
#148 = CYLINDRICAL_SURFACE ( 'NONE', #414, 1.250000000000001110 ) ;
#149 = EDGE_LOOP ( 'NONE', ( #20, #604, #300, #268 ) ) ;
#150 = DIRECTION ( 'NONE',  ( 0.000000000000000000, -0.000000000000000000, -1.000000000000000000 ) ) ;
#151 = ORIENTED_EDGE ( 'NONE', *, *, #998, .T. ) ;
#152 = VERTEX_POINT ( 'NONE', #325 ) ;
#153 = CYLINDRICAL_SURFACE ( 'NONE', #781, 1.250000000000015099 ) ;
#154 = ORIENTED_EDGE ( 'NONE', *, *, #1363, .F. ) ;
#155 = ADVANCED_FACE ( 'NONE', ( #1472 ), #1244, .F. ) ;
#156 = ORIENTED_EDGE ( 'NONE', *, *, #965, .T. ) ;
#157 = LINE ( 'NONE', #261, #1429 ) ;
#158 = EDGE_LOOP ( 'NONE', ( #600, #17, #727, #955 ) ) ;
#159 = CIRCLE ( 'NONE', #1480, 2.499999999999988454 ) ;
#160 = FACE_OUTER_BOUND ( 'NONE', #888, .T. ) ;
#161 = CIRCLE ( 'NONE', #692, 1.250000000000000222 ) ;
#162 = DIRECTION ( 'NONE',  ( 1.000000000000000000, 0.000000000000000000, 0.000000000000000000 ) ) ;
#163 = CIRCLE ( 'NONE', #339, 1.250000000000021982 ) ;
#164 = PRODUCT_DEFINITION_FORMATION_WITH_SPECIFIED_SOURCE ( 'ANY', '', #361, .NOT_KNOWN. ) ;
#165 = VERTEX_POINT ( 'NONE', #789 ) ;
#166 = CARTESIAN_POINT ( 'NONE',  ( 75.14999999999996305, 4.999999999999993783, -6.000000000000000000 ) ) ;
#167 = EDGE_LOOP ( 'NONE', ( #138, #1313, #848, #1097 ) ) ;
#168 = EDGE_CURVE ( 'NONE', #47, #38, #134, .T. ) ;
#169 = APPLICATION_CONTEXT ( 'automotive_design' ) ;
#170 =( LENGTH_UNIT ( ) NAMED_UNIT ( * ) SI_UNIT ( .MILLI., .METRE. ) );
#171 = VERTEX_POINT ( 'NONE', #801 ) ;
#172 = EDGE_CURVE ( 'NONE', #474, #1089, #907, .T. ) ;
#173 = ORIENTED_EDGE ( 'NONE', *, *, #593, .T. ) ;
#174 = DIRECTION ( 'NONE',  ( -0.000000000000000000, -0.000000000000000000, 1.000000000000000000 ) ) ;
#175 = CARTESIAN_POINT ( 'NONE',  ( 3.500000000000013323, 5.500000000000005329, -6.000000000000000000 ) ) ;
#176 = ORIENTED_EDGE ( 'NONE', *, *, #868, .F. ) ;
#177 = EDGE_CURVE ( 'NONE', #518, #747, #793, .T. ) ;
#178 = VERTEX_POINT ( 'NONE', #1012 ) ;
#179 = VERTEX_POINT ( 'NONE', #1371 ) ;
#180 = LINE ( 'NONE', #489, #780 ) ;
#181 = DIRECTION ( 'NONE',  ( 1.000000000000000000, 0.000000000000000000, 0.000000000000000000 ) ) ;
#182 = ORIENTED_EDGE ( 'NONE', *, *, #386, .T. ) ;
#183 = DIRECTION ( 'NONE',  ( 0.000000000000000000, -0.000000000000000000, -1.000000000000000000 ) ) ;
#184 = CARTESIAN_POINT ( 'NONE',  ( 4.999999999999999112, 98.99999999999995737, 0.000000000000000000 ) ) ;
#185 = EDGE_CURVE ( 'NONE', #634, #1393, #163, .T. ) ;
#186 = VERTEX_POINT ( 'NONE', #1479 ) ;
#187 = ORIENTED_EDGE ( 'NONE', *, *, #989, .F. ) ;
#188 = DIRECTION ( 'NONE',  ( -0.000000000000000000, -0.000000000000000000, 1.000000000000000000 ) ) ;
#189 = ORIENTED_EDGE ( 'NONE', *, *, #1434, .F. ) ;
#190 = CARTESIAN_POINT ( 'NONE',  ( 91.89999999999990621, 94.49999999999997158, 0.000000000000000000 ) ) ;
#191 = EDGE_CURVE ( 'NONE', #1467, #533, #693, .T. ) ;
#192 = LINE ( 'NONE', #1462, #592 ) ;
#193 = DIRECTION ( 'NONE',  ( 1.000000000000000000, 0.000000000000000000, 0.000000000000000000 ) ) ;
#194 = ADVANCED_FACE ( 'NONE', ( #893 ), #1367, .F. ) ;
#195 = AXIS2_PLACEMENT_3D ( 'NONE', #741, #1202, #162 ) ;
#196 = FACE_BOUND ( 'NONE', #284, .T. ) ;
#197 = AXIS2_PLACEMENT_3D ( 'NONE', #248, #804, #584 ) ;
#198 = CIRCLE ( 'NONE', #569, 2.000000000000099032 ) ;
#199 = CARTESIAN_POINT ( 'NONE',  ( 77.00000000000025580, 94.49999999999992895, 0.000000000000000000 ) ) ;
#200 = AXIS2_PLACEMENT_3D ( 'NONE', #1165, #1161, #1145 ) ;
#201 = AXIS2_PLACEMENT_3D ( 'NONE', #990, #1481, #641 ) ;
#202 = SHAPE_DEFINITION_REPRESENTATION ( #1321, #995 ) ;
#203 = AXIS2_PLACEMENT_3D ( 'NONE', #877, #631, #1100 ) ;
#204 = DIRECTION ( 'NONE',  ( 0.000000000000000000, 0.000000000000000000, -1.000000000000000000 ) ) ;
#205 = ORIENTED_EDGE ( 'NONE', *, *, #648, .F. ) ;
#206 = DIRECTION ( 'NONE',  ( 0.000000000000000000, 0.000000000000000000, -1.000000000000000000 ) ) ;
#207 = ADVANCED_FACE ( 'NONE', ( #1249, #553, #570, #564, #101, #1497, #457, #912, #1159, #811, #98, #1376, #1, #578 ), #560, .F. ) ;
#208 = DIRECTION ( 'NONE',  ( 0.000000000000000000, 0.000000000000000000, -1.000000000000000000 ) ) ;
#209 = CARTESIAN_POINT ( 'NONE',  ( 7.250000000000003553, 68.24999999999997158, 4.000000000000000000 ) ) ;
#210 = DIRECTION ( 'NONE',  ( 1.000000000000000000, 0.000000000000000000, 0.000000000000000000 ) ) ;
#211 = DIRECTION ( 'NONE',  ( 1.000000000000000000, 0.000000000000000000, 0.000000000000000000 ) ) ;
#212 = DIRECTION ( 'NONE',  ( -1.000000000000000000, 0.000000000000000000, 0.000000000000000000 ) ) ;
#213 = CARTESIAN_POINT ( 'NONE',  ( 94.89999999999992042, 91.99999999999998579, 4.000000000000000000 ) ) ;
#214 = DIRECTION ( 'NONE',  ( -1.000000000000000000, 0.000000000000000000, 0.000000000000000000 ) ) ;
#215 = FACE_OUTER_BOUND ( 'NONE', #22, .T. ) ;
#216 = CARTESIAN_POINT ( 'NONE',  ( 73.89999999999994884, 4.999999999999993783, 4.000000000000000000 ) ) ;
#217 = CARTESIAN_POINT ( 'NONE',  ( 7.250000000000010658, 53.24999999999997868, 0.000000000000000000 ) ) ;
#218 = CARTESIAN_POINT ( 'NONE',  ( 13.99999999999997513, 85.99999999999998579, 4.000000000000000000 ) ) ;
#219 = CIRCLE ( 'NONE', #872, 2.499999999999988454 ) ;
#220 = LINE ( 'NONE', #106, #1428 ) ;
#221 = AXIS2_PLACEMENT_3D ( 'NONE', #557, #663, #1369 ) ;
#222 = DIRECTION ( 'NONE',  ( -0.000000000000000000, 0.000000000000000000, 1.000000000000000000 ) ) ;
#223 = CIRCLE ( 'NONE', #1157, 1.250000000000004663 ) ;
#224 = DIRECTION ( 'NONE',  ( -0.000000000000000000, -0.000000000000000000, 1.000000000000000000 ) ) ;
#225 = CARTESIAN_POINT ( 'NONE',  ( 13.99999999999998224, 13.99999999999998579, 4.000000000000000000 ) ) ;
#226 = EDGE_CURVE ( 'NONE', #1095, #839, #241, .T. ) ;
#227 = CYLINDRICAL_SURFACE ( 'NONE', #1033, 3.999999999999998224 ) ;
#228 = DIRECTION ( 'NONE',  ( 1.000000000000000000, 0.000000000000000000, 0.000000000000000000 ) ) ;
#229 = EDGE_CURVE ( 'NONE', #67, #953, #1380, .T. ) ;
#230 = CARTESIAN_POINT ( 'NONE',  ( 93.89999999999994884, 4.999999999999997335, 4.000000000000000000 ) ) ;
#231 = ADVANCED_FACE ( 'NONE', ( #467 ), #116, .T. ) ;
#232 = CARTESIAN_POINT ( 'NONE',  ( 24.74999999999999645, 94.49999999999995737, 0.000000000000000000 ) ) ;
#233 = ORIENTED_EDGE ( 'NONE', *, *, #895, .F. ) ;
#234 = CARTESIAN_POINT ( 'NONE',  ( 9.999999999999973355, 85.99999999999998579, 4.000000000000000000 ) ) ;
#235 = EDGE_CURVE ( 'NONE', #494, #474, #455, .T. ) ;
#236 = CARTESIAN_POINT ( 'NONE',  ( 79.00000000000022737, 94.49999999999992895, -6.000000000000000000 ) ) ;
#237 = DIRECTION ( 'NONE',  ( -0.000000000000000000, 0.000000000000000000, 1.000000000000000000 ) ) ;
#238 = ORIENTED_EDGE ( 'NONE', *, *, #27, .F. ) ;
#239 = CARTESIAN_POINT ( 'NONE',  ( 75.14999999999996305, 4.999999999999993783, 0.000000000000000000 ) ) ;
#240 = CIRCLE ( 'NONE', #337, 4.000000000000000000 ) ;
#241 = CIRCLE ( 'NONE', #1397, 1.250000000000004663 ) ;
#242 = PRESENTATION_LAYER_ASSIGNMENT (  '', '', ( #1485 ) ) ;
#243 = AXIS2_PLACEMENT_3D ( 'NONE', #1427, #933, #1177 ) ;
#244 = VECTOR ( 'NONE', #536, 1000.000000000000000 ) ;
#245 = DIRECTION ( 'NONE',  ( 0.000000000000000000, 0.000000000000000000, 1.000000000000000000 ) ) ;
#246 = DIRECTION ( 'NONE',  ( 1.000000000000000000, 0.000000000000000000, 0.000000000000000000 ) ) ;
#247 = EDGE_LOOP ( 'NONE', ( #1160, #370 ) ) ;
#248 = CARTESIAN_POINT ( 'NONE',  ( 101.8999999999999488, 4.999999999999999112, 4.000000000000000000 ) ) ;
#249 = DIRECTION ( 'NONE',  ( 0.000000000000000000, 0.000000000000000000, 1.000000000000000000 ) ) ;
#250 = ORIENTED_EDGE ( 'NONE', *, *, #965, .F. ) ;
#251 = FACE_OUTER_BOUND ( 'NONE', #1404, .T. ) ;
#252 = ORIENTED_EDGE ( 'NONE', *, *, #889, .F. ) ;
#253 = LINE ( 'NONE', #931, #94 ) ;
#254 = ADVANCED_FACE ( 'NONE', ( #794 ), #227, .F. ) ;
#255 = DIRECTION ( 'NONE',  ( 1.000000000000000000, 0.000000000000000000, 0.000000000000000000 ) ) ;
#256 = ORIENTED_EDGE ( 'NONE', *, *, #1407, .F. ) ;
#257 = DIRECTION ( 'NONE',  ( 0.000000000000000000, 0.000000000000000000, -1.000000000000000000 ) ) ;
#258 = ORIENTED_EDGE ( 'NONE', *, *, #1506, .T. ) ;
#259 = FACE_OUTER_BOUND ( 'NONE', #750, .T. ) ;
#260 = ORIENTED_EDGE ( 'NONE', *, *, #1184, .T. ) ;
#261 = CARTESIAN_POINT ( 'NONE',  ( 0.000000000000000000, 93.99999999999995737, 0.000000000000000000 ) ) ;
#262 = VECTOR ( 'NONE', #73, 1000.000000000000000 ) ;
#263 = EDGE_LOOP ( 'NONE', ( #1208, #1454, #464, #128 ) ) ;
#264 = CIRCLE ( 'NONE', #1083, 3.999999999999998224 ) ;
#265 = CARTESIAN_POINT ( 'NONE',  ( 104.3999999999999346, 4.999999999999999112, 0.000000000000000000 ) ) ;
#266 = VECTOR ( 'NONE', #293, 1000.000000000000000 ) ;
#267 = EDGE_LOOP ( 'NONE', ( #734, #1071 ) ) ;
#268 = ORIENTED_EDGE ( 'NONE', *, *, #1403, .T. ) ;
#269 = CARTESIAN_POINT ( 'NONE',  ( 13.99999999999997513, 85.99999999999998579, 0.000000000000000000 ) ) ;
#270 = VERTEX_POINT ( 'NONE', #232 ) ;
#271 = ORIENTED_EDGE ( 'NONE', *, *, #63, .F. ) ;
#272 = EDGE_CURVE ( 'NONE', #1197, #298, #198, .T. ) ;
#273 = DIRECTION ( 'NONE',  ( -0.000000000000000000, -0.000000000000000000, 1.000000000000000000 ) ) ;
#274 = ORIENTED_EDGE ( 'NONE', *, *, #417, .F. ) ;
#275 = SURFACE_STYLE_FILL_AREA ( #1312 ) ;
#276 = ORIENTED_EDGE ( 'NONE', *, *, #382, .F. ) ;
#277 = EDGE_LOOP ( 'NONE', ( #853, #774, #1053, #64 ) ) ;
#278 = ORIENTED_EDGE ( 'NONE', *, *, #865, .F. ) ;
#279 = LINE ( 'NONE', #1338, #1082 ) ;
#280 = EDGE_LOOP ( 'NONE', ( #1113, #1505, #930, #526 ) ) ;
#281 = LINE ( 'NONE', #529, #1090 ) ;
#282 = EDGE_CURVE ( 'NONE', #628, #1044, #220, .T. ) ;
#283 = VERTEX_POINT ( 'NONE', #679 ) ;
#284 = EDGE_LOOP ( 'NONE', ( #350, #992 ) ) ;
#285 = EDGE_CURVE ( 'NONE', #1172, #56, #844, .T. ) ;
#286 = ORIENTED_EDGE ( 'NONE', *, *, #814, .T. ) ;
#287 = DIRECTION ( 'NONE',  ( -0.000000000000000000, -0.000000000000000000, 1.000000000000000000 ) ) ;
#288 = ORIENTED_EDGE ( 'NONE', *, *, #1050, .F. ) ;
#289 = VERTEX_POINT ( 'NONE', #463 ) ;
#290 = CIRCLE ( 'NONE', #549, 2.500000000000000444 ) ;
#291 = DIRECTION ( 'NONE',  ( 1.000000000000000000, 0.000000000000000000, 0.000000000000000000 ) ) ;
#292 = CIRCLE ( 'NONE', #1333, 1.249999999999997558 ) ;
#293 = DIRECTION ( 'NONE',  ( -0.000000000000000000, -0.000000000000000000, -1.000000000000000000 ) ) ;
#294 = VECTOR ( 'NONE', #332, 1000.000000000000000 ) ;
#295 = EDGE_LOOP ( 'NONE', ( #516, #1063 ) ) ;
#296 = CARTESIAN_POINT ( 'NONE',  ( 7.250000000000000000, 94.49999999999995737, 4.000000000000000000 ) ) ;
#297 = EDGE_LOOP ( 'NONE', ( #140, #35, #509, #1048 ) ) ;
#298 = VERTEX_POINT ( 'NONE', #450 ) ;
#299 = CARTESIAN_POINT ( 'NONE',  ( 9.999999999999984013, 1.301042606982603349E-15, 4.000000000000000000 ) ) ;
#300 = ORIENTED_EDGE ( 'NONE', *, *, #1242, .T. ) ;
#301 = CYLINDRICAL_SURFACE ( 'NONE', #436, 1.250000000000001998 ) ;
#302 = CYLINDRICAL_SURFACE ( 'NONE', #1017, 1.999999999999974021 ) ;
#303 = VERTEX_POINT ( 'NONE', #1144 ) ;
#304 = EDGE_CURVE ( 'NONE', #1058, #1285, #423, .T. ) ;
#305 = CARTESIAN_POINT ( 'NONE',  ( 26.00000000000000355, 94.49999999999995737, 0.000000000000000000 ) ) ;
#306 = EDGE_CURVE ( 'NONE', #812, #1296, #1119, .T. ) ;
#307 = CARTESIAN_POINT ( 'NONE',  ( 0.000000000000000000, 89.99999999999998579, 4.000000000000000000 ) ) ;
#308 =( LENGTH_UNIT ( ) NAMED_UNIT ( * ) SI_UNIT ( .MILLI., .METRE. ) );
#309 = CYLINDRICAL_SURFACE ( 'NONE', #433, 2.000000000000001776 ) ;
#310 = VERTEX_POINT ( 'NONE', #1235 ) ;
#311 = LINE ( 'NONE', #446, #294 ) ;
#312 = VERTEX_POINT ( 'NONE', #1130 ) ;
#313 = CARTESIAN_POINT ( 'NONE',  ( 101.8999999999999488, 9.999999999999998224, 4.000000000000000000 ) ) ;
#314 = DIRECTION ( 'NONE',  ( -1.000000000000000000, -1.301042606982605321E-16, 0.000000000000000000 ) ) ;
#315 = AXIS2_PLACEMENT_3D ( 'NONE', #1271, #916, #104 ) ;
#316 = FACE_OUTER_BOUND ( 'NONE', #52, .T. ) ;
#317 = AXIS2_PLACEMENT_3D ( 'NONE', #1448, #1332, #1102 ) ;
#318 = CARTESIAN_POINT ( 'NONE',  ( 36.00000000000024869, 94.49999999999994316, -6.000000000000000000 ) ) ;
#319 = CIRCLE ( 'NONE', #936, 2.000000000000001776 ) ;
#320 = CIRCLE ( 'NONE', #1234, 1.250000000000021982 ) ;
#321 = FACE_OUTER_BOUND ( 'NONE', #712, .T. ) ;
#322 = LINE ( 'NONE', #1026, #626 ) ;
#323 = FACE_OUTER_BOUND ( 'NONE', #1228, .T. ) ;
#324 = FACE_OUTER_BOUND ( 'NONE', #1080, .T. ) ;
#325 = CARTESIAN_POINT ( 'NONE',  ( 57.64999999999992752, 4.999999999999992006, 0.000000000000000000 ) ) ;
#326 = LINE ( 'NONE', #1002, #696 ) ;
#327 = FACE_OUTER_BOUND ( 'NONE', #60, .T. ) ;
#328 = CYLINDRICAL_SURFACE ( 'NONE', #107, 1.250000000000001998 ) ;
#329 = ADVANCED_FACE ( 'NONE', ( #321 ), #302, .F. ) ;
#330 = DIRECTION ( 'NONE',  ( 1.000000000000000000, 0.000000000000000000, 0.000000000000000000 ) ) ;
#331 = ADVANCED_FACE ( 'NONE', ( #669 ), #1245, .F. ) ;
#332 = DIRECTION ( 'NONE',  ( 0.000000000000000000, 0.000000000000000000, -1.000000000000000000 ) ) ;
#333 = CYLINDRICAL_SURFACE ( 'NONE', #551, 1.250000000000004663 ) ;
#334 = ADVANCED_FACE ( 'NONE', ( #765 ), #887, .T. ) ;
#335 = DIRECTION ( 'NONE',  ( 1.000000000000000000, 0.000000000000000000, 0.000000000000000000 ) ) ;
#336 = DIRECTION ( 'NONE',  ( 0.000000000000000000, 0.000000000000000000, 1.000000000000000000 ) ) ;
#337 = AXIS2_PLACEMENT_3D ( 'NONE', #1004, #909, #1246 ) ;
#338 = CARTESIAN_POINT ( 'NONE',  ( 56.50000000000024158, 94.49999999999997158, 0.000000000000000000 ) ) ;
#339 = AXIS2_PLACEMENT_3D ( 'NONE', #437, #89, #1019 ) ;
#340 = DIRECTION ( 'NONE',  ( 1.000000000000000000, -2.352280848106548514E-32, 0.000000000000000000 ) ) ;
#341 = CIRCLE ( 'NONE', #964, 1.250000000000001998 ) ;
#342 = EDGE_CURVE ( 'NONE', #758, #967, #657, .T. ) ;
#343 = DIRECTION ( 'NONE',  ( 1.000000000000000000, 0.000000000000000000, 0.000000000000000000 ) ) ;
#344 = CARTESIAN_POINT ( 'NONE',  ( 13.99999999999998224, 13.99999999999998579, 4.000000000000000000 ) ) ;
#345 = ORIENTED_EDGE ( 'NONE', *, *, #395, .T. ) ;
#346 = CARTESIAN_POINT ( 'NONE',  ( 94.89999999999992042, 89.99999999999998579, 4.000000000000000000 ) ) ;
#347 = EDGE_CURVE ( 'NONE', #310, #56, #1473, .T. ) ;
#348 = LINE ( 'NONE', #1051, #690 ) ;
#349 = DIRECTION ( 'NONE',  ( 0.000000000000000000, 0.000000000000000000, 1.000000000000000000 ) ) ;
#350 = ORIENTED_EDGE ( 'NONE', *, *, #1403, .F. ) ;
#351 = CARTESIAN_POINT ( 'NONE',  ( 6.000000000000006217, 68.24999999999997158, 0.000000000000000000 ) ) ;
#352 = EDGE_CURVE ( 'NONE', #976, #812, #461, .T. ) ;
#353 = DIRECTION ( 'NONE',  ( -0.000000000000000000, -0.000000000000000000, 1.000000000000000000 ) ) ;
#354 = VECTOR ( 'NONE', #581, 1000.000000000000000 ) ;
#355 = ORIENTED_EDGE ( 'NONE', *, *, #723, .F. ) ;
#356 = CYLINDRICAL_SURFACE ( 'NONE', #200, 4.000000000000000000 ) ;
#357 = AXIS2_PLACEMENT_3D ( 'NONE', #1105, #150, #1076 ) ;
#358 = CIRCLE ( 'NONE', #873, 2.000000000000099032 ) ;
#359 = AXIS2_PLACEMENT_3D ( 'NONE', #460, #1045, #813 ) ;
#360 = CIRCLE ( 'NONE', #874, 1.249999999999997558 ) ;
#361 = PRODUCT ( 'Steel framev5', 'Steel framev5', '', ( #531 ) ) ;
#362 = CARTESIAN_POINT ( 'NONE',  ( -1.103534934115366555E-14, 98.99999999999995737, 4.000000000000000000 ) ) ;
#363 = ORIENTED_EDGE ( 'NONE', *, *, #63, .T. ) ;
#364 = CARTESIAN_POINT ( 'NONE',  ( 7.250000000000010658, 53.24999999999997868, 4.000000000000000000 ) ) ;
#365 = ORIENTED_EDGE ( 'NONE', *, *, #499, .T. ) ;
#366 = DIRECTION ( 'NONE',  ( -0.000000000000000000, 0.000000000000000000, 1.000000000000000000 ) ) ;
#367 = DIRECTION ( 'NONE',  ( -0.000000000000000000, 0.000000000000000000, 1.000000000000000000 ) ) ;
#368 = CARTESIAN_POINT ( 'NONE',  ( 104.3999999999999346, 4.999999999999999112, -6.000000000000000000 ) ) ;
#369 = EDGE_LOOP ( 'NONE', ( #122, #355, #1389, #1098 ) ) ;
#370 = ORIENTED_EDGE ( 'NONE', *, *, #490, .F. ) ;
#371 = CARTESIAN_POINT ( 'NONE',  ( 26.00000000000000355, 94.49999999999995737, 0.000000000000000000 ) ) ;
#372 = VERTEX_POINT ( 'NONE', #70 ) ;
#373 = CARTESIAN_POINT ( 'NONE',  ( 56.50000000000024158, 94.49999999999997158, 0.000000000000000000 ) ) ;
#374 = DIRECTION ( 'NONE',  ( -0.000000000000000000, -0.000000000000000000, -1.000000000000000000 ) ) ;
#375 = ORIENTED_EDGE ( 'NONE', *, *, #1072, .F. ) ;
#376 = CYLINDRICAL_SURFACE ( 'NONE', #575, 1.250000000000028866 ) ;
#377 = EDGE_LOOP ( 'NONE', ( #615, #834 ) ) ;
#378 = DIRECTION ( 'NONE',  ( -0.000000000000000000, -0.000000000000000000, 1.000000000000000000 ) ) ;
#379 = EDGE_CURVE ( 'NONE', #147, #642, #1400, .T. ) ;
#380 = EDGE_LOOP ( 'NONE', ( #633, #858, #754, #1316 ) ) ;
#381 = AXIS2_PLACEMENT_3D ( 'NONE', #230, #1166, #1387 ) ;
#382 = EDGE_CURVE ( 'NONE', #533, #1175, #326, .T. ) ;
#383 = CIRCLE ( 'NONE', #42, 1.249999999999997558 ) ;
#384 = ORIENTED_EDGE ( 'NONE', *, *, #725, .T. ) ;
#385 = AXIS2_PLACEMENT_3D ( 'NONE', #1220, #43, #833 ) ;
#386 = EDGE_CURVE ( 'NONE', #1181, #493, #773, .T. ) ;
#387 = DIRECTION ( 'NONE',  ( 1.000000000000000000, 0.000000000000000000, 0.000000000000000000 ) ) ;
#388 = VECTOR ( 'NONE', #838, 1000.000000000000000 ) ;
#389 = ORIENTED_EDGE ( 'NONE', *, *, #522, .F. ) ;
#390 = ORIENTED_EDGE ( 'NONE', *, *, #770, .F. ) ;
#391 = DIRECTION ( 'NONE',  ( -0.000000000000000000, 0.000000000000000000, 1.000000000000000000 ) ) ;
#392 = EDGE_LOOP ( 'NONE', ( #1433, #1401 ) ) ;
#393 = ORIENTED_EDGE ( 'NONE', *, *, #27, .T. ) ;
#394 = FILL_AREA_STYLE ('',( #983 ) ) ;
#395 = EDGE_CURVE ( 'NONE', #518, #502, #360, .T. ) ;
#396 = EDGE_LOOP ( 'NONE', ( #144, #389 ) ) ;
#397 = DIRECTION ( 'NONE',  ( 1.000000000000000000, 0.000000000000000000, 0.000000000000000000 ) ) ;
#398 = ADVANCED_FACE ( 'NONE', ( #215 ), #429, .F. ) ;
#399 = ORIENTED_EDGE ( 'NONE', *, *, #1027, .T. ) ;
#400 = VERTEX_POINT ( 'NONE', #673 ) ;
#401 = ORIENTED_EDGE ( 'NONE', *, *, #272, .T. ) ;
#402 = VERTEX_POINT ( 'NONE', #418 ) ;
#403 = DIRECTION ( 'NONE',  ( 1.000000000000000000, 0.000000000000000000, 0.000000000000000000 ) ) ;
#404 = VERTEX_POINT ( 'NONE', #545 ) ;
#405 = VERTEX_POINT ( 'NONE', #1466 ) ;
#406 = CYLINDRICAL_SURFACE ( 'NONE', #1276, 1.250000000000001110 ) ;
#407 = EDGE_LOOP ( 'NONE', ( #288, #822, #719, #29 ) ) ;
#408 = DIRECTION ( 'NONE',  ( 1.000000000000000000, 0.000000000000000000, 0.000000000000000000 ) ) ;
#409 = EDGE_LOOP ( 'NONE', ( #1384, #842 ) ) ;
#410 = ORIENTED_EDGE ( 'NONE', *, *, #19, .T. ) ;
#411 = CIRCLE ( 'NONE', #110, 1.250000000000001110 ) ;
#412 = FACE_OUTER_BOUND ( 'NONE', #380, .T. ) ;
#413 = CARTESIAN_POINT ( 'NONE',  ( 96.89999999999992042, 91.99999999999998579, 0.000000000000000000 ) ) ;
#414 = AXIS2_PLACEMENT_3D ( 'NONE', #1199, #1219, #403 ) ;
#415 = ORIENTED_EDGE ( 'NONE', *, *, #352, .T. ) ;
#416 = CARTESIAN_POINT ( 'NONE',  ( 4.750000000000000000, 94.49999999999995737, 4.000000000000000000 ) ) ;
#417 = EDGE_CURVE ( 'NONE', #165, #1216, #319, .T. ) ;
#418 = CARTESIAN_POINT ( 'NONE',  ( 4.750000000000007105, 53.24999999999997868, 4.000000000000000000 ) ) ;
#419 = ORIENTED_EDGE ( 'NONE', *, *, #611, .T. ) ;
#420 = PLANE ( 'NONE',  #748 ) ;
#421 = UNCERTAINTY_MEASURE_WITH_UNIT (LENGTH_MEASURE( 1.000000000000000082E-05 ), #170, 'distance_accuracy_value', 'NONE');
#422 = DIRECTION ( 'NONE',  ( -0.000000000000000000, 0.000000000000000000, 1.000000000000000000 ) ) ;
#423 = LINE ( 'NONE', #790, #1361 ) ;
#424 = ORIENTED_EDGE ( 'NONE', *, *, #285, .F. ) ;
#425 = DIRECTION ( 'NONE',  ( -1.000000000000000000, 0.000000000000000000, -0.000000000000000000 ) ) ;
#426 = DIRECTION ( 'NONE',  ( 0.000000000000000000, -0.000000000000000000, 1.000000000000000000 ) ) ;
#427 = FACE_BOUND ( 'NONE', #267, .T. ) ;
#428 = DIRECTION ( 'NONE',  ( -0.000000000000000000, 0.000000000000000000, 1.000000000000000000 ) ) ;
#429 = CYLINDRICAL_SURFACE ( 'NONE', #1280, 1.249999999999997558 ) ;
#430 = DIRECTION ( 'NONE',  ( -0.000000000000000000, -0.000000000000000000, 1.000000000000000000 ) ) ;
#431 = EDGE_CURVE ( 'NONE', #1415, #270, #223, .T. ) ;
#432 = CARTESIAN_POINT ( 'NONE',  ( 101.8999999999999488, 4.999999999999999112, 4.000000000000000000 ) ) ;
#433 = AXIS2_PLACEMENT_3D ( 'NONE', #1142, #1247, #1491 ) ;
#434 = CARTESIAN_POINT ( 'NONE',  ( 96.89999999999992042, 91.99999999999998579, 0.000000000000000000 ) ) ;
#435 = AXIS2_PLACEMENT_3D ( 'NONE', #514, #863, #1328 ) ;
#436 = AXIS2_PLACEMENT_3D ( 'NONE', #764, #530, #1464 ) ;
#437 = CARTESIAN_POINT ( 'NONE',  ( 58.89999999999994884, 4.999999999999992006, 4.000000000000000000 ) ) ;
#438 = STYLED_ITEM ( 'NONE', ( #1215 ), #577 ) ;
#439 = CIRCLE ( 'NONE', #966, 1.250000000000021982 ) ;
#440 = DIRECTION ( 'NONE',  ( 1.000000000000000000, 0.000000000000000000, 0.000000000000000000 ) ) ;
#441 = CARTESIAN_POINT ( 'NONE',  ( 0.000000000000000000, 89.99999999999998579, 4.000000000000000000 ) ) ;
#442 = EDGE_CURVE ( 'NONE', #33, #702, #311, .T. ) ;
#443 = EDGE_CURVE ( 'NONE', #738, #632, #751, .T. ) ;
#444 = CARTESIAN_POINT ( 'NONE',  ( 0.000000000000000000, 0.000000000000000000, 4.000000000000000000 ) ) ;
#445 = LINE ( 'NONE', #544, #749 ) ;
#446 = CARTESIAN_POINT ( 'NONE',  ( 13.99999999999997513, 89.99999999999998579, 4.000000000000000000 ) ) ;
#447 = DIRECTION ( 'NONE',  ( 1.000000000000000000, 0.000000000000000000, 0.000000000000000000 ) ) ;
#448 = FACE_BOUND ( 'NONE', #247, .T. ) ;
#449 = CARTESIAN_POINT ( 'NONE',  ( 6.000000000000000000, 94.49999999999995737, 4.000000000000000000 ) ) ;
#450 = CARTESIAN_POINT ( 'NONE',  ( 38.00000000000034817, 94.49999999999994316, 0.000000000000000000 ) ) ;
#451 = EDGE_CURVE ( 'NONE', #533, #405, #1286, .T. ) ;
#452 = DIRECTION ( 'NONE',  ( 0.000000000000000000, 0.000000000000000000, 1.000000000000000000 ) ) ;
#453 = DIRECTION ( 'NONE',  ( -0.000000000000000000, -0.000000000000000000, 1.000000000000000000 ) ) ;
#454 = VECTOR ( 'NONE', #1373, 1000.000000000000000 ) ;
#455 = CIRCLE ( 'NONE', #652, 1.250000000000001110 ) ;
#456 = ADVANCED_FACE ( 'NONE', ( #251 ), #487, .F. ) ;
#457 = FACE_BOUND ( 'NONE', #125, .T. ) ;
#458 = CIRCLE ( 'NONE', #1207, 4.000000000000000000 ) ;
#459 = EDGE_CURVE ( 'NONE', #152, #1393, #1439, .T. ) ;
#460 = CARTESIAN_POINT ( 'NONE',  ( 5.000000000000000000, 93.99999999999995737, 4.000000000000000000 ) ) ;
#461 = CIRCLE ( 'NONE', #1306, 2.499999999999988454 ) ;
#462 = LINE ( 'NONE', #120, #354 ) ;
#463 = CARTESIAN_POINT ( 'NONE',  ( 9.999999999999982236, 13.99999999999998579, 0.000000000000000000 ) ) ;
#464 = ORIENTED_EDGE ( 'NONE', *, *, #177, .T. ) ;
#465 = LINE ( 'NONE', #926, #1501 ) ;
#466 = FACE_OUTER_BOUND ( 'NONE', #728, .T. ) ;
#467 = FACE_OUTER_BOUND ( 'NONE', #1326, .T. ) ;
#468 = ORIENTED_EDGE ( 'NONE', *, *, #1335, .T. ) ;
#469 = LINE ( 'NONE', #565, #554 ) ;
#470 = EDGE_CURVE ( 'NONE', #702, #404, #95, .T. ) ;
#471 = LINE ( 'NONE', #236, #1151 ) ;
#472 = DIRECTION ( 'NONE',  ( 1.000000000000000000, 0.000000000000000000, 0.000000000000000000 ) ) ;
#473 = AXIS2_PLACEMENT_3D ( 'NONE', #940, #257, #1408 ) ;
#474 = VERTEX_POINT ( 'NONE', #1055 ) ;
#475 = DIRECTION ( 'NONE',  ( 1.000000000000000000, 0.000000000000000000, 0.000000000000000000 ) ) ;
#476 = VECTOR ( 'NONE', #1364, 1000.000000000000000 ) ;
#477 = AXIS2_PLACEMENT_3D ( 'NONE', #700, #849, #817 ) ;
#478 = LINE ( 'NONE', #368, #1432 ) ;
#479 = ORIENTED_EDGE ( 'NONE', *, *, #115, .T. ) ;
#480 = FACE_OUTER_BOUND ( 'NONE', #736, .T. ) ;
#481 = VERTEX_POINT ( 'NONE', #364 ) ;
#482 = ORIENTED_EDGE ( 'NONE', *, *, #1365, .F. ) ;
#483 = ADVANCED_FACE ( 'NONE', ( #34 ), #153, .F. ) ;
#484 = EDGE_LOOP ( 'NONE', ( #519, #1052 ) ) ;
#485 = CARTESIAN_POINT ( 'NONE',  ( 92.64999999999992042, 4.999999999999997335, 0.000000000000000000 ) ) ;
#486 = ORIENTED_EDGE ( 'NONE', *, *, #1506, .F. ) ;
#487 = CYLINDRICAL_SURFACE ( 'NONE', #1239, 2.000000000000099032 ) ;
#488 = ORIENTED_EDGE ( 'NONE', *, *, #1184, .F. ) ;
#489 = CARTESIAN_POINT ( 'NONE',  ( 57.75000000000024869, 94.49999999999997158, 0.000000000000000000 ) ) ;
#490 = EDGE_CURVE ( 'NONE', #1089, #855, #597, .T. ) ;
#491 = EDGE_LOOP ( 'NONE', ( #146, #1190 ) ) ;
#492 = LINE ( 'NONE', #299, #388 ) ;
#493 = VERTEX_POINT ( 'NONE', #707 ) ;
#494 = VERTEX_POINT ( 'NONE', #1411 ) ;
#495 = FACE_OUTER_BOUND ( 'NONE', #1101, .T. ) ;
#496 = ORIENTED_EDGE ( 'NONE', *, *, #342, .F. ) ;
#497 = ORIENTED_EDGE ( 'NONE', *, *, #304, .T. ) ;
#498 = SURFACE_SIDE_STYLE ('',( #852 ) ) ;
#499 = EDGE_CURVE ( 'NONE', #402, #481, #503, .T. ) ;
#500 = VECTOR ( 'NONE', #1147, 1000.000000000000000 ) ;
#501 = AXIS2_PLACEMENT_3D ( 'NONE', #318, #903, #1262 ) ;
#502 = VERTEX_POINT ( 'NONE', #121 ) ;
#503 = CIRCLE ( 'NONE', #477, 1.250000000000001998 ) ;
#504 = DIRECTION ( 'NONE',  ( -0.000000000000000000, -0.000000000000000000, 1.000000000000000000 ) ) ;
#505 = CIRCLE ( 'NONE', #959, 2.000000000000001776 ) ;
#506 = EDGE_LOOP ( 'NONE', ( #947, #36, #1300, #973, #508, #126, #540, #742, #1065, #41, #182, #479, #1164, #762 ) ) ;
#507 = DIRECTION ( 'NONE',  ( 0.000000000000000000, 0.000000000000000000, 1.000000000000000000 ) ) ;
#508 = ORIENTED_EDGE ( 'NONE', *, *, #818, .T. ) ;
#509 = ORIENTED_EDGE ( 'NONE', *, *, #1248, .T. ) ;
#510 = DIRECTION ( 'NONE',  ( 1.000000000000000000, 0.000000000000000000, 0.000000000000000000 ) ) ;
#511 = ADVANCED_FACE ( 'NONE', ( #495 ), #127, .F. ) ;
#512 = ORIENTED_EDGE ( 'NONE', *, *, #68, .F. ) ;
#513 = ORIENTED_EDGE ( 'NONE', *, *, #1289, .F. ) ;
#514 = CARTESIAN_POINT ( 'NONE',  ( 6.000000000000014211, 5.500000000000005329, 0.000000000000000000 ) ) ;
#515 = CARTESIAN_POINT ( 'NONE',  ( 58.89999999999994884, 4.999999999999992006, 0.000000000000000000 ) ) ;
#516 = ORIENTED_EDGE ( 'NONE', *, *, #431, .T. ) ;
#517 = CARTESIAN_POINT ( 'NONE',  ( 101.8999999999999488, 9.999999999999998224, 4.000000000000000000 ) ) ;
#518 = VERTEX_POINT ( 'NONE', #145 ) ;
#519 = ORIENTED_EDGE ( 'NONE', *, *, #443, .T. ) ;
#520 = CARTESIAN_POINT ( 'NONE',  ( 72.64999999999993463, 4.999999999999993783, -6.000000000000000000 ) ) ;
#521 =( NAMED_UNIT ( * ) PLANE_ANGLE_UNIT ( ) SI_UNIT ( $, .RADIAN. ) );
#522 = EDGE_CURVE ( 'NONE', #1393, #634, #112, .T. ) ;
#523 = ORIENTED_EDGE ( 'NONE', *, *, #135, .F. ) ;
#524 = DIRECTION ( 'NONE',  ( -0.000000000000000000, 0.000000000000000000, 1.000000000000000000 ) ) ;
#525 = DIRECTION ( 'NONE',  ( -0.000000000000000000, -0.000000000000000000, 1.000000000000000000 ) ) ;
#526 = ORIENTED_EDGE ( 'NONE', *, *, #1107, .F. ) ;
#527 = AXIS2_PLACEMENT_3D ( 'NONE', #1359, #206, #212 ) ;
#528 = DIRECTION ( 'NONE',  ( -1.000000000000000000, 0.000000000000000000, 0.000000000000000000 ) ) ;
#529 = CARTESIAN_POINT ( 'NONE',  ( 101.8999999999999488, 0.000000000000000000, 4.000000000000000000 ) ) ;
#530 = DIRECTION ( 'NONE',  ( -0.000000000000000000, -0.000000000000000000, 1.000000000000000000 ) ) ;
#531 = PRODUCT_CONTEXT ( 'NONE', #88, 'mechanical' ) ;
#532 = CARTESIAN_POINT ( 'NONE',  ( 6.000000000000014211, 5.500000000000005329, 0.000000000000000000 ) ) ;
#533 = VERTEX_POINT ( 'NONE', #957 ) ;
#534 = CYLINDRICAL_SURFACE ( 'NONE', #1301, 2.500000000000000444 ) ;
#535 = DIRECTION ( 'NONE',  ( -0.000000000000000000, -0.000000000000000000, 1.000000000000000000 ) ) ;
#536 = DIRECTION ( 'NONE',  ( -0.000000000000000000, -0.000000000000000000, 1.000000000000000000 ) ) ;
#537 = DIRECTION ( 'NONE',  ( -0.000000000000000000, -0.000000000000000000, 1.000000000000000000 ) ) ;
#538 = ADVANCED_FACE ( 'NONE', ( #480 ), #610, .F. ) ;
#539 = DIRECTION ( 'NONE',  ( -0.000000000000000000, -0.000000000000000000, 1.000000000000000000 ) ) ;
#540 = ORIENTED_EDGE ( 'NONE', *, *, #704, .T. ) ;
#541 = FACE_OUTER_BOUND ( 'NONE', #149, .T. ) ;
#542 = CARTESIAN_POINT ( 'NONE',  ( 9.999999999999984013, 1.301042606982603349E-15, 4.000000000000000000 ) ) ;
#543 = LINE ( 'NONE', #23, #1297 ) ;
#544 = CARTESIAN_POINT ( 'NONE',  ( 0.000000000000000000, 89.99999999999998579, 0.000000000000000000 ) ) ;
#545 = CARTESIAN_POINT ( 'NONE',  ( 9.999999999999973355, 85.99999999999998579, 0.000000000000000000 ) ) ;
#546 = EDGE_CURVE ( 'NONE', #747, #186, #69, .T. ) ;
#547 = CARTESIAN_POINT ( 'NONE',  ( 56.50000000000024158, 94.49999999999997158, 4.000000000000000000 ) ) ;
#548 = ADVANCED_FACE ( 'NONE', ( #259 ), #717, .F. ) ;
#549 = AXIS2_PLACEMENT_3D ( 'NONE', #136, #929, #124 ) ;
#550 = DIRECTION ( 'NONE',  ( 1.000000000000000000, 0.000000000000000000, 0.000000000000000000 ) ) ;
#551 = AXIS2_PLACEMENT_3D ( 'NONE', #305, #1476, #767 ) ;
#552 = AXIS2_PLACEMENT_3D ( 'NONE', #449, #1375, #672 ) ;
#553 = FACE_BOUND ( 'NONE', #491, .T. ) ;
#554 = VECTOR ( 'NONE', #9, 1000.000000000000000 ) ;
#555 = AXIS2_PLACEMENT_3D ( 'NONE', #602, #591, #1187 ) ;
#556 = DIRECTION ( 'NONE',  ( -0.000000000000000000, 0.000000000000000000, 1.000000000000000000 ) ) ;
#557 = CARTESIAN_POINT ( 'NONE',  ( 93.89999999999994884, 4.999999999999997335, 4.000000000000000000 ) ) ;
#558 = FACE_BOUND ( 'NONE', #837, .T. ) ;
#559 = DIRECTION ( 'NONE',  ( 0.000000000000000000, -0.000000000000000000, -1.000000000000000000 ) ) ;
#560 = PLANE ( 'NONE',  #1115 ) ;
#561 = DIRECTION ( 'NONE',  ( 1.000000000000000000, 0.000000000000000000, 0.000000000000000000 ) ) ;
#562 = CARTESIAN_POINT ( 'NONE',  ( 94.89999999999992042, 96.99999999999997158, 0.000000000000000000 ) ) ;
#563 = EDGE_CURVE ( 'NONE', #632, #738, #341, .T. ) ;
#564 = FACE_BOUND ( 'NONE', #295, .T. ) ;
#565 = CARTESIAN_POINT ( 'NONE',  ( 94.89999999999992042, 89.99999999999998579, 4.000000000000000000 ) ) ;
#566 = CARTESIAN_POINT ( 'NONE',  ( 27.25000000000000711, 94.49999999999995737, 4.000000000000000000 ) ) ;
#567 = CIRCLE ( 'NONE', #816, 2.000000000000099032 ) ;
#568 = CIRCLE ( 'NONE', #1015, 2.000000000000001776 ) ;
#569 = AXIS2_PLACEMENT_3D ( 'NONE', #1038, #237, #1043 ) ;
#570 = FACE_BOUND ( 'NONE', #737, .T. ) ;
#571 = AXIS2_PLACEMENT_3D ( 'NONE', #1507, #1498, #1385 ) ;
#572 = VECTOR ( 'NONE', #378, 1000.000000000000000 ) ;
#573 = ORIENTED_EDGE ( 'NONE', *, *, #1154, .F. ) ;
#574 = CYLINDRICAL_SURFACE ( 'NONE', #1032, 1.250000000000021982 ) ;
#575 = AXIS2_PLACEMENT_3D ( 'NONE', #1317, #174, #986 ) ;
#576 = CARTESIAN_POINT ( 'NONE',  ( 77.00000000000025580, 94.49999999999992895, 4.000000000000000000 ) ) ;
#577 = MANIFOLD_SOLID_BREP ( 'Cut-Extrude8', #1457 ) ;
#578 = FACE_OUTER_BOUND ( 'NONE', #1287, .T. ) ;
#579 = ORIENTED_EDGE ( 'NONE', *, *, #386, .F. ) ;
#580 = LINE ( 'NONE', #234, #676 ) ;
#581 = DIRECTION ( 'NONE',  ( -0.000000000000000000, -0.000000000000000000, 1.000000000000000000 ) ) ;
#582 = DIRECTION ( 'NONE',  ( -0.000000000000000000, -0.000000000000000000, 1.000000000000000000 ) ) ;
#583 = ORIENTED_EDGE ( 'NONE', *, *, #1139, .T. ) ;
#584 = DIRECTION ( 'NONE',  ( 1.000000000000000000, 0.000000000000000000, 0.000000000000000000 ) ) ;
#585 = UNCERTAINTY_MEASURE_WITH_UNIT (LENGTH_MEASURE( 1.000000000000000082E-05 ), #614, 'distance_accuracy_value', 'NONE');
#586 = EDGE_CURVE ( 'NONE', #502, #186, #26, .T. ) ;
#587 = ADVANCED_FACE ( 'NONE', ( #1224 ), #885, .F. ) ;
#588 = DIRECTION ( 'NONE',  ( 1.000000000000000000, 0.000000000000000000, 0.000000000000000000 ) ) ;
#589 = EDGE_LOOP ( 'NONE', ( #649, #1218, #972, #1318 ) ) ;
#590 = ORIENTED_EDGE ( 'NONE', *, *, #1242, .F. ) ;
#591 = DIRECTION ( 'NONE',  ( 0.000000000000000000, 0.000000000000000000, -1.000000000000000000 ) ) ;
#592 = VECTOR ( 'NONE', #426, 1000.000000000000000 ) ;
#593 = EDGE_CURVE ( 'NONE', #303, #730, #857, .T. ) ;
#594 = ORIENTED_EDGE ( 'NONE', *, *, #443, .F. ) ;
#595 = CARTESIAN_POINT ( 'NONE',  ( 27.25000000000000711, 94.49999999999995737, 0.000000000000000000 ) ) ;
#596 = ORIENTED_EDGE ( 'NONE', *, *, #347, .T. ) ;
#597 = CIRCLE ( 'NONE', #45, 1.250000000000001110 ) ;
#598 = VERTEX_POINT ( 'NONE', #184 ) ;
#599 = DIRECTION ( 'NONE',  ( -0.000000000000000000, -0.000000000000000000, 1.000000000000000000 ) ) ;
#600 = ORIENTED_EDGE ( 'NONE', *, *, #172, .F. ) ;
#601 = ORIENTED_EDGE ( 'NONE', *, *, #667, .T. ) ;
#602 = CARTESIAN_POINT ( 'NONE',  ( 13.99999999999997513, 85.99999999999998579, 4.000000000000000000 ) ) ;
#603 = EDGE_CURVE ( 'NONE', #152, #283, #320, .T. ) ;
#604 = ORIENTED_EDGE ( 'NONE', *, *, #431, .F. ) ;
#605 = DIRECTION ( 'NONE',  ( 1.000000000000000000, 0.000000000000000000, 0.000000000000000000 ) ) ;
#606 = ORIENTED_EDGE ( 'NONE', *, *, #1315, .T. ) ;
#607 = DIRECTION ( 'NONE',  ( -0.000000000000000000, -0.000000000000000000, 1.000000000000000000 ) ) ;
#608 = ORIENTED_EDGE ( 'NONE', *, *, #1030, .F. ) ;
#609 = ORIENTED_EDGE ( 'NONE', *, *, #1180, .T. ) ;
#610 = CYLINDRICAL_SURFACE ( 'NONE', #1458, 1.250000000000004663 ) ;
#611 = EDGE_CURVE ( 'NONE', #1058, #617, #1502, .T. ) ;
#612 = EDGE_LOOP ( 'NONE', ( #1213, #512, #274, #233 ) ) ;
#613 = EDGE_LOOP ( 'NONE', ( #278, #755 ) ) ;
#614 =( LENGTH_UNIT ( ) NAMED_UNIT ( * ) SI_UNIT ( .MILLI., .METRE. ) );
#615 = ORIENTED_EDGE ( 'NONE', *, *, #4, .T. ) ;
#616 = LINE ( 'NONE', #733, #914 ) ;
#617 = VERTEX_POINT ( 'NONE', #1339 ) ;
#618 = ORIENTED_EDGE ( 'NONE', *, *, #470, .T. ) ;
#619 = SURFACE_STYLE_USAGE ( .BOTH. , #735 ) ;
#620 = EDGE_CURVE ( 'NONE', #1193, #179, #651, .T. ) ;
#621 = VERTEX_POINT ( 'NONE', #1463 ) ;
#622 = ORIENTED_EDGE ( 'NONE', *, *, #603, .T. ) ;
#623 = CARTESIAN_POINT ( 'NONE',  ( 58.89999999999994884, 4.999999999999992006, -6.000000000000000000 ) ) ;
#624 = CIRCLE ( 'NONE', #195, 1.250000000000001110 ) ;
#625 = EDGE_LOOP ( 'NONE', ( #766, #50, #1319, #1327 ) ) ;
#626 = VECTOR ( 'NONE', #796, 1000.000000000000000 ) ;
#627 = AXIS2_PLACEMENT_3D ( 'NONE', #829, #524, #988 ) ;
#628 = VERTEX_POINT ( 'NONE', #1231 ) ;
#629 = PRESENTATION_LAYER_ASSIGNMENT (  '', '', ( #438 ) ) ;
#630 = LINE ( 'NONE', #1093, #1426 ) ;
#631 = DIRECTION ( 'NONE',  ( -0.000000000000000000, 0.000000000000000000, 1.000000000000000000 ) ) ;
#632 = VERTEX_POINT ( 'NONE', #654 ) ;
#633 = ORIENTED_EDGE ( 'NONE', *, *, #1492, .F. ) ;
#634 = VERTEX_POINT ( 'NONE', #637 ) ;
#635 = ORIENTED_EDGE ( 'NONE', *, *, #1259, .T. ) ;
#636 = CARTESIAN_POINT ( 'NONE',  ( 34.00000000000014921, 94.49999999999994316, 4.000000000000000000 ) ) ;
#637 = CARTESIAN_POINT ( 'NONE',  ( 60.14999999999997726, 4.999999999999992006, 4.000000000000000000 ) ) ;
#638 = ORIENTED_EDGE ( 'NONE', *, *, #168, .F. ) ;
#639 = ORIENTED_EDGE ( 'NONE', *, *, #895, .T. ) ;
#640 = LINE ( 'NONE', #1066, #1304 ) ;
#641 = DIRECTION ( 'NONE',  ( 1.000000000000000000, 0.000000000000000000, 0.000000000000000000 ) ) ;
#642 = VERTEX_POINT ( 'NONE', #979 ) ;
#643 = DIRECTION ( 'NONE',  ( 1.000000000000000000, 0.000000000000000000, 0.000000000000000000 ) ) ;
#644 = DIRECTION ( 'NONE',  ( 0.000000000000000000, 0.000000000000000000, 1.000000000000000000 ) ) ;
#645 = ORIENTED_EDGE ( 'NONE', *, *, #306, .F. ) ;
#646 = CARTESIAN_POINT ( 'NONE',  ( 93.89999999999994884, 4.999999999999997335, 0.000000000000000000 ) ) ;
#647 = DIRECTION ( 'NONE',  ( -1.000000000000000000, -1.114681751631683822E-16, 0.000000000000000000 ) ) ;
#648 = EDGE_CURVE ( 'NONE', #642, #1193, #1106, .T. ) ;
#649 = ORIENTED_EDGE ( 'NONE', *, *, #1421, .F. ) ;
#650 = CARTESIAN_POINT ( 'NONE',  ( 0.000000000000000000, 0.000000000000000000, 4.000000000000000000 ) ) ;
#651 = CIRCLE ( 'NONE', #845, 2.500000000000000444 ) ;
#652 = AXIS2_PLACEMENT_3D ( 'NONE', #338, #349, #1272 ) ;
#653 = CARTESIAN_POINT ( 'NONE',  ( 55.25000000000024158, 94.49999999999997158, 4.000000000000000000 ) ) ;
#654 = CARTESIAN_POINT ( 'NONE',  ( 4.750000000000007105, 53.24999999999997868, 0.000000000000000000 ) ) ;
#655 = AXIS2_PLACEMENT_3D ( 'NONE', #1140, #1504, #1025 ) ;
#656 = EDGE_CURVE ( 'NONE', #405, #171, #281, .T. ) ;
#657 = CIRCLE ( 'NONE', #1305, 1.250000000000001110 ) ;
#658 = CARTESIAN_POINT ( 'NONE',  ( 13.99999999999997513, 89.99999999999998579, 0.000000000000000000 ) ) ;
#659 = CARTESIAN_POINT ( 'NONE',  ( 13.99999999999998224, 13.99999999999998579, 0.000000000000000000 ) ) ;
#660 = EDGE_CURVE ( 'NONE', #953, #67, #624, .T. ) ;
#661 = CARTESIAN_POINT ( 'NONE',  ( 75.00000000000027001, 94.49999999999992895, -6.000000000000000000 ) ) ;
#662 = EDGE_LOOP ( 'NONE', ( #496, #1188, #8, #486 ) ) ;
#663 = DIRECTION ( 'NONE',  ( 0.000000000000000000, 0.000000000000000000, 1.000000000000000000 ) ) ;
#664 = DIRECTION ( 'NONE',  ( -0.000000000000000000, -0.000000000000000000, 1.000000000000000000 ) ) ;
#665 = DIRECTION ( 'NONE',  ( -0.000000000000000000, -0.000000000000000000, 1.000000000000000000 ) ) ;
#666 = ADVANCED_FACE ( 'NONE', ( #1094 ), #309, .T. ) ;
#667 = EDGE_CURVE ( 'NONE', #980, #493, #1243, .T. ) ;
#668 = CARTESIAN_POINT ( 'NONE',  ( 7.250000000000003553, 68.24999999999997158, -6.000000000000000000 ) ) ;
#669 = FACE_OUTER_BOUND ( 'NONE', #662, .T. ) ;
#670 = CYLINDRICAL_SURFACE ( 'NONE', #527, 2.000000000000001776 ) ;
#671 = FACE_BOUND ( 'NONE', #1269, .T. ) ;
#672 = DIRECTION ( 'NONE',  ( 1.000000000000000000, 0.000000000000000000, 0.000000000000000000 ) ) ;
#673 = CARTESIAN_POINT ( 'NONE',  ( 38.00000000000034817, 94.49999999999994316, 4.000000000000000000 ) ) ;
#674 = LINE ( 'NONE', #1132, #454 ) ;
#675 = CYLINDRICAL_SURFACE ( 'NONE', #39, 1.250000000000000222 ) ;
#676 = VECTOR ( 'NONE', #1040, 1000.000000000000000 ) ;
#677 = CYLINDRICAL_SURFACE ( 'NONE', #501, 2.000000000000099032 ) ;
#678 = VECTOR ( 'NONE', #1356, 1000.000000000000000 ) ;
#679 = CARTESIAN_POINT ( 'NONE',  ( 60.14999999999997726, 4.999999999999992006, 0.000000000000000000 ) ) ;
#680 = CARTESIAN_POINT ( 'NONE',  ( 4.000000000000000000, 0.000000000000000000, 0.000000000000000000 ) ) ;
#681 = ADVANCED_FACE ( 'NONE', ( #316 ), #328, .F. ) ;
#682 = CARTESIAN_POINT ( 'NONE',  ( 90.64999999999990621, 94.49999999999997158, 0.000000000000000000 ) ) ;
#683 = DIRECTION ( 'NONE',  ( 0.000000000000000000, 0.000000000000000000, 1.000000000000000000 ) ) ;
#684 = DIRECTION ( 'NONE',  ( 1.000000000000000000, 0.000000000000000000, 0.000000000000000000 ) ) ;
#685 = DIRECTION ( 'NONE',  ( -0.000000000000000000, -0.000000000000000000, 1.000000000000000000 ) ) ;
#686 = DIRECTION ( 'NONE',  ( 1.000000000000000000, 0.000000000000000000, 0.000000000000000000 ) ) ;
#687 = ORIENTED_EDGE ( 'NONE', *, *, #656, .T. ) ;
#688 = CARTESIAN_POINT ( 'NONE',  ( 99.39999999999996305, 4.999999999999999112, 4.000000000000000000 ) ) ;
#689 = CARTESIAN_POINT ( 'NONE',  ( 101.8999999999999488, 4.999999999999999112, 0.000000000000000000 ) ) ;
#690 = VECTOR ( 'NONE', #805, 1000.000000000000000 ) ;
#691 = EDGE_CURVE ( 'NONE', #1292, #303, #505, .T. ) ;
#692 = AXIS2_PLACEMENT_3D ( 'NONE', #1141, #99, #896 ) ;
#693 = CIRCLE ( 'NONE', #1179, 4.000000000000000000 ) ;
#694 = DIRECTION ( 'NONE',  ( -2.352280848106548514E-32, -1.000000000000000000, 0.000000000000000000 ) ) ;
#695 = AXIS2_PLACEMENT_3D ( 'NONE', #1031, #366, #710 ) ;
#696 = VECTOR ( 'NONE', #204, 1000.000000000000000 ) ;
#697 = ORIENTED_EDGE ( 'NONE', *, *, #713, .T. ) ;
#698 = DIRECTION ( 'NONE',  ( 1.000000000000000000, 0.000000000000000000, 0.000000000000000000 ) ) ;
#699 = CARTESIAN_POINT ( 'NONE',  ( 99.39999999999996305, 4.999999999999999112, 0.000000000000000000 ) ) ;
#700 = CARTESIAN_POINT ( 'NONE',  ( 6.000000000000008882, 53.24999999999997868, 4.000000000000000000 ) ) ;
#701 = ADVANCED_FACE ( 'NONE', ( #671, #448, #427, #196, #892, #558, #906, #1487, #1232, #1006, #1496, #1128, #1254, #771 ), #798, .T. ) ;
#702 = VERTEX_POINT ( 'NONE', #658 ) ;
#703 = FACE_OUTER_BOUND ( 'NONE', #2, .T. ) ;
#704 = EDGE_CURVE ( 'NONE', #1039, #1467, #792, .T. ) ;
#705 = DIRECTION ( 'NONE',  ( 0.000000000000000000, 0.000000000000000000, 1.000000000000000000 ) ) ;
#706 = ORIENTED_EDGE ( 'NONE', *, *, #1351, .F. ) ;
#707 = CARTESIAN_POINT ( 'NONE',  ( 13.99999999999998224, 9.999999999999985789, 4.000000000000000000 ) ) ;
#708 = PRODUCT_RELATED_PRODUCT_CATEGORY ( 'part', '', ( #361 ) ) ;
#709 = ORIENTED_EDGE ( 'NONE', *, *, #119, .T. ) ;
#710 = DIRECTION ( 'NONE',  ( 1.000000000000000000, 0.000000000000000000, 0.000000000000000000 ) ) ;
#711 = FACE_OUTER_BOUND ( 'NONE', #1108, .T. ) ;
#712 = EDGE_LOOP ( 'NONE', ( #1334, #596, #1198, #1444 ) ) ;
#713 = EDGE_CURVE ( 'NONE', #270, #1095, #1366, .T. ) ;
#714 = CARTESIAN_POINT ( 'NONE',  ( 6.000000000000006217, 68.24999999999997158, -6.000000000000000000 ) ) ;
#715 = EDGE_LOOP ( 'NONE', ( #205, #1447, #1309, #79 ) ) ;
#716 = ORIENTED_EDGE ( 'NONE', *, *, #105, .F. ) ;
#717 = CYLINDRICAL_SURFACE ( 'NONE', #243, 1.999999999999974021 ) ;
#718 = AXIS2_PLACEMENT_3D ( 'NONE', #216, #93, #80 ) ;
#719 = ORIENTED_EDGE ( 'NONE', *, *, #691, .F. ) ;
#720 = CIRCLE ( 'NONE', #695, 1.999999999999974021 ) ;
#721 = VECTOR ( 'NONE', #1109, 1000.000000000000000 ) ;
#722 = VECTOR ( 'NONE', #1453, 1000.000000000000000 ) ;
#723 = EDGE_CURVE ( 'NONE', #283, #152, #439, .T. ) ;
#724 = ORIENTED_EDGE ( 'NONE', *, *, #787, .T. ) ;
#725 = EDGE_CURVE ( 'NONE', #312, #178, #1204, .T. ) ;
#726 = LINE ( 'NONE', #57, #960 ) ;
#727 = ORIENTED_EDGE ( 'NONE', *, *, #1475, .T. ) ;
#728 = EDGE_LOOP ( 'NONE', ( #49, #859, #482, #756 ) ) ;
#729 = CARTESIAN_POINT ( 'NONE',  ( 73.89999999999994884, 4.999999999999993783, -6.000000000000000000 ) ) ;
#730 = VERTEX_POINT ( 'NONE', #434 ) ;
#731 = DIRECTION ( 'NONE',  ( 1.000000000000000000, 0.000000000000000000, 0.000000000000000000 ) ) ;
#732 = ORIENTED_EDGE ( 'NONE', *, *, #1125, .T. ) ;
#733 = CARTESIAN_POINT ( 'NONE',  ( 38.00000000000034817, 94.49999999999994316, -6.000000000000000000 ) ) ;
#734 = ORIENTED_EDGE ( 'NONE', *, *, #229, .F. ) ;
#735 = SURFACE_SIDE_STYLE ('',( #275 ) ) ;
#736 = EDGE_LOOP ( 'NONE', ( #1149, #697, #1104, #590 ) ) ;
#737 = EDGE_LOOP ( 'NONE', ( #1422, #945 ) ) ;
#738 = VERTEX_POINT ( 'NONE', #217 ) ;
#739 = DIRECTION ( 'NONE',  ( -0.000000000000000000, -0.000000000000000000, 1.000000000000000000 ) ) ;
#740 = ADVANCED_FACE ( 'NONE', ( #902 ), #675, .F. ) ;
#741 = CARTESIAN_POINT ( 'NONE',  ( 91.89999999999990621, 94.49999999999997158, 4.000000000000000000 ) ) ;
#742 = ORIENTED_EDGE ( 'NONE', *, *, #191, .T. ) ;
#743 = EDGE_LOOP ( 'NONE', ( #363, #401 ) ) ;
#744 = ORIENTED_EDGE ( 'NONE', *, *, #778, .F. ) ;
#745 = DIRECTION ( 'NONE',  ( -0.000000000000000000, -0.000000000000000000, 1.000000000000000000 ) ) ;
#746 = AXIS2_PLACEMENT_3D ( 'NONE', #1261, #75, #550 ) ;
#747 = VERTEX_POINT ( 'NONE', #209 ) ;
#748 = AXIS2_PLACEMENT_3D ( 'NONE', #997, #884, #768 ) ;
#749 = VECTOR ( 'NONE', #214, 1000.000000000000000 ) ;
#750 = EDGE_LOOP ( 'NONE', ( #866, #16, #982, #25 ) ) ;
#751 = CIRCLE ( 'NONE', #385, 1.250000000000001998 ) ;
#752 = CARTESIAN_POINT ( 'NONE',  ( 9.409123392426194054E-32, 4.000000000000000000, 0.000000000000000000 ) ) ;
#753 = DIRECTION ( 'NONE',  ( 1.000000000000000000, 0.000000000000000000, 0.000000000000000000 ) ) ;
#754 = ORIENTED_EDGE ( 'NONE', *, *, #490, .T. ) ;
#755 = ORIENTED_EDGE ( 'NONE', *, *, #620, .F. ) ;
#756 = ORIENTED_EDGE ( 'NONE', *, *, #1091, .F. ) ;
#757 = DIRECTION ( 'NONE',  ( -0.000000000000000000, -0.000000000000000000, -1.000000000000000000 ) ) ;
#758 = VERTEX_POINT ( 'NONE', #682 ) ;
#759 = ADVANCED_FACE ( 'NONE', ( #324 ), #100, .F. ) ;
#760 = LINE ( 'NONE', #520, #1379 ) ;
#761 =( NAMED_UNIT ( * ) SI_UNIT ( $, .STERADIAN. ) SOLID_ANGLE_UNIT ( ) );
#762 = ORIENTED_EDGE ( 'NONE', *, *, #135, .T. ) ;
#763 = EDGE_CURVE ( 'NONE', #53, #925, #1275, .T. ) ;
#764 = CARTESIAN_POINT ( 'NONE',  ( 6.000000000000008882, 53.24999999999997868, -6.000000000000000000 ) ) ;
#765 = FACE_OUTER_BOUND ( 'NONE', #297, .T. ) ;
#766 = ORIENTED_EDGE ( 'NONE', *, *, #451, .F. ) ;
#767 = DIRECTION ( 'NONE',  ( 1.000000000000000000, 0.000000000000000000, 0.000000000000000000 ) ) ;
#768 = DIRECTION ( 'NONE',  ( 1.000000000000000000, 1.261617073437678245E-16, 0.000000000000000000 ) ) ;
#769 = CARTESIAN_POINT ( 'NONE',  ( 6.000000000000000000, 94.49999999999995737, 0.000000000000000000 ) ) ;
#770 = EDGE_CURVE ( 'NONE', #825, #289, #543, .T. ) ;
#771 = FACE_OUTER_BOUND ( 'NONE', #506, .T. ) ;
#772 = CARTESIAN_POINT ( 'NONE',  ( 4.000000000000000000, 4.000000000000000000, 4.000000000000000000 ) ) ;
#773 = LINE ( 'NONE', #78, #1035 ) ;
#774 = ORIENTED_EDGE ( 'NONE', *, *, #459, .T. ) ;
#775 = DIRECTION ( 'NONE',  ( 0.000000000000000000, -0.000000000000000000, 1.000000000000000000 ) ) ;
#776 = CIRCLE ( 'NONE', #90, 1.999999999999974021 ) ;
#777 = VECTOR ( 'NONE', #535, 1000.000000000000000 ) ;
#778 = EDGE_CURVE ( 'NONE', #1092, #1285, #841, .T. ) ;
#779 = FACE_OUTER_BOUND ( 'NONE', #77, .T. ) ;
#780 = VECTOR ( 'NONE', #745, 1000.000000000000000 ) ;
#781 = AXIS2_PLACEMENT_3D ( 'NONE', #729, #840, #246 ) ;
#782 = CIRCLE ( 'NONE', #1236, 1.250000000000015099 ) ;
#783 = CARTESIAN_POINT ( 'NONE',  ( 24.74999999999999645, 94.49999999999995737, 0.000000000000000000 ) ) ;
#784 = CARTESIAN_POINT ( 'NONE',  ( 73.89999999999994884, 4.999999999999993783, -6.000000000000000000 ) ) ;
#785 = DIRECTION ( 'NONE',  ( 1.000000000000000000, 0.000000000000000000, 0.000000000000000000 ) ) ;
#786 = CARTESIAN_POINT ( 'NONE',  ( 3.500000000000013323, 5.500000000000005329, 4.000000000000000000 ) ) ;
#787 = EDGE_CURVE ( 'NONE', #976, #950, #478, .T. ) ;
#788 = DIRECTION ( 'NONE',  ( 1.000000000000000000, 0.000000000000000000, 0.000000000000000000 ) ) ;
#789 = CARTESIAN_POINT ( 'NONE',  ( 96.89999999999992042, 96.99999999999997158, 4.000000000000000000 ) ) ;
#790 = CARTESIAN_POINT ( 'NONE',  ( 92.64999999999992042, 4.999999999999997335, -6.000000000000000000 ) ) ;
#791 = DIRECTION ( 'NONE',  ( 0.000000000000000000, -1.000000000000000000, 0.000000000000000000 ) ) ;
#792 = LINE ( 'NONE', #444, #113 ) ;
#793 = LINE ( 'NONE', #668, #1112 ) ;
#794 = FACE_OUTER_BOUND ( 'NONE', #1096, .T. ) ;
#795 = EDGE_CURVE ( 'NONE', #812, #976, #159, .T. ) ;
#796 = DIRECTION ( 'NONE',  ( -1.000000000000000000, -1.114681751631683822E-16, 0.000000000000000000 ) ) ;
#797 = AXIS2_PLACEMENT_3D ( 'NONE', #432, #208, #528 ) ;
#798 = PLANE ( 'NONE',  #1081 ) ;
#799 = AXIS2_PLACEMENT_3D ( 'NONE', #1182, #141, #605 ) ;
#800 = CIRCLE ( 'NONE', #820, 1.999999999999974021 ) ;
#801 = CARTESIAN_POINT ( 'NONE',  ( 101.8999999999999488, 0.000000000000000000, 0.000000000000000000 ) ) ;
#802 = AXIS2_PLACEMENT_3D ( 'NONE', #1368, #91, #647 ) ;
#803 = CARTESIAN_POINT ( 'NONE',  ( 26.00000000000000355, 94.49999999999995737, 4.000000000000000000 ) ) ;
#804 = DIRECTION ( 'NONE',  ( 0.000000000000000000, 0.000000000000000000, 1.000000000000000000 ) ) ;
#805 = DIRECTION ( 'NONE',  ( 0.000000000000000000, 0.000000000000000000, 1.000000000000000000 ) ) ;
#806 = DIRECTION ( 'NONE',  ( 1.000000000000000000, 0.000000000000000000, 0.000000000000000000 ) ) ;
#807 = EDGE_LOOP ( 'NONE', ( #744, #573 ) ) ;
#808 = DIRECTION ( 'NONE',  ( 2.352280848106548514E-32, 1.000000000000000000, 0.000000000000000000 ) ) ;
#809 = EDGE_CURVE ( 'NONE', #1003, #1172, #471, .T. ) ;
#810 = LINE ( 'NONE', #1041, #500 ) ;
#811 = FACE_BOUND ( 'NONE', #869, .T. ) ;
#812 = VERTEX_POINT ( 'NONE', #699 ) ;
#813 = DIRECTION ( 'NONE',  ( 1.000000000000000000, 0.000000000000000000, 0.000000000000000000 ) ) ;
#814 = EDGE_CURVE ( 'NONE', #962, #400, #567, .T. ) ;
#815 = DIRECTION ( 'NONE',  ( 1.000000000000000000, 0.000000000000000000, 0.000000000000000000 ) ) ;
#816 = AXIS2_PLACEMENT_3D ( 'NONE', #13, #245, #343 ) ;
#817 = DIRECTION ( 'NONE',  ( 1.000000000000000000, 0.000000000000000000, 0.000000000000000000 ) ) ;
#818 = EDGE_CURVE ( 'NONE', #1216, #372, #1173, .T. ) ;
#819 = VECTOR ( 'NONE', #1099, 1000.000000000000000 ) ;
#820 = AXIS2_PLACEMENT_3D ( 'NONE', #199, #422, #1205 ) ;
#821 =( GEOMETRIC_REPRESENTATION_CONTEXT ( 3 ) GLOBAL_UNCERTAINTY_ASSIGNED_CONTEXT ( ( #585 ) ) GLOBAL_UNIT_ASSIGNED_CONTEXT ( ( #614, #37, #1336 ) ) REPRESENTATION_CONTEXT ( 'NONE', 'WORKASPACE' ) );
#822 = ORIENTED_EDGE ( 'NONE', *, *, #593, .F. ) ;
#823 = DIRECTION ( 'NONE',  ( 1.000000000000000000, 0.000000000000000000, 0.000000000000000000 ) ) ;
#824 = DIRECTION ( 'NONE',  ( -1.000000000000000000, -1.114681751631683822E-16, 0.000000000000000000 ) ) ;
#825 = VERTEX_POINT ( 'NONE', #932 ) ;
#826 = DIRECTION ( 'NONE',  ( 1.000000000000000000, 0.000000000000000000, 0.000000000000000000 ) ) ;
#827 = EDGE_LOOP ( 'NONE', ( #851, #497, #832, #846 ) ) ;
#828 = PLANE ( 'NONE',  #1499 ) ;
#829 = CARTESIAN_POINT ( 'NONE',  ( 36.00000000000024869, 94.49999999999994316, 0.000000000000000000 ) ) ;
#830 = FACE_OUTER_BOUND ( 'NONE', #263, .T. ) ;
#831 = ORIENTED_EDGE ( 'NONE', *, *, #795, .F. ) ;
#832 = ORIENTED_EDGE ( 'NONE', *, *, #1154, .T. ) ;
#833 = DIRECTION ( 'NONE',  ( 1.000000000000000000, 0.000000000000000000, 0.000000000000000000 ) ) ;
#834 = ORIENTED_EDGE ( 'NONE', *, *, #1413, .T. ) ;
#835 = ADVANCED_FACE ( 'NONE', ( #1284 ), #6, .F. ) ;
#836 = VERTEX_POINT ( 'NONE', #1162 ) ;
#837 = EDGE_LOOP ( 'NONE', ( #716, #1451 ) ) ;
#838 = DIRECTION ( 'NONE',  ( -1.301042606982605321E-16, 1.000000000000000000, 0.000000000000000000 ) ) ;
#839 = VERTEX_POINT ( 'NONE', #566 ) ;
#840 = DIRECTION ( 'NONE',  ( -0.000000000000000000, -0.000000000000000000, 1.000000000000000000 ) ) ;
#841 = CIRCLE ( 'NONE', #381, 1.250000000000028866 ) ;
#842 = ORIENTED_EDGE ( 'NONE', *, *, #814, .F. ) ;
#843 = CYLINDRICAL_SURFACE ( 'NONE', #1279, 1.250000000000021982 ) ;
#844 = CIRCLE ( 'NONE', #655, 1.999999999999974021 ) ;
#845 = AXIS2_PLACEMENT_3D ( 'NONE', #1320, #644, #753 ) ;
#846 = ORIENTED_EDGE ( 'NONE', *, *, #1085, .F. ) ;
#847 = CARTESIAN_POINT ( 'NONE',  ( 56.50000000000024158, 94.49999999999997158, 0.000000000000000000 ) ) ;
#848 = ORIENTED_EDGE ( 'NONE', *, *, #282, .T. ) ;
#849 = DIRECTION ( 'NONE',  ( 0.000000000000000000, 0.000000000000000000, 1.000000000000000000 ) ) ;
#850 = EDGE_LOOP ( 'NONE', ( #886, #256, #1419, #468 ) ) ;
#851 = ORIENTED_EDGE ( 'NONE', *, *, #611, .F. ) ;
#852 = SURFACE_STYLE_FILL_AREA ( #394 ) ;
#853 = ORIENTED_EDGE ( 'NONE', *, *, #603, .F. ) ;
#854 = DIRECTION ( 'NONE',  ( -0.000000000000000000, -0.000000000000000000, 1.000000000000000000 ) ) ;
#855 = VERTEX_POINT ( 'NONE', #1155 ) ;
#856 = ORIENTED_EDGE ( 'NONE', *, *, #304, .F. ) ;
#857 = LINE ( 'NONE', #413, #266 ) ;
#858 = ORIENTED_EDGE ( 'NONE', *, *, #172, .T. ) ;
#859 = ORIENTED_EDGE ( 'NONE', *, *, #1469, .F. ) ;
#860 = APPLICATION_PROTOCOL_DEFINITION ( 'draft international standard', 'automotive_design', 1998, #88 ) ;
#861 = ORIENTED_EDGE ( 'NONE', *, *, #352, .F. ) ;
#862 = ORIENTED_EDGE ( 'NONE', *, *, #1037, .T. ) ;
#863 = DIRECTION ( 'NONE',  ( -0.000000000000000000, 0.000000000000000000, 1.000000000000000000 ) ) ;
#864 = CARTESIAN_POINT ( 'NONE',  ( 4.750000000000008882, 68.24999999999997158, -6.000000000000000000 ) ) ;
#865 = EDGE_CURVE ( 'NONE', #179, #1193, #290, .T. ) ;
#866 = ORIENTED_EDGE ( 'NONE', *, *, #347, .F. ) ;
#867 = CARTESIAN_POINT ( 'NONE',  ( 13.99999999999997513, 89.99999999999998579, 4.000000000000000000 ) ) ;
#868 = EDGE_CURVE ( 'NONE', #836, #980, #810, .T. ) ;
#869 = EDGE_LOOP ( 'NONE', ( #1440, #862 ) ) ;
#870 = VECTOR ( 'NONE', #453, 1000.000000000000000 ) ;
#871 = ORIENTED_EDGE ( 'NONE', *, *, #28, .T. ) ;
#872 = AXIS2_PLACEMENT_3D ( 'NONE', #1068, #1452, #291 ) ;
#873 = AXIS2_PLACEMENT_3D ( 'NONE', #61, #21, #999 ) ;
#874 = AXIS2_PLACEMENT_3D ( 'NONE', #62, #85, #1348 ) ;
#875 = EDGE_CURVE ( 'NONE', #312, #47, #462, .T. ) ;
#876 = DIRECTION ( 'NONE',  ( 1.000000000000000000, 0.000000000000000000, 0.000000000000000000 ) ) ;
#877 = CARTESIAN_POINT ( 'NONE',  ( 93.89999999999994884, 4.999999999999997335, 0.000000000000000000 ) ) ;
#878 = ORIENTED_EDGE ( 'NONE', *, *, #272, .F. ) ;
#879 = CARTESIAN_POINT ( 'NONE',  ( 94.89999999999992042, 98.99999999999997158, 0.000000000000000000 ) ) ;
#880 = CARTESIAN_POINT ( 'NONE',  ( 77.00000000000025580, 94.49999999999992895, -6.000000000000000000 ) ) ;
#881 = EDGE_LOOP ( 'NONE', ( #878, #117, #286, #1410 ) ) ;
#882 = PLANE ( 'NONE',  #1056 ) ;
#883 = EDGE_CURVE ( 'NONE', #270, #1415, #1395, .T. ) ;
#884 = DIRECTION ( 'NONE',  ( 1.261617073437678245E-16, -1.000000000000000000, 0.000000000000000000 ) ) ;
#885 = CYLINDRICAL_SURFACE ( 'NONE', #1158, 1.250000000000000222 ) ;
#886 = ORIENTED_EDGE ( 'NONE', *, *, #1022, .F. ) ;
#887 = PLANE ( 'NONE',  #802 ) ;
#888 = EDGE_LOOP ( 'NONE', ( #856, #1322, #1061, #71 ) ) ;
#889 = EDGE_CURVE ( 'NONE', #56, #1172, #776, .T. ) ;
#890 = PLANE ( 'NONE',  #1206 ) ;
#891 = CARTESIAN_POINT ( 'NONE',  ( 75.14999999999996305, 4.999999999999993783, 4.000000000000000000 ) ) ;
#892 = FACE_BOUND ( 'NONE', #949, .T. ) ;
#893 = FACE_OUTER_BOUND ( 'NONE', #715, .T. ) ;
#894 = CARTESIAN_POINT ( 'NONE',  ( 6.000000000000006217, 68.24999999999997158, -6.000000000000000000 ) ) ;
#895 = EDGE_CURVE ( 'NONE', #925, #165, #348, .T. ) ;
#896 = DIRECTION ( 'NONE',  ( 1.000000000000000000, 0.000000000000000000, 0.000000000000000000 ) ) ;
#897 = CIRCLE ( 'NONE', #1396, 1.250000000000015099 ) ;
#898 = LINE ( 'NONE', #1345, #1111 ) ;
#899 = COLOUR_RGB ( '',0.5490196078431373028, 0.1803921568627450955, 0.1803921568627450955 ) ;
#900 = AXIS2_PLACEMENT_3D ( 'NONE', #1163, #507, #18 ) ;
#901 = AXIS2_PLACEMENT_3D ( 'NONE', #1011, #665, #87 ) ;
#902 = FACE_OUTER_BOUND ( 'NONE', #1340, .T. ) ;
#903 = DIRECTION ( 'NONE',  ( -0.000000000000000000, -0.000000000000000000, 1.000000000000000000 ) ) ;
#904 = DIRECTION ( 'NONE',  ( -1.000000000000000000, -1.261617073437678245E-16, 0.000000000000000000 ) ) ;
#905 = CARTESIAN_POINT ( 'NONE',  ( 96.89999999999992042, 0.000000000000000000, 0.000000000000000000 ) ) ;
#906 = FACE_BOUND ( 'NONE', #1349, .T. ) ;
#907 = LINE ( 'NONE', #84, #994 ) ;
#908 = CARTESIAN_POINT ( 'NONE',  ( 99.39999999999996305, 4.999999999999999112, -6.000000000000000000 ) ) ;
#909 = DIRECTION ( 'NONE',  ( 0.000000000000000000, -0.000000000000000000, -1.000000000000000000 ) ) ;
#910 = CARTESIAN_POINT ( 'NONE',  ( 6.000000000000008882, 53.24999999999997868, -6.000000000000000000 ) ) ;
#911 = DIRECTION ( 'NONE',  ( 1.000000000000000000, 0.000000000000000000, 0.000000000000000000 ) ) ;
#912 = FACE_BOUND ( 'NONE', #1282, .T. ) ;
#913 = CARTESIAN_POINT ( 'NONE',  ( 4.750000000000000000, 94.49999999999995737, 0.000000000000000000 ) ) ;
#914 = VECTOR ( 'NONE', #854, 1000.000000000000000 ) ;
#915 = ADVANCED_FACE ( 'NONE', ( #466 ), #1291, .T. ) ;
#916 = DIRECTION ( 'NONE',  ( -0.000000000000000000, -0.000000000000000000, 1.000000000000000000 ) ) ;
#917 = CIRCLE ( 'NONE', #111, 1.250000000000001998 ) ;
#918 = DIRECTION ( 'NONE',  ( -1.000000000000000000, 0.000000000000000000, 0.000000000000000000 ) ) ;
#919 = ORIENTED_EDGE ( 'NONE', *, *, #470, .F. ) ;
#920 = ADVANCED_FACE ( 'NONE', ( #1267 ), #1382, .F. ) ;
#921 = DIRECTION ( 'NONE',  ( 1.000000000000000000, 0.000000000000000000, 0.000000000000000000 ) ) ;
#922 = ADVANCED_FACE ( 'NONE', ( #830 ), #1392, .F. ) ;
#923 = CARTESIAN_POINT ( 'NONE',  ( 26.00000000000000355, 94.49999999999995737, 0.000000000000000000 ) ) ;
#924 = CARTESIAN_POINT ( 'NONE',  ( 91.89999999999990621, 94.49999999999997158, 4.000000000000000000 ) ) ;
#925 = VERTEX_POINT ( 'NONE', #1278 ) ;
#926 = CARTESIAN_POINT ( 'NONE',  ( 60.14999999999997726, 4.999999999999992006, -6.000000000000000000 ) ) ;
#927 = ADVANCED_FACE ( 'NONE', ( #412 ), #32, .F. ) ;
#928 = ADVANCED_FACE ( 'NONE', ( #160 ), #376, .F. ) ;
#929 = DIRECTION ( 'NONE',  ( 0.000000000000000000, 0.000000000000000000, 1.000000000000000000 ) ) ;
#930 = ORIENTED_EDGE ( 'NONE', *, *, #620, .T. ) ;
#931 = CARTESIAN_POINT ( 'NONE',  ( 96.89999999999992042, 0.000000000000000000, 0.000000000000000000 ) ) ;
#932 = CARTESIAN_POINT ( 'NONE',  ( 9.999999999999982236, 13.99999999999998579, 4.000000000000000000 ) ) ;
#933 = DIRECTION ( 'NONE',  ( -0.000000000000000000, -0.000000000000000000, 1.000000000000000000 ) ) ;
#934 = CIRCLE ( 'NONE', #357, 5.000000000000000000 ) ;
#935 = VECTOR ( 'NONE', #1414, 1000.000000000000000 ) ;
#936 = AXIS2_PLACEMENT_3D ( 'NONE', #1342, #556, #181 ) ;
#937 = EDGE_LOOP ( 'NONE', ( #250, #1191, #635, #987 ) ) ;
#938 = DIRECTION ( 'NONE',  ( -0.000000000000000000, 0.000000000000000000, 1.000000000000000000 ) ) ;
#939 = CARTESIAN_POINT ( 'NONE',  ( 94.89999999999992042, 98.99999999999997158, 0.000000000000000000 ) ) ;
#940 = CARTESIAN_POINT ( 'NONE',  ( 5.000000000000000000, 93.99999999999995737, 0.000000000000000000 ) ) ;
#941 = ORIENTED_EDGE ( 'NONE', *, *, #442, .T. ) ;
#942 = ORIENTED_EDGE ( 'NONE', *, *, #83, .F. ) ;
#943 = DIRECTION ( 'NONE',  ( 0.000000000000000000, 0.000000000000000000, 1.000000000000000000 ) ) ;
#944 = EDGE_CURVE ( 'NONE', #825, #24, #492, .T. ) ;
#945 = ORIENTED_EDGE ( 'NONE', *, *, #342, .T. ) ;
#946 = EDGE_LOOP ( 'NONE', ( #831, #1460, #1437, #958 ) ) ;
#947 = ORIENTED_EDGE ( 'NONE', *, *, #1139, .F. ) ;
#948 = LINE ( 'NONE', #1416, #262 ) ;
#949 = EDGE_LOOP ( 'NONE', ( #1431, #1118 ) ) ;
#950 = VERTEX_POINT ( 'NONE', #954 ) ;
#951 = DIRECTION ( 'NONE',  ( -0.000000000000000000, -0.000000000000000000, 1.000000000000000000 ) ) ;
#952 = ORIENTED_EDGE ( 'NONE', *, *, #83, .T. ) ;
#953 = VERTEX_POINT ( 'NONE', #1445 ) ;
#954 = CARTESIAN_POINT ( 'NONE',  ( 104.3999999999999346, 4.999999999999999112, 4.000000000000000000 ) ) ;
#955 = ORIENTED_EDGE ( 'NONE', *, *, #1189, .T. ) ;
#956 = ORIENTED_EDGE ( 'NONE', *, *, #1050, .T. ) ;
#957 = CARTESIAN_POINT ( 'NONE',  ( 4.000000000000000000, 0.000000000000000000, 4.000000000000000000 ) ) ;
#958 = ORIENTED_EDGE ( 'NONE', *, *, #787, .F. ) ;
#959 = AXIS2_PLACEMENT_3D ( 'NONE', #213, #1478, #1018 ) ;
#960 = VECTOR ( 'NONE', #273, 1000.000000000000000 ) ;
#961 = AXIS2_PLACEMENT_3D ( 'NONE', #784, #1024, #911 ) ;
#962 = VERTEX_POINT ( 'NONE', #636 ) ;
#963 = MECHANICAL_DESIGN_GEOMETRIC_PRESENTATION_REPRESENTATION (  '', ( #1485 ), #821 ) ;
#964 = AXIS2_PLACEMENT_3D ( 'NONE', #139, #391, #1064 ) ;
#965 = EDGE_CURVE ( 'NONE', #621, #1295, #782, .T. ) ;
#966 = AXIS2_PLACEMENT_3D ( 'NONE', #1353, #1117, #335 ) ;
#967 = VERTEX_POINT ( 'NONE', #1310 ) ;
#968 = FACE_OUTER_BOUND ( 'NONE', #1438, .T. ) ;
#969 = EDGE_LOOP ( 'NONE', ( #415, #132 ) ) ;
#970 = VERTEX_POINT ( 'NONE', #1223 ) ;
#971 = DIRECTION ( 'NONE',  ( 1.000000000000000000, 0.000000000000000000, 0.000000000000000000 ) ) ;
#972 = ORIENTED_EDGE ( 'NONE', *, *, #875, .T. ) ;
#973 = ORIENTED_EDGE ( 'NONE', *, *, #417, .T. ) ;
#974 = ORIENTED_EDGE ( 'NONE', *, *, #1391, .T. ) ;
#975 = EDGE_CURVE ( 'NONE', #1197, #962, #279, .T. ) ;
#976 = VERTEX_POINT ( 'NONE', #265 ) ;
#977 = CARTESIAN_POINT ( 'NONE',  ( 2.211143997220154585E-30, 93.99999999999995737, 4.000000000000000000 ) ) ;
#978 = ADVANCED_FACE ( 'NONE', ( #968 ), #406, .F. ) ;
#979 = CARTESIAN_POINT ( 'NONE',  ( 3.500000000000013323, 5.500000000000005329, 0.000000000000000000 ) ) ;
#980 = VERTEX_POINT ( 'NONE', #1201 ) ;
#981 = ORIENTED_EDGE ( 'NONE', *, *, #975, .F. ) ;
#982 = ORIENTED_EDGE ( 'NONE', *, *, #809, .T. ) ;
#983 = FILL_AREA_STYLE_COLOUR ( '', #899 ) ;
#984 = PRODUCT_DEFINITION ( 'UNKNOWN', '', #164, #10 ) ;
#985 = ORIENTED_EDGE ( 'NONE', *, *, #115, .F. ) ;
#986 = DIRECTION ( 'NONE',  ( 1.000000000000000000, 0.000000000000000000, 0.000000000000000000 ) ) ;
#987 = ORIENTED_EDGE ( 'NONE', *, *, #5, .F. ) ;
#988 = DIRECTION ( 'NONE',  ( 1.000000000000000000, 0.000000000000000000, 0.000000000000000000 ) ) ;
#989 = EDGE_CURVE ( 'NONE', #758, #953, #726, .T. ) ;
#990 = CARTESIAN_POINT ( 'NONE',  ( 91.89999999999990621, 94.49999999999997158, 0.000000000000000000 ) ) ;
#991 = CIRCLE ( 'NONE', #221, 1.250000000000028866 ) ;
#992 = ORIENTED_EDGE ( 'NONE', *, *, #226, .F. ) ;
#993 =( GEOMETRIC_REPRESENTATION_CONTEXT ( 3 ) GLOBAL_UNCERTAINTY_ASSIGNED_CONTEXT ( ( #421 ) ) GLOBAL_UNIT_ASSIGNED_CONTEXT ( ( #170, #1442, #1074 ) ) REPRESENTATION_CONTEXT ( 'NONE', 'WORKASPACE' ) );
#994 = VECTOR ( 'NONE', #537, 1000.000000000000000 ) ;
#995 = ADVANCED_BREP_SHAPE_REPRESENTATION ( 'Steel framev5', ( #577, #799 ), #993 ) ;
#996 = AXIS2_PLACEMENT_3D ( 'NONE', #1047, #1293, #1070 ) ;
#997 = CARTESIAN_POINT ( 'NONE',  ( -1.261617073437676470E-15, 9.999999999999984013, 4.000000000000000000 ) ) ;
#998 = EDGE_CURVE ( 'NONE', #298, #400, #616, .T. ) ;
#999 = DIRECTION ( 'NONE',  ( 1.000000000000000000, 0.000000000000000000, 0.000000000000000000 ) ) ;
#1000 = EDGE_CURVE ( 'NONE', #628, #598, #934, .T. ) ;
#1001 = APPLICATION_PROTOCOL_DEFINITION ( 'draft international standard', 'automotive_design', 1998, #169 ) ;
#1002 = CARTESIAN_POINT ( 'NONE',  ( 4.000000000000000000, 0.000000000000000000, 4.000000000000000000 ) ) ;
#1003 = VERTEX_POINT ( 'NONE', #1436 ) ;
#1004 = CARTESIAN_POINT ( 'NONE',  ( 4.000000000000000000, 4.000000000000000000, 0.000000000000000000 ) ) ;
#1005 = CARTESIAN_POINT ( 'NONE',  ( 96.89999999999992042, 0.000000000000000000, 4.000000000000000000 ) ) ;
#1006 = FACE_BOUND ( 'NONE', #392, .T. ) ;
#1007 = DIRECTION ( 'NONE',  ( -0.000000000000000000, -0.000000000000000000, 1.000000000000000000 ) ) ;
#1008 = DIRECTION ( 'NONE',  ( 1.000000000000000000, 0.000000000000000000, 0.000000000000000000 ) ) ;
#1009 = CARTESIAN_POINT ( 'NONE',  ( 6.000000000000014211, 5.500000000000005329, -6.000000000000000000 ) ) ;
#1010 = LINE ( 'NONE', #307, #476 ) ;
#1011 = CARTESIAN_POINT ( 'NONE',  ( 101.8999999999999488, 4.999999999999999112, -6.000000000000000000 ) ) ;
#1012 = CARTESIAN_POINT ( 'NONE',  ( 4.750000000000000000, 94.49999999999995737, 0.000000000000000000 ) ) ;
#1013 = CARTESIAN_POINT ( 'NONE',  ( 26.00000000000000355, 94.49999999999995737, 0.000000000000000000 ) ) ;
#1014 = LINE ( 'NONE', #1114, #1152 ) ;
#1015 = AXIS2_PLACEMENT_3D ( 'NONE', #1214, #183, #643 ) ;
#1016 = CIRCLE ( 'NONE', #317, 1.250000000000000222 ) ;
#1017 = AXIS2_PLACEMENT_3D ( 'NONE', #880, #539, #1008 ) ;
#1018 = DIRECTION ( 'NONE',  ( 1.000000000000000000, 0.000000000000000000, 0.000000000000000000 ) ) ;
#1019 = DIRECTION ( 'NONE',  ( 1.000000000000000000, 0.000000000000000000, 0.000000000000000000 ) ) ;
#1020 = DIRECTION ( 'NONE',  ( 0.000000000000000000, 0.000000000000000000, 1.000000000000000000 ) ) ;
#1021 = FACE_OUTER_BOUND ( 'NONE', #625, .T. ) ;
#1022 = EDGE_CURVE ( 'NONE', #621, #970, #760, .T. ) ;
#1023 = DIRECTION ( 'NONE',  ( 1.000000000000000000, 0.000000000000000000, 0.000000000000000000 ) ) ;
#1024 = DIRECTION ( 'NONE',  ( -0.000000000000000000, -0.000000000000000000, 1.000000000000000000 ) ) ;
#1025 = DIRECTION ( 'NONE',  ( 1.000000000000000000, 0.000000000000000000, 0.000000000000000000 ) ) ;
#1026 = CARTESIAN_POINT ( 'NONE',  ( -1.103534934115366555E-14, 98.99999999999995737, 0.000000000000000000 ) ) ;
#1027 = EDGE_CURVE ( 'NONE', #632, #402, #630, .T. ) ;
#1028 = DIRECTION ( 'NONE',  ( 1.000000000000000000, 0.000000000000000000, 0.000000000000000000 ) ) ;
#1029 = CARTESIAN_POINT ( 'NONE',  ( 101.8999999999999488, 4.999999999999999112, 4.000000000000000000 ) ) ;
#1030 = EDGE_CURVE ( 'NONE', #1044, #1467, #1185, .T. ) ;
#1031 = CARTESIAN_POINT ( 'NONE',  ( 77.00000000000025580, 94.49999999999992895, 0.000000000000000000 ) ) ;
#1032 = AXIS2_PLACEMENT_3D ( 'NONE', #118, #129, #823 ) ;
#1033 = AXIS2_PLACEMENT_3D ( 'NONE', #344, #1256, #686 ) ;
#1034 = CARTESIAN_POINT ( 'NONE',  ( 93.89999999999994884, 4.999999999999997335, -6.000000000000000000 ) ) ;
#1035 = VECTOR ( 'NONE', #904, 1000.000000000000000 ) ;
#1036 = AXIS2_PLACEMENT_3D ( 'NONE', #847, #504, #876 ) ;
#1037 = EDGE_CURVE ( 'NONE', #642, #147, #1455, .T. ) ;
#1038 = CARTESIAN_POINT ( 'NONE',  ( 36.00000000000024869, 94.49999999999994316, 0.000000000000000000 ) ) ;
#1039 = VERTEX_POINT ( 'NONE', #977 ) ;
#1040 = DIRECTION ( 'NONE',  ( -0.000000000000000000, -0.000000000000000000, 1.000000000000000000 ) ) ;
#1041 = CARTESIAN_POINT ( 'NONE',  ( -1.261617073437676470E-15, 9.999999999999984013, 0.000000000000000000 ) ) ;
#1042 = EDGE_CURVE ( 'NONE', #950, #1296, #219, .T. ) ;
#1043 = DIRECTION ( 'NONE',  ( 1.000000000000000000, 0.000000000000000000, 0.000000000000000000 ) ) ;
#1044 = VERTEX_POINT ( 'NONE', #752 ) ;
#1045 = DIRECTION ( 'NONE',  ( -0.000000000000000000, 0.000000000000000000, 1.000000000000000000 ) ) ;
#1046 = DIRECTION ( 'NONE',  ( 0.000000000000000000, 0.000000000000000000, -1.000000000000000000 ) ) ;
#1047 = CARTESIAN_POINT ( 'NONE',  ( 6.000000000000006217, 68.24999999999997158, 4.000000000000000000 ) ) ;
#1048 = ORIENTED_EDGE ( 'NONE', *, *, #1091, .T. ) ;
#1049 = DIRECTION ( 'NONE',  ( 0.000000000000000000, 0.000000000000000000, 1.000000000000000000 ) ) ;
#1050 = EDGE_CURVE ( 'NONE', #730, #1314, #568, .T. ) ;
#1051 = CARTESIAN_POINT ( 'NONE',  ( 96.89999999999992042, 96.99999999999997158, 4.000000000000000000 ) ) ;
#1052 = ORIENTED_EDGE ( 'NONE', *, *, #563, .T. ) ;
#1053 = ORIENTED_EDGE ( 'NONE', *, *, #522, .T. ) ;
#1054 = CIRCLE ( 'NONE', #718, 1.250000000000015099 ) ;
#1055 = CARTESIAN_POINT ( 'NONE',  ( 55.25000000000024158, 94.49999999999997158, 0.000000000000000000 ) ) ;
#1056 = AXIS2_PLACEMENT_3D ( 'NONE', #650, #1490, #775 ) ;
#1057 = CIRCLE ( 'NONE', #627, 2.000000000000099032 ) ;
#1058 = VERTEX_POINT ( 'NONE', #485 ) ;
#1059 = LINE ( 'NONE', #913, #133 ) ;
#1060 = DIRECTION ( 'NONE',  ( -0.000000000000000000, 0.000000000000000000, 1.000000000000000000 ) ) ;
#1061 = ORIENTED_EDGE ( 'NONE', *, *, #1085, .T. ) ;
#1062 = DIRECTION ( 'NONE',  ( -0.000000000000000000, -0.000000000000000000, 1.000000000000000000 ) ) ;
#1063 = ORIENTED_EDGE ( 'NONE', *, *, #883, .T. ) ;
#1064 = DIRECTION ( 'NONE',  ( 1.000000000000000000, 0.000000000000000000, 0.000000000000000000 ) ) ;
#1065 = ORIENTED_EDGE ( 'NONE', *, *, #451, .T. ) ;
#1066 = CARTESIAN_POINT ( 'NONE',  ( 93.14999999999992042, 94.49999999999997158, 0.000000000000000000 ) ) ;
#1067 = ORIENTED_EDGE ( 'NONE', *, *, #19, .F. ) ;
#1068 = CARTESIAN_POINT ( 'NONE',  ( 101.8999999999999488, 4.999999999999999112, 4.000000000000000000 ) ) ;
#1069 = ORIENTED_EDGE ( 'NONE', *, *, #1434, .T. ) ;
#1070 = DIRECTION ( 'NONE',  ( 1.000000000000000000, 0.000000000000000000, 0.000000000000000000 ) ) ;
#1071 = ORIENTED_EDGE ( 'NONE', *, *, #660, .F. ) ;
#1072 = EDGE_CURVE ( 'NONE', #1175, #171, #948, .T. ) ;
#1073 = ORIENTED_EDGE ( 'NONE', *, *, #1398, .T. ) ;
#1074 =( NAMED_UNIT ( * ) SI_UNIT ( $, .STERADIAN. ) SOLID_ANGLE_UNIT ( ) );
#1075 = ORIENTED_EDGE ( 'NONE', *, *, #1315, .F. ) ;
#1076 = DIRECTION ( 'NONE',  ( 1.000000000000000000, 0.000000000000000000, 0.000000000000000000 ) ) ;
#1077 = VERTEX_POINT ( 'NONE', #891 ) ;
#1078 = ORIENTED_EDGE ( 'NONE', *, *, #1265, .T. ) ;
#1079 = FILL_AREA_STYLE_COLOUR ( '', #1088 ) ;
#1080 = EDGE_LOOP ( 'NONE', ( #645, #861, #724, #1412 ) ) ;
#1081 = AXIS2_PLACEMENT_3D ( 'NONE', #1370, #1346, #1023 ) ;
#1082 = VECTOR ( 'NONE', #40, 1000.000000000000000 ) ;
#1083 = AXIS2_PLACEMENT_3D ( 'NONE', #225, #1354, #97 ) ;
#1084 = ORIENTED_EDGE ( 'NONE', *, *, #1363, .T. ) ;
#1085 = EDGE_CURVE ( 'NONE', #617, #1092, #1122, .T. ) ;
#1086 = DIRECTION ( 'NONE',  ( -0.000000000000000000, -0.000000000000000000, 1.000000000000000000 ) ) ;
#1087 = CIRCLE ( 'NONE', #44, 1.250000000000004663 ) ;
#1088 = COLOUR_RGB ( '',0.5490196078431373028, 0.1803921568627450955, 0.1803921568627450955 ) ;
#1089 = VERTEX_POINT ( 'NONE', #653 ) ;
#1090 = VECTOR ( 'NONE', #1446, 1000.000000000000000 ) ;
#1091 = EDGE_CURVE ( 'NONE', #598, #372, #192, .T. ) ;
#1092 = VERTEX_POINT ( 'NONE', #81 ) ;
#1093 = CARTESIAN_POINT ( 'NONE',  ( 4.750000000000007105, 53.24999999999997868, -6.000000000000000000 ) ) ;
#1094 = FACE_OUTER_BOUND ( 'NONE', #612, .T. ) ;
#1095 = VERTEX_POINT ( 'NONE', #1477 ) ;
#1096 = EDGE_LOOP ( 'NONE', ( #985, #1311, #942, #390 ) ) ;
#1097 = ORIENTED_EDGE ( 'NONE', *, *, #1030, .T. ) ;
#1098 = ORIENTED_EDGE ( 'NONE', *, *, #185, .T. ) ;
#1099 = DIRECTION ( 'NONE',  ( -0.000000000000000000, -0.000000000000000000, 1.000000000000000000 ) ) ;
#1100 = DIRECTION ( 'NONE',  ( 1.000000000000000000, 0.000000000000000000, 0.000000000000000000 ) ) ;
#1101 = EDGE_LOOP ( 'NONE', ( #523, #154, #919, #1167 ) ) ;
#1102 = DIRECTION ( 'NONE',  ( 1.000000000000000000, 0.000000000000000000, 0.000000000000000000 ) ) ;
#1103 = DIRECTION ( 'NONE',  ( 0.000000000000000000, 0.000000000000000000, 1.000000000000000000 ) ) ;
#1104 = ORIENTED_EDGE ( 'NONE', *, *, #226, .T. ) ;
#1105 = CARTESIAN_POINT ( 'NONE',  ( 5.000000000000000000, 93.99999999999995737, 0.000000000000000000 ) ) ;
#1106 = LINE ( 'NONE', #175, #1362 ) ;
#1107 = EDGE_CURVE ( 'NONE', #147, #179, #898, .T. ) ;
#1108 = EDGE_LOOP ( 'NONE', ( #1200, #399, #365, #1323 ) ) ;
#1109 = DIRECTION ( 'NONE',  ( -0.000000000000000000, 0.000000000000000000, -1.000000000000000000 ) ) ;
#1110 = CARTESIAN_POINT ( 'NONE',  ( 101.8999999999999488, 4.999999999999999112, 0.000000000000000000 ) ) ;
#1111 = VECTOR ( 'NONE', #664, 1000.000000000000000 ) ;
#1112 = VECTOR ( 'NONE', #1007, 1000.000000000000000 ) ;
#1113 = ORIENTED_EDGE ( 'NONE', *, *, #1037, .F. ) ;
#1114 = CARTESIAN_POINT ( 'NONE',  ( 9.999999999999984013, 1.301042606982603349E-15, 0.000000000000000000 ) ) ;
#1115 = AXIS2_PLACEMENT_3D ( 'NONE', #1388, #1263, #1148 ) ;
#1116 = PLANE ( 'NONE',  #131 ) ;
#1117 = DIRECTION ( 'NONE',  ( -0.000000000000000000, 0.000000000000000000, 1.000000000000000000 ) ) ;
#1118 = ORIENTED_EDGE ( 'NONE', *, *, #1308, .F. ) ;
#1119 = LINE ( 'NONE', #908, #678 ) ;
#1120 = ORIENTED_EDGE ( 'NONE', *, *, #944, .F. ) ;
#1121 = DIRECTION ( 'NONE',  ( -0.000000000000000000, -0.000000000000000000, 1.000000000000000000 ) ) ;
#1122 = LINE ( 'NONE', #1470, #777 ) ;
#1123 = DIRECTION ( 'NONE',  ( 0.000000000000000000, -0.000000000000000000, -1.000000000000000000 ) ) ;
#1124 = CARTESIAN_POINT ( 'NONE',  ( 8.500000000000014211, 5.500000000000005329, 0.000000000000000000 ) ) ;
#1125 = EDGE_CURVE ( 'NONE', #1181, #405, #11, .T. ) ;
#1126 = DIRECTION ( 'NONE',  ( -0.000000000000000000, 0.000000000000000000, 1.000000000000000000 ) ) ;
#1127 = CARTESIAN_POINT ( 'NONE',  ( 94.89999999999992042, 98.99999999999997158, 4.000000000000000000 ) ) ;
#1128 = FACE_BOUND ( 'NONE', #396, .T. ) ;
#1129 = CARTESIAN_POINT ( 'NONE',  ( 6.000000000000014211, 5.500000000000005329, -6.000000000000000000 ) ) ;
#1130 = CARTESIAN_POINT ( 'NONE',  ( 7.250000000000000000, 94.49999999999995737, 0.000000000000000000 ) ) ;
#1131 = EDGE_CURVE ( 'NONE', #165, #303, #1352, .T. ) ;
#1132 = CARTESIAN_POINT ( 'NONE',  ( 7.250000000000010658, 53.24999999999997868, -6.000000000000000000 ) ) ;
#1133 = AXIS2_PLACEMENT_3D ( 'NONE', #562, #1123, #82 ) ;
#1134 = ADVANCED_FACE ( 'NONE', ( #779 ), #1116, .F. ) ;
#1135 = CIRCLE ( 'NONE', #197, 2.499999999999988454 ) ;
#1136 = AXIS2_PLACEMENT_3D ( 'NONE', #659, #367, #255 ) ;
#1137 = CARTESIAN_POINT ( 'NONE',  ( 6.000000000000000000, 94.49999999999995737, 0.000000000000000000 ) ) ;
#1138 = CARTESIAN_POINT ( 'NONE',  ( 6.000000000000008882, 53.24999999999997868, 4.000000000000000000 ) ) ;
#1139 = EDGE_CURVE ( 'NONE', #1292, #33, #1010, .T. ) ;
#1140 = CARTESIAN_POINT ( 'NONE',  ( 77.00000000000025580, 94.49999999999992895, 4.000000000000000000 ) ) ;
#1141 = CARTESIAN_POINT ( 'NONE',  ( 6.000000000000000000, 94.49999999999995737, 0.000000000000000000 ) ) ;
#1142 = CARTESIAN_POINT ( 'NONE',  ( 94.89999999999992042, 96.99999999999997158, 0.000000000000000000 ) ) ;
#1143 = ADVANCED_FACE ( 'NONE', ( #323 ), #420, .F. ) ;
#1144 = CARTESIAN_POINT ( 'NONE',  ( 96.89999999999992042, 91.99999999999998579, 4.000000000000000000 ) ) ;
#1145 = DIRECTION ( 'NONE',  ( -1.000000000000000000, 0.000000000000000000, 0.000000000000000000 ) ) ;
#1146 = ADVANCED_FACE ( 'NONE', ( #1230 ), #890, .F. ) ;
#1147 = DIRECTION ( 'NONE',  ( -1.000000000000000000, -1.261617073437678245E-16, 0.000000000000000000 ) ) ;
#1148 = DIRECTION ( 'NONE',  ( 1.000000000000000000, 0.000000000000000000, 0.000000000000000000 ) ) ;
#1149 = ORIENTED_EDGE ( 'NONE', *, *, #883, .F. ) ;
#1150 = DIRECTION ( 'NONE',  ( 1.000000000000000000, 0.000000000000000000, 0.000000000000000000 ) ) ;
#1151 = VECTOR ( 'NONE', #353, 1000.000000000000000 ) ;
#1152 = VECTOR ( 'NONE', #1344, 1000.000000000000000 ) ;
#1153 = CIRCLE ( 'NONE', #1483, 1.250000000000028866 ) ;
#1154 = EDGE_CURVE ( 'NONE', #1285, #1092, #991, .T. ) ;
#1155 = CARTESIAN_POINT ( 'NONE',  ( 57.75000000000024869, 94.49999999999997158, 4.000000000000000000 ) ) ;
#1156 = CIRCLE ( 'NONE', #1260, 1.250000000000001110 ) ;
#1157 = AXIS2_PLACEMENT_3D ( 'NONE', #1013, #1020, #1489 ) ;
#1158 = AXIS2_PLACEMENT_3D ( 'NONE', #769, #59, #1329 ) ;
#1159 = FACE_BOUND ( 'NONE', #743, .T. ) ;
#1160 = ORIENTED_EDGE ( 'NONE', *, *, #1189, .F. ) ;
#1161 = DIRECTION ( 'NONE',  ( 0.000000000000000000, 0.000000000000000000, -1.000000000000000000 ) ) ;
#1162 = CARTESIAN_POINT ( 'NONE',  ( 101.8999999999999488, 9.999999999999998224, 0.000000000000000000 ) ) ;
#1163 = CARTESIAN_POINT ( 'NONE',  ( 58.89999999999994884, 4.999999999999992006, 4.000000000000000000 ) ) ;
#1164 = ORIENTED_EDGE ( 'NONE', *, *, #944, .T. ) ;
#1165 = CARTESIAN_POINT ( 'NONE',  ( 4.000000000000000000, 4.000000000000000000, 4.000000000000000000 ) ) ;
#1166 = DIRECTION ( 'NONE',  ( 0.000000000000000000, 0.000000000000000000, 1.000000000000000000 ) ) ;
#1167 = ORIENTED_EDGE ( 'NONE', *, *, #442, .F. ) ;
#1168 = CARTESIAN_POINT ( 'NONE',  ( 36.00000000000024869, 94.49999999999994316, -6.000000000000000000 ) ) ;
#1169 = ORIENTED_EDGE ( 'NONE', *, *, #1421, .T. ) ;
#1170 = CARTESIAN_POINT ( 'NONE',  ( 6.000000000000006217, 68.24999999999997158, 4.000000000000000000 ) ) ;
#1171 = FACE_OUTER_BOUND ( 'NONE', #881, .T. ) ;
#1172 = VERTEX_POINT ( 'NONE', #1350 ) ;
#1173 = LINE ( 'NONE', #362, #1423 ) ;
#1174 = ORIENTED_EDGE ( 'NONE', *, *, #1027, .F. ) ;
#1175 = VERTEX_POINT ( 'NONE', #680 ) ;
#1176 = CIRCLE ( 'NONE', #1357, 1.250000000000001110 ) ;
#1177 = DIRECTION ( 'NONE',  ( 1.000000000000000000, 0.000000000000000000, 0.000000000000000000 ) ) ;
#1178 = CIRCLE ( 'NONE', #1360, 1.250000000000015099 ) ;
#1179 = AXIS2_PLACEMENT_3D ( 'NONE', #772, #428, #330 ) ;
#1180 = EDGE_CURVE ( 'NONE', #178, #312, #161, .T. ) ;
#1181 = VERTEX_POINT ( 'NONE', #313 ) ;
#1182 = CARTESIAN_POINT ( 'NONE',  ( 0.000000000000000000, 0.000000000000000000, 0.000000000000000000 ) ) ;
#1183 = ORIENTED_EDGE ( 'NONE', *, *, #868, .T. ) ;
#1184 = EDGE_CURVE ( 'NONE', #1175, #1044, #240, .T. ) ;
#1185 = LINE ( 'NONE', #51, #819 ) ;
#1186 = ORIENTED_EDGE ( 'NONE', *, *, #1248, .F. ) ;
#1187 = DIRECTION ( 'NONE',  ( -1.000000000000000000, 0.000000000000000000, 0.000000000000000000 ) ) ;
#1188 = ORIENTED_EDGE ( 'NONE', *, *, #989, .T. ) ;
#1189 = EDGE_CURVE ( 'NONE', #855, #1089, #411, .T. ) ;
#1190 = ORIENTED_EDGE ( 'NONE', *, *, #1492, .T. ) ;
#1191 = ORIENTED_EDGE ( 'NONE', *, *, #1022, .T. ) ;
#1192 = DIRECTION ( 'NONE',  ( -0.000000000000000000, -0.000000000000000000, 1.000000000000000000 ) ) ;
#1193 = VERTEX_POINT ( 'NONE', #786 ) ;
#1194 = DIRECTION ( 'NONE',  ( -0.000000000000000000, 0.000000000000000000, 1.000000000000000000 ) ) ;
#1195 = ADVANCED_FACE ( 'NONE', ( #1021 ), #882, .F. ) ;
#1196 = ADVANCED_FACE ( 'NONE', ( #72 ), #670, .T. ) ;
#1197 = VERTEX_POINT ( 'NONE', #1495 ) ;
#1198 = ORIENTED_EDGE ( 'NONE', *, *, #889, .T. ) ;
#1199 = CARTESIAN_POINT ( 'NONE',  ( 56.50000000000024158, 94.49999999999997158, 0.000000000000000000 ) ) ;
#1200 = ORIENTED_EDGE ( 'NONE', *, *, #563, .F. ) ;
#1201 = CARTESIAN_POINT ( 'NONE',  ( 13.99999999999998224, 9.999999999999985789, 0.000000000000000000 ) ) ;
#1202 = DIRECTION ( 'NONE',  ( 0.000000000000000000, 0.000000000000000000, 1.000000000000000000 ) ) ;
#1203 = ORIENTED_EDGE ( 'NONE', *, *, #119, .F. ) ;
#1204 = CIRCLE ( 'NONE', #746, 1.250000000000000222 ) ;
#1205 = DIRECTION ( 'NONE',  ( 1.000000000000000000, 0.000000000000000000, 0.000000000000000000 ) ) ;
#1206 = AXIS2_PLACEMENT_3D ( 'NONE', #905, #425, #222 ) ;
#1207 = AXIS2_PLACEMENT_3D ( 'NONE', #218, #559, #210 ) ;
#1208 = ORIENTED_EDGE ( 'NONE', *, *, #586, .F. ) ;
#1209 = FACE_OUTER_BOUND ( 'NONE', #158, .T. ) ;
#1210 = CIRCLE ( 'NONE', #359, 5.000000000000000000 ) ;
#1211 = AXIS2_PLACEMENT_3D ( 'NONE', #532, #1126, #211 ) ;
#1212 = ORIENTED_EDGE ( 'NONE', *, *, #1391, .F. ) ;
#1213 = ORIENTED_EDGE ( 'NONE', *, *, #763, .F. ) ;
#1214 = CARTESIAN_POINT ( 'NONE',  ( 94.89999999999992042, 91.99999999999998579, 0.000000000000000000 ) ) ;
#1215 = PRESENTATION_STYLE_ASSIGNMENT (( #619 ) ) ;
#1216 = VERTEX_POINT ( 'NONE', #1127 ) ;
#1217 = ORIENTED_EDGE ( 'NONE', *, *, #1131, .T. ) ;
#1218 = ORIENTED_EDGE ( 'NONE', *, *, #725, .F. ) ;
#1219 = DIRECTION ( 'NONE',  ( -0.000000000000000000, -0.000000000000000000, 1.000000000000000000 ) ) ;
#1220 = CARTESIAN_POINT ( 'NONE',  ( 6.000000000000008882, 53.24999999999997868, 0.000000000000000000 ) ) ;
#1221 = EDGE_LOOP ( 'NONE', ( #384, #609 ) ) ;
#1222 = ADVANCED_FACE ( 'NONE', ( #86 ), #534, .F. ) ;
#1223 = CARTESIAN_POINT ( 'NONE',  ( 72.64999999999993463, 4.999999999999993783, 4.000000000000000000 ) ) ;
#1224 = FACE_OUTER_BOUND ( 'NONE', #589, .T. ) ;
#1225 = ORIENTED_EDGE ( 'NONE', *, *, #229, .T. ) ;
#1226 = CARTESIAN_POINT ( 'NONE',  ( 9.999999999999973355, 85.99999999999998579, 4.000000000000000000 ) ) ;
#1227 = CARTESIAN_POINT ( 'NONE',  ( 91.89999999999990621, 94.49999999999997158, 0.000000000000000000 ) ) ;
#1228 = EDGE_LOOP ( 'NONE', ( #1183, #601, #579, #410 ) ) ;
#1229 = CARTESIAN_POINT ( 'NONE',  ( 92.64999999999992042, 4.999999999999997335, 4.000000000000000000 ) ) ;
#1230 = FACE_OUTER_BOUND ( 'NONE', #1435, .T. ) ;
#1231 = CARTESIAN_POINT ( 'NONE',  ( 2.211143997220154585E-30, 93.99999999999995737, 0.000000000000000000 ) ) ;
#1232 = FACE_BOUND ( 'NONE', #409, .T. ) ;
#1233 = LINE ( 'NONE', #879, #721 ) ;
#1234 = AXIS2_PLACEMENT_3D ( 'NONE', #515, #74, #193 ) ;
#1235 = CARTESIAN_POINT ( 'NONE',  ( 75.00000000000027001, 94.49999999999992895, 0.000000000000000000 ) ) ;
#1236 = AXIS2_PLACEMENT_3D ( 'NONE', #1299, #1424, #387 ) ;
#1237 = ORIENTED_EDGE ( 'NONE', *, *, #177, .F. ) ;
#1238 = DIRECTION ( 'NONE',  ( 0.000000000000000000, 0.000000000000000000, 1.000000000000000000 ) ) ;
#1239 = AXIS2_PLACEMENT_3D ( 'NONE', #1168, #951, #1418 ) ;
#1240 = AXIS2_PLACEMENT_3D ( 'NONE', #714, #1062, #815 ) ;
#1241 = DIRECTION ( 'NONE',  ( 1.301042606982605321E-16, -1.000000000000000000, 0.000000000000000000 ) ) ;
#1242 = EDGE_CURVE ( 'NONE', #1415, #839, #1468, .T. ) ;
#1243 = LINE ( 'NONE', #1374, #870 ) ;
#1244 = CYLINDRICAL_SURFACE ( 'NONE', #961, 1.250000000000015099 ) ;
#1245 = CYLINDRICAL_SURFACE ( 'NONE', #201, 1.250000000000001110 ) ;
#1246 = DIRECTION ( 'NONE',  ( 1.000000000000000000, 0.000000000000000000, 0.000000000000000000 ) ) ;
#1247 = DIRECTION ( 'NONE',  ( 0.000000000000000000, 0.000000000000000000, -1.000000000000000000 ) ) ;
#1248 = EDGE_CURVE ( 'NONE', #53, #598, #322, .T. ) ;
#1249 = FACE_BOUND ( 'NONE', #1221, .T. ) ;
#1250 = EDGE_CURVE ( 'NONE', #289, #404, #1014, .T. ) ;
#1251 = DIRECTION ( 'NONE',  ( -0.000000000000000000, -0.000000000000000000, 1.000000000000000000 ) ) ;
#1252 = DIRECTION ( 'NONE',  ( 0.000000000000000000, -0.000000000000000000, -1.000000000000000000 ) ) ;
#1253 = ADVANCED_FACE ( 'NONE', ( #327 ), #1484, .T. ) ;
#1254 = FACE_BOUND ( 'NONE', #1417, .T. ) ;
#1255 = DIRECTION ( 'NONE',  ( -0.000000000000000000, -0.000000000000000000, 1.000000000000000000 ) ) ;
#1256 = DIRECTION ( 'NONE',  ( 0.000000000000000000, 0.000000000000000000, 1.000000000000000000 ) ) ;
#1257 = CARTESIAN_POINT ( 'NONE',  ( 27.25000000000000711, 94.49999999999995737, 0.000000000000000000 ) ) ;
#1258 = VECTOR ( 'NONE', #65, 1000.000000000000000 ) ;
#1259 = EDGE_CURVE ( 'NONE', #970, #1077, #1054, .T. ) ;
#1260 = AXIS2_PLACEMENT_3D ( 'NONE', #373, #48, #731 ) ;
#1261 = CARTESIAN_POINT ( 'NONE',  ( 6.000000000000000000, 94.49999999999995737, 0.000000000000000000 ) ) ;
#1262 = DIRECTION ( 'NONE',  ( 1.000000000000000000, 0.000000000000000000, 0.000000000000000000 ) ) ;
#1263 = DIRECTION ( 'NONE',  ( -0.000000000000000000, 0.000000000000000000, 1.000000000000000000 ) ) ;
#1264 = DIRECTION ( 'NONE',  ( -0.000000000000000000, 0.000000000000000000, 1.000000000000000000 ) ) ;
#1265 = EDGE_CURVE ( 'NONE', #738, #481, #674, .T. ) ;
#1266 = ADVANCED_FACE ( 'NONE', ( #541 ), #333, .F. ) ;
#1267 = FACE_OUTER_BOUND ( 'NONE', #827, .T. ) ;
#1268 = DIRECTION ( 'NONE',  ( 1.000000000000000000, 0.000000000000000000, 0.000000000000000000 ) ) ;
#1269 = EDGE_LOOP ( 'NONE', ( #638, #238 ) ) ;
#1270 = DIRECTION ( 'NONE',  ( 0.000000000000000000, 0.000000000000000000, 1.000000000000000000 ) ) ;
#1271 = CARTESIAN_POINT ( 'NONE',  ( 101.8999999999999488, 4.999999999999999112, -6.000000000000000000 ) ) ;
#1272 = DIRECTION ( 'NONE',  ( 1.000000000000000000, 0.000000000000000000, 0.000000000000000000 ) ) ;
#1273 = ORIENTED_EDGE ( 'NONE', *, *, #1407, .T. ) ;
#1274 = CARTESIAN_POINT ( 'NONE',  ( 26.00000000000000355, 94.49999999999995737, 4.000000000000000000 ) ) ;
#1275 = CIRCLE ( 'NONE', #1133, 2.000000000000001776 ) ;
#1276 = AXIS2_PLACEMENT_3D ( 'NONE', #143, #1192, #397 ) ;
#1277 = AXIS2_PLACEMENT_3D ( 'NONE', #1129, #1255, #1488 ) ;
#1278 = CARTESIAN_POINT ( 'NONE',  ( 96.89999999999992042, 96.99999999999997158, 0.000000000000000000 ) ) ;
#1279 = AXIS2_PLACEMENT_3D ( 'NONE', #623, #1086, #510 ) ;
#1280 = AXIS2_PLACEMENT_3D ( 'NONE', #894, #525, #785 ) ;
#1281 = CARTESIAN_POINT ( 'NONE',  ( 57.64999999999992752, 4.999999999999992006, -6.000000000000000000 ) ) ;
#1282 = EDGE_LOOP ( 'NONE', ( #1273, #156 ) ) ;
#1283 = CARTESIAN_POINT ( 'NONE',  ( 0.000000000000000000, 0.000000000000000000, 4.000000000000000000 ) ) ;
#1284 = FACE_OUTER_BOUND ( 'NONE', #946, .T. ) ;
#1285 = VERTEX_POINT ( 'NONE', #1229 ) ;
#1286 = LINE ( 'NONE', #1402, #1430 ) ;
#1287 = EDGE_LOOP ( 'NONE', ( #974, #956, #709, #618, #1337, #952, #176, #1069, #375, #260, #1441, #54, #1186, #46 ) ) ;
#1288 = CARTESIAN_POINT ( 'NONE',  ( 94.89999999999992042, 89.99999999999998579, 0.000000000000000000 ) ) ;
#1289 = EDGE_CURVE ( 'NONE', #967, #758, #1176, .T. ) ;
#1290 = LINE ( 'NONE', #166, #935 ) ;
#1291 = CYLINDRICAL_SURFACE ( 'NONE', #473, 5.000000000000000000 ) ;
#1292 = VERTEX_POINT ( 'NONE', #346 ) ;
#1293 = DIRECTION ( 'NONE',  ( 0.000000000000000000, 0.000000000000000000, 1.000000000000000000 ) ) ;
#1294 = ADVANCED_FACE ( 'NONE', ( #1390 ), #828, .F. ) ;
#1295 = VERTEX_POINT ( 'NONE', #239 ) ;
#1296 = VERTEX_POINT ( 'NONE', #688 ) ;
#1297 = VECTOR ( 'NONE', #1046, 1000.000000000000000 ) ;
#1298 = ADVANCED_FACE ( 'NONE', ( #123 ), #574, .F. ) ;
#1299 = CARTESIAN_POINT ( 'NONE',  ( 73.89999999999994884, 4.999999999999993783, 0.000000000000000000 ) ) ;
#1300 = ORIENTED_EDGE ( 'NONE', *, *, #1131, .F. ) ;
#1301 = AXIS2_PLACEMENT_3D ( 'NONE', #1009, #430, #447 ) ;
#1302 = DIRECTION ( 'NONE',  ( 1.000000000000000000, 0.000000000000000000, 0.000000000000000000 ) ) ;
#1303 = AXIS2_PLACEMENT_3D ( 'NONE', #1029, #1383, #918 ) ;
#1304 = VECTOR ( 'NONE', #287, 1000.000000000000000 ) ;
#1305 = AXIS2_PLACEMENT_3D ( 'NONE', #1227, #1103, #440 ) ;
#1306 = AXIS2_PLACEMENT_3D ( 'NONE', #1110, #1372, #1459 ) ;
#1307 = EDGE_LOOP ( 'NONE', ( #345, #1343 ) ) ;
#1308 = EDGE_CURVE ( 'NONE', #1296, #950, #1135, .T. ) ;
#1309 = ORIENTED_EDGE ( 'NONE', *, *, #1107, .T. ) ;
#1310 = CARTESIAN_POINT ( 'NONE',  ( 93.14999999999992042, 94.49999999999997158, 0.000000000000000000 ) ) ;
#1311 = ORIENTED_EDGE ( 'NONE', *, *, #667, .F. ) ;
#1312 = FILL_AREA_STYLE ('',( #1079 ) ) ;
#1313 = ORIENTED_EDGE ( 'NONE', *, *, #1469, .T. ) ;
#1314 = VERTEX_POINT ( 'NONE', #1288 ) ;
#1315 = EDGE_CURVE ( 'NONE', #186, #747, #383, .T. ) ;
#1316 = ORIENTED_EDGE ( 'NONE', *, *, #1475, .F. ) ;
#1317 = CARTESIAN_POINT ( 'NONE',  ( 93.89999999999994884, 4.999999999999997335, -6.000000000000000000 ) ) ;
#1318 = ORIENTED_EDGE ( 'NONE', *, *, #168, .T. ) ;
#1319 = ORIENTED_EDGE ( 'NONE', *, *, #1072, .T. ) ;
#1320 = CARTESIAN_POINT ( 'NONE',  ( 6.000000000000014211, 5.500000000000005329, 4.000000000000000000 ) ) ;
#1321 = PRODUCT_DEFINITION_SHAPE ( 'NONE', 'NONE',  #984 ) ;
#1322 = ORIENTED_EDGE ( 'NONE', *, *, #28, .F. ) ;
#1323 = ORIENTED_EDGE ( 'NONE', *, *, #1265, .F. ) ;
#1324 = ORIENTED_EDGE ( 'NONE', *, *, #770, .T. ) ;
#1325 = PRESENTATION_STYLE_ASSIGNMENT (( #1450 ) ) ;
#1326 = EDGE_LOOP ( 'NONE', ( #189, #1067, #732, #687 ) ) ;
#1327 = ORIENTED_EDGE ( 'NONE', *, *, #656, .F. ) ;
#1328 = DIRECTION ( 'NONE',  ( 1.000000000000000000, 0.000000000000000000, 0.000000000000000000 ) ) ;
#1329 = DIRECTION ( 'NONE',  ( 1.000000000000000000, 0.000000000000000000, 0.000000000000000000 ) ) ;
#1330 = ORIENTED_EDGE ( 'NONE', *, *, #1250, .T. ) ;
#1331 = AXIS2_PLACEMENT_3D ( 'NONE', #1034, #685, #1503 ) ;
#1332 = DIRECTION ( 'NONE',  ( 0.000000000000000000, 0.000000000000000000, 1.000000000000000000 ) ) ;
#1333 = AXIS2_PLACEMENT_3D ( 'NONE', #351, #1264, #684 ) ;
#1334 = ORIENTED_EDGE ( 'NONE', *, *, #1413, .F. ) ;
#1335 = EDGE_CURVE ( 'NONE', #1077, #970, #897, .T. ) ;
#1336 =( NAMED_UNIT ( * ) SI_UNIT ( $, .STERADIAN. ) SOLID_ANGLE_UNIT ( ) );
#1337 = ORIENTED_EDGE ( 'NONE', *, *, #1250, .F. ) ;
#1338 = CARTESIAN_POINT ( 'NONE',  ( 34.00000000000014921, 94.49999999999994316, -6.000000000000000000 ) ) ;
#1339 = CARTESIAN_POINT ( 'NONE',  ( 95.14999999999999147, 4.999999999999997335, 0.000000000000000000 ) ) ;
#1340 = EDGE_LOOP ( 'NONE', ( #130, #1169, #393, #1409 ) ) ;
#1341 = LINE ( 'NONE', #517, #12 ) ;
#1342 = CARTESIAN_POINT ( 'NONE',  ( 94.89999999999992042, 96.99999999999997158, 4.000000000000000000 ) ) ;
#1343 = ORIENTED_EDGE ( 'NONE', *, *, #1351, .T. ) ;
#1344 = DIRECTION ( 'NONE',  ( -1.301042606982605321E-16, 1.000000000000000000, 0.000000000000000000 ) ) ;
#1345 = CARTESIAN_POINT ( 'NONE',  ( 8.500000000000014211, 5.500000000000005329, -6.000000000000000000 ) ) ;
#1346 = DIRECTION ( 'NONE',  ( -0.000000000000000000, 0.000000000000000000, 1.000000000000000000 ) ) ;
#1347 = CARTESIAN_POINT ( 'NONE',  ( 93.14999999999992042, 94.49999999999997158, 4.000000000000000000 ) ) ;
#1348 = DIRECTION ( 'NONE',  ( 1.000000000000000000, 0.000000000000000000, 0.000000000000000000 ) ) ;
#1349 = EDGE_LOOP ( 'NONE', ( #424, #252 ) ) ;
#1350 = CARTESIAN_POINT ( 'NONE',  ( 79.00000000000022737, 94.49999999999992895, 4.000000000000000000 ) ) ;
#1351 = EDGE_CURVE ( 'NONE', #502, #518, #292, .T. ) ;
#1352 = LINE ( 'NONE', #1005, #1258 ) ;
#1353 = CARTESIAN_POINT ( 'NONE',  ( 58.89999999999994884, 4.999999999999992006, 0.000000000000000000 ) ) ;
#1354 = DIRECTION ( 'NONE',  ( 0.000000000000000000, -0.000000000000000000, -1.000000000000000000 ) ) ;
#1355 = AXIS2_PLACEMENT_3D ( 'NONE', #923, #249, #114 ) ;
#1356 = DIRECTION ( 'NONE',  ( -0.000000000000000000, -0.000000000000000000, 1.000000000000000000 ) ) ;
#1357 = AXIS2_PLACEMENT_3D ( 'NONE', #190, #1270, #921 ) ;
#1358 = CIRCLE ( 'NONE', #1136, 3.999999999999998224 ) ;
#1359 = CARTESIAN_POINT ( 'NONE',  ( 94.89999999999992042, 91.99999999999998579, 4.000000000000000000 ) ) ;
#1360 = AXIS2_PLACEMENT_3D ( 'NONE', #109, #938, #1150 ) ;
#1361 = VECTOR ( 'NONE', #1251, 1000.000000000000000 ) ;
#1362 = VECTOR ( 'NONE', #66, 1000.000000000000000 ) ;
#1363 = EDGE_CURVE ( 'NONE', #404, #24, #580, .T. ) ;
#1364 = DIRECTION ( 'NONE',  ( -1.000000000000000000, 0.000000000000000000, 0.000000000000000000 ) ) ;
#1365 = EDGE_CURVE ( 'NONE', #372, #1039, #1210, .T. ) ;
#1366 = LINE ( 'NONE', #783, #244 ) ;
#1367 = CYLINDRICAL_SURFACE ( 'NONE', #1277, 2.500000000000000444 ) ;
#1368 = CARTESIAN_POINT ( 'NONE',  ( -1.103534934115366555E-14, 98.99999999999995737, 0.000000000000000000 ) ) ;
#1369 = DIRECTION ( 'NONE',  ( 1.000000000000000000, 0.000000000000000000, 0.000000000000000000 ) ) ;
#1370 = CARTESIAN_POINT ( 'NONE',  ( 0.000000000000000000, 0.000000000000000000, 4.000000000000000000 ) ) ;
#1371 = CARTESIAN_POINT ( 'NONE',  ( 8.500000000000014211, 5.500000000000005329, 4.000000000000000000 ) ) ;
#1372 = DIRECTION ( 'NONE',  ( -0.000000000000000000, 0.000000000000000000, 1.000000000000000000 ) ) ;
#1373 = DIRECTION ( 'NONE',  ( -0.000000000000000000, -0.000000000000000000, 1.000000000000000000 ) ) ;
#1374 = CARTESIAN_POINT ( 'NONE',  ( 13.99999999999998224, 9.999999999999985789, 4.000000000000000000 ) ) ;
#1375 = DIRECTION ( 'NONE',  ( 0.000000000000000000, 0.000000000000000000, 1.000000000000000000 ) ) ;
#1376 = FACE_BOUND ( 'NONE', #484, .T. ) ;
#1377 = ADVANCED_FACE ( 'NONE', ( #703 ), #356, .T. ) ;
#1378 = DIRECTION ( 'NONE',  ( -0.000000000000000000, -0.000000000000000000, 1.000000000000000000 ) ) ;
#1379 = VECTOR ( 'NONE', #739, 1000.000000000000000 ) ;
#1380 = CIRCLE ( 'NONE', #1500, 1.250000000000001110 ) ;
#1381 =( GEOMETRIC_REPRESENTATION_CONTEXT ( 3 ) GLOBAL_UNCERTAINTY_ASSIGNED_CONTEXT ( ( #1386 ) ) GLOBAL_UNIT_ASSIGNED_CONTEXT ( ( #308, #521, #761 ) ) REPRESENTATION_CONTEXT ( 'NONE', 'WORKASPACE' ) );
#1382 = CYLINDRICAL_SURFACE ( 'NONE', #1331, 1.250000000000028866 ) ;
#1383 = DIRECTION ( 'NONE',  ( -0.000000000000000000, -0.000000000000000000, -1.000000000000000000 ) ) ;
#1384 = ORIENTED_EDGE ( 'NONE', *, *, #58, .F. ) ;
#1385 = DIRECTION ( 'NONE',  ( -1.000000000000000000, 0.000000000000000000, 0.000000000000000000 ) ) ;
#1386 = UNCERTAINTY_MEASURE_WITH_UNIT (LENGTH_MEASURE( 1.000000000000000082E-05 ), #308, 'distance_accuracy_value', 'NONE');
#1387 = DIRECTION ( 'NONE',  ( 1.000000000000000000, 0.000000000000000000, 0.000000000000000000 ) ) ;
#1388 = CARTESIAN_POINT ( 'NONE',  ( 0.000000000000000000, 0.000000000000000000, 0.000000000000000000 ) ) ;
#1389 = ORIENTED_EDGE ( 'NONE', *, *, #1461, .T. ) ;
#1390 = FACE_OUTER_BOUND ( 'NONE', #167, .T. ) ;
#1391 = EDGE_CURVE ( 'NONE', #925, #730, #253, .T. ) ;
#1392 = CYLINDRICAL_SURFACE ( 'NONE', #1240, 1.249999999999997558 ) ;
#1393 = VERTEX_POINT ( 'NONE', #3 ) ;
#1394 = DIRECTION ( 'NONE',  ( 0.000000000000000000, 0.000000000000000000, 1.000000000000000000 ) ) ;
#1395 = CIRCLE ( 'NONE', #1355, 1.250000000000004663 ) ;
#1396 = AXIS2_PLACEMENT_3D ( 'NONE', #102, #452, #228 ) ;
#1397 = AXIS2_PLACEMENT_3D ( 'NONE', #803, #1494, #806 ) ;
#1398 = EDGE_CURVE ( 'NONE', #1314, #1292, #469, .T. ) ;
#1399 = DIRECTION ( 'NONE',  ( -0.000000000000000000, 0.000000000000000000, 1.000000000000000000 ) ) ;
#1400 = CIRCLE ( 'NONE', #1211, 2.500000000000000444 ) ;
#1401 = ORIENTED_EDGE ( 'NONE', *, *, #1259, .F. ) ;
#1402 = CARTESIAN_POINT ( 'NONE',  ( 0.000000000000000000, 0.000000000000000000, 4.000000000000000000 ) ) ;
#1403 = EDGE_CURVE ( 'NONE', #839, #1095, #1087, .T. ) ;
#1404 = EDGE_LOOP ( 'NONE', ( #981, #271, #151, #1449 ) ) ;
#1405 = DIRECTION ( 'NONE',  ( 0.000000000000000000, -1.000000000000000000, 0.000000000000000000 ) ) ;
#1406 = CARTESIAN_POINT ( 'NONE',  ( 75.00000000000027001, 94.49999999999992895, 4.000000000000000000 ) ) ;
#1407 = EDGE_CURVE ( 'NONE', #1295, #621, #1178, .T. ) ;
#1408 = DIRECTION ( 'NONE',  ( -1.000000000000000000, 0.000000000000000000, 0.000000000000000000 ) ) ;
#1409 = ORIENTED_EDGE ( 'NONE', *, *, #875, .F. ) ;
#1410 = ORIENTED_EDGE ( 'NONE', *, *, #998, .F. ) ;
#1411 = CARTESIAN_POINT ( 'NONE',  ( 57.75000000000024869, 94.49999999999997158, 0.000000000000000000 ) ) ;
#1412 = ORIENTED_EDGE ( 'NONE', *, *, #1042, .T. ) ;
#1413 = EDGE_CURVE ( 'NONE', #310, #1003, #720, .T. ) ;
#1414 = DIRECTION ( 'NONE',  ( -0.000000000000000000, -0.000000000000000000, 1.000000000000000000 ) ) ;
#1415 = VERTEX_POINT ( 'NONE', #595 ) ;
#1416 = CARTESIAN_POINT ( 'NONE',  ( 0.000000000000000000, 0.000000000000000000, 0.000000000000000000 ) ) ;
#1417 = EDGE_LOOP ( 'NONE', ( #1443, #1075 ) ) ;
#1418 = DIRECTION ( 'NONE',  ( 1.000000000000000000, 0.000000000000000000, 0.000000000000000000 ) ) ;
#1419 = ORIENTED_EDGE ( 'NONE', *, *, #5, .T. ) ;
#1420 = FACE_OUTER_BOUND ( 'NONE', #369, .T. ) ;
#1421 = EDGE_CURVE ( 'NONE', #178, #38, #1059, .T. ) ;
#1422 = ORIENTED_EDGE ( 'NONE', *, *, #1289, .T. ) ;
#1423 = VECTOR ( 'NONE', #824, 1000.000000000000000 ) ;
#1424 = DIRECTION ( 'NONE',  ( -0.000000000000000000, 0.000000000000000000, 1.000000000000000000 ) ) ;
#1425 = ORIENTED_EDGE ( 'NONE', *, *, #191, .F. ) ;
#1426 = VECTOR ( 'NONE', #607, 1000.000000000000000 ) ;
#1427 = CARTESIAN_POINT ( 'NONE',  ( 77.00000000000025580, 94.49999999999992895, -6.000000000000000000 ) ) ;
#1428 = VECTOR ( 'NONE', #694, 1000.000000000000000 ) ;
#1429 = VECTOR ( 'NONE', #757, 1000.000000000000000 ) ;
#1430 = VECTOR ( 'NONE', #826, 1000.000000000000000 ) ;
#1431 = ORIENTED_EDGE ( 'NONE', *, *, #1042, .F. ) ;
#1432 = VECTOR ( 'NONE', #599, 1000.000000000000000 ) ;
#1433 = ORIENTED_EDGE ( 'NONE', *, *, #1335, .F. ) ;
#1434 = EDGE_CURVE ( 'NONE', #836, #171, #14, .T. ) ;
#1435 = EDGE_LOOP ( 'NONE', ( #1217, #173, #1212, #639 ) ) ;
#1436 = CARTESIAN_POINT ( 'NONE',  ( 79.00000000000022737, 94.49999999999992895, 0.000000000000000000 ) ) ;
#1437 = ORIENTED_EDGE ( 'NONE', *, *, #1308, .T. ) ;
#1438 = EDGE_LOOP ( 'NONE', ( #187, #513, #258, #1225 ) ) ;
#1439 = LINE ( 'NONE', #1281, #572 ) ;
#1440 = ORIENTED_EDGE ( 'NONE', *, *, #379, .T. ) ;
#1441 = ORIENTED_EDGE ( 'NONE', *, *, #282, .F. ) ;
#1442 =( NAMED_UNIT ( * ) PLANE_ANGLE_UNIT ( ) SI_UNIT ( $, .RADIAN. ) );
#1443 = ORIENTED_EDGE ( 'NONE', *, *, #546, .F. ) ;
#1444 = ORIENTED_EDGE ( 'NONE', *, *, #809, .F. ) ;
#1445 = CARTESIAN_POINT ( 'NONE',  ( 90.64999999999990621, 94.49999999999997158, 4.000000000000000000 ) ) ;
#1446 = DIRECTION ( 'NONE',  ( -0.000000000000000000, -0.000000000000000000, -1.000000000000000000 ) ) ;
#1447 = ORIENTED_EDGE ( 'NONE', *, *, #379, .F. ) ;
#1448 = CARTESIAN_POINT ( 'NONE',  ( 6.000000000000000000, 94.49999999999995737, 4.000000000000000000 ) ) ;
#1449 = ORIENTED_EDGE ( 'NONE', *, *, #58, .T. ) ;
#1450 = SURFACE_STYLE_USAGE ( .BOTH. , #498 ) ;
#1451 = ORIENTED_EDGE ( 'NONE', *, *, #499, .F. ) ;
#1452 = DIRECTION ( 'NONE',  ( 0.000000000000000000, 0.000000000000000000, 1.000000000000000000 ) ) ;
#1453 = DIRECTION ( 'NONE',  ( -0.000000000000000000, -0.000000000000000000, 1.000000000000000000 ) ) ;
#1454 = ORIENTED_EDGE ( 'NONE', *, *, #395, .F. ) ;
#1455 = CIRCLE ( 'NONE', #435, 2.500000000000000444 ) ;
#1456 = ORIENTED_EDGE ( 'NONE', *, *, #105, .T. ) ;
#1457 = CLOSED_SHELL ( 'NONE', ( #740, #927, #331, #538, #398, #1298, #920, #483, #103, #1222, #329, #76, #835, #701, #207, #1294, #1195, #1253, #1143, #1134, #759, #681, #548, #194, #456, #155, #928, #1474, #922, #231, #1377, #511, #254, #334, #1146, #915, #1196, #666, #1266, #978, #1465, #587 ) ) ;
#1458 = AXIS2_PLACEMENT_3D ( 'NONE', #371, #582, #472 ) ;
#1459 = DIRECTION ( 'NONE',  ( 1.000000000000000000, 0.000000000000000000, 0.000000000000000000 ) ) ;
#1460 = ORIENTED_EDGE ( 'NONE', *, *, #306, .T. ) ;
#1461 = EDGE_CURVE ( 'NONE', #283, #634, #465, .T. ) ;
#1462 = CARTESIAN_POINT ( 'NONE',  ( 4.999999999999999112, 98.99999999999995737, 4.000000000000000000 ) ) ;
#1463 = CARTESIAN_POINT ( 'NONE',  ( 72.64999999999993463, 4.999999999999993783, 0.000000000000000000 ) ) ;
#1464 = DIRECTION ( 'NONE',  ( 1.000000000000000000, 0.000000000000000000, 0.000000000000000000 ) ) ;
#1465 = ADVANCED_FACE ( 'NONE', ( #1209 ), #148, .F. ) ;
#1466 = CARTESIAN_POINT ( 'NONE',  ( 101.8999999999999488, 0.000000000000000000, 4.000000000000000000 ) ) ;
#1467 = VERTEX_POINT ( 'NONE', #55 ) ;
#1468 = LINE ( 'NONE', #1257, #92 ) ;
#1469 = EDGE_CURVE ( 'NONE', #1039, #628, #157, .T. ) ;
#1470 = CARTESIAN_POINT ( 'NONE',  ( 95.14999999999999147, 4.999999999999997335, -6.000000000000000000 ) ) ;
#1471 = DIRECTION ( 'NONE',  ( -2.352280848106548514E-32, -1.000000000000000000, 0.000000000000000000 ) ) ;
#1472 = FACE_OUTER_BOUND ( 'NONE', #850, .T. ) ;
#1473 = LINE ( 'NONE', #661, #15 ) ;
#1474 = ADVANCED_FACE ( 'NONE', ( #1420 ), #843, .F. ) ;
#1475 = EDGE_CURVE ( 'NONE', #494, #855, #180, .T. ) ;
#1476 = DIRECTION ( 'NONE',  ( -0.000000000000000000, -0.000000000000000000, 1.000000000000000000 ) ) ;
#1477 = CARTESIAN_POINT ( 'NONE',  ( 24.74999999999999645, 94.49999999999995737, 4.000000000000000000 ) ) ;
#1478 = DIRECTION ( 'NONE',  ( -0.000000000000000000, 0.000000000000000000, 1.000000000000000000 ) ) ;
#1479 = CARTESIAN_POINT ( 'NONE',  ( 4.750000000000008882, 68.24999999999997158, 4.000000000000000000 ) ) ;
#1480 = AXIS2_PLACEMENT_3D ( 'NONE', #689, #1399, #1508 ) ;
#1481 = DIRECTION ( 'NONE',  ( -0.000000000000000000, -0.000000000000000000, 1.000000000000000000 ) ) ;
#1482 = AXIS2_PLACEMENT_3D ( 'NONE', #441, #791, #1252 ) ;
#1483 = AXIS2_PLACEMENT_3D ( 'NONE', #646, #1060, #408 ) ;
#1484 = PLANE ( 'NONE',  #1482 ) ;
#1485 = STYLED_ITEM ( 'NONE', ( #1325 ), #995 ) ;
#1486 = MECHANICAL_DESIGN_GEOMETRIC_PRESENTATION_REPRESENTATION (  '', ( #438 ), #1381 ) ;
#1487 = FACE_BOUND ( 'NONE', #613, .T. ) ;
#1488 = DIRECTION ( 'NONE',  ( 1.000000000000000000, 0.000000000000000000, 0.000000000000000000 ) ) ;
#1489 = DIRECTION ( 'NONE',  ( 1.000000000000000000, 0.000000000000000000, 0.000000000000000000 ) ) ;
#1490 = DIRECTION ( 'NONE',  ( 0.000000000000000000, 1.000000000000000000, 0.000000000000000000 ) ) ;
#1491 = DIRECTION ( 'NONE',  ( -1.000000000000000000, 0.000000000000000000, 0.000000000000000000 ) ) ;
#1492 = EDGE_CURVE ( 'NONE', #474, #494, #1156, .T. ) ;
#1493 = DIRECTION ( 'NONE',  ( 1.000000000000000000, 0.000000000000000000, 0.000000000000000000 ) ) ;
#1494 = DIRECTION ( 'NONE',  ( 0.000000000000000000, 0.000000000000000000, 1.000000000000000000 ) ) ;
#1495 = CARTESIAN_POINT ( 'NONE',  ( 34.00000000000014921, 94.49999999999994316, 0.000000000000000000 ) ) ;
#1496 = FACE_BOUND ( 'NONE', #807, .T. ) ;
#1497 = FACE_BOUND ( 'NONE', #31, .T. ) ;
#1498 = DIRECTION ( 'NONE',  ( 0.000000000000000000, 0.000000000000000000, -1.000000000000000000 ) ) ;
#1499 = AXIS2_PLACEMENT_3D ( 'NONE', #1283, #340, #808 ) ;
#1500 = AXIS2_PLACEMENT_3D ( 'NONE', #924, #683, #1268 ) ;
#1501 = VECTOR ( 'NONE', #30, 1000.000000000000000 ) ;
#1502 = CIRCLE ( 'NONE', #203, 1.250000000000028866 ) ;
#1503 = DIRECTION ( 'NONE',  ( 1.000000000000000000, 0.000000000000000000, 0.000000000000000000 ) ) ;
#1504 = DIRECTION ( 'NONE',  ( 0.000000000000000000, 0.000000000000000000, 1.000000000000000000 ) ) ;
#1505 = ORIENTED_EDGE ( 'NONE', *, *, #648, .T. ) ;
#1506 = EDGE_CURVE ( 'NONE', #967, #67, #640, .T. ) ;
#1507 = CARTESIAN_POINT ( 'NONE',  ( 101.8999999999999488, 4.999999999999999112, 0.000000000000000000 ) ) ;
#1508 = DIRECTION ( 'NONE',  ( 1.000000000000000000, 0.000000000000000000, 0.000000000000000000 ) ) ;
ENDSEC;
END-ISO-10303-21;
