ISO-10303-21;
HEADER;
FILE_DESCRIPTION (( 'STEP AP214' ),
    '1' );
FILE_NAME ('y bearing +motor holder ender 3v2_alu.STEP',
    '2026-03-07T08:13:44',
    ( '' ),
    ( '' ),
    'SwSTEP 2.0',
    'SolidWorks 2021',
    '' );
FILE_SCHEMA (( 'AUTOMOTIVE_DESIGN' ));
ENDSEC;

DATA;
#1 = VECTOR ( 'NONE', #2079, 1000.000000000000114 ) ;
#2 = ORIENTED_EDGE ( 'NONE', *, *, #1002, .T. ) ;
#3 = LINE ( 'NONE', #1990, #2283 ) ;
#4 = VERTEX_POINT ( 'NONE', #3563 ) ;
#5 = ADVANCED_FACE ( 'NONE', ( #3878 ), #420, .T. ) ;
#6 = ADVANCED_FACE ( 'NONE', ( #1601 ), #1575, .T. ) ;
#7 = DIRECTION ( 'NONE',  ( 0.000000000000000000, -0.000000000000000000, -1.000000000000000000 ) ) ;
#8 = DIRECTION ( 'NONE',  ( 1.000000000000000000, 0.000000000000000000, 0.000000000000000000 ) ) ;
#9 = ORIENTED_EDGE ( 'NONE', *, *, #2571, .F. ) ;
#10 = ORIENTED_EDGE ( 'NONE', *, *, #3652, .T. ) ;
#11 = ADVANCED_FACE ( 'NONE', ( #3813 ), #3421, .T. ) ;
#12 = ORIENTED_EDGE ( 'NONE', *, *, #2352, .F. ) ;
#13 = CARTESIAN_POINT ( 'NONE',  ( 90.95024120961039671, -20.00000000000000000, 6.000000000000000000 ) ) ;
#14 = CARTESIAN_POINT ( 'NONE',  ( 2.500000000000001776, 36.91145303867746463, 0.000000000000000000 ) ) ;
#15 = CARTESIAN_POINT ( 'NONE',  ( 10.00000000000000000, 10.00000000000000000, 6.000000000000000000 ) ) ;
#16 = LINE ( 'NONE', #1573, #1931 ) ;
#17 = ORIENTED_EDGE ( 'NONE', *, *, #3649, .F. ) ;
#18 = DIRECTION ( 'NONE',  ( -0.000000000000000000, 0.000000000000000000, 1.000000000000000000 ) ) ;
#19 = FACE_OUTER_BOUND ( 'NONE', #1292, .T. ) ;
#20 = CARTESIAN_POINT ( 'NONE',  ( 59.62031337974367062, -15.50000000000000711, -4.000000000000000000 ) ) ;
#21 = DIRECTION ( 'NONE',  ( 0.000000000000000000, -0.000000000000000000, -1.000000000000000000 ) ) ;
#22 = CARTESIAN_POINT ( 'NONE',  ( 61.06450484696589598, -14.81129759256808676, 6.000000000000000000 ) ) ;
#23 = CARTESIAN_POINT ( 'NONE',  ( 33.09392361626964174, -10.19400169248985222, 6.000000000000000000 ) ) ;
#24 = CARTESIAN_POINT ( 'NONE',  ( 88.46616653078872616, 14.33580445218809984, 6.000000000000000000 ) ) ;
#25 = ORIENTED_EDGE ( 'NONE', *, *, #4974, .F. ) ;
#26 = VERTEX_POINT ( 'NONE', #315 ) ;
#27 = AXIS2_PLACEMENT_3D ( 'NONE', #4481, #4843, #2937 ) ;
#28 = LINE ( 'NONE', #3118, #3506 ) ;
#29 = PRODUCT_DEFINITION ( 'UNKNOWN', '', #4914, #1345 ) ;
#30 = AXIS2_PLACEMENT_3D ( 'NONE', #841, #2301, #3428 ) ;
#31 = DIRECTION ( 'NONE',  ( -0.000000000000000000, -0.000000000000000000, 1.000000000000000000 ) ) ;
#32 = ORIENTED_EDGE ( 'NONE', *, *, #4328, .T. ) ;
#33 = ORIENTED_EDGE ( 'NONE', *, *, #2147, .F. ) ;
#34 = VERTEX_POINT ( 'NONE', #679 ) ;
#35 = CYLINDRICAL_SURFACE ( 'NONE', #2405, 2.000000000000000000 ) ;
#36 = AXIS2_PLACEMENT_3D ( 'NONE', #3812, #835, #1215 ) ;
#37 = EDGE_CURVE ( 'NONE', #1906, #273, #4851, .T. ) ;
#38 = CARTESIAN_POINT ( 'NONE',  ( 88.81370607546952556, 14.69527109164587664, -4.000000000000000000 ) ) ;
#39 = CARTESIAN_POINT ( 'NONE',  ( 65.73391854806357060, 10.60069483394731016, -4.000000000000000000 ) ) ;
#40 = DIRECTION ( 'NONE',  ( -0.000000000000000000, 0.000000000000000000, 1.000000000000000000 ) ) ;
#41 = ADVANCED_FACE ( 'NONE', ( #3882 ), #3415, .T. ) ;
#42 = VERTEX_POINT ( 'NONE', #1300 ) ;
#43 = VERTEX_POINT ( 'NONE', #2532 ) ;
#44 = VECTOR ( 'NONE', #161, 1000.000000000000000 ) ;
#45 = CARTESIAN_POINT ( 'NONE',  ( 0.5000000000000004441, 9.999999999999994671, 6.000000000000000000 ) ) ;
#46 = CARTESIAN_POINT ( 'NONE',  ( 41.56836129112627987, 15.89964331256098262, 6.000000000000000000 ) ) ;
#47 = VECTOR ( 'NONE', #2389, 1000.000000000000000 ) ;
#48 = ORIENTED_EDGE ( 'NONE', *, *, #3567, .F. ) ;
#49 = DIRECTION ( 'NONE',  ( -0.000000000000000000, 0.000000000000000000, 1.000000000000000000 ) ) ;
#50 = DIRECTION ( 'NONE',  ( 0.000000000000000000, 0.000000000000000000, 1.000000000000000000 ) ) ;
#51 = EDGE_CURVE ( 'NONE', #2129, #2173, #4451, .T. ) ;
#52 = LINE ( 'NONE', #1175, #4265 ) ;
#53 = CARTESIAN_POINT ( 'NONE',  ( 7.033520605161734274, 10.39999999999999680, 0.000000000000000000 ) ) ;
#54 = AXIS2_PLACEMENT_3D ( 'NONE', #1409, #1046, #2548 ) ;
#55 = VERTEX_POINT ( 'NONE', #2574 ) ;
#56 = CIRCLE ( 'NONE', #2093, 2.599999999999998312 ) ;
#57 = LINE ( 'NONE', #1643, #1908 ) ;
#58 = DIRECTION ( 'NONE',  ( 1.000000000000000000, 0.000000000000000000, 0.000000000000000000 ) ) ;
#59 = ORIENTED_EDGE ( 'NONE', *, *, #1256, .T. ) ;
#60 = CIRCLE ( 'NONE', #964, 2.599999999999998312 ) ;
#61 = ORIENTED_EDGE ( 'NONE', *, *, #3335, .T. ) ;
#62 = ORIENTED_EDGE ( 'NONE', *, *, #3854, .T. ) ;
#63 = CARTESIAN_POINT ( 'NONE',  ( 60.55214634447442279, 0.6149736619843811924, -4.000000000000000000 ) ) ;
#64 = CYLINDRICAL_SURFACE ( 'NONE', #2206, 0.5000000000000004441 ) ;
#65 = DIRECTION ( 'NONE',  ( 0.000000000000000000, 0.000000000000000000, -1.000000000000000000 ) ) ;
#66 = PLANE ( 'NONE',  #726 ) ;
#67 = ORIENTED_EDGE ( 'NONE', *, *, #135, .T. ) ;
#68 = VECTOR ( 'NONE', #1577, 1000.000000000000000 ) ;
#69 = VECTOR ( 'NONE', #1995, 1000.000000000000000 ) ;
#70 = EDGE_CURVE ( 'NONE', #3629, #2495, #1782, .T. ) ;
#71 = DIRECTION ( 'NONE',  ( -0.000000000000000000, 0.000000000000000000, 1.000000000000000000 ) ) ;
#72 = DIRECTION ( 'NONE',  ( 1.000000000000000000, 0.000000000000000000, 0.000000000000000000 ) ) ;
#73 = ORIENTED_EDGE ( 'NONE', *, *, #1195, .F. ) ;
#74 = CYLINDRICAL_SURFACE ( 'NONE', #338, 0.5000000000000004441 ) ;
#75 = CARTESIAN_POINT ( 'NONE',  ( 50.26928120398978450, -12.00000000000000000, -4.000000000000000000 ) ) ;
#76 = AXIS2_PLACEMENT_3D ( 'NONE', #4137, #1445, #1917 ) ;
#77 = CARTESIAN_POINT ( 'NONE',  ( 33.09629967003417050, 10.15142111261730484, 0.000000000000000000 ) ) ;
#78 = EDGE_CURVE ( 'NONE', #2757, #1132, #4365, .T. ) ;
#79 = AXIS2_PLACEMENT_3D ( 'NONE', #1258, #2751, #1178 ) ;
#80 = CARTESIAN_POINT ( 'NONE',  ( 93.36568051412537272, 13.95580200546907612, 0.000000000000000000 ) ) ;
#81 = AXIS2_PLACEMENT_3D ( 'NONE', #4441, #1378, #2917 ) ;
#82 = EDGE_LOOP ( 'NONE', ( #4215, #2049, #1593, #4559 ) ) ;
#83 = CARTESIAN_POINT ( 'NONE',  ( 37.64813967449529031, -8.928068805260725327, 0.000000000000000000 ) ) ;
#84 = AXIS2_PLACEMENT_3D ( 'NONE', #4414, #3323, #1807 ) ;
#85 = VERTEX_POINT ( 'NONE', #3304 ) ;
#86 = VECTOR ( 'NONE', #821, 1000.000000000000000 ) ;
#87 = CIRCLE ( 'NONE', #3551, 2.599999999999998312 ) ;
#88 = DIRECTION ( 'NONE',  ( 1.000000000000000000, 0.000000000000000000, 0.000000000000000000 ) ) ;
#89 = DIRECTION ( 'NONE',  ( -0.000000000000000000, 0.000000000000000000, 1.000000000000000000 ) ) ;
#90 = ORIENTED_EDGE ( 'NONE', *, *, #3310, .F. ) ;
#91 = EDGE_LOOP ( 'NONE', ( #3570, #875, #4383, #4189 ) ) ;
#92 = ORIENTED_EDGE ( 'NONE', *, *, #169, .T. ) ;
#93 = DIRECTION ( 'NONE',  ( 0.000000000000000000, 0.000000000000000000, -1.000000000000000000 ) ) ;
#94 = ORIENTED_EDGE ( 'NONE', *, *, #2587, .F. ) ;
#95 = DIRECTION ( 'NONE',  ( -1.000000000000000000, 0.000000000000000000, 0.000000000000000000 ) ) ;
#96 = CARTESIAN_POINT ( 'NONE',  ( 90.95024120961039671, -16.00000000000000000, 0.000000000000000000 ) ) ;
#97 = DIRECTION ( 'NONE',  ( 1.871096872846983915E-16, -1.000000000000000000, 0.000000000000000000 ) ) ;
#98 = CARTESIAN_POINT ( 'NONE',  ( 10.82894645842791981, 36.97826086956522573, 0.000000000000000000 ) ) ;
#99 = VERTEX_POINT ( 'NONE', #1076 ) ;
#100 = CARTESIAN_POINT ( 'NONE',  ( 38.20474592724264085, -9.263347348601598696, 0.000000000000000000 ) ) ;
#101 = DIRECTION ( 'NONE',  ( -1.000000000000000000, 0.000000000000000000, 0.000000000000000000 ) ) ;
#102 = ORIENTED_EDGE ( 'NONE', *, *, #4125, .T. ) ;
#103 = DIRECTION ( 'NONE',  ( 0.000000000000000000, 0.000000000000000000, -1.000000000000000000 ) ) ;
#104 = DIRECTION ( 'NONE',  ( 1.000000000000000000, 0.000000000000000000, 0.000000000000000000 ) ) ;
#105 = EDGE_CURVE ( 'NONE', #2303, #4011, #721, .T. ) ;
#106 =( NAMED_UNIT ( * ) PLANE_ANGLE_UNIT ( ) SI_UNIT ( $, .RADIAN. ) );
#107 = CARTESIAN_POINT ( 'NONE',  ( 41.99999999999999289, -8.000000000000000000, -4.000000000000000000 ) ) ;
#108 = EDGE_CURVE ( 'NONE', #4951, #2801, #1812, .T. ) ;
#109 = ORIENTED_EDGE ( 'NONE', *, *, #2984, .T. ) ;
#110 = EDGE_CURVE ( 'NONE', #3101, #214, #343, .T. ) ;
#111 = DIRECTION ( 'NONE',  ( 1.000000000000000000, 0.000000000000000000, 0.000000000000000000 ) ) ;
#112 = ORIENTED_EDGE ( 'NONE', *, *, #4427, .F. ) ;
#113 = AXIS2_PLACEMENT_3D ( 'NONE', #3176, #4717, #1272 ) ;
#114 = CARTESIAN_POINT ( 'NONE',  ( 38.22248457276249667, 9.145365854626058777, -4.000000000000000000 ) ) ;
#115 = CIRCLE ( 'NONE', #2948, 0.5000000000000004441 ) ;
#116 = ADVANCED_FACE ( 'NONE', ( #4523 ), #671, .T. ) ;
#117 = CARTESIAN_POINT ( 'NONE',  ( 65.29355725199773985, -10.82509281477550900, 6.000000000000000000 ) ) ;
#118 = ORIENTED_EDGE ( 'NONE', *, *, #3098, .F. ) ;
#119 = DIRECTION ( 'NONE',  ( 1.000000000000000000, 0.000000000000000000, 0.000000000000000000 ) ) ;
#120 = DIRECTION ( 'NONE',  ( 1.000000000000000000, 0.000000000000000000, 0.000000000000000000 ) ) ;
#121 = DIRECTION ( 'NONE',  ( 1.000000000000000000, 0.000000000000000000, 0.000000000000000000 ) ) ;
#122 = DIRECTION ( 'NONE',  ( 1.000000000000000000, 7.679765388438987687E-17, 0.000000000000000000 ) ) ;
#123 = ORIENTED_EDGE ( 'NONE', *, *, #4775, .T. ) ;
#124 = DIRECTION ( 'NONE',  ( 0.000000000000000000, 0.000000000000000000, 1.000000000000000000 ) ) ;
#125 = CARTESIAN_POINT ( 'NONE',  ( 0.000000000000000000, 35.50000000000000711, 6.000000000000000000 ) ) ;
#126 = ORIENTED_EDGE ( 'NONE', *, *, #1969, .F. ) ;
#127 = DIRECTION ( 'NONE',  ( -0.000000000000000000, -0.000000000000000000, 1.000000000000000000 ) ) ;
#128 = DIRECTION ( 'NONE',  ( 0.000000000000000000, -0.000000000000000000, -1.000000000000000000 ) ) ;
#129 = AXIS2_PLACEMENT_3D ( 'NONE', #2055, #124, #3009 ) ;
#130 = AXIS2_PLACEMENT_3D ( 'NONE', #211, #4403, #4074 ) ;
#131 = ORIENTED_EDGE ( 'NONE', *, *, #3850, .F. ) ;
#132 = DIRECTION ( 'NONE',  ( -0.000000000000000000, -0.000000000000000000, 1.000000000000000000 ) ) ;
#133 = DIRECTION ( 'NONE',  ( 0.1779529695023799041, 0.9840389934577212783, 0.000000000000000000 ) ) ;
#134 = ORIENTED_EDGE ( 'NONE', *, *, #2131, .T. ) ;
#135 = EDGE_CURVE ( 'NONE', #2216, #1476, #2693, .T. ) ;
#136 = EDGE_CURVE ( 'NONE', #1179, #1403, #2857, .T. ) ;
#137 = EDGE_CURVE ( 'NONE', #2757, #214, #4546, .T. ) ;
#138 = CYLINDRICAL_SURFACE ( 'NONE', #1833, 4.000000000000003553 ) ;
#139 = AXIS2_PLACEMENT_3D ( 'NONE', #4675, #4156, #1963 ) ;
#140 = CARTESIAN_POINT ( 'NONE',  ( 2.000000000000008438, 3.742193745693983607E-16, 0.000000000000000000 ) ) ;
#141 = ORIENTED_EDGE ( 'NONE', *, *, #1592, .T. ) ;
#142 = VECTOR ( 'NONE', #2618, 1000.000000000000114 ) ;
#143 = CYLINDRICAL_SURFACE ( 'NONE', #4080, 0.5000000000000004441 ) ;
#144 = ADVANCED_FACE ( 'NONE', ( #697 ), #2597, .F. ) ;
#145 = ORIENTED_EDGE ( 'NONE', *, *, #2653, .T. ) ;
#146 = DIRECTION ( 'NONE',  ( 0.000000000000000000, -0.000000000000000000, -1.000000000000000000 ) ) ;
#147 = CARTESIAN_POINT ( 'NONE',  ( 75.23524120961039330, -23.48519782309973536, -4.000000000000000000 ) ) ;
#148 = DIRECTION ( 'NONE',  ( 0.000000000000000000, -0.000000000000000000, -1.000000000000000000 ) ) ;
#149 = ORIENTED_EDGE ( 'NONE', *, *, #3220, .T. ) ;
#150 = CIRCLE ( 'NONE', #804, 4.000000000000003553 ) ;
#151 = DIRECTION ( 'NONE',  ( 0.6395885234274754083, -0.7687174517986837818, 0.000000000000000000 ) ) ;
#152 = CYLINDRICAL_SURFACE ( 'NONE', #1777, 0.5000000000000004441 ) ;
#153 = ORIENTED_EDGE ( 'NONE', *, *, #3699, .T. ) ;
#154 = VERTEX_POINT ( 'NONE', #3723 ) ;
#155 = CARTESIAN_POINT ( 'NONE',  ( 32.59689649744801443, 10.12699835251773983, 6.000000000000000000 ) ) ;
#156 = LINE ( 'NONE', #1739, #4973 ) ;
#157 = AXIS2_PLACEMENT_3D ( 'NONE', #2420, #1960, #439 ) ;
#158 = CIRCLE ( 'NONE', #1616, 3.999999999999996447 ) ;
#159 = DIRECTION ( 'NONE',  ( 1.000000000000000000, 0.000000000000000000, 0.000000000000000000 ) ) ;
#160 = AXIS2_PLACEMENT_3D ( 'NONE', #4056, #3266, #3312 ) ;
#161 = DIRECTION ( 'NONE',  ( -1.000000000000000000, -1.219727444046192242E-16, 0.000000000000000000 ) ) ;
#162 = AXIS2_PLACEMENT_3D ( 'NONE', #3579, #4387, #2519 ) ;
#163 = ORIENTED_EDGE ( 'NONE', *, *, #1945, .F. ) ;
#164 = PLANE ( 'NONE',  #4398 ) ;
#165 = CIRCLE ( 'NONE', #504, 0.5000000000000000000 ) ;
#166 = EDGE_CURVE ( 'NONE', #3142, #1799, #4927, .T. ) ;
#167 = CARTESIAN_POINT ( 'NONE',  ( 88.18329659636916062, -10.84562617849283583, -4.000000000000000000 ) ) ;
#168 = AXIS2_PLACEMENT_3D ( 'NONE', #3182, #1337, #521 ) ;
#169 = EDGE_CURVE ( 'NONE', #3957, #4298, #2927, .T. ) ;
#170 = VERTEX_POINT ( 'NONE', #1885 ) ;
#171 = DIRECTION ( 'NONE',  ( 1.000000000000000000, 0.000000000000000000, 0.000000000000000000 ) ) ;
#172 = ORIENTED_EDGE ( 'NONE', *, *, #1075, .F. ) ;
#173 = CARTESIAN_POINT ( 'NONE',  ( 88.66024666942186627, -10.99568825836322361, -4.000000000000000000 ) ) ;
#174 = DIRECTION ( 'NONE',  ( 1.000000000000000000, 0.000000000000000000, 0.000000000000000000 ) ) ;
#175 = ORIENTED_EDGE ( 'NONE', *, *, #432, .T. ) ;
#176 = EDGE_CURVE ( 'NONE', #2022, #4177, #4447, .T. ) ;
#177 = VERTEX_POINT ( 'NONE', #1023 ) ;
#178 = DIRECTION ( 'NONE',  ( -0.000000000000000000, -0.000000000000000000, 1.000000000000000000 ) ) ;
#179 = DIRECTION ( 'NONE',  ( 1.000000000000000000, 3.469446951953615175E-16, 0.000000000000000000 ) ) ;
#180 = ORIENTED_EDGE ( 'NONE', *, *, #108, .T. ) ;
#181 = VERTEX_POINT ( 'NONE', #4876 ) ;
#182 = CARTESIAN_POINT ( 'NONE',  ( 0.000000000000000000, 0.000000000000000000, 6.000000000000000000 ) ) ;
#183 = DIRECTION ( 'NONE',  ( 1.000000000000000000, 0.000000000000000000, 0.000000000000000000 ) ) ;
#184 = ORIENTED_EDGE ( 'NONE', *, *, #1002, .F. ) ;
#185 = CARTESIAN_POINT ( 'NONE',  ( 33.09629967003417050, 10.15142111261730484, 6.000000000000000000 ) ) ;
#186 = CARTESIAN_POINT ( 'NONE',  ( 60.31069678868374240, -14.05661136603467654, 6.000000000000000000 ) ) ;
#187 = VERTEX_POINT ( 'NONE', #1094 ) ;
#188 = DIRECTION ( 'NONE',  ( 0.000000000000000000, 0.000000000000000000, -1.000000000000000000 ) ) ;
#189 = CARTESIAN_POINT ( 'NONE',  ( 59.62031337974367062, -15.50000000000000711, 0.000000000000000000 ) ) ;
#190 = ORIENTED_EDGE ( 'NONE', *, *, #1858, .F. ) ;
#191 = VERTEX_POINT ( 'NONE', #2619 ) ;
#192 = ORIENTED_EDGE ( 'NONE', *, *, #4392, .T. ) ;
#193 = DIRECTION ( 'NONE',  ( 0.000000000000000000, 0.000000000000000000, 1.000000000000000000 ) ) ;
#194 = AXIS2_PLACEMENT_3D ( 'NONE', #3030, #1064, #3078 ) ;
#195 = LINE ( 'NONE', #1747, #4552 ) ;
#196 = ORIENTED_EDGE ( 'NONE', *, *, #3140, .F. ) ;
#197 = EDGE_LOOP ( 'NONE', ( #440, #1531, #2982, #667 ) ) ;
#198 = ORIENTED_EDGE ( 'NONE', *, *, #2033, .T. ) ;
#199 = ADVANCED_FACE ( 'NONE', ( #283 ), #2967, .F. ) ;
#200 = FACE_OUTER_BOUND ( 'NONE', #880, .T. ) ;
#201 = DIRECTION ( 'NONE',  ( 3.469446951953615175E-16, -1.000000000000000000, 0.000000000000000000 ) ) ;
#202 = EDGE_CURVE ( 'NONE', #3835, #3746, #2550, .T. ) ;
#203 = CARTESIAN_POINT ( 'NONE',  ( 30.00000000000000000, -10.00000000000000000, 0.000000000000000000 ) ) ;
#204 = DIRECTION ( 'NONE',  ( 1.000000000000000000, 0.000000000000000000, 0.000000000000000000 ) ) ;
#205 = ORIENTED_EDGE ( 'NONE', *, *, #1365, .T. ) ;
#206 = VECTOR ( 'NONE', #1048, 1000.000000000000000 ) ;
#207 = DIRECTION ( 'NONE',  ( -0.000000000000000000, -0.000000000000000000, -1.000000000000000000 ) ) ;
#208 = VECTOR ( 'NONE', #178, 1000.000000000000000 ) ;
#209 = EDGE_CURVE ( 'NONE', #280, #4738, #3750, .T. ) ;
#210 = DIRECTION ( 'NONE',  ( 0.000000000000000000, -0.000000000000000000, -1.000000000000000000 ) ) ;
#211 = CARTESIAN_POINT ( 'NONE',  ( 6.890893093917676460, 37.91145303867747174, 6.000000000000000000 ) ) ;
#212 = EDGE_LOOP ( 'NONE', ( #4526, #4516, #2580, #4305 ) ) ;
#213 = LINE ( 'NONE', #1766, #4115 ) ;
#214 = VERTEX_POINT ( 'NONE', #2701 ) ;
#215 = DIRECTION ( 'NONE',  ( 1.000000000000000000, 0.000000000000000000, 0.000000000000000000 ) ) ;
#216 = VECTOR ( 'NONE', #50, 1000.000000000000000 ) ;
#217 = CARTESIAN_POINT ( 'NONE',  ( 30.00000000000000000, 10.00000000000000000, 6.000000000000000000 ) ) ;
#218 = CIRCLE ( 'NONE', #3050, 0.5000000000000004441 ) ;
#219 = ORIENTED_EDGE ( 'NONE', *, *, #4162, .F. ) ;
#220 = VERTEX_POINT ( 'NONE', #1983 ) ;
#221 = AXIS2_PLACEMENT_3D ( 'NONE', #3183, #128, #3236 ) ;
#222 = LINE ( 'NONE', #2940, #1269 ) ;
#223 = CARTESIAN_POINT ( 'NONE',  ( 64.65643493577675827, -10.18942111638224368, -4.000000000000000000 ) ) ;
#224 = ORIENTED_EDGE ( 'NONE', *, *, #4480, .F. ) ;
#225 = CARTESIAN_POINT ( 'NONE',  ( 39.08166334869103054, 22.40091862176156567, 0.000000000000000000 ) ) ;
#226 = CIRCLE ( 'NONE', #1287, 1.599999999999976552 ) ;
#227 = DIRECTION ( 'NONE',  ( 0.000000000000000000, -0.000000000000000000, 1.000000000000000000 ) ) ;
#228 = VERTEX_POINT ( 'NONE', #4991 ) ;
#229 = ADVANCED_FACE ( 'NONE', ( #3895 ), #3109, .F. ) ;
#230 = DIRECTION ( 'NONE',  ( -0.000000000000000000, 0.000000000000000000, 1.000000000000000000 ) ) ;
#231 = CARTESIAN_POINT ( 'NONE',  ( 7.434041793159760658, -10.41935483870967971, 6.000000000000000000 ) ) ;
#232 = DIRECTION ( 'NONE',  ( -0.000000000000000000, -0.000000000000000000, 1.000000000000000000 ) ) ;
#233 = AXIS2_PLACEMENT_3D ( 'NONE', #2156, #639, #1017 ) ;
#234 = AXIS2_PLACEMENT_3D ( 'NONE', #340, #1813, #1886 ) ;
#235 = EDGE_CURVE ( 'NONE', #3049, #3711, #539, .T. ) ;
#236 = CIRCLE ( 'NONE', #2361, 0.5000000000000004441 ) ;
#237 = VECTOR ( 'NONE', #4502, 999.9999999999998863 ) ;
#238 = VECTOR ( 'NONE', #4247, 1000.000000000000000 ) ;
#239 = FACE_OUTER_BOUND ( 'NONE', #4766, .T. ) ;
#240 = CARTESIAN_POINT ( 'NONE',  ( 0.000000000000000000, 9.499999999999994671, 0.000000000000000000 ) ) ;
#241 = ORIENTED_EDGE ( 'NONE', *, *, #1195, .T. ) ;
#242 = ORIENTED_EDGE ( 'NONE', *, *, #3075, .F. ) ;
#243 = VERTEX_POINT ( 'NONE', #45 ) ;
#244 = CYLINDRICAL_SURFACE ( 'NONE', #298, 1.599999999999976552 ) ;
#245 = VECTOR ( 'NONE', #4897, 1000.000000000000000 ) ;
#246 = FACE_OUTER_BOUND ( 'NONE', #4540, .T. ) ;
#247 = ORIENTED_EDGE ( 'NONE', *, *, #1662, .T. ) ;
#248 = ORIENTED_EDGE ( 'NONE', *, *, #948, .F. ) ;
#249 = AXIS2_PLACEMENT_3D ( 'NONE', #1527, #2296, #4597 ) ;
#250 = CARTESIAN_POINT ( 'NONE',  ( 7.390893093917675571, 37.41145303867747174, -4.000000000000000000 ) ) ;
#251 = VERTEX_POINT ( 'NONE', #3453 ) ;
#252 = FACE_OUTER_BOUND ( 'NONE', #4442, .T. ) ;
#253 = DIRECTION ( 'NONE',  ( -1.000000000000000000, 0.000000000000000000, 0.000000000000000000 ) ) ;
#254 = ORIENTED_EDGE ( 'NONE', *, *, #2000, .T. ) ;
#255 = ORIENTED_EDGE ( 'NONE', *, *, #4054, .T. ) ;
#256 = CARTESIAN_POINT ( 'NONE',  ( -6.673529583249645292, 2.552584146061680492, 6.000000000000000000 ) ) ;
#257 = EDGE_CURVE ( 'NONE', #3485, #4846, #462, .T. ) ;
#258 = CARTESIAN_POINT ( 'NONE',  ( 60.87967836727728610, -13.95942215250303065, 0.000000000000000000 ) ) ;
#259 = VERTEX_POINT ( 'NONE', #413 ) ;
#260 = CARTESIAN_POINT ( 'NONE',  ( 75.73524120961039330, -14.56809359218534894, 6.000000000000000000 ) ) ;
#261 = EDGE_LOOP ( 'NONE', ( #4669, #520, #1929, #1737 ) ) ;
#262 = ORIENTED_EDGE ( 'NONE', *, *, #2456, .F. ) ;
#263 = EDGE_CURVE ( 'NONE', #3711, #2730, #2674, .T. ) ;
#264 = EDGE_CURVE ( 'NONE', #422, #4794, #3336, .T. ) ;
#265 = CARTESIAN_POINT ( 'NONE',  ( 75.73524120961039330, -20.00000000000000000, 6.000000000000000000 ) ) ;
#266 = ORIENTED_EDGE ( 'NONE', *, *, #3464, .F. ) ;
#267 = LINE ( 'NONE', #1082, #1223 ) ;
#268 = ORIENTED_EDGE ( 'NONE', *, *, #1858, .T. ) ;
#269 = CARTESIAN_POINT ( 'NONE',  ( 58.02031337974366210, -15.50000000000000711, 0.000000000000000000 ) ) ;
#270 = EDGE_CURVE ( 'NONE', #1620, #4204, #4266, .T. ) ;
#271 = PLANE ( 'NONE',  #1009 ) ;
#272 = ORIENTED_EDGE ( 'NONE', *, *, #3624, .F. ) ;
#273 = VERTEX_POINT ( 'NONE', #2323 ) ;
#274 = ORIENTED_EDGE ( 'NONE', *, *, #4981, .T. ) ;
#275 = LINE ( 'NONE', #3275, #2152 ) ;
#276 = FILL_AREA_STYLE_COLOUR ( '', #1144 ) ;
#277 = ORIENTED_EDGE ( 'NONE', *, *, #2481, .F. ) ;
#278 = CARTESIAN_POINT ( 'NONE',  ( 30.00000000000000000, -10.00000000000000000, 6.000000000000000000 ) ) ;
#279 = LINE ( 'NONE', #596, #1690 ) ;
#280 = VERTEX_POINT ( 'NONE', #4571 ) ;
#281 = VECTOR ( 'NONE', #2149, 1000.000000000000000 ) ;
#282 = EDGE_LOOP ( 'NONE', ( #2231, #145, #1138, #4078 ) ) ;
#283 = FACE_OUTER_BOUND ( 'NONE', #786, .T. ) ;
#284 = DIRECTION ( 'NONE',  ( 1.000000000000000000, 0.000000000000000000, 0.000000000000000000 ) ) ;
#285 = ORIENTED_EDGE ( 'NONE', *, *, #899, .F. ) ;
#286 = CIRCLE ( 'NONE', #1177, 0.5000000000000004441 ) ;
#287 = DIRECTION ( 'NONE',  ( 0.000000000000000000, 0.000000000000000000, -1.000000000000000000 ) ) ;
#288 = VERTEX_POINT ( 'NONE', #362 ) ;
#289 = AXIS2_PLACEMENT_3D ( 'NONE', #1016, #1089, #691 ) ;
#290 = VECTOR ( 'NONE', #3668, 1000.000000000000000 ) ;
#291 = CARTESIAN_POINT ( 'NONE',  ( 7.390893093917675571, 38.28833632242575646, 0.000000000000000000 ) ) ;
#292 = ORIENTED_EDGE ( 'NONE', *, *, #4155, .T. ) ;
#293 = CARTESIAN_POINT ( 'NONE',  ( 0.5000000000000004441, 9.499999999999994671, 6.000000000000000000 ) ) ;
#294 = EDGE_CURVE ( 'NONE', #1031, #4697, #3034, .T. ) ;
#295 = ORIENTED_EDGE ( 'NONE', *, *, #767, .T. ) ;
#296 = EDGE_CURVE ( 'NONE', #2809, #2864, #4394, .T. ) ;
#297 = EDGE_CURVE ( 'NONE', #2472, #4896, #3186, .T. ) ;
#298 = AXIS2_PLACEMENT_3D ( 'NONE', #1008, #660, #2146 ) ;
#299 = CARTESIAN_POINT ( 'NONE',  ( 41.99999999999999289, 11.82992782986672964, 0.000000000000000000 ) ) ;
#300 = CARTESIAN_POINT ( 'NONE',  ( 66.31012298058170984, 11.49611876674577182, 0.000000000000000000 ) ) ;
#301 = ORIENTED_EDGE ( 'NONE', *, *, #3164, .F. ) ;
#302 = ORIENTED_EDGE ( 'NONE', *, *, #3940, .T. ) ;
#303 = EDGE_CURVE ( 'NONE', #1587, #1404, #286, .T. ) ;
#304 = ORIENTED_EDGE ( 'NONE', *, *, #2125, .T. ) ;
#305 = CARTESIAN_POINT ( 'NONE',  ( 75.73524120961039330, -20.00000000000000000, 0.000000000000000000 ) ) ;
#306 = CARTESIAN_POINT ( 'NONE',  ( 74.33524120961040182, -19.50000000000000000, 6.000000000000000000 ) ) ;
#307 = LINE ( 'NONE', #995, #4178 ) ;
#308 = ORIENTED_EDGE ( 'NONE', *, *, #3649, .T. ) ;
#309 = DIRECTION ( 'NONE',  ( 1.000000000000000000, 0.000000000000000000, 0.000000000000000000 ) ) ;
#310 = AXIS2_PLACEMENT_3D ( 'NONE', #1489, #1120, #3086 ) ;
#311 = FACE_OUTER_BOUND ( 'NONE', #282, .T. ) ;
#312 = VERTEX_POINT ( 'NONE', #3500 ) ;
#313 = DIRECTION ( 'NONE',  ( -0.000000000000000000, 0.000000000000000000, 1.000000000000000000 ) ) ;
#314 = AXIS2_PLACEMENT_3D ( 'NONE', #2817, #4288, #3125 ) ;
#315 = CARTESIAN_POINT ( 'NONE',  ( 74.33524120961040182, -20.00000000000000000, 0.000000000000000000 ) ) ;
#316 = CARTESIAN_POINT ( 'NONE',  ( 74.83524120961040182, -19.50000000000000000, 0.000000000000000000 ) ) ;
#317 = LINE ( 'NONE', #1517, #237 ) ;
#318 = VECTOR ( 'NONE', #624, 1000.000000000000000 ) ;
#319 = CIRCLE ( 'NONE', #3785, 1.599999999999990319 ) ;
#320 = VERTEX_POINT ( 'NONE', #818 ) ;
#321 = VERTEX_POINT ( 'NONE', #2396 ) ;
#322 = CYLINDRICAL_SURFACE ( 'NONE', #2816, 4.000000000000003553 ) ;
#323 = AXIS2_PLACEMENT_3D ( 'NONE', #2682, #700, #1891 ) ;
#324 = EDGE_CURVE ( 'NONE', #3835, #510, #2347, .T. ) ;
#325 = LINE ( 'NONE', #1873, #3757 ) ;
#326 = CIRCLE ( 'NONE', #2914, 42.00010206398129498 ) ;
#327 = ORIENTED_EDGE ( 'NONE', *, *, #78, .F. ) ;
#328 = EDGE_CURVE ( 'NONE', #1824, #1896, #1669, .T. ) ;
#329 = ORIENTED_EDGE ( 'NONE', *, *, #793, .T. ) ;
#330 = ORIENTED_EDGE ( 'NONE', *, *, #1880, .F. ) ;
#331 = FACE_OUTER_BOUND ( 'NONE', #3337, .T. ) ;
#332 = AXIS2_PLACEMENT_3D ( 'NONE', #1090, #3348, #4487 ) ;
#333 = CYLINDRICAL_SURFACE ( 'NONE', #500, 3.999999999999996447 ) ;
#334 = LINE ( 'NONE', #768, #1316 ) ;
#335 = CARTESIAN_POINT ( 'NONE',  ( 62.86215174610039469, 13.71189074513871020, 6.000000000000000000 ) ) ;
#336 = ADVANCED_FACE ( 'NONE', ( #2741 ), #4671, .T. ) ;
#337 = EDGE_LOOP ( 'NONE', ( #2367, #1967, #4035, #1417 ) ) ;
#338 = AXIS2_PLACEMENT_3D ( 'NONE', #2450, #3993, #2769 ) ;
#339 = CARTESIAN_POINT ( 'NONE',  ( 0.5000000000000004441, 9.499999999999994671, -4.000000000000000000 ) ) ;
#340 = CARTESIAN_POINT ( 'NONE',  ( 32.86376503404214588, -8.813050199124850437, 0.000000000000000000 ) ) ;
#341 = VERTEX_POINT ( 'NONE', #4246 ) ;
#342 = FACE_OUTER_BOUND ( 'NONE', #2918, .T. ) ;
#343 = CIRCLE ( 'NONE', #4611, 42.00010206398129498 ) ;
#344 = DIRECTION ( 'NONE',  ( -0.000000000000000000, -0.000000000000000000, 1.000000000000000000 ) ) ;
#345 = ORIENTED_EDGE ( 'NONE', *, *, #3902, .F. ) ;
#346 = CARTESIAN_POINT ( 'NONE',  ( 2.500000000000001776, 34.50000000000000000, -9.926209212457735021 ) ) ;
#347 = ORIENTED_EDGE ( 'NONE', *, *, #606, .T. ) ;
#348 = FACE_OUTER_BOUND ( 'NONE', #4577, .T. ) ;
#349 = CARTESIAN_POINT ( 'NONE',  ( 33.00732318528299203, 9.659401615888439707, 0.000000000000000000 ) ) ;
#350 = ORIENTED_EDGE ( 'NONE', *, *, #296, .T. ) ;
#351 = ORIENTED_EDGE ( 'NONE', *, *, #4057, .T. ) ;
#352 = ORIENTED_EDGE ( 'NONE', *, *, #763, .F. ) ;
#353 = EDGE_CURVE ( 'NONE', #170, #459, #3108, .T. ) ;
#354 = LINE ( 'NONE', #2715, #702 ) ;
#355 = LINE ( 'NONE', #2342, #3623 ) ;
#356 = FACE_OUTER_BOUND ( 'NONE', #1083, .T. ) ;
#357 = FACE_OUTER_BOUND ( 'NONE', #3346, .T. ) ;
#358 = ORIENTED_EDGE ( 'NONE', *, *, #108, .F. ) ;
#359 = EDGE_CURVE ( 'NONE', #4605, #2801, #438, .T. ) ;
#360 = EDGE_CURVE ( 'NONE', #4, #2161, #1583, .T. ) ;
#361 = EDGE_CURVE ( 'NONE', #762, #2086, #1307, .T. ) ;
#362 = CARTESIAN_POINT ( 'NONE',  ( 75.23524120961039330, -19.50000000000000000, 0.000000000000000000 ) ) ;
#363 = FACE_OUTER_BOUND ( 'NONE', #1236, .T. ) ;
#364 = ORIENTED_EDGE ( 'NONE', *, *, #2131, .F. ) ;
#365 = CARTESIAN_POINT ( 'NONE',  ( 94.95024120961039671, 0.000000000000000000, 6.000000000000000000 ) ) ;
#366 = CIRCLE ( 'NONE', #2062, 2.599999999999998312 ) ;
#367 = EDGE_CURVE ( 'NONE', #220, #3944, #518, .T. ) ;
#368 = DIRECTION ( 'NONE',  ( -0.000000000000000000, 0.000000000000000000, 1.000000000000000000 ) ) ;
#369 = ORIENTED_EDGE ( 'NONE', *, *, #2587, .T. ) ;
#370 = ORIENTED_EDGE ( 'NONE', *, *, #1786, .T. ) ;
#371 = AXIS2_PLACEMENT_3D ( 'NONE', #1930, #4603, #1123 ) ;
#372 = DIRECTION ( 'NONE',  ( -0.3572523020262909355, 0.9340079189690608796, 0.000000000000000000 ) ) ;
#373 = CARTESIAN_POINT ( 'NONE',  ( 90.95024120961039671, 15.82992782986673141, 6.000000000000000000 ) ) ;
#374 = CIRCLE ( 'NONE', #289, 2.600000000000000089 ) ;
#375 = DIRECTION ( 'NONE',  ( 1.000000000000000000, 0.000000000000000000, 0.000000000000000000 ) ) ;
#376 = ORIENTED_EDGE ( 'NONE', *, *, #1574, .F. ) ;
#377 = ORIENTED_EDGE ( 'NONE', *, *, #1698, .T. ) ;
#378 = AXIS2_PLACEMENT_3D ( 'NONE', #3910, #3960, #3625 ) ;
#379 = ORIENTED_EDGE ( 'NONE', *, *, #1232, .F. ) ;
#380 = DIRECTION ( 'NONE',  ( -1.000000000000000000, 0.000000000000000000, 0.000000000000000000 ) ) ;
#381 = DIRECTION ( 'NONE',  ( 0.9863939238321437486, 0.1643989873053570139, 0.000000000000000000 ) ) ;
#382 = CARTESIAN_POINT ( 'NONE',  ( 89.07611538521273076, 16.64536713438168292, 6.000000000000000000 ) ) ;
#383 = FACE_OUTER_BOUND ( 'NONE', #197, .T. ) ;
#384 = ORIENTED_EDGE ( 'NONE', *, *, #2808, .F. ) ;
#385 = ORIENTED_EDGE ( 'NONE', *, *, #2125, .F. ) ;
#386 = DIRECTION ( 'NONE',  ( 1.000000000000000000, 0.000000000000000000, 0.000000000000000000 ) ) ;
#387 = DIRECTION ( 'NONE',  ( 1.000000000000000000, 0.000000000000000000, 0.000000000000000000 ) ) ;
#388 = VERTEX_POINT ( 'NONE', #2790 ) ;
#389 = CARTESIAN_POINT ( 'NONE',  ( 65.92576425468237744, 11.17632450503204566, 0.000000000000000000 ) ) ;
#390 = CIRCLE ( 'NONE', #4900, 0.5000000000000004441 ) ;
#391 = EDGE_CURVE ( 'NONE', #3088, #2129, #620, .T. ) ;
#392 = EDGE_CURVE ( 'NONE', #3790, #1347, #1431, .T. ) ;
#393 = CARTESIAN_POINT ( 'NONE',  ( 54.07940938073075898, 6.612246625271848366, -4.000000000000000000 ) ) ;
#394 = CIRCLE ( 'NONE', #4903, 0.5000000000000004441 ) ;
#395 = AXIS2_PLACEMENT_3D ( 'NONE', #4693, #1245, #1301 ) ;
#396 = AXIS2_PLACEMENT_3D ( 'NONE', #2577, #928, #3311 ) ;
#397 = EDGE_CURVE ( 'NONE', #85, #3049, #2892, .T. ) ;
#398 = DIRECTION ( 'NONE',  ( -0.000000000000000000, 0.000000000000000000, 1.000000000000000000 ) ) ;
#399 = VERTEX_POINT ( 'NONE', #4017 ) ;
#400 = VECTOR ( 'NONE', #207, 1000.000000000000000 ) ;
#401 = DIRECTION ( 'NONE',  ( 1.000000000000000000, 0.000000000000000000, 0.000000000000000000 ) ) ;
#402 = DIRECTION ( 'NONE',  ( 1.000000000000000000, 0.000000000000000000, 0.000000000000000000 ) ) ;
#403 = VERTEX_POINT ( 'NONE', #2469 ) ;
#404 = ORIENTED_EDGE ( 'NONE', *, *, #487, .T. ) ;
#405 = ORIENTED_EDGE ( 'NONE', *, *, #70, .T. ) ;
#406 = VERTEX_POINT ( 'NONE', #2820 ) ;
#407 = CARTESIAN_POINT ( 'NONE',  ( 89.03524120961040467, -0.08500000000000867972, 6.000000000000000000 ) ) ;
#408 = CARTESIAN_POINT ( 'NONE',  ( 38.00103198849287622, 7.920783996100897006, 0.000000000000000000 ) ) ;
#409 = FACE_OUTER_BOUND ( 'NONE', #3740, .T. ) ;
#410 = CARTESIAN_POINT ( 'NONE',  ( 75.03524120961040467, -0.08500000000000867972, -4.000000000000000000 ) ) ;
#411 = AXIS2_PLACEMENT_3D ( 'NONE', #4884, #2629, #729 ) ;
#412 = ORIENTED_EDGE ( 'NONE', *, *, #4190, .T. ) ;
#413 = CARTESIAN_POINT ( 'NONE',  ( 0.000000000000000000, -16.00000000000000000, 6.000000000000000000 ) ) ;
#414 = DIRECTION ( 'NONE',  ( -1.000000000000000000, 0.000000000000000000, 0.000000000000000000 ) ) ;
#415 = DIRECTION ( 'NONE',  ( 0.000000000000000000, -0.000000000000000000, 1.000000000000000000 ) ) ;
#416 = CARTESIAN_POINT ( 'NONE',  ( 2.000000000000001776, 0.000000000000000000, 6.000000000000000000 ) ) ;
#417 = CARTESIAN_POINT ( 'NONE',  ( 62.30731863861241493, 15.21261064666438934, -4.000000000000000000 ) ) ;
#418 = AXIS2_PLACEMENT_3D ( 'NONE', #3824, #1154, #1172 ) ;
#419 = EDGE_CURVE ( 'NONE', #3731, #4019, #1247, .T. ) ;
#420 = CYLINDRICAL_SURFACE ( 'NONE', #4282, 0.5000000000000004441 ) ;
#421 = CARTESIAN_POINT ( 'NONE',  ( 0.000000000000000000, 0.000000000000000000, 6.000000000000000000 ) ) ;
#422 = VERTEX_POINT ( 'NONE', #488 ) ;
#423 = AXIS2_PLACEMENT_3D ( 'NONE', #3326, #3403, #4128 ) ;
#424 = ORIENTED_EDGE ( 'NONE', *, *, #4701, .T. ) ;
#425 = EDGE_CURVE ( 'NONE', #2495, #1436, #3990, .T. ) ;
#426 = EDGE_CURVE ( 'NONE', #85, #3953, #2518, .T. ) ;
#427 = LINE ( 'NONE', #4301, #3830 ) ;
#428 = DIRECTION ( 'NONE',  ( 1.000000000000000000, 0.000000000000000000, 0.000000000000000000 ) ) ;
#429 = ORIENTED_EDGE ( 'NONE', *, *, #1194, .F. ) ;
#430 = ORIENTED_EDGE ( 'NONE', *, *, #4976, .F. ) ;
#431 = FACE_OUTER_BOUND ( 'NONE', #4165, .T. ) ;
#432 = EDGE_CURVE ( 'NONE', #2730, #85, #4561, .T. ) ;
#433 = ORIENTED_EDGE ( 'NONE', *, *, #2478, .F. ) ;
#434 = DIRECTION ( 'NONE',  ( -0.000000000000000000, 0.000000000000000000, 1.000000000000000000 ) ) ;
#435 = CARTESIAN_POINT ( 'NONE',  ( 7.033520605161734274, 10.89999999999999680, 0.000000000000000000 ) ) ;
#436 = LINE ( 'NONE', #3794, #3607 ) ;
#437 = ORIENTED_EDGE ( 'NONE', *, *, #4650, .F. ) ;
#438 = LINE ( 'NONE', #1224, #4956 ) ;
#439 = DIRECTION ( 'NONE',  ( 0.000000000000000000, -0.000000000000000000, 1.000000000000000000 ) ) ;
#440 = ORIENTED_EDGE ( 'NONE', *, *, #2654, .F. ) ;
#441 = DIRECTION ( 'NONE',  ( 0.000000000000000000, 0.000000000000000000, 1.000000000000000000 ) ) ;
#442 = DIRECTION ( 'NONE',  ( 0.000000000000000000, 0.000000000000000000, 1.000000000000000000 ) ) ;
#443 = DIRECTION ( 'NONE',  ( 1.000000000000000000, 3.469446951953611033E-15, 0.000000000000000000 ) ) ;
#444 = DIRECTION ( 'NONE',  ( 1.000000000000000000, 0.000000000000000000, 0.000000000000000000 ) ) ;
#445 = ORIENTED_EDGE ( 'NONE', *, *, #3795, .F. ) ;
#446 = CARTESIAN_POINT ( 'NONE',  ( 88.18329659636916062, -10.84562617849283583, 0.000000000000000000 ) ) ;
#447 = EDGE_CURVE ( 'NONE', #720, #280, #4476, .T. ) ;
#448 = LINE ( 'NONE', #1644, #4500 ) ;
#449 = ORIENTED_EDGE ( 'NONE', *, *, #4229, .F. ) ;
#450 = EDGE_CURVE ( 'NONE', #1997, #3425, #3841, .T. ) ;
#451 = VECTOR ( 'NONE', #4733, 1000.000000000000000 ) ;
#452 = ORIENTED_EDGE ( 'NONE', *, *, #681, .F. ) ;
#453 = ORIENTED_EDGE ( 'NONE', *, *, #353, .F. ) ;
#454 = CARTESIAN_POINT ( 'NONE',  ( 9.999999999999998224, 10.39999999999999680, -4.000000000000000000 ) ) ;
#455 = AXIS2_PLACEMENT_3D ( 'NONE', #1524, #3444, #4238 ) ;
#456 = CARTESIAN_POINT ( 'NONE',  ( 0.5000000000000000000, 10.89999999999999503, 0.000000000000000000 ) ) ;
#457 = LINE ( 'NONE', #540, #3081 ) ;
#458 = CARTESIAN_POINT ( 'NONE',  ( 59.62031337974367062, -15.50000000000000711, 0.000000000000000000 ) ) ;
#459 = VERTEX_POINT ( 'NONE', #593 ) ;
#460 = ADVANCED_FACE ( 'NONE', ( #4695 ), #3207, .T. ) ;
#461 = ORIENTED_EDGE ( 'NONE', *, *, #263, .F. ) ;
#462 = LINE ( 'NONE', #4290, #3760 ) ;
#463 = DIRECTION ( 'NONE',  ( -0.000000000000000000, -0.000000000000000000, -1.000000000000000000 ) ) ;
#464 = AXIS2_PLACEMENT_3D ( 'NONE', #2582, #2610, #2935 ) ;
#465 = ORIENTED_EDGE ( 'NONE', *, *, #2624, .F. ) ;
#466 = LINE ( 'NONE', #2823, #583 ) ;
#467 = DIRECTION ( 'NONE',  ( 0.000000000000000000, 0.000000000000000000, 1.000000000000000000 ) ) ;
#468 = DIRECTION ( 'NONE',  ( 1.262759498623213806E-16, -1.000000000000000000, 0.000000000000000000 ) ) ;
#469 = CYLINDRICAL_SURFACE ( 'NONE', #716, 0.5000000000000004441 ) ;
#470 = CARTESIAN_POINT ( 'NONE',  ( 37.75029514435781408, 9.309795607720975141, -4.000000000000000000 ) ) ;
#471 = CIRCLE ( 'NONE', #719, 13.99999999999999822 ) ;
#472 = ORIENTED_EDGE ( 'NONE', *, *, #477, .T. ) ;
#473 = CARTESIAN_POINT ( 'NONE',  ( 62.30731863861241493, 15.21261064666438934, 6.000000000000000000 ) ) ;
#474 = DIRECTION ( 'NONE',  ( -0.3572523020262909355, 0.9340079189690608796, 0.000000000000000000 ) ) ;
#475 = ORIENTED_EDGE ( 'NONE', *, *, #37, .T. ) ;
#476 = ORIENTED_EDGE ( 'NONE', *, *, #235, .T. ) ;
#477 = EDGE_CURVE ( 'NONE', #1665, #3948, #2870, .T. ) ;
#478 = EDGE_LOOP ( 'NONE', ( #604, #1870, #3486, #2356 ) ) ;
#479 = AXIS2_PLACEMENT_3D ( 'NONE', #4947, #1510, #2620 ) ;
#480 = DIRECTION ( 'NONE',  ( -0.000000000000000000, -0.000000000000000000, 1.000000000000000000 ) ) ;
#481 = CARTESIAN_POINT ( 'NONE',  ( 85.77133426991100862, 9.661091821882500597, -4.000000000000000000 ) ) ;
#482 = CARTESIAN_POINT ( 'NONE',  ( 74.83524120961040182, -19.50000000000000000, 6.000000000000000000 ) ) ;
#483 = DIRECTION ( 'NONE',  ( -0.000000000000000000, 0.000000000000000000, 1.000000000000000000 ) ) ;
#484 = ORIENTED_EDGE ( 'NONE', *, *, #361, .F. ) ;
#485 = CIRCLE ( 'NONE', #234, 0.5000000000000004441 ) ;
#486 = AXIS2_PLACEMENT_3D ( 'NONE', #3541, #89, #402 ) ;
#487 = EDGE_CURVE ( 'NONE', #1736, #712, #567, .T. ) ;
#488 = CARTESIAN_POINT ( 'NONE',  ( 7.434041793159760658, -10.41935483870967971, 6.000000000000000000 ) ) ;
#489 = FACE_OUTER_BOUND ( 'NONE', #3915, .T. ) ;
#490 = EDGE_CURVE ( 'NONE', #991, #2462, #1439, .T. ) ;
#491 = ORIENTED_EDGE ( 'NONE', *, *, #2227, .T. ) ;
#492 = DIRECTION ( 'NONE',  ( 1.000000000000000000, 0.000000000000000000, 0.000000000000000000 ) ) ;
#493 = LINE ( 'NONE', #4372, #1121 ) ;
#494 = CIRCLE ( 'NONE', #654, 0.5000000000000004441 ) ;
#495 = AXIS2_PLACEMENT_3D ( 'NONE', #1225, #4604, #1151 ) ;
#496 = CARTESIAN_POINT ( 'NONE',  ( 41.99999999999999289, 7.829927829866729638, 0.000000000000000000 ) ) ;
#497 = CIRCLE ( 'NONE', #4990, 0.5000000000000004441 ) ;
#498 = CARTESIAN_POINT ( 'NONE',  ( 0.000000000000000000, 37.41145303867747174, 0.000000000000000000 ) ) ;
#499 = EDGE_CURVE ( 'NONE', #4738, #591, #4809, .T. ) ;
#500 = AXIS2_PLACEMENT_3D ( 'NONE', #2566, #4567, #4942 ) ;
#501 = ORIENTED_EDGE ( 'NONE', *, *, #1731, .T. ) ;
#502 = CARTESIAN_POINT ( 'NONE',  ( 2.500000000000001776, 37.41145303867747174, 6.000000000000000000 ) ) ;
#503 = ORIENTED_EDGE ( 'NONE', *, *, #2299, .F. ) ;
#504 = AXIS2_PLACEMENT_3D ( 'NONE', #2037, #4698, #1249 ) ;
#505 = ORIENTED_EDGE ( 'NONE', *, *, #1390, .T. ) ;
#506 = CIRCLE ( 'NONE', #1067, 4.000000000000003553 ) ;
#507 = AXIS2_PLACEMENT_3D ( 'NONE', #1119, #1954, #4147 ) ;
#508 = CARTESIAN_POINT ( 'NONE',  ( 61.51581468047284318, -14.59607809024561220, 6.000000000000000000 ) ) ;
#509 = CARTESIAN_POINT ( 'NONE',  ( 2.000000000000001776, 0.000000000000000000, 0.000000000000000000 ) ) ;
#510 = VERTEX_POINT ( 'NONE', #2419 ) ;
#511 = VERTEX_POINT ( 'NONE', #100 ) ;
#512 = EDGE_LOOP ( 'NONE', ( #3822, #3678, #2044, #2549 ) ) ;
#513 = DIRECTION ( 'NONE',  ( -0.000000000000000000, 0.000000000000000000, 1.000000000000000000 ) ) ;
#514 = DIRECTION ( 'NONE',  ( 1.000000000000000000, 0.000000000000000000, 0.000000000000000000 ) ) ;
#515 = CYLINDRICAL_SURFACE ( 'NONE', #3028, 1.599999999999990319 ) ;
#516 = CARTESIAN_POINT ( 'NONE',  ( 62.95888425864877291, -0.2850263380156186632, -4.000000000000000000 ) ) ;
#517 = EDGE_LOOP ( 'NONE', ( #909, #706, #780, #2263 ) ) ;
#518 = LINE ( 'NONE', #2849, #3837 ) ;
#519 = DIRECTION ( 'NONE',  ( 0.000000000000000000, -0.000000000000000000, -1.000000000000000000 ) ) ;
#520 = ORIENTED_EDGE ( 'NONE', *, *, #585, .F. ) ;
#521 = DIRECTION ( 'NONE',  ( 1.000000000000000000, 0.000000000000000000, 0.000000000000000000 ) ) ;
#522 = PLANE ( 'NONE',  #2974 ) ;
#523 = ADVANCED_FACE ( 'NONE', ( #3578 ), #1653, .T. ) ;
#524 = EDGE_CURVE ( 'NONE', #3677, #4058, #374, .T. ) ;
#525 = PRODUCT_CONTEXT ( 'NONE', #2115, 'mechanical' ) ;
#526 = EDGE_CURVE ( 'NONE', #2637, #4268, #2638, .T. ) ;
#527 = DIRECTION ( 'NONE',  ( -1.000000000000000000, 0.000000000000000000, 0.000000000000000000 ) ) ;
#528 = DIRECTION ( 'NONE',  ( -0.000000000000000000, 0.000000000000000000, 1.000000000000000000 ) ) ;
#529 = ORIENTED_EDGE ( 'NONE', *, *, #4797, .F. ) ;
#530 = EDGE_CURVE ( 'NONE', #2173, #1022, #2915, .T. ) ;
#531 = VERTEX_POINT ( 'NONE', #305 ) ;
#532 = LINE ( 'NONE', #3701, #1460 ) ;
#533 = DIRECTION ( 'NONE',  ( 1.000000000000000000, -8.902126714478013853E-15, 0.000000000000000000 ) ) ;
#534 = ORIENTED_EDGE ( 'NONE', *, *, #944, .F. ) ;
#535 = VERTEX_POINT ( 'NONE', #1041 ) ;
#536 = ORIENTED_EDGE ( 'NONE', *, *, #1340, .F. ) ;
#537 = CARTESIAN_POINT ( 'NONE',  ( 7.511985023684035312, 10.75483870967741673, 6.000000000000000000 ) ) ;
#538 = CARTESIAN_POINT ( 'NONE',  ( 33.01172412261696110, -9.700804730573779011, -4.000000000000000000 ) ) ;
#539 = CIRCLE ( 'NONE', #2401, 0.5000000000000004441 ) ;
#540 = CARTESIAN_POINT ( 'NONE',  ( 84.44962683172434481, 9.046496056625096926, 6.000000000000000000 ) ) ;
#541 = CARTESIAN_POINT ( 'NONE',  ( 85.41778177251133286, 10.01464610566711144, 6.000000000000000000 ) ) ;
#542 = VERTEX_POINT ( 'NONE', #4065 ) ;
#543 = CARTESIAN_POINT ( 'NONE',  ( 63.41989581808974208, 13.56271003762566885, -4.000000000000000000 ) ) ;
#544 = VECTOR ( 'NONE', #1668, 1000.000000000000000 ) ;
#545 = CARTESIAN_POINT ( 'NONE',  ( 56.93330812087493342, 15.21261064666438934, 6.000000000000000000 ) ) ;
#546 = ORIENTED_EDGE ( 'NONE', *, *, #4101, .F. ) ;
#547 = LINE ( 'NONE', #155, #3000 ) ;
#548 = CIRCLE ( 'NONE', #942, 22.00000000000000711 ) ;
#549 = CARTESIAN_POINT ( 'NONE',  ( 2.000000000000008438, 3.742193745693983607E-16, -9.926209212457735021 ) ) ;
#550 =( LENGTH_UNIT ( ) NAMED_UNIT ( * ) SI_UNIT ( .MILLI., .METRE. ) );
#551 = ADVANCED_FACE ( 'NONE', ( #4440 ), #3297, .F. ) ;
#552 = DIRECTION ( 'NONE',  ( 1.000000000000000000, 0.000000000000000000, 0.000000000000000000 ) ) ;
#553 = ADVANCED_FACE ( 'NONE', ( #2960 ), #2267, .F. ) ;
#554 = CARTESIAN_POINT ( 'NONE',  ( 86.49145483890961827, -8.948135409089655212, -4.000000000000000000 ) ) ;
#555 = ADVANCED_FACE ( 'NONE', ( #200 ), #4847, .T. ) ;
#556 = FACE_OUTER_BOUND ( 'NONE', #603, .T. ) ;
#557 = ORIENTED_EDGE ( 'NONE', *, *, #4586, .T. ) ;
#558 = DIRECTION ( 'NONE',  ( 1.000000000000000000, 0.000000000000000000, 0.000000000000000000 ) ) ;
#559 = VERTEX_POINT ( 'NONE', #4144 ) ;
#560 = EDGE_LOOP ( 'NONE', ( #1619, #3393, #4815, #4410 ) ) ;
#561 = CIRCLE ( 'NONE', #3360, 13.99999999999999822 ) ;
#562 = VERTEX_POINT ( 'NONE', #1068 ) ;
#563 = CYLINDRICAL_SURFACE ( 'NONE', #1176, 0.5000000000000004441 ) ;
#564 = LINE ( 'NONE', #4792, #4707 ) ;
#565 = AXIS2_PLACEMENT_3D ( 'NONE', #2859, #3262, #3666 ) ;
#566 = CARTESIAN_POINT ( 'NONE',  ( 4.000000000000000000, -16.00000000000000000, 0.000000000000000000 ) ) ;
#567 = LINE ( 'NONE', #4749, #2404 ) ;
#568 = CIRCLE ( 'NONE', #1859, 0.5000000000000000000 ) ;
#569 = DIRECTION ( 'NONE',  ( -1.000000000000000000, -6.313797493116069031E-17, 0.000000000000000000 ) ) ;
#570 = CYLINDRICAL_SURFACE ( 'NONE', #2525, 2.599999999999998312 ) ;
#571 = CARTESIAN_POINT ( 'NONE',  ( 54.07942889716218104, -6.782307692307694147, 0.000000000000000000 ) ) ;
#572 = VECTOR ( 'NONE', #1495, 1000.000000000000000 ) ;
#573 = DIRECTION ( 'NONE',  ( -0.000000000000000000, 0.000000000000000000, 1.000000000000000000 ) ) ;
#574 = DIRECTION ( 'NONE',  ( -0.000000000000000000, -0.000000000000000000, -1.000000000000000000 ) ) ;
#575 = CIRCLE ( 'NONE', #1216, 0.5000000000000000000 ) ;
#576 = CARTESIAN_POINT ( 'NONE',  ( 32.59689649744801443, 10.12699835251773983, 0.000000000000000000 ) ) ;
#577 = AXIS2_PLACEMENT_3D ( 'NONE', #1640, #3925, #444 ) ;
#578 = ADVANCED_FACE ( 'NONE', ( #2183 ), #2155, .F. ) ;
#579 = DIRECTION ( 'NONE',  ( 1.000000000000000000, 0.000000000000000000, 0.000000000000000000 ) ) ;
#580 = VECTOR ( 'NONE', #4123, 1000.000000000000000 ) ;
#581 = DIRECTION ( 'NONE',  ( -0.000000000000000000, -0.000000000000000000, 1.000000000000000000 ) ) ;
#582 = EDGE_CURVE ( 'NONE', #3452, #510, #3370, .T. ) ;
#583 = VECTOR ( 'NONE', #2853, 1000.000000000000000 ) ;
#584 = ORIENTED_EDGE ( 'NONE', *, *, #1919, .T. ) ;
#585 = EDGE_CURVE ( 'NONE', #591, #3908, #275, .T. ) ;
#586 = ORIENTED_EDGE ( 'NONE', *, *, #3129, .T. ) ;
#587 = LINE ( 'NONE', #631, #3351 ) ;
#588 = VECTOR ( 'NONE', #4149, 1000.000000000000000 ) ;
#589 = LINE ( 'NONE', #2128, #3577 ) ;
#590 = EDGE_LOOP ( 'NONE', ( #4091, #1773, #465, #2145 ) ) ;
#591 = VERTEX_POINT ( 'NONE', #3767 ) ;
#592 = EDGE_CURVE ( 'NONE', #3601, #422, #2329, .T. ) ;
#593 = CARTESIAN_POINT ( 'NONE',  ( 62.44676782700865658, 16.80652216361119855, 0.000000000000000000 ) ) ;
#594 = DIRECTION ( 'NONE',  ( 0.000000000000000000, 0.000000000000000000, 1.000000000000000000 ) ) ;
#595 = CARTESIAN_POINT ( 'NONE',  ( 60.55214889042371595, -0.2850263380156188298, 6.000000000000000000 ) ) ;
#596 = CARTESIAN_POINT ( 'NONE',  ( 94.95024120961039671, -16.00000000000000000, 6.000000000000000000 ) ) ;
#597 = EDGE_LOOP ( 'NONE', ( #1122, #329, #1443, #1140 ) ) ;
#598 = FACE_OUTER_BOUND ( 'NONE', #91, .T. ) ;
#599 = CARTESIAN_POINT ( 'NONE',  ( 60.55214634447442279, 0.6149736619843811924, 0.000000000000000000 ) ) ;
#600 = LINE ( 'NONE', #2506, #4258 ) ;
#601 = CARTESIAN_POINT ( 'NONE',  ( 53.54664043789694006, -0.2850263380156193849, 6.000000000000000000 ) ) ;
#602 = VERTEX_POINT ( 'NONE', #2545 ) ;
#603 = EDGE_LOOP ( 'NONE', ( #4498, #3853, #3229, #4134 ) ) ;
#604 = ORIENTED_EDGE ( 'NONE', *, *, #1270, .F. ) ;
#605 = DIRECTION ( 'NONE',  ( -0.9863939238321436376, -0.1643989873053574580, 0.000000000000000000 ) ) ;
#606 = EDGE_CURVE ( 'NONE', #3908, #280, #3113, .T. ) ;
#607 = AXIS2_PLACEMENT_3D ( 'NONE', #2633, #2611, #4234 ) ;
#608 = FACE_OUTER_BOUND ( 'NONE', #517, .T. ) ;
#609 = ORIENTED_EDGE ( 'NONE', *, *, #646, .F. ) ;
#610 = EDGE_CURVE ( 'NONE', #658, #4916, #222, .T. ) ;
#611 = ORIENTED_EDGE ( 'NONE', *, *, #1051, .T. ) ;
#612 = CIRCLE ( 'NONE', #933, 0.5000000000000004441 ) ;
#613 = CARTESIAN_POINT ( 'NONE',  ( 85.77133426991100862, 9.661091821882500597, 6.000000000000000000 ) ) ;
#614 = CARTESIAN_POINT ( 'NONE',  ( 44.45226616513564721, 36.98518774751328664, 0.000000000000000000 ) ) ;
#615 = ORIENTED_EDGE ( 'NONE', *, *, #3729, .T. ) ;
#616 = LINE ( 'NONE', #2894, #245 ) ;
#617 = LINE ( 'NONE', #642, #957 ) ;
#618 = ADVANCED_FACE ( 'NONE', ( #2565 ), #1456, .T. ) ;
#619 = ORIENTED_EDGE ( 'NONE', *, *, #3561, .T. ) ;
#620 = CIRCLE ( 'NONE', #3420, 0.5000000000000004441 ) ;
#621 = DIRECTION ( 'NONE',  ( -1.000000000000000000, 0.000000000000000000, 0.000000000000000000 ) ) ;
#622 = CARTESIAN_POINT ( 'NONE',  ( 59.62031337974367062, -15.50000000000000711, 0.000000000000000000 ) ) ;
#623 = VECTOR ( 'NONE', #1485, 1000.000000000000000 ) ;
#624 = DIRECTION ( 'NONE',  ( -0.000000000000000000, -0.000000000000000000, 1.000000000000000000 ) ) ;
#625 = AXIS2_PLACEMENT_3D ( 'NONE', #2694, #4219, #3102 ) ;
#626 = CARTESIAN_POINT ( 'NONE',  ( 2.000000000000001776, 0.000000000000000000, -9.926209212457735021 ) ) ;
#627 = CARTESIAN_POINT ( 'NONE',  ( 50.26925813911628893, 11.82992782986672964, 6.000000000000000000 ) ) ;
#628 = VERTEX_POINT ( 'NONE', #666 ) ;
#629 = CIRCLE ( 'NONE', #2972, 22.00000000000000711 ) ;
#630 = ORIENTED_EDGE ( 'NONE', *, *, #3042, .F. ) ;
#631 = CARTESIAN_POINT ( 'NONE',  ( 42.81769502456727139, 19.82992782986672964, 6.000000000000000000 ) ) ;
#632 = DIRECTION ( 'NONE',  ( 1.000000000000000000, 0.000000000000000000, 0.000000000000000000 ) ) ;
#633 = EDGE_LOOP ( 'NONE', ( #1101, #1253, #4380, #2486 ) ) ;
#634 = VERTEX_POINT ( 'NONE', #3744 ) ;
#635 = VECTOR ( 'NONE', #3817, 1000.000000000000000 ) ;
#636 = EDGE_CURVE ( 'NONE', #1761, #905, #1916, .T. ) ;
#637 = EDGE_LOOP ( 'NONE', ( #1965, #2171, #3594, #67 ) ) ;
#638 = CARTESIAN_POINT ( 'NONE',  ( 64.94032048869797791, -10.47122308019298842, -4.000000000000000000 ) ) ;
#639 = DIRECTION ( 'NONE',  ( -0.000000000000000000, 0.000000000000000000, 1.000000000000000000 ) ) ;
#640 = DIRECTION ( 'NONE',  ( -0.7071085675692155847, -0.7071049947993663931, 0.000000000000000000 ) ) ;
#641 = AXIS2_PLACEMENT_3D ( 'NONE', #458, #1704, #1220 ) ;
#642 = CARTESIAN_POINT ( 'NONE',  ( 90.95024120961039671, -20.00000000000000000, 6.000000000000000000 ) ) ;
#643 = EDGE_LOOP ( 'NONE', ( #3492, #956, #2242, #3765 ) ) ;
#644 = EDGE_CURVE ( 'NONE', #770, #2809, #2614, .T. ) ;
#645 = VECTOR ( 'NONE', #3386, 1000.000000000000000 ) ;
#646 = EDGE_CURVE ( 'NONE', #1811, #43, #3340, .T. ) ;
#647 = DIRECTION ( 'NONE',  ( 0.000000000000000000, 0.000000000000000000, 1.000000000000000000 ) ) ;
#648 = DIRECTION ( 'NONE',  ( 0.6395885234274754083, -0.7687174517986837818, 0.000000000000000000 ) ) ;
#649 = ORIENTED_EDGE ( 'NONE', *, *, #530, .F. ) ;
#650 = CYLINDRICAL_SURFACE ( 'NONE', #4429, 0.5000000000000004441 ) ;
#651 = AXIS2_PLACEMENT_3D ( 'NONE', #4201, #2275, #4877 ) ;
#652 = CIRCLE ( 'NONE', #3614, 2.600000000000000089 ) ;
#653 = EDGE_CURVE ( 'NONE', #770, #4916, #4193, .T. ) ;
#654 = AXIS2_PLACEMENT_3D ( 'NONE', #4430, #1003, #3669 ) ;
#655 = VECTOR ( 'NONE', #4286, 1000.000000000000000 ) ;
#656 = CARTESIAN_POINT ( 'NONE',  ( 7.033520605161734274, -9.600000000000003197, -4.000000000000000000 ) ) ;
#657 = DIRECTION ( 'NONE',  ( -1.000000000000000000, 0.000000000000000000, 0.000000000000000000 ) ) ;
#658 = VERTEX_POINT ( 'NONE', #1924 ) ;
#659 = ORIENTED_EDGE ( 'NONE', *, *, #3521, .F. ) ;
#660 = DIRECTION ( 'NONE',  ( -0.000000000000000000, -0.000000000000000000, 1.000000000000000000 ) ) ;
#661 = CARTESIAN_POINT ( 'NONE',  ( 62.86215174610039469, 13.71189074513871020, 0.000000000000000000 ) ) ;
#662 = ORIENTED_EDGE ( 'NONE', *, *, #2236, .T. ) ;
#663 = ORIENTED_EDGE ( 'NONE', *, *, #1135, .F. ) ;
#664 = VERTEX_POINT ( 'NONE', #13 ) ;
#665 = VECTOR ( 'NONE', #415, 1000.000000000000000 ) ;
#666 = CARTESIAN_POINT ( 'NONE',  ( 91.77279868138852237, -11.26704500639637274, 0.000000000000000000 ) ) ;
#667 = ORIENTED_EDGE ( 'NONE', *, *, #4054, .F. ) ;
#668 = CARTESIAN_POINT ( 'NONE',  ( 65.23391854806357060, 10.60069483394731016, 0.000000000000000000 ) ) ;
#669 = CARTESIAN_POINT ( 'NONE',  ( 75.03524120961040467, -0.08500000000000867972, -4.000000000000000000 ) ) ;
#670 = ORIENTED_EDGE ( 'NONE', *, *, #2660, .F. ) ;
#671 = CYLINDRICAL_SURFACE ( 'NONE', #4527, 0.5000000000000000000 ) ;
#672 = CARTESIAN_POINT ( 'NONE',  ( 66.94365560287371864, 9.327525159707867886, -4.000000000000000000 ) ) ;
#673 = ORIENTED_EDGE ( 'NONE', *, *, #793, .F. ) ;
#674 = ADVANCED_FACE ( 'NONE', ( #4593 ), #3493, .F. ) ;
#675 = EDGE_CURVE ( 'NONE', #810, #1824, #788, .T. ) ;
#676 = ADVANCED_FACE ( 'NONE', ( #331 ), #2761, .F. ) ;
#677 = LINE ( 'NONE', #3329, #572 ) ;
#678 = ORIENTED_EDGE ( 'NONE', *, *, #2897, .F. ) ;
#679 = CARTESIAN_POINT ( 'NONE',  ( 0.03299604051546986550, 20.08626554107915752, 0.000000000000000000 ) ) ;
#680 = CYLINDRICAL_SURFACE ( 'NONE', #3215, 4.000000000000003553 ) ;
#681 = EDGE_CURVE ( 'NONE', #2983, #321, #354, .T. ) ;
#682 = CYLINDRICAL_SURFACE ( 'NONE', #4761, 0.5000000000000004441 ) ;
#683 = EDGE_LOOP ( 'NONE', ( #190, #1888, #4384, #4466 ) ) ;
#684 = ORIENTED_EDGE ( 'NONE', *, *, #1542, .T. ) ;
#685 = DIRECTION ( 'NONE',  ( -0.000000000000000000, -0.000000000000000000, 1.000000000000000000 ) ) ;
#686 = CARTESIAN_POINT ( 'NONE',  ( 30.00000000000000000, 10.00000000000000000, 6.000000000000000000 ) ) ;
#687 = ORIENTED_EDGE ( 'NONE', *, *, #2383, .T. ) ;
#688 = ORIENTED_EDGE ( 'NONE', *, *, #1112, .F. ) ;
#689 = VERTEX_POINT ( 'NONE', #1143 ) ;
#690 = AXIS2_PLACEMENT_3D ( 'NONE', #147, #858, #2052 ) ;
#691 = DIRECTION ( 'NONE',  ( 1.000000000000000000, 0.000000000000000000, 0.000000000000000000 ) ) ;
#692 = LINE ( 'NONE', #3911, #4347 ) ;
#693 = ORIENTED_EDGE ( 'NONE', *, *, #1994, .T. ) ;
#694 = CYLINDRICAL_SURFACE ( 'NONE', #2451, 0.5000000000000004441 ) ;
#695 = DIRECTION ( 'NONE',  ( 1.000000000000000000, 0.000000000000000000, 0.000000000000000000 ) ) ;
#696 = AXIS2_PLACEMENT_3D ( 'NONE', #1350, #4407, #961 ) ;
#697 = FACE_OUTER_BOUND ( 'NONE', #1038, .T. ) ;
#698 = DIRECTION ( 'NONE',  ( 1.000000000000000000, 0.000000000000000000, 0.000000000000000000 ) ) ;
#699 = ORIENTED_EDGE ( 'NONE', *, *, #419, .F. ) ;
#700 = DIRECTION ( 'NONE',  ( -0.000000000000000000, 0.000000000000000000, 1.000000000000000000 ) ) ;
#701 = EDGE_CURVE ( 'NONE', #4789, #177, #3192, .T. ) ;
#702 = VECTOR ( 'NONE', #741, 1000.000000000000000 ) ;
#703 = EDGE_CURVE ( 'NONE', #1482, #3301, #4161, .T. ) ;
#704 = CARTESIAN_POINT ( 'NONE',  ( 53.54664043789694006, -0.7850263380156192738, 6.000000000000000000 ) ) ;
#705 = CARTESIAN_POINT ( 'NONE',  ( 38.20474592724264085, -9.263347348601598696, 6.000000000000000000 ) ) ;
#706 = ORIENTED_EDGE ( 'NONE', *, *, #2164, .T. ) ;
#707 = CIRCLE ( 'NONE', #2251, 0.5000000000000004441 ) ;
#708 = CARTESIAN_POINT ( 'NONE',  ( 41.56836129112627987, 15.89964331256098262, 0.000000000000000000 ) ) ;
#709 = ADVANCED_FACE ( 'NONE', ( #431 ), #1547, .T. ) ;
#710 = CARTESIAN_POINT ( 'NONE',  ( 75.03524120961040467, -0.08500000000000867972, -4.000000000000000000 ) ) ;
#711 = ORIENTED_EDGE ( 'NONE', *, *, #4893, .F. ) ;
#712 = VERTEX_POINT ( 'NONE', #3791 ) ;
#713 = VERTEX_POINT ( 'NONE', #2341 ) ;
#714 = DIRECTION ( 'NONE',  ( -0.000000000000000000, -0.000000000000000000, 1.000000000000000000 ) ) ;
#715 = DIRECTION ( 'NONE',  ( -0.000000000000000000, 0.000000000000000000, 1.000000000000000000 ) ) ;
#716 = AXIS2_PLACEMENT_3D ( 'NONE', #2015, #3535, #3163 ) ;
#717 = DIRECTION ( 'NONE',  ( 0.000000000000000000, 1.000000000000000000, -0.000000000000000000 ) ) ;
#718 = DIRECTION ( 'NONE',  ( -0.000000000000000000, -0.000000000000000000, 1.000000000000000000 ) ) ;
#719 = AXIS2_PLACEMENT_3D ( 'NONE', #3638, #3531, #183 ) ;
#720 = VERTEX_POINT ( 'NONE', #407 ) ;
#721 = LINE ( 'NONE', #256, #2454 ) ;
#722 = DIRECTION ( 'NONE',  ( -0.000000000000000000, 0.000000000000000000, 1.000000000000000000 ) ) ;
#723 = EDGE_LOOP ( 'NONE', ( #1086, #2313, #3234, #3471 ) ) ;
#724 = DIRECTION ( 'NONE',  ( -1.000000000000000000, 0.000000000000000000, 0.000000000000000000 ) ) ;
#725 = CARTESIAN_POINT ( 'NONE',  ( 88.18329659636916062, -10.84562617849283583, -4.000000000000000000 ) ) ;
#726 = AXIS2_PLACEMENT_3D ( 'NONE', #516, #2764, #122 ) ;
#727 = DIRECTION ( 'NONE',  ( -0.000000000000000000, 0.000000000000000000, 1.000000000000000000 ) ) ;
#728 = CIRCLE ( 'NONE', #1469, 1.600000000000004086 ) ;
#729 = DIRECTION ( 'NONE',  ( 1.000000000000000000, 0.000000000000000000, 0.000000000000000000 ) ) ;
#730 = VERTEX_POINT ( 'NONE', #1570 ) ;
#731 = ADVANCED_FACE ( 'NONE', ( #3396 ), #35, .T. ) ;
#732 = AXIS2_PLACEMENT_3D ( 'NONE', #117, #3169, #428 ) ;
#733 = DIRECTION ( 'NONE',  ( 1.000000000000000000, 0.000000000000000000, 0.000000000000000000 ) ) ;
#734 = CARTESIAN_POINT ( 'NONE',  ( 64.11174152470852050, 14.13833970871039369, 0.000000000000000000 ) ) ;
#735 = CIRCLE ( 'NONE', #3538, 0.5000000000000000000 ) ;
#736 = EDGE_CURVE ( 'NONE', #3698, #1192, #4665, .T. ) ;
#737 = EDGE_CURVE ( 'NONE', #2593, #3353, #1952, .T. ) ;
#738 = ORIENTED_EDGE ( 'NONE', *, *, #3305, .T. ) ;
#739 = ORIENTED_EDGE ( 'NONE', *, *, #4242, .T. ) ;
#740 = EDGE_CURVE ( 'NONE', #1374, #4497, #1878, .T. ) ;
#741 = DIRECTION ( 'NONE',  ( 0.000000000000000000, 0.000000000000000000, -1.000000000000000000 ) ) ;
#742 = VECTOR ( 'NONE', #1486, 1000.000000000000000 ) ;
#743 = CARTESIAN_POINT ( 'NONE',  ( 60.55214634447442279, 0.1149736619843810675, 0.000000000000000000 ) ) ;
#744 = CARTESIAN_POINT ( 'NONE',  ( 88.72413043446152869, -10.12625231215191057, 0.000000000000000000 ) ) ;
#745 = DIRECTION ( 'NONE',  ( -0.000000000000000000, -0.000000000000000000, 1.000000000000000000 ) ) ;
#746 = CIRCLE ( 'NONE', #4925, 0.5000000000000004441 ) ;
#747 = ADVANCED_FACE ( 'NONE', ( #3033 ), #4566, .T. ) ;
#748 = ORIENTED_EDGE ( 'NONE', *, *, #3615, .F. ) ;
#749 = CIRCLE ( 'NONE', #4359, 0.5000000000000004441 ) ;
#750 = ORIENTED_EDGE ( 'NONE', *, *, #353, .T. ) ;
#751 = DIRECTION ( 'NONE',  ( -0.000000000000000000, 0.000000000000000000, 1.000000000000000000 ) ) ;
#752 = DIRECTION ( 'NONE',  ( -0.000000000000000000, 0.000000000000000000, 1.000000000000000000 ) ) ;
#753 = CARTESIAN_POINT ( 'NONE',  ( 56.79385893247867756, 16.80652216361119855, 6.000000000000000000 ) ) ;
#754 = EDGE_LOOP ( 'NONE', ( #688, #1890, #430, #1732 ) ) ;
#755 = DIRECTION ( 'NONE',  ( 0.000000000000000000, 0.000000000000000000, -1.000000000000000000 ) ) ;
#756 = ORIENTED_EDGE ( 'NONE', *, *, #1642, .F. ) ;
#757 = DIRECTION ( 'NONE',  ( 0.3572523020262907134, 0.9340079189690609907, 0.000000000000000000 ) ) ;
#758 = ORIENTED_EDGE ( 'NONE', *, *, #3784, .F. ) ;
#759 = DIRECTION ( 'NONE',  ( 1.000000000000000000, 0.000000000000000000, 0.000000000000000000 ) ) ;
#760 = CARTESIAN_POINT ( 'NONE',  ( 54.07940938073076609, 6.612246625271847478, 0.000000000000000000 ) ) ;
#761 = ORIENTED_EDGE ( 'NONE', *, *, #3631, .F. ) ;
#762 = VERTEX_POINT ( 'NONE', #4639 ) ;
#763 = EDGE_CURVE ( 'NONE', #4492, #1031, #2314, .T. ) ;
#764 = ORIENTED_EDGE ( 'NONE', *, *, #2188, .T. ) ;
#765 = CARTESIAN_POINT ( 'NONE',  ( 26.93516147113448866, 35.82699506442108373, 0.000000000000000000 ) ) ;
#766 = DIRECTION ( 'NONE',  ( 1.000000000000000000, 0.000000000000000000, 0.000000000000000000 ) ) ;
#767 = EDGE_CURVE ( 'NONE', #4846, #770, #1275, .T. ) ;
#768 = CARTESIAN_POINT ( 'NONE',  ( 38.00000000000000000, 7.829927829866727862, 6.000000000000000000 ) ) ;
#769 = DIRECTION ( 'NONE',  ( -0.000000000000000000, -0.000000000000000000, 1.000000000000000000 ) ) ;
#770 = VERTEX_POINT ( 'NONE', #2813 ) ;
#771 = DIRECTION ( 'NONE',  ( 0.000000000000000000, 0.000000000000000000, 1.000000000000000000 ) ) ;
#772 = DIRECTION ( 'NONE',  ( 1.000000000000000000, 0.000000000000000000, 0.000000000000000000 ) ) ;
#773 = EDGE_LOOP ( 'NONE', ( #3703, #274, #3117, #2467 ) ) ;
#774 = ADVANCED_FACE ( 'NONE', ( #4332 ), #563, .T. ) ;
#775 = CARTESIAN_POINT ( 'NONE',  ( 0.000000000000000000, -20.00000000000000000, 6.000000000000000000 ) ) ;
#776 = AXIS2_PLACEMENT_3D ( 'NONE', #4381, #2888, #3650 ) ;
#777 = CARTESIAN_POINT ( 'NONE',  ( 89.30123492197576240, -10.14309700936658309, 0.000000000000000000 ) ) ;
#778 = CIRCLE ( 'NONE', #3582, 2.000000000000000000 ) ;
#779 = CYLINDRICAL_SURFACE ( 'NONE', #79, 0.5000000000000004441 ) ;
#780 = ORIENTED_EDGE ( 'NONE', *, *, #4584, .F. ) ;
#781 = AXIS2_PLACEMENT_3D ( 'NONE', #2246, #4472, #3798 ) ;
#782 = AXIS2_PLACEMENT_3D ( 'NONE', #2554, #1029, #2122 ) ;
#783 = DIRECTION ( 'NONE',  ( 0.000000000000000000, 0.000000000000000000, 1.000000000000000000 ) ) ;
#784 = CARTESIAN_POINT ( 'NONE',  ( 66.31012298058170984, 11.49611876674577182, 6.000000000000000000 ) ) ;
#785 = CARTESIAN_POINT ( 'NONE',  ( 74.33524120961040182, -19.50000000000000000, 0.000000000000000000 ) ) ;
#786 = EDGE_LOOP ( 'NONE', ( #62, #4202, #12, #4814 ) ) ;
#787 = ORIENTED_EDGE ( 'NONE', *, *, #3335, .F. ) ;
#788 = LINE ( 'NONE', #1117, #938 ) ;
#789 = LINE ( 'NONE', #2001, #655 ) ;
#790 = CARTESIAN_POINT ( 'NONE',  ( 86.73182543361733110, -8.628413690715913020, -4.000000000000000000 ) ) ;
#791 = DIRECTION ( 'NONE',  ( 1.000000000000000000, 0.000000000000000000, 0.000000000000000000 ) ) ;
#792 = ORIENTED_EDGE ( 'NONE', *, *, #2562, .F. ) ;
#793 = EDGE_CURVE ( 'NONE', #4217, #4912, #1675, .T. ) ;
#794 = ORIENTED_EDGE ( 'NONE', *, *, #2478, .T. ) ;
#795 = ADVANCED_FACE ( 'NONE', ( #1648 ), #911, .T. ) ;
#796 = DIRECTION ( 'NONE',  ( 0.000000000000000000, 0.000000000000000000, -1.000000000000000000 ) ) ;
#797 = CARTESIAN_POINT ( 'NONE',  ( 53.54663872195364149, 0.6149736619843803043, -4.000000000000000000 ) ) ;
#798 = CARTESIAN_POINT ( 'NONE',  ( 42.81769502456727139, 23.82992782986672964, 6.000000000000000000 ) ) ;
#799 = AXIS2_PLACEMENT_3D ( 'NONE', #943, #2012, #1686 ) ;
#800 = EDGE_CURVE ( 'NONE', #1745, #3764, #4742, .T. ) ;
#801 = FACE_OUTER_BOUND ( 'NONE', #4823, .T. ) ;
#802 = ADVANCED_FACE ( 'NONE', ( #2413 ), #143, .T. ) ;
#803 = AXIS2_PLACEMENT_3D ( 'NONE', #3865, #769, #3892 ) ;
#804 = AXIS2_PLACEMENT_3D ( 'NONE', #3600, #148, #1625 ) ;
#805 = DIRECTION ( 'NONE',  ( 1.000000000000000000, 0.000000000000000000, 0.000000000000000000 ) ) ;
#806 = ORIENTED_EDGE ( 'NONE', *, *, #2257, .F. ) ;
#807 = EDGE_CURVE ( 'NONE', #214, #4139, #2327, .T. ) ;
#808 = DIRECTION ( 'NONE',  ( 1.000000000000000000, 1.006139616066547231E-13, 0.000000000000000000 ) ) ;
#809 = CARTESIAN_POINT ( 'NONE',  ( 7.511985023684036200, 10.75483870967741673, 0.000000000000000000 ) ) ;
#810 = VERTEX_POINT ( 'NONE', #1323 ) ;
#811 = CARTESIAN_POINT ( 'NONE',  ( 85.65396204923007417, -8.318498358023347805, -4.000000000000000000 ) ) ;
#812 = AXIS2_PLACEMENT_3D ( 'NONE', #3956, #2781, #2408 ) ;
#813 = DIRECTION ( 'NONE',  ( 0.000000000000000000, 0.000000000000000000, -1.000000000000000000 ) ) ;
#814 = DIRECTION ( 'NONE',  ( 1.000000000000000000, -1.040834085586083310E-14, 0.000000000000000000 ) ) ;
#815 = DIRECTION ( 'NONE',  ( 1.000000000000000000, 0.000000000000000000, 0.000000000000000000 ) ) ;
#816 = VERTEX_POINT ( 'NONE', #2785 ) ;
#817 = AXIS2_PLACEMENT_3D ( 'NONE', #4534, #4935, #4108 ) ;
#818 = CARTESIAN_POINT ( 'NONE',  ( 92.01937510419998034, -16.91457358424091595, 0.000000000000000000 ) ) ;
#819 = FACE_OUTER_BOUND ( 'NONE', #3834, .T. ) ;
#820 = ORIENTED_EDGE ( 'NONE', *, *, #1429, .F. ) ;
#821 = DIRECTION ( 'NONE',  ( 0.000000000000000000, -0.000000000000000000, 1.000000000000000000 ) ) ;
#822 = CARTESIAN_POINT ( 'NONE',  ( 33.00732318528298492, 9.659401615888445036, 0.000000000000000000 ) ) ;
#823 = CIRCLE ( 'NONE', #3632, 13.99999999999999822 ) ;
#824 = DIRECTION ( 'NONE',  ( 0.000000000000000000, -0.000000000000000000, -1.000000000000000000 ) ) ;
#825 = EDGE_CURVE ( 'NONE', #2958, #4921, #548, .T. ) ;
#826 = ADVANCED_FACE ( 'NONE', ( #1999 ), #2438, .F. ) ;
#827 = AXIS2_PLACEMENT_3D ( 'NONE', #1551, #3769, #1165 ) ;
#828 = CARTESIAN_POINT ( 'NONE',  ( 0.000000000000000000, -9.100000000000001421, 6.000000000000000000 ) ) ;
#829 = VERTEX_POINT ( 'NONE', #2463 ) ;
#830 = EDGE_CURVE ( 'NONE', #3004, #730, #2102, .T. ) ;
#831 = CARTESIAN_POINT ( 'NONE',  ( 88.82242079513810040, -16.77499154467183828, 0.000000000000000000 ) ) ;
#832 = DIRECTION ( 'NONE',  ( 0.000000000000000000, -0.000000000000000000, -1.000000000000000000 ) ) ;
#833 = ORIENTED_EDGE ( 'NONE', *, *, #3936, .F. ) ;
#834 = ORIENTED_EDGE ( 'NONE', *, *, #3464, .T. ) ;
#835 = DIRECTION ( 'NONE',  ( -0.000000000000000000, 0.000000000000000000, 1.000000000000000000 ) ) ;
#836 = FACE_OUTER_BOUND ( 'NONE', #2782, .T. ) ;
#837 = DIRECTION ( 'NONE',  ( 0.000000000000000000, 1.000000000000000000, -0.000000000000000000 ) ) ;
#838 = DIRECTION ( 'NONE',  ( -0.000000000000000000, 0.000000000000000000, 1.000000000000000000 ) ) ;
#839 = EDGE_LOOP ( 'NONE', ( #2700, #4803, #3470, #1767 ) ) ;
#840 = ORIENTED_EDGE ( 'NONE', *, *, #4155, .F. ) ;
#841 = CARTESIAN_POINT ( 'NONE',  ( 62.30731863861241493, 15.21261064666438934, 0.000000000000000000 ) ) ;
#842 = FACE_OUTER_BOUND ( 'NONE', #2647, .T. ) ;
#843 = CARTESIAN_POINT ( 'NONE',  ( 92.01937510419998034, -16.91457358424091595, 6.000000000000000000 ) ) ;
#844 = CARTESIAN_POINT ( 'NONE',  ( 9.999999999999998224, -9.600000000000003197, 6.000000000000000000 ) ) ;
#845 = ORIENTED_EDGE ( 'NONE', *, *, #426, .T. ) ;
#846 = VECTOR ( 'NONE', #2956, 1000.000000000000000 ) ;
#847 = CIRCLE ( 'NONE', #4302, 0.5000000000000004441 ) ;
#848 = DIRECTION ( 'NONE',  ( 0.000000000000000000, 0.000000000000000000, -1.000000000000000000 ) ) ;
#849 = ORIENTED_EDGE ( 'NONE', *, *, #2660, .T. ) ;
#850 = PRODUCT_RELATED_PRODUCT_CATEGORY ( 'part', '', ( #3820 ) ) ;
#851 = DIRECTION ( 'NONE',  ( -0.9340079189690609907, 0.3572523020262907134, 0.000000000000000000 ) ) ;
#852 = LINE ( 'NONE', #1590, #69 ) ;
#853 = ORIENTED_EDGE ( 'NONE', *, *, #3107, .T. ) ;
#854 = EDGE_CURVE ( 'NONE', #1267, #4058, #4790, .T. ) ;
#855 = ORIENTED_EDGE ( 'NONE', *, *, #4455, .F. ) ;
#856 = DIRECTION ( 'NONE',  ( -0.000000000000000000, -0.000000000000000000, 1.000000000000000000 ) ) ;
#857 = DIRECTION ( 'NONE',  ( 1.000000000000000000, 0.000000000000000000, 0.000000000000000000 ) ) ;
#858 = DIRECTION ( 'NONE',  ( 1.000000000000000000, -0.000000000000000000, 0.000000000000000000 ) ) ;
#859 = DIRECTION ( 'NONE',  ( -0.7071085675692155847, -0.7071049947993663931, 0.000000000000000000 ) ) ;
#860 = CARTESIAN_POINT ( 'NONE',  ( 85.77133426991100862, 9.661091821882500597, 0.000000000000000000 ) ) ;
#861 = LINE ( 'NONE', #1197, #68 ) ;
#862 = AXIS2_PLACEMENT_3D ( 'NONE', #3647, #3707, #1821 ) ;
#863 = VERTEX_POINT ( 'NONE', #4715 ) ;
#864 = CARTESIAN_POINT ( 'NONE',  ( 32.93614199748203220, 9.265786018505357546, 6.000000000000000000 ) ) ;
#865 = DIRECTION ( 'NONE',  ( 0.000000000000000000, -0.000000000000000000, -1.000000000000000000 ) ) ;
#866 = ORIENTED_EDGE ( 'NONE', *, *, #3075, .T. ) ;
#867 = PRESENTATION_STYLE_ASSIGNMENT (( #3184 ) ) ;
#868 = ORIENTED_EDGE ( 'NONE', *, *, #1880, .T. ) ;
#869 = CIRCLE ( 'NONE', #139, 4.000000000000003553 ) ;
#870 = CARTESIAN_POINT ( 'NONE',  ( 0.5000000000000000000, 19.90763939006601291, 0.000000000000000000 ) ) ;
#871 = AXIS2_PLACEMENT_3D ( 'NONE', #4957, #1519, #1084 ) ;
#872 = ORIENTED_EDGE ( 'NONE', *, *, #2562, .T. ) ;
#873 = CARTESIAN_POINT ( 'NONE',  ( 27.40000000000000213, 10.00000000000000000, 0.000000000000000000 ) ) ;
#874 = CIRCLE ( 'NONE', #3694, 0.5000000000000004441 ) ;
#875 = ORIENTED_EDGE ( 'NONE', *, *, #1542, .F. ) ;
#876 = CIRCLE ( 'NONE', #3132, 4.000000000000000000 ) ;
#877 = LINE ( 'NONE', #3884, #451 ) ;
#878 = DIRECTION ( 'NONE',  ( 1.000000000000000000, 0.000000000000000000, 0.000000000000000000 ) ) ;
#879 = ORIENTED_EDGE ( 'NONE', *, *, #3168, .F. ) ;
#880 = EDGE_LOOP ( 'NONE', ( #3210, #3080, #2212, #2509 ) ) ;
#881 = VERTEX_POINT ( 'NONE', #1725 ) ;
#882 = VECTOR ( 'NONE', #2598, 1000.000000000000000 ) ;
#883 = CARTESIAN_POINT ( 'NONE',  ( 75.03524120961040467, -0.08500000000000867972, 0.000000000000000000 ) ) ;
#884 = ADVANCED_FACE ( 'NONE', ( #2488 ), #2024, .T. ) ;
#885 = ADVANCED_FACE ( 'NONE', ( #3596 ), #3224, .F. ) ;
#886 = DIRECTION ( 'NONE',  ( 1.000000000000000000, 0.000000000000000000, 0.000000000000000000 ) ) ;
#887 = DIRECTION ( 'NONE',  ( -0.000000000000000000, 0.000000000000000000, 1.000000000000000000 ) ) ;
#888 = DIRECTION ( 'NONE',  ( 1.000000000000000000, 3.469446951953611033E-15, 0.000000000000000000 ) ) ;
#889 = EDGE_CURVE ( 'NONE', #3564, #181, #4727, .T. ) ;
#890 = ORIENTED_EDGE ( 'NONE', *, *, #3096, .F. ) ;
#891 = AXIS2_PLACEMENT_3D ( 'NONE', #4524, #3404, #1077 ) ;
#892 = CIRCLE ( 'NONE', #2680, 42.00010206398129498 ) ;
#893 = CARTESIAN_POINT ( 'NONE',  ( 0.000000000000000000, 0.000000000000000000, 6.000000000000000000 ) ) ;
#894 = AXIS2_PLACEMENT_3D ( 'NONE', #46, #1604, #4672 ) ;
#895 = CYLINDRICAL_SURFACE ( 'NONE', #4590, 2.599999999999998312 ) ;
#896 = VERTEX_POINT ( 'NONE', #3247 ) ;
#897 = FACE_OUTER_BOUND ( 'NONE', #3590, .T. ) ;
#898 = DIRECTION ( 'NONE',  ( -1.000000000000000000, 0.000000000000000000, 0.000000000000000000 ) ) ;
#899 = EDGE_CURVE ( 'NONE', #1578, #3313, #1348, .T. ) ;
#900 = VECTOR ( 'NONE', #3484, 1000.000000000000000 ) ;
#901 = CIRCLE ( 'NONE', #4120, 0.5000000000000000000 ) ;
#902 = ORIENTED_EDGE ( 'NONE', *, *, #1699, .F. ) ;
#903 = LINE ( 'NONE', #3640, #400 ) ;
#904 = LINE ( 'NONE', #3241, #1364 ) ;
#905 = VERTEX_POINT ( 'NONE', #4081 ) ;
#906 = AXIS2_PLACEMENT_3D ( 'NONE', #2786, #3962, #514 ) ;
#907 = PLANE ( 'NONE',  #2318 ) ;
#908 = CARTESIAN_POINT ( 'NONE',  ( 59.62031337974367062, -15.50000000000000711, 6.000000000000000000 ) ) ;
#909 = ORIENTED_EDGE ( 'NONE', *, *, #2221, .T. ) ;
#910 = ORIENTED_EDGE ( 'NONE', *, *, #4086, .T. ) ;
#911 = CYLINDRICAL_SURFACE ( 'NONE', #2803, 0.5000000000000004441 ) ;
#912 = DIRECTION ( 'NONE',  ( -0.000000000000000000, -0.000000000000000000, 1.000000000000000000 ) ) ;
#913 = CARTESIAN_POINT ( 'NONE',  ( 7.033520605161734274, 10.89999999999999680, 6.000000000000000000 ) ) ;
#914 = DIRECTION ( 'NONE',  ( 0.000000000000000000, 0.000000000000000000, 1.000000000000000000 ) ) ;
#915 = ORIENTED_EDGE ( 'NONE', *, *, #2779, .F. ) ;
#916 = ORIENTED_EDGE ( 'NONE', *, *, #2265, .T. ) ;
#917 = ADVANCED_FACE ( 'NONE', ( #959 ), #1746, .F. ) ;
#918 = ADVANCED_FACE ( 'NONE', ( #1372 ), #1769, .F. ) ;
#919 = CARTESIAN_POINT ( 'NONE',  ( 32.84716551273083951, 8.773766521776495964, 0.000000000000000000 ) ) ;
#920 = CARTESIAN_POINT ( 'NONE',  ( 54.26925813911628893, 7.829927829866729638, 0.000000000000000000 ) ) ;
#921 = ORIENTED_EDGE ( 'NONE', *, *, #4001, .T. ) ;
#922 = VERTEX_POINT ( 'NONE', #2511 ) ;
#923 = CARTESIAN_POINT ( 'NONE',  ( 61.51581468047284318, -14.59607809024561220, 6.000000000000000000 ) ) ;
#924 = DIRECTION ( 'NONE',  ( -0.000000000000000000, -0.000000000000000000, 1.000000000000000000 ) ) ;
#925 = EDGE_CURVE ( 'NONE', #4912, #2491, #707, .T. ) ;
#926 = CYLINDRICAL_SURFACE ( 'NONE', #1696, 1.600000000000004086 ) ;
#927 = DIRECTION ( 'NONE',  ( 0.7993042959343555909, -0.6009264867692921674, 0.000000000000000000 ) ) ;
#928 = DIRECTION ( 'NONE',  ( 0.000000000000000000, 0.000000000000000000, -1.000000000000000000 ) ) ;
#929 = CARTESIAN_POINT ( 'NONE',  ( 75.23524120961039330, -19.50000000000000000, -4.000000000000000000 ) ) ;
#930 = ORIENTED_EDGE ( 'NONE', *, *, #825, .F. ) ;
#931 = ORIENTED_EDGE ( 'NONE', *, *, #2236, .F. ) ;
#932 = ORIENTED_EDGE ( 'NONE', *, *, #2322, .T. ) ;
#933 = AXIS2_PLACEMENT_3D ( 'NONE', #300, #3365, #4915 ) ;
#934 = DIRECTION ( 'NONE',  ( 1.000000000000000000, 0.000000000000000000, 0.000000000000000000 ) ) ;
#935 = LINE ( 'NONE', #4013, #4385 ) ;
#936 = LINE ( 'NONE', #4335, #1045 ) ;
#937 = ORIENTED_EDGE ( 'NONE', *, *, #1842, .F. ) ;
#938 = VECTOR ( 'NONE', #3861, 1000.000000000000000 ) ;
#939 = CARTESIAN_POINT ( 'NONE',  ( 63.03553709219039547, 13.24291577591193558, 0.000000000000000000 ) ) ;
#940 = PLANE ( 'NONE',  #1477 ) ;
#941 = LINE ( 'NONE', #2497, #2759 ) ;
#942 = AXIS2_PLACEMENT_3D ( 'NONE', #883, #513, #4690 ) ;
#943 = CARTESIAN_POINT ( 'NONE',  ( 59.62031337974367062, -15.50000000000000711, -4.000000000000000000 ) ) ;
#944 = EDGE_CURVE ( 'NONE', #2792, #4426, #2910, .T. ) ;
#945 = APPLICATION_PROTOCOL_DEFINITION ( 'draft international standard', 'automotive_design', 1998, #4418 ) ;
#946 = CIRCLE ( 'NONE', #3507, 3.999999999999996447 ) ;
#947 = FACE_OUTER_BOUND ( 'NONE', #1849, .T. ) ;
#948 = EDGE_CURVE ( 'NONE', #4796, #4998, #587, .T. ) ;
#949 = EDGE_CURVE ( 'NONE', #896, #2851, #2558, .T. ) ;
#950 = DIRECTION ( 'NONE',  ( -0.9840389934577211672, 0.1779529695023798763, 0.000000000000000000 ) ) ;
#951 = AXIS2_PLACEMENT_3D ( 'NONE', #1894, #3829, #2631 ) ;
#952 = CARTESIAN_POINT ( 'NONE',  ( 54.26928120398978450, -8.000000000000000000, 0.000000000000000000 ) ) ;
#953 = EDGE_CURVE ( 'NONE', #1652, #26, #4459, .T. ) ;
#954 = DIRECTION ( 'NONE',  ( -0.000000000000000000, -0.000000000000000000, 1.000000000000000000 ) ) ;
#955 = AXIS2_PLACEMENT_3D ( 'NONE', #1664, #133, #950 ) ;
#956 = ORIENTED_EDGE ( 'NONE', *, *, #3660, .T. ) ;
#957 = VECTOR ( 'NONE', #3771, 1000.000000000000000 ) ;
#958 = EDGE_LOOP ( 'NONE', ( #4511, #4050, #3325, #3267 ) ) ;
#959 = FACE_OUTER_BOUND ( 'NONE', #1977, .T. ) ;
#960 = ORIENTED_EDGE ( 'NONE', *, *, #235, .F. ) ;
#961 = DIRECTION ( 'NONE',  ( 1.000000000000000000, -4.510281037539694659E-14, 0.000000000000000000 ) ) ;
#962 = DIRECTION ( 'NONE',  ( 0.000000000000000000, -0.000000000000000000, -1.000000000000000000 ) ) ;
#963 = ORIENTED_EDGE ( 'NONE', *, *, #830, .F. ) ;
#964 = AXIS2_PLACEMENT_3D ( 'NONE', #4668, #2416, #1679 ) ;
#965 = CIRCLE ( 'NONE', #3782, 0.5000000000000000000 ) ;
#966 = ORIENTED_EDGE ( 'NONE', *, *, #3333, .T. ) ;
#967 = DIRECTION ( 'NONE',  ( 0.000000000000000000, 0.000000000000000000, 1.000000000000000000 ) ) ;
#968 = CARTESIAN_POINT ( 'NONE',  ( 27.40000000000000213, -10.00000000000000000, 6.000000000000000000 ) ) ;
#969 = ORIENTED_EDGE ( 'NONE', *, *, #1945, .T. ) ;
#970 = DIRECTION ( 'NONE',  ( 1.000000000000000000, 0.000000000000000000, 0.000000000000000000 ) ) ;
#971 = VECTOR ( 'NONE', #4100, 1000.000000000000000 ) ;
#972 = CARTESIAN_POINT ( 'NONE',  ( 62.16786945021615196, 13.61869912971759966, 6.000000000000000000 ) ) ;
#973 = ORIENTED_EDGE ( 'NONE', *, *, #1817, .F. ) ;
#974 = LINE ( 'NONE', #1314, #1447 ) ;
#975 = AXIS2_PLACEMENT_3D ( 'NONE', #293, #1840, #4210 ) ;
#976 = DIRECTION ( 'NONE',  ( 1.000000000000000000, 0.000000000000000000, 0.000000000000000000 ) ) ;
#977 = VECTOR ( 'NONE', #3383, 1000.000000000000000 ) ;
#978 = CIRCLE ( 'NONE', #1784, 0.5000000000000004441 ) ;
#979 = EDGE_CURVE ( 'NONE', #4863, #4413, #2127, .T. ) ;
#980 = ADVANCED_FACE ( 'NONE', ( #3005 ), #244, .F. ) ;
#981 = LINE ( 'NONE', #1791, #290 ) ;
#982 = LINE ( 'NONE', #2555, #1472 ) ;
#983 = VECTOR ( 'NONE', #4269, 1000.000000000000000 ) ;
#984 = ORIENTED_EDGE ( 'NONE', *, *, #490, .F. ) ;
#985 = ORIENTED_EDGE ( 'NONE', *, *, #392, .T. ) ;
#986 = CARTESIAN_POINT ( 'NONE',  ( 39.31722966626378479, -8.244369637946094898, 6.000000000000000000 ) ) ;
#987 = ADVANCED_FACE ( 'NONE', ( #3363 ), #3292, .T. ) ;
#988 = AXIS2_PLACEMENT_3D ( 'NONE', #4902, #1492, #3693 ) ;
#989 = DIRECTION ( 'NONE',  ( -0.1643989873053574857, 0.9863939238321437486, 0.000000000000000000 ) ) ;
#990 = VERTEX_POINT ( 'NONE', #1800 ) ;
#991 = VERTEX_POINT ( 'NONE', #269 ) ;
#992 = DIRECTION ( 'NONE',  ( -0.000000000000000000, 0.000000000000000000, 1.000000000000000000 ) ) ;
#993 = CARTESIAN_POINT ( 'NONE',  ( 86.19099159552497724, -9.347787557056838281, 0.000000000000000000 ) ) ;
#994 = DIRECTION ( 'NONE',  ( -0.000000000000000000, -0.000000000000000000, 1.000000000000000000 ) ) ;
#995 = CARTESIAN_POINT ( 'NONE',  ( 0.000000000000000000, -20.00000000000000000, 0.000000000000000000 ) ) ;
#996 = ORIENTED_EDGE ( 'NONE', *, *, #1913, .F. ) ;
#997 = CARTESIAN_POINT ( 'NONE',  ( 32.93614199748203220, 9.265786018505355770, 6.000000000000000000 ) ) ;
#998 = CARTESIAN_POINT ( 'NONE',  ( 7.511985023684036200, 10.75483870967741673, 6.000000000000000000 ) ) ;
#999 = CARTESIAN_POINT ( 'NONE',  ( 7.033520605161734274, -9.100000000000001421, 6.000000000000000000 ) ) ;
#1000 = ORIENTED_EDGE ( 'NONE', *, *, #2900, .T. ) ;
#1001 = CARTESIAN_POINT ( 'NONE',  ( -2.504042972417701511E-15, 19.82992782986672253, 6.000000000000000000 ) ) ;
#1002 = EDGE_CURVE ( 'NONE', #2427, #4796, #946, .T. ) ;
#1003 = DIRECTION ( 'NONE',  ( -0.000000000000000000, 0.000000000000000000, 1.000000000000000000 ) ) ;
#1004 = AXIS2_PLACEMENT_3D ( 'NONE', #4082, #4436, #632 ) ;
#1005 = EDGE_CURVE ( 'NONE', #1824, #3004, #3770, .T. ) ;
#1006 = ORIENTED_EDGE ( 'NONE', *, *, #2407, .F. ) ;
#1007 = ORIENTED_EDGE ( 'NONE', *, *, #1193, .T. ) ;
#1008 = CARTESIAN_POINT ( 'NONE',  ( 90.42089794966905458, -16.84478256445628830, -4.000000000000000000 ) ) ;
#1009 = AXIS2_PLACEMENT_3D ( 'NONE', #2911, #989, #2211 ) ;
#1010 = PLANE ( 'NONE',  #4064 ) ;
#1011 = ADVANCED_FACE ( 'NONE', ( #3270 ), #4434, .F. ) ;
#1012 = ORIENTED_EDGE ( 'NONE', *, *, #1708, .F. ) ;
#1013 = ORIENTED_EDGE ( 'NONE', *, *, #646, .T. ) ;
#1014 = EDGE_CURVE ( 'NONE', #1470, #689, #4059, .T. ) ;
#1015 = AXIS2_PLACEMENT_3D ( 'NONE', #508, #4254, #2384 ) ;
#1016 = CARTESIAN_POINT ( 'NONE',  ( 10.00000000000000000, 10.00000000000000000, 0.000000000000000000 ) ) ;
#1017 = DIRECTION ( 'NONE',  ( 1.000000000000000000, 0.000000000000000000, 0.000000000000000000 ) ) ;
#1018 = CARTESIAN_POINT ( 'NONE',  ( 0.000000000000000000, -16.00000000000000000, 0.000000000000000000 ) ) ;
#1019 = LINE ( 'NONE', #3687, #2902 ) ;
#1020 = ORIENTED_EDGE ( 'NONE', *, *, #4224, .F. ) ;
#1021 = EDGE_CURVE ( 'NONE', #2086, #1975, #4402, .T. ) ;
#1022 = VERTEX_POINT ( 'NONE', #4841 ) ;
#1023 = CARTESIAN_POINT ( 'NONE',  ( 10.82894645842791981, 36.97826086956522573, 6.000000000000000000 ) ) ;
#1024 = FACE_OUTER_BOUND ( 'NONE', #3417, .T. ) ;
#1025 = AXIS2_PLACEMENT_3D ( 'NONE', #939, #4800, #3156 ) ;
#1026 = DIRECTION ( 'NONE',  ( 1.000000000000000000, 0.000000000000000000, 0.000000000000000000 ) ) ;
#1027 = EDGE_LOOP ( 'NONE', ( #102, #868, #4363, #866 ) ) ;
#1028 = ORIENTED_EDGE ( 'NONE', *, *, #4974, .T. ) ;
#1029 = DIRECTION ( 'NONE',  ( 0.000000000000000000, -0.000000000000000000, -1.000000000000000000 ) ) ;
#1030 = DIRECTION ( 'NONE',  ( -0.000000000000000000, 0.000000000000000000, 1.000000000000000000 ) ) ;
#1031 = VERTEX_POINT ( 'NONE', #299 ) ;
#1032 = DIRECTION ( 'NONE',  ( -0.000000000000000000, 0.000000000000000000, 1.000000000000000000 ) ) ;
#1033 = CARTESIAN_POINT ( 'NONE',  ( 32.59490367816164280, -10.16271109692697294, 6.000000000000000000 ) ) ;
#1034 = CIRCLE ( 'NONE', #871, 0.5000000000000004441 ) ;
#1035 = ORIENTED_EDGE ( 'NONE', *, *, #1005, .F. ) ;
#1036 = ORIENTED_EDGE ( 'NONE', *, *, #4366, .T. ) ;
#1037 = AXIS2_PLACEMENT_3D ( 'NONE', #3608, #3558, #898 ) ;
#1038 = EDGE_LOOP ( 'NONE', ( #2119, #2189, #3741, #2997 ) ) ;
#1039 = EDGE_CURVE ( 'NONE', #3546, #1652, #4112, .T. ) ;
#1040 = ADVANCED_FACE ( 'NONE', ( #4184 ), #1110, .T. ) ;
#1041 = CARTESIAN_POINT ( 'NONE',  ( 88.81971902818841613, 13.98225016840349255, 6.000000000000000000 ) ) ;
#1042 = CARTESIAN_POINT ( 'NONE',  ( 37.36504225173360538, -37.43199734016572933, 0.000000000000000000 ) ) ;
#1043 = EDGE_CURVE ( 'NONE', #4187, #3731, #2411, .T. ) ;
#1044 = CARTESIAN_POINT ( 'NONE',  ( 2.465312229893498408, -14.79187337936101443, 0.000000000000000000 ) ) ;
#1045 = VECTOR ( 'NONE', #859, 1000.000000000000114 ) ;
#1046 = DIRECTION ( 'NONE',  ( -0.000000000000000000, -0.000000000000000000, 1.000000000000000000 ) ) ;
#1047 = EDGE_LOOP ( 'NONE', ( #849, #2962, #1240, #2073 ) ) ;
#1048 = DIRECTION ( 'NONE',  ( 0.000000000000000000, 0.000000000000000000, 1.000000000000000000 ) ) ;
#1049 = LINE ( 'NONE', #3725, #3867 ) ;
#1050 = ORIENTED_EDGE ( 'NONE', *, *, #1416, .F. ) ;
#1051 = EDGE_CURVE ( 'NONE', #99, #1906, #4009, .T. ) ;
#1052 = ORIENTED_EDGE ( 'NONE', *, *, #2410, .F. ) ;
#1053 = DIRECTION ( 'NONE',  ( 0.000000000000000000, 0.000000000000000000, 1.000000000000000000 ) ) ;
#1054 = AXIS2_PLACEMENT_3D ( 'NONE', #2601, #344, #4554 ) ;
#1055 = CIRCLE ( 'NONE', #3294, 29.22992782986673888 ) ;
#1056 = CARTESIAN_POINT ( 'NONE',  ( 60.55214634447442279, 0.1149736619843810675, -4.000000000000000000 ) ) ;
#1057 = FACE_OUTER_BOUND ( 'NONE', #633, .T. ) ;
#1058 = AXIS2_PLACEMENT_3D ( 'NONE', #3952, #3462, #805 ) ;
#1059 = ORIENTED_EDGE ( 'NONE', *, *, #3465, .F. ) ;
#1060 = AXIS2_PLACEMENT_3D ( 'NONE', #1277, #201, #179 ) ;
#1061 = ORIENTED_EDGE ( 'NONE', *, *, #2936, .T. ) ;
#1062 = DIRECTION ( 'NONE',  ( 0.000000000000000000, 0.000000000000000000, -1.000000000000000000 ) ) ;
#1063 = AXIS2_PLACEMENT_3D ( 'NONE', #668, #3747, #4093 ) ;
#1064 = DIRECTION ( 'NONE',  ( -0.000000000000000000, -0.000000000000000000, 1.000000000000000000 ) ) ;
#1065 = ORIENTED_EDGE ( 'NONE', *, *, #202, .F. ) ;
#1066 = ORIENTED_EDGE ( 'NONE', *, *, #2740, .T. ) ;
#1067 = AXIS2_PLACEMENT_3D ( 'NONE', #96, #2814, #3985 ) ;
#1068 = CARTESIAN_POINT ( 'NONE',  ( 60.55214889042371595, -0.2850263380156188298, 0.000000000000000000 ) ) ;
#1069 = SURFACE_STYLE_USAGE ( .BOTH. , #2184 ) ;
#1070 = CARTESIAN_POINT ( 'NONE',  ( 64.30319817247699632, -9.835551381799724879, -4.000000000000000000 ) ) ;
#1071 = DIRECTION ( 'NONE',  ( -0.000000000000000000, -0.000000000000000000, 1.000000000000000000 ) ) ;
#1072 = CLOSED_SHELL ( 'NONE', ( #4183, #1040, #4709, #2390, #11, #1726, #1637, #4945, #2623, #2123, #1484, #2530, #229, #1490, #1548, #2985, #3023, #4483, #460, #885, #2154, #2957, #551, #2004, #2502, #3586, #2153, #4581, #3692, #4642, #2103, #4326, #578, #1564, #555, #3401, #1491, #2097, #4975, #2330, #1261, #2774, #2476, #1691, #3194, #980, #4799, #1229, #4374, #4243, #2071, #618, #3780, #3402, #2959, #1937, #3517, #2359, #3691, #3823, #2065, #917, #3130, #1080, #1011, #2059, #1450, #3395, #41, #2040, #4677, #2699, #2753, #3681, #3883, #2723, #144, #1401, #1727, #199, #2622, #918, #676, #3734, #1335, #1749, #1635, #1133, #674, #826, #3409, #3903, #2692, #3103, #1605, #553, #1262, #731, #3591, #1659, #2475, #523, #2998, #1938, #6, #987, #4531, #116, #336, #3461, #747, #1304, #4457, #3160, #1514, #2990, #1905, #709, #2198, #3559, #3755, #5, #4393, #4736, #2224, #2899, #3907, #4553, #1540, #774, #1420, #2845, #884, #1174, #2500, #3728, #795, #1939, #802, #3252, #4830, #2544, #4395, #3193, #1534 ) ) ;
#1073 = EDGE_CURVE ( 'NONE', #1587, #1374, #4213, .T. ) ;
#1074 = ORIENTED_EDGE ( 'NONE', *, *, #2539, .T. ) ;
#1075 = EDGE_CURVE ( 'NONE', #321, #4796, #2659, .T. ) ;
#1076 = CARTESIAN_POINT ( 'NONE',  ( 37.59013747180568288, 8.424160513609029621, 0.000000000000000000 ) ) ;
#1077 = DIRECTION ( 'NONE',  ( 1.000000000000000000, 0.000000000000000000, 0.000000000000000000 ) ) ;
#1078 = CARTESIAN_POINT ( 'NONE',  ( 32.60910690608231732, 39.32290607735492927, 6.000000000000000000 ) ) ;
#1079 = ORIENTED_EDGE ( 'NONE', *, *, #3287, .T. ) ;
#1080 = ADVANCED_FACE ( 'NONE', ( #4537 ), #322, .F. ) ;
#1081 = LINE ( 'NONE', #265, #2732 ) ;
#1082 = CARTESIAN_POINT ( 'NONE',  ( 75.71110327857591926, -14.06867657176516317, -4.000000000000000000 ) ) ;
#1083 = EDGE_LOOP ( 'NONE', ( #2074, #3328, #3979, #330 ) ) ;
#1084 = DIRECTION ( 'NONE',  ( 1.000000000000000000, 0.000000000000000000, 0.000000000000000000 ) ) ;
#1085 = DIRECTION ( 'NONE',  ( 1.000000000000000000, 0.000000000000000000, 0.000000000000000000 ) ) ;
#1086 = ORIENTED_EDGE ( 'NONE', *, *, #3248, .F. ) ;
#1087 = ORIENTED_EDGE ( 'NONE', *, *, #3928, .T. ) ;
#1088 = CIRCLE ( 'NONE', #1169, 0.5000000000000004441 ) ;
#1089 = DIRECTION ( 'NONE',  ( -0.000000000000000000, 0.000000000000000000, 1.000000000000000000 ) ) ;
#1090 = CARTESIAN_POINT ( 'NONE',  ( 84.44962683172434481, 9.046496056625096926, -4.000000000000000000 ) ) ;
#1091 = DIRECTION ( 'NONE',  ( -0.000000000000000000, 0.000000000000000000, -1.000000000000000000 ) ) ;
#1092 = DIRECTION ( 'NONE',  ( -0.000000000000000000, -0.000000000000000000, 1.000000000000000000 ) ) ;
#1093 = ORIENTED_EDGE ( 'NONE', *, *, #3460, .T. ) ;
#1094 = CARTESIAN_POINT ( 'NONE',  ( 54.07940938073076609, 6.612246625271847478, 6.000000000000000000 ) ) ;
#1095 = CARTESIAN_POINT ( 'NONE',  ( 38.00000000000000000, 7.829927829866727862, 6.000000000000000000 ) ) ;
#1096 = ORIENTED_EDGE ( 'NONE', *, *, #176, .T. ) ;
#1097 = EDGE_LOOP ( 'NONE', ( #1943, #4827, #2885, #3689 ) ) ;
#1098 = DIRECTION ( 'NONE',  ( 1.000000000000000000, -4.510281037539694659E-14, 0.000000000000000000 ) ) ;
#1099 = EDGE_CURVE ( 'NONE', #2394, #34, #2165, .T. ) ;
#1100 = LINE ( 'NONE', #3308, #3618 ) ;
#1101 = ORIENTED_EDGE ( 'NONE', *, *, #1453, .F. ) ;
#1102 = LINE ( 'NONE', #4931, #1481 ) ;
#1103 = AXIS2_PLACEMENT_3D ( 'NONE', #2294, #1976, #3419 ) ;
#1104 = EDGE_CURVE ( 'NONE', #1663, #1403, #1526, .T. ) ;
#1105 = EDGE_CURVE ( 'NONE', #4033, #1578, #2168, .T. ) ;
#1106 = LINE ( 'NONE', #4271, #1523 ) ;
#1107 = CARTESIAN_POINT ( 'NONE',  ( 59.62031337974367062, -15.50000000000000711, 0.000000000000000000 ) ) ;
#1108 = ORIENTED_EDGE ( 'NONE', *, *, #4026, .F. ) ;
#1109 = VECTOR ( 'NONE', #1062, 1000.000000000000000 ) ;
#1110 = CYLINDRICAL_SURFACE ( 'NONE', #3679, 0.5000000000000004441 ) ;
#1111 = AXIS2_PLACEMENT_3D ( 'NONE', #3587, #4072, #3613 ) ;
#1112 = EDGE_CURVE ( 'NONE', #3405, #3806, #1034, .T. ) ;
#1113 = CARTESIAN_POINT ( 'NONE',  ( 75.23524120961039330, -14.56809359218534894, -4.000000000000000000 ) ) ;
#1114 = VERTEX_POINT ( 'NONE', #3807 ) ;
#1115 = ORIENTED_EDGE ( 'NONE', *, *, #4929, .F. ) ;
#1116 = ORIENTED_EDGE ( 'NONE', *, *, #4463, .T. ) ;
#1117 = CARTESIAN_POINT ( 'NONE',  ( 84.44531327486149053, 10.28083540901460324, -4.000000000000000000 ) ) ;
#1118 = CARTESIAN_POINT ( 'NONE',  ( 57.07275730927118929, 13.61869912971759256, 6.000000000000000000 ) ) ;
#1119 = CARTESIAN_POINT ( 'NONE',  ( 2.500000000000001776, 36.00000000000000711, -9.926209212457735021 ) ) ;
#1120 = DIRECTION ( 'NONE',  ( 0.1643989873053570139, -0.9863939238321437486, 0.000000000000000000 ) ) ;
#1121 = VECTOR ( 'NONE', #4724, 1000.000000000000000 ) ;
#1122 = ORIENTED_EDGE ( 'NONE', *, *, #4832, .T. ) ;
#1123 = DIRECTION ( 'NONE',  ( 1.000000000000000000, 0.000000000000000000, 0.000000000000000000 ) ) ;
#1124 = CARTESIAN_POINT ( 'NONE',  ( 0.5000000000000001110, 10.39999999999999503, 0.000000000000000000 ) ) ;
#1125 = DIRECTION ( 'NONE',  ( -0.000000000000000000, -0.000000000000000000, 1.000000000000000000 ) ) ;
#1126 = ORIENTED_EDGE ( 'NONE', *, *, #78, .T. ) ;
#1127 = CARTESIAN_POINT ( 'NONE',  ( 7.390893093917675571, 0.000000000000000000, 0.000000000000000000 ) ) ;
#1128 = ORIENTED_EDGE ( 'NONE', *, *, #4679, .F. ) ;
#1129 = VECTOR ( 'NONE', #31, 1000.000000000000000 ) ;
#1130 = DIRECTION ( 'NONE',  ( -0.000000000000000000, 0.000000000000000000, 1.000000000000000000 ) ) ;
#1131 =( GEOMETRIC_REPRESENTATION_CONTEXT ( 3 ) GLOBAL_UNCERTAINTY_ASSIGNED_CONTEXT ( ( #2143 ) ) GLOBAL_UNIT_ASSIGNED_CONTEXT ( ( #2014, #3434, #3238 ) ) REPRESENTATION_CONTEXT ( 'NONE', 'WORKASPACE' ) );
#1132 = VERTEX_POINT ( 'NONE', #80 ) ;
#1133 = ADVANCED_FACE ( 'NONE', ( #348 ), #2310, .F. ) ;
#1134 = CIRCLE ( 'NONE', #1866, 13.99999999999999822 ) ;
#1135 = EDGE_CURVE ( 'NONE', #2427, #1538, #4160, .T. ) ;
#1136 = DIRECTION ( 'NONE',  ( 1.000000000000000000, 0.000000000000000000, 0.000000000000000000 ) ) ;
#1137 = DIRECTION ( 'NONE',  ( 1.000000000000000000, 0.000000000000000000, 0.000000000000000000 ) ) ;
#1138 = ORIENTED_EDGE ( 'NONE', *, *, #426, .F. ) ;
#1139 = VECTOR ( 'NONE', #3059, 1000.000000000000000 ) ;
#1140 = ORIENTED_EDGE ( 'NONE', *, *, #1497, .T. ) ;
#1141 = EDGE_CURVE ( 'NONE', #1320, #2730, #3438, .T. ) ;
#1142 = ORIENTED_EDGE ( 'NONE', *, *, #419, .T. ) ;
#1143 = CARTESIAN_POINT ( 'NONE',  ( 32.94596452769482653, -9.306247161040921867, 6.000000000000000000 ) ) ;
#1144 = COLOUR_RGB ( '',0.7921568627450980005, 0.8196078431372548767, 0.9333333333333333481 ) ;
#1145 = CARTESIAN_POINT ( 'NONE',  ( 85.13493977459155815, 10.29748953269479017, 6.000000000000000000 ) ) ;
#1146 = LINE ( 'NONE', #790, #3965 ) ;
#1147 = CARTESIAN_POINT ( 'NONE',  ( 88.85024120961040239, -15.50000000000000711, -4.000000000000000000 ) ) ;
#1148 = VECTOR ( 'NONE', #1713, 1000.000000000000000 ) ;
#1149 = VERTEX_POINT ( 'NONE', #2685 ) ;
#1150 = CARTESIAN_POINT ( 'NONE',  ( 84.78138727719188239, 10.65104381647940457, 6.000000000000000000 ) ) ;
#1151 = DIRECTION ( 'NONE',  ( 1.000000000000000000, 0.000000000000000000, 0.000000000000000000 ) ) ;
#1152 = ORIENTED_EDGE ( 'NONE', *, *, #767, .F. ) ;
#1153 = ORIENTED_EDGE ( 'NONE', *, *, #4976, .T. ) ;
#1154 = DIRECTION ( 'NONE',  ( -1.000000000000000000, -2.911840083380578691E-16, 0.000000000000000000 ) ) ;
#1155 = DIRECTION ( 'NONE',  ( 1.000000000000000000, 0.000000000000000000, 0.000000000000000000 ) ) ;
#1156 = CARTESIAN_POINT ( 'NONE',  ( 62.14985946672261719, 15.71456088751147284, 6.000000000000000000 ) ) ;
#1157 = EDGE_LOOP ( 'NONE', ( #1183, #2233, #2868, #3646 ) ) ;
#1158 = DIRECTION ( 'NONE',  ( -0.000000000000000000, -0.000000000000000000, 1.000000000000000000 ) ) ;
#1159 = EDGE_CURVE ( 'NONE', #511, #55, #1366, .T. ) ;
#1160 = DIRECTION ( 'NONE',  ( 1.000000000000000000, 2.775557561562888827E-14, 0.000000000000000000 ) ) ;
#1161 = ORIENTED_EDGE ( 'NONE', *, *, #3877, .F. ) ;
#1162 = DIRECTION ( 'NONE',  ( 0.7993042959343554799, -0.6009264867692921674, 0.000000000000000000 ) ) ;
#1163 = EDGE_CURVE ( 'NONE', #1132, #4139, #1541, .T. ) ;
#1164 = CYLINDRICAL_SURFACE ( 'NONE', #1720, 0.5000000000000000000 ) ;
#1165 = DIRECTION ( 'NONE',  ( 1.000000000000000000, 0.000000000000000000, 0.000000000000000000 ) ) ;
#1166 = DIRECTION ( 'NONE',  ( 1.000000000000000000, 0.000000000000000000, 0.000000000000000000 ) ) ;
#1167 = EDGE_CURVE ( 'NONE', #4126, #3966, #3282, .T. ) ;
#1168 = ORIENTED_EDGE ( 'NONE', *, *, #1365, .F. ) ;
#1169 = AXIS2_PLACEMENT_3D ( 'NONE', #913, #1703, #121 ) ;
#1170 = DIRECTION ( 'NONE',  ( 1.000000000000000000, 0.000000000000000000, 0.000000000000000000 ) ) ;
#1171 = CARTESIAN_POINT ( 'NONE',  ( 32.60910690608231732, 39.32290607735492927, 0.000000000000000000 ) ) ;
#1172 = DIRECTION ( 'NONE',  ( 2.911840083380578691E-16, -1.000000000000000000, 0.000000000000000000 ) ) ;
#1173 = CIRCLE ( 'NONE', #4950, 0.5000000000000000000 ) ;
#1174 = ADVANCED_FACE ( 'NONE', ( #3924 ), #469, .T. ) ;
#1175 = CARTESIAN_POINT ( 'NONE',  ( 62.44676782700865658, 16.80652216361119855, -4.000000000000000000 ) ) ;
#1176 = AXIS2_PLACEMENT_3D ( 'NONE', #63, #1296, #119 ) ;
#1177 = AXIS2_PLACEMENT_3D ( 'NONE', #4625, #751, #2006 ) ;
#1178 = DIRECTION ( 'NONE',  ( -1.000000000000000000, 0.000000000000000000, 0.000000000000000000 ) ) ;
#1179 = VERTEX_POINT ( 'NONE', #4702 ) ;
#1180 = VECTOR ( 'NONE', #4964, 1000.000000000000000 ) ;
#1181 = CARTESIAN_POINT ( 'NONE',  ( 63.41989581808974208, 13.56271003762566529, 6.000000000000000000 ) ) ;
#1182 = DIRECTION ( 'NONE',  ( -0.000000000000000000, -0.000000000000000000, -1.000000000000000000 ) ) ;
#1183 = ORIENTED_EDGE ( 'NONE', *, *, #105, .T. ) ;
#1184 = ORIENTED_EDGE ( 'NONE', *, *, #2802, .F. ) ;
#1185 = VECTOR ( 'NONE', #4140, 1000.000000000000000 ) ;
#1186 = ORIENTED_EDGE ( 'NONE', *, *, #1887, .F. ) ;
#1187 = CARTESIAN_POINT ( 'NONE',  ( 41.99999999999999289, 11.82992782986672786, 0.000000000000000000 ) ) ;
#1188 = DIRECTION ( 'NONE',  ( 0.000000000000000000, -0.000000000000000000, -1.000000000000000000 ) ) ;
#1189 = DIRECTION ( 'NONE',  ( -0.000000000000000000, -0.000000000000000000, -1.000000000000000000 ) ) ;
#1190 = CARTESIAN_POINT ( 'NONE',  ( 89.48565017400510158, -10.69877191953679940, -4.000000000000000000 ) ) ;
#1191 = ORIENTED_EDGE ( 'NONE', *, *, #3375, .T. ) ;
#1192 = VERTEX_POINT ( 'NONE', #1255 ) ;
#1193 = EDGE_CURVE ( 'NONE', #341, #1500, #218, .T. ) ;
#1194 = EDGE_CURVE ( 'NONE', #3881, #991, #2338, .T. ) ;
#1195 = EDGE_CURVE ( 'NONE', #762, #403, #3599, .T. ) ;
#1196 = DIRECTION ( 'NONE',  ( -0.000000000000000000, 0.000000000000000000, 1.000000000000000000 ) ) ;
#1197 = CARTESIAN_POINT ( 'NONE',  ( 91.77279868138852237, -11.26704500639637274, -4.000000000000000000 ) ) ;
#1198 = ORIENTED_EDGE ( 'NONE', *, *, #324, .T. ) ;
#1199 = LINE ( 'NONE', #775, #983 ) ;
#1200 = CARTESIAN_POINT ( 'NONE',  ( 38.00103198849287622, 7.920783996100897006, 6.000000000000000000 ) ) ;
#1201 = AXIS2_PLACEMENT_3D ( 'NONE', #1339, #2479, #552 ) ;
#1202 = FACE_OUTER_BOUND ( 'NONE', #723, .T. ) ;
#1203 = VERTEX_POINT ( 'NONE', #3695 ) ;
#1204 = CIRCLE ( 'NONE', #221, 0.5000000000000004441 ) ;
#1205 = EDGE_CURVE ( 'NONE', #34, #2303, #974, .T. ) ;
#1206 = CARTESIAN_POINT ( 'NONE',  ( 75.03524120961040467, -0.08500000000000867972, 0.000000000000000000 ) ) ;
#1207 = ORIENTED_EDGE ( 'NONE', *, *, #1692, .F. ) ;
#1208 = VECTOR ( 'NONE', #3065, 1000.000000000000000 ) ;
#1209 = LINE ( 'NONE', #2459, #3909 ) ;
#1210 = AXIS2_PLACEMENT_3D ( 'NONE', #1636, #4997, #3162 ) ;
#1211 = DIRECTION ( 'NONE',  ( -0.000000000000000000, -0.000000000000000000, 1.000000000000000000 ) ) ;
#1212 = VECTOR ( 'NONE', #3501, 1000.000000000000114 ) ;
#1213 = ORIENTED_EDGE ( 'NONE', *, *, #3850, .T. ) ;
#1214 = EDGE_LOOP ( 'NONE', ( #1427, #198, #4503, #3120 ) ) ;
#1215 = DIRECTION ( 'NONE',  ( 1.000000000000000000, 0.000000000000000000, 0.000000000000000000 ) ) ;
#1216 = AXIS2_PLACEMENT_3D ( 'NONE', #4404, #2100, #1744 ) ;
#1217 = CARTESIAN_POINT ( 'NONE',  ( 65.57189519156518998, 10.23222259829396030, 0.000000000000000000 ) ) ;
#1218 = DIRECTION ( 'NONE',  ( -0.9840389934577211672, 0.1779529695023798763, 0.000000000000000000 ) ) ;
#1219 = CIRCLE ( 'NONE', #4032, 4.000000000000003553 ) ;
#1220 = DIRECTION ( 'NONE',  ( 1.000000000000000000, 0.000000000000000000, 0.000000000000000000 ) ) ;
#1221 = ORIENTED_EDGE ( 'NONE', *, *, #1816, .F. ) ;
#1222 = ORIENTED_EDGE ( 'NONE', *, *, #2539, .F. ) ;
#1223 = VECTOR ( 'NONE', #3387, 1000.000000000000000 ) ;
#1224 = CARTESIAN_POINT ( 'NONE',  ( 6.940588291844330904, 9.999999999999994671, 0.000000000000000000 ) ) ;
#1225 = CARTESIAN_POINT ( 'NONE',  ( 59.62031337974367062, -15.50000000000000711, 6.000000000000000000 ) ) ;
#1226 = VERTEX_POINT ( 'NONE', #4448 ) ;
#1227 = DIRECTION ( 'NONE',  ( -0.000000000000000000, 0.000000000000000000, 1.000000000000000000 ) ) ;
#1228 = VECTOR ( 'NONE', #640, 1000.000000000000114 ) ;
#1229 = ADVANCED_FACE ( 'NONE', ( #4783 ), #3585, .F. ) ;
#1230 = CARTESIAN_POINT ( 'NONE',  ( 88.85024120961040239, -15.50000000000000711, 0.000000000000000000 ) ) ;
#1231 = VECTOR ( 'NONE', #103, 1000.000000000000000 ) ;
#1232 = EDGE_CURVE ( 'NONE', #634, #422, #1688, .T. ) ;
#1233 = CARTESIAN_POINT ( 'NONE',  ( 53.04690378038023368, 0.6312521192398312664, 0.000000000000000000 ) ) ;
#1234 = EDGE_CURVE ( 'NONE', #2958, #1665, #3285, .T. ) ;
#1235 = FACE_OUTER_BOUND ( 'NONE', #1047, .T. ) ;
#1236 = EDGE_LOOP ( 'NONE', ( #1868, #242, #678, #4845 ) ) ;
#1237 = FACE_OUTER_BOUND ( 'NONE', #1820, .T. ) ;
#1238 = DIRECTION ( 'NONE',  ( 0.000000000000000000, 0.000000000000000000, -1.000000000000000000 ) ) ;
#1239 = ORIENTED_EDGE ( 'NONE', *, *, #2000, .F. ) ;
#1240 = ORIENTED_EDGE ( 'NONE', *, *, #3014, .F. ) ;
#1241 = ORIENTED_EDGE ( 'NONE', *, *, #3726, .F. ) ;
#1242 = DIRECTION ( 'NONE',  ( 1.000000000000000000, 0.000000000000000000, 0.000000000000000000 ) ) ;
#1243 = CARTESIAN_POINT ( 'NONE',  ( 64.67326862203331928, -9.499325472082496447, 6.000000000000000000 ) ) ;
#1244 = DIRECTION ( 'NONE',  ( -0.000000000000000000, -0.000000000000000000, 1.000000000000000000 ) ) ;
#1245 = DIRECTION ( 'NONE',  ( -0.000000000000000000, 0.000000000000000000, 1.000000000000000000 ) ) ;
#1246 = ORIENTED_EDGE ( 'NONE', *, *, #2840, .T. ) ;
#1247 = LINE ( 'NONE', #4367, #4640 ) ;
#1248 = LINE ( 'NONE', #4970, #1940 ) ;
#1249 = DIRECTION ( 'NONE',  ( 1.000000000000000000, 0.000000000000000000, 0.000000000000000000 ) ) ;
#1250 = CARTESIAN_POINT ( 'NONE',  ( 59.62031337974367062, -15.50000000000000711, 0.000000000000000000 ) ) ;
#1251 = AXIS2_PLACEMENT_3D ( 'NONE', #3938, #3891, #814 ) ;
#1252 = DIRECTION ( 'NONE',  ( 1.000000000000000000, 0.000000000000000000, 0.000000000000000000 ) ) ;
#1253 = ORIENTED_EDGE ( 'NONE', *, *, #4419, .F. ) ;
#1254 = CIRCLE ( 'NONE', #1899, 0.5000000000000004441 ) ;
#1255 = CARTESIAN_POINT ( 'NONE',  ( 88.48375983975381587, -10.44597403052565454, 0.000000000000000000 ) ) ;
#1256 = EDGE_CURVE ( 'NONE', #2239, #1975, #4016, .T. ) ;
#1257 = ORIENTED_EDGE ( 'NONE', *, *, #4770, .T. ) ;
#1258 = CARTESIAN_POINT ( 'NONE',  ( 6.940588291844330904, 9.499999999999994671, 6.000000000000000000 ) ) ;
#1259 = ORIENTED_EDGE ( 'NONE', *, *, #294, .T. ) ;
#1260 = CIRCLE ( 'NONE', #2951, 1.600000000000004086 ) ;
#1261 = ADVANCED_FACE ( 'NONE', ( #947 ), #926, .F. ) ;
#1262 = ADVANCED_FACE ( 'NONE', ( #598 ), #4808, .T. ) ;
#1263 = FACE_OUTER_BOUND ( 'NONE', #2678, .T. ) ;
#1264 = AXIS2_PLACEMENT_3D ( 'NONE', #1355, #3179, #4777 ) ;
#1265 = DIRECTION ( 'NONE',  ( -0.000000000000000000, 0.000000000000000000, 1.000000000000000000 ) ) ;
#1266 = ORIENTED_EDGE ( 'NONE', *, *, #3364, .T. ) ;
#1267 = VERTEX_POINT ( 'NONE', #998 ) ;
#1268 = CARTESIAN_POINT ( 'NONE',  ( 91.76568051412537841, 13.95580200546907612, 6.000000000000000000 ) ) ;
#1269 = VECTOR ( 'NONE', #4464, 1000.000000000000000 ) ;
#1270 = EDGE_CURVE ( 'NONE', #990, #658, #965, .T. ) ;
#1271 = CARTESIAN_POINT ( 'NONE',  ( 88.96616653078872616, 14.33580445218809984, 6.000000000000000000 ) ) ;
#1272 = DIRECTION ( 'NONE',  ( 0.000000000000000000, -0.000000000000000000, -1.000000000000000000 ) ) ;
#1273 = CARTESIAN_POINT ( 'NONE',  ( 74.35937914064487586, -14.06867657176516140, -4.000000000000000000 ) ) ;
#1274 = ORIENTED_EDGE ( 'NONE', *, *, #1627, .T. ) ;
#1275 = CIRCLE ( 'NONE', #3846, 2.000000000000000000 ) ;
#1276 = DIRECTION ( 'NONE',  ( -1.000000000000000000, 0.000000000000000000, 0.000000000000000000 ) ) ;
#1277 = CARTESIAN_POINT ( 'NONE',  ( 9.999999999999998224, -10.00000000000000178, -4.000000000000000000 ) ) ;
#1278 = ORIENTED_EDGE ( 'NONE', *, *, #2840, .F. ) ;
#1279 = CARTESIAN_POINT ( 'NONE',  ( 32.59490367816164280, -10.16271109692697294, 0.000000000000000000 ) ) ;
#1280 = DIRECTION ( 'NONE',  ( -0.000000000000000000, -0.000000000000000000, -1.000000000000000000 ) ) ;
#1281 = DIRECTION ( 'NONE',  ( 1.000000000000000000, 0.000000000000000000, 0.000000000000000000 ) ) ;
#1282 = AXIS2_PLACEMENT_3D ( 'NONE', #1871, #3051, #1136 ) ;
#1283 = VERTEX_POINT ( 'NONE', #2137 ) ;
#1284 = FACE_OUTER_BOUND ( 'NONE', #3343, .T. ) ;
#1285 = VECTOR ( 'NONE', #2794, 1000.000000000000000 ) ;
#1286 = ORIENTED_EDGE ( 'NONE', *, *, #3879, .T. ) ;
#1287 = AXIS2_PLACEMENT_3D ( 'NONE', #1598, #838, #2003 ) ;
#1288 = CIRCLE ( 'NONE', #3859, 0.5000000000000004441 ) ;
#1289 = CYLINDRICAL_SURFACE ( 'NONE', #3497, 13.99999999999999822 ) ;
#1290 = EDGE_CURVE ( 'NONE', #2291, #712, #1614, .T. ) ;
#1291 = DIRECTION ( 'NONE',  ( 1.000000000000000000, 0.000000000000000000, 0.000000000000000000 ) ) ;
#1292 = EDGE_LOOP ( 'NONE', ( #1115, #3008, #4478, #4015 ) ) ;
#1293 = EDGE_CURVE ( 'NONE', #1663, #2462, #903, .T. ) ;
#1294 = ORIENTED_EDGE ( 'NONE', *, *, #1043, .F. ) ;
#1295 = CIRCLE ( 'NONE', #2429, 0.5000000000000004441 ) ;
#1296 = DIRECTION ( 'NONE',  ( -0.000000000000000000, -0.000000000000000000, 1.000000000000000000 ) ) ;
#1297 = ORIENTED_EDGE ( 'NONE', *, *, #3338, .T. ) ;
#1298 = DIRECTION ( 'NONE',  ( 1.000000000000000000, 0.000000000000000000, 0.000000000000000000 ) ) ;
#1299 = DIRECTION ( 'NONE',  ( 0.9840389934577211672, -0.1779529695023797098, 0.000000000000000000 ) ) ;
#1300 = CARTESIAN_POINT ( 'NONE',  ( 7.914947855045721958, 40.51676945326443047, 0.000000000000000000 ) ) ;
#1301 = DIRECTION ( 'NONE',  ( 1.000000000000000000, 0.000000000000000000, 0.000000000000000000 ) ) ;
#1302 = EDGE_LOOP ( 'NONE', ( #2673, #3786, #3362, #2973 ) ) ;
#1303 = ORIENTED_EDGE ( 'NONE', *, *, #4882, .F. ) ;
#1304 = ADVANCED_FACE ( 'NONE', ( #1716 ), #2455, .T. ) ;
#1305 = VECTOR ( 'NONE', #755, 1000.000000000000000 ) ;
#1306 = AXIS2_PLACEMENT_3D ( 'NONE', #167, #4837, #1291 ) ;
#1307 = LINE ( 'NONE', #3553, #2639 ) ;
#1308 = DIRECTION ( 'NONE',  ( -0.000000000000000000, 0.000000000000000000, -1.000000000000000000 ) ) ;
#1309 = ORIENTED_EDGE ( 'NONE', *, *, #3047, .F. ) ;
#1310 = CARTESIAN_POINT ( 'NONE',  ( 53.54664043789694006, -0.2850263380156193849, 0.000000000000000000 ) ) ;
#1311 = CARTESIAN_POINT ( 'NONE',  ( 64.94032048869797791, -10.47122308019298664, 6.000000000000000000 ) ) ;
#1312 = ORIENTED_EDGE ( 'NONE', *, *, #1104, .F. ) ;
#1313 = SHAPE_DEFINITION_REPRESENTATION ( #1595, #4435 ) ;
#1314 = CARTESIAN_POINT ( 'NONE',  ( 0.03299604051546986550, 20.08626554107915752, 6.000000000000000000 ) ) ;
#1315 = DIRECTION ( 'NONE',  ( 0.000000000000000000, 0.000000000000000000, 1.000000000000000000 ) ) ;
#1316 = VECTOR ( 'NONE', #4195, 1000.000000000000000 ) ;
#1317 = ORIENTED_EDGE ( 'NONE', *, *, #4245, .F. ) ;
#1318 = DIRECTION ( 'NONE',  ( -0.000000000000000000, -0.000000000000000000, 1.000000000000000000 ) ) ;
#1319 = VECTOR ( 'NONE', #1860, 1000.000000000000000 ) ;
#1320 = VERTEX_POINT ( 'NONE', #3260 ) ;
#1321 = CARTESIAN_POINT ( 'NONE',  ( 41.99999999999999289, -8.000000000000000000, 6.000000000000000000 ) ) ;
#1322 = ORIENTED_EDGE ( 'NONE', *, *, #2897, .T. ) ;
#1323 = CARTESIAN_POINT ( 'NONE',  ( 84.44531327486149053, 10.28083540901460324, 0.000000000000000000 ) ) ;
#1324 = ORIENTED_EDGE ( 'NONE', *, *, #2448, .F. ) ;
#1325 = LINE ( 'NONE', #3548, #4207 ) ;
#1326 = EDGE_CURVE ( 'NONE', #2932, #1733, #4420, .T. ) ;
#1327 = LINE ( 'NONE', #3709, #281 ) ;
#1328 = CARTESIAN_POINT ( 'NONE',  ( 60.31069678868374240, -14.05661136603467654, 0.000000000000000000 ) ) ;
#1329 = VERTEX_POINT ( 'NONE', #1759 ) ;
#1330 = EDGE_LOOP ( 'NONE', ( #546, #472, #630, #2733 ) ) ;
#1331 = EDGE_CURVE ( 'NONE', #602, #3353, #2898, .T. ) ;
#1332 = DIRECTION ( 'NONE',  ( 0.000000000000000000, -0.000000000000000000, -1.000000000000000000 ) ) ;
#1333 = CARTESIAN_POINT ( 'NONE',  ( 6.890893093917676460, 37.41145303867747174, 0.000000000000000000 ) ) ;
#1334 = EDGE_LOOP ( 'NONE', ( #3992, #3516, #385, #1303 ) ) ;
#1335 = ADVANCED_FACE ( 'NONE', ( #2924 ), #2551, .F. ) ;
#1336 = ORIENTED_EDGE ( 'NONE', *, *, #953, .F. ) ;
#1337 = DIRECTION ( 'NONE',  ( -0.000000000000000000, 0.000000000000000000, 1.000000000000000000 ) ) ;
#1338 = FACE_OUTER_BOUND ( 'NONE', #4432, .T. ) ;
#1339 = CARTESIAN_POINT ( 'NONE',  ( 50.26925813911628893, 7.829927829866729638, 0.000000000000000000 ) ) ;
#1340 = EDGE_CURVE ( 'NONE', #1975, #3473, #1412, .T. ) ;
#1341 = DIRECTION ( 'NONE',  ( -0.000000000000000000, 0.000000000000000000, -1.000000000000000000 ) ) ;
#1342 = CIRCLE ( 'NONE', #2139, 32.42992782986674882 ) ;
#1343 = DIRECTION ( 'NONE',  ( -1.000000000000000000, 0.000000000000000000, 0.000000000000000000 ) ) ;
#1344 = CARTESIAN_POINT ( 'NONE',  ( 75.73524120961039330, -20.00000000000000000, 6.000000000000000000 ) ) ;
#1345 = PRODUCT_DEFINITION_CONTEXT ( 'detailed design', #4418, 'design' ) ;
#1346 = ORIENTED_EDGE ( 'NONE', *, *, #4491, .T. ) ;
#1347 = VERTEX_POINT ( 'NONE', #3306 ) ;
#1348 = LINE ( 'NONE', #4406, #47 ) ;
#1349 = VECTOR ( 'NONE', #2374, 1000.000000000000000 ) ;
#1350 = CARTESIAN_POINT ( 'NONE',  ( 64.30319817247699632, -9.835551381799724879, 0.000000000000000000 ) ) ;
#1351 = CARTESIAN_POINT ( 'NONE',  ( 2.500000000000001776, 36.00000000000000711, 0.000000000000000000 ) ) ;
#1352 = ORIENTED_EDGE ( 'NONE', *, *, #1786, .F. ) ;
#1353 = EDGE_LOOP ( 'NONE', ( #3071, #3887, #301, #1511 ) ) ;
#1354 = AXIS2_PLACEMENT_3D ( 'NONE', #2734, #4260, #4620 ) ;
#1355 = CARTESIAN_POINT ( 'NONE',  ( 90.18648690319045613, -11.47588691394845739, 0.000000000000000000 ) ) ;
#1356 = CARTESIAN_POINT ( 'NONE',  ( 61.22031337974367204, -15.50000000000000711, 6.000000000000000000 ) ) ;
#1357 = ORIENTED_EDGE ( 'NONE', *, *, #3256, .F. ) ;
#1358 = CARTESIAN_POINT ( 'NONE',  ( 61.05156586694739218, -0.7608874987737014317, -4.000000000000000000 ) ) ;
#1359 = FACE_OUTER_BOUND ( 'NONE', #2290, .T. ) ;
#1360 = VECTOR ( 'NONE', #1162, 1000.000000000000114 ) ;
#1361 = EDGE_CURVE ( 'NONE', #3764, #388, #1295, .T. ) ;
#1362 = DIRECTION ( 'NONE',  ( 1.000000000000000000, 0.000000000000000000, 0.000000000000000000 ) ) ;
#1363 = CARTESIAN_POINT ( 'NONE',  ( 7.434041793159761546, 9.580645161290318512, 6.000000000000000000 ) ) ;
#1364 = VECTOR ( 'NONE', #2118, 1000.000000000000000 ) ;
#1365 = EDGE_CURVE ( 'NONE', #3888, #399, #1706, .T. ) ;
#1366 = CIRCLE ( 'NONE', #1843, 4.000000000000003553 ) ;
#1367 = DIRECTION ( 'NONE',  ( 1.000000000000000000, -0.000000000000000000, 0.000000000000000000 ) ) ;
#1368 = VECTOR ( 'NONE', #1528, 1000.000000000000114 ) ;
#1369 = DIRECTION ( 'NONE',  ( -0.000000000000000000, -0.000000000000000000, 1.000000000000000000 ) ) ;
#1370 = ORIENTED_EDGE ( 'NONE', *, *, #2876, .F. ) ;
#1371 = ORIENTED_EDGE ( 'NONE', *, *, #1758, .T. ) ;
#1372 = FACE_OUTER_BOUND ( 'NONE', #1918, .T. ) ;
#1373 = DIRECTION ( 'NONE',  ( 1.000000000000000000, 0.000000000000000000, 0.000000000000000000 ) ) ;
#1374 = VERTEX_POINT ( 'NONE', #1835 ) ;
#1375 = ORIENTED_EDGE ( 'NONE', *, *, #264, .T. ) ;
#1376 = AXIS2_PLACEMENT_3D ( 'NONE', #2826, #4346, #3185 ) ;
#1377 = DIRECTION ( 'NONE',  ( 0.000000000000000000, 0.000000000000000000, -1.000000000000000000 ) ) ;
#1378 = DIRECTION ( 'NONE',  ( -0.000000000000000000, 0.000000000000000000, 1.000000000000000000 ) ) ;
#1379 = CARTESIAN_POINT ( 'NONE',  ( 87.99517105302770403, 15.46572339548547426, -4.000000000000000000 ) ) ;
#1380 = CIRCLE ( 'NONE', #4670, 29.22992782986673888 ) ;
#1381 = CARTESIAN_POINT ( 'NONE',  ( 2.000000000000001776, 36.91145303867746463, 6.000000000000000000 ) ) ;
#1382 = AXIS2_PLACEMENT_3D ( 'NONE', #725, #232, #3730 ) ;
#1383 = ORIENTED_EDGE ( 'NONE', *, *, #4273, .F. ) ;
#1384 = PRESENTATION_LAYER_ASSIGNMENT (  '', '', ( #1790 ) ) ;
#1385 = EDGE_CURVE ( 'NONE', #399, #1626, #728, .T. ) ;
#1386 = DIRECTION ( 'NONE',  ( 0.000000000000000000, -1.000000000000000000, 0.000000000000000000 ) ) ;
#1387 = AXIS2_PLACEMENT_3D ( 'NONE', #189, #2484, #1722 ) ;
#1388 = DIRECTION ( 'NONE',  ( 1.000000000000000000, 0.000000000000000000, 0.000000000000000000 ) ) ;
#1389 = CIRCLE ( 'NONE', #2195, 0.5000000000000004441 ) ;
#1390 = EDGE_CURVE ( 'NONE', #191, #829, #1049, .T. ) ;
#1391 = VECTOR ( 'NONE', #1925, 1000.000000000000000 ) ;
#1392 = EDGE_CURVE ( 'NONE', #1910, #2851, #1438, .T. ) ;
#1393 = DIRECTION ( 'NONE',  ( -0.000000000000000000, -0.000000000000000000, 1.000000000000000000 ) ) ;
#1394 = CIRCLE ( 'NONE', #2847, 32.42992782986669198 ) ;
#1395 = DIRECTION ( 'NONE',  ( -0.000000000000000000, -0.000000000000000000, -1.000000000000000000 ) ) ;
#1396 = ORIENTED_EDGE ( 'NONE', *, *, #1785, .T. ) ;
#1397 = ORIENTED_EDGE ( 'NONE', *, *, #2602, .F. ) ;
#1398 = VECTOR ( 'NONE', #4443, 1000.000000000000000 ) ;
#1399 = ORIENTED_EDGE ( 'NONE', *, *, #2689, .F. ) ;
#1400 = CARTESIAN_POINT ( 'NONE',  ( 0.000000000000000000, -20.00000000000000000, 0.000000000000000000 ) ) ;
#1401 = ADVANCED_FACE ( 'NONE', ( #311 ), #2968, .F. ) ;
#1402 = CARTESIAN_POINT ( 'NONE',  ( 90.58603677522916087, 12.87485767328405650, 0.000000000000000000 ) ) ;
#1403 = VERTEX_POINT ( 'NONE', #4496 ) ;
#1404 = VERTEX_POINT ( 'NONE', #2222 ) ;
#1405 = CARTESIAN_POINT ( 'NONE',  ( 31.04223799036921605, 9.608278383400305600, 6.000000000000000000 ) ) ;
#1406 = CARTESIAN_POINT ( 'NONE',  ( 74.83524120961040182, -14.56809359218534716, -4.000000000000000000 ) ) ;
#1407 = ORIENTED_EDGE ( 'NONE', *, *, #1817, .T. ) ;
#1408 = DIRECTION ( 'NONE',  ( 0.000000000000000000, -0.000000000000000000, -1.000000000000000000 ) ) ;
#1409 = CARTESIAN_POINT ( 'NONE',  ( 53.54664043789694006, -0.7850263380156192738, -4.000000000000000000 ) ) ;
#1410 = ORIENTED_EDGE ( 'NONE', *, *, #1340, .T. ) ;
#1411 = DIRECTION ( 'NONE',  ( -0.000000000000000000, 0.000000000000000000, 1.000000000000000000 ) ) ;
#1412 = LINE ( 'NONE', #4150, #882 ) ;
#1413 = CARTESIAN_POINT ( 'NONE',  ( 85.40112416438340404, 9.325019690093446556, 0.000000000000000000 ) ) ;
#1414 = CARTESIAN_POINT ( 'NONE',  ( 32.40186744790631934, -9.004493715395035736, 0.000000000000000000 ) ) ;
#1415 = CARTESIAN_POINT ( 'NONE',  ( 74.33524120961040182, -14.56809359218534716, 6.000000000000000000 ) ) ;
#1416 = EDGE_CURVE ( 'NONE', #2174, #2394, #3773, .T. ) ;
#1417 = ORIENTED_EDGE ( 'NONE', *, *, #3660, .F. ) ;
#1418 = EDGE_CURVE ( 'NONE', #3941, #1663, #2274, .T. ) ;
#1419 = ORIENTED_EDGE ( 'NONE', *, *, #2319, .T. ) ;
#1420 = ADVANCED_FACE ( 'NONE', ( #1861 ), #1783, .T. ) ;
#1421 = ORIENTED_EDGE ( 'NONE', *, *, #4832, .F. ) ;
#1422 = CARTESIAN_POINT ( 'NONE',  ( 65.62947738846715140, -10.45474478667980200, -4.000000000000000000 ) ) ;
#1423 = ORIENTED_EDGE ( 'NONE', *, *, #2905, .F. ) ;
#1424 = CIRCLE ( 'NONE', #2714, 0.5000000000000004441 ) ;
#1425 = CARTESIAN_POINT ( 'NONE',  ( 2.500000000000001776, 34.50000000000000000, 6.000000000000000000 ) ) ;
#1426 = EDGE_LOOP ( 'NONE', ( #1567, #4376, #2057, #2112, #1989, #3319, #123, #3645, #4198, #663, #2, #172, #4636, #3845, #3833, #3648, #3054, #292, #687, #351, #1862, #4289, #2572, #370, #985, #4143, #2271, #2634, #247, #584, #4138, #2435, #3796, #2437, #4055, #2300, #4159, #192, #3800, #61, #1126, #3344, #3858, #3019, #2626, #2514, #2325, #4583, #1837, #834, #2708, #1371, #1061, #1079, #750, #1213, #2706, #1836, #4041, #175, #845, #3571, #4297, #1013, #3342, #3188, #1153, #930, #2953, #2844, #141, #1259, #2890, #3982, #3972, #764, #1904, #4389, #2665, #611, #475, #3380, #1803, #2921, #2636, #2609, #792, #1809, #932, #4818, #2008, #2524, #1407, #1274, #1396, #2181, #3197, #3983, #254, #3400, #2458, #241, #3989, #619, #3685, #4206, #4485, #304, #2487, #1198, #1876, #2891, #3190, #4218, #2126, #1336, #2969, #3154, #3595, #505, #4252, #25, #3093, #1142, #1796, #1458, #2067, #180, #2108, #3706, #3100, #4304, #268, #1802, #1641, #2485, #491, #2009, #3205, #4212, #586, #693, #2362 ) ) ;
#1427 = ORIENTED_EDGE ( 'NONE', *, *, #1167, .T. ) ;
#1428 = AXIS2_PLACEMENT_3D ( 'NONE', #4538, #1451, #3763 ) ;
#1429 = EDGE_CURVE ( 'NONE', #1897, #3644, #1380, .T. ) ;
#1430 = DIRECTION ( 'NONE',  ( 1.000000000000000000, 0.000000000000000000, 0.000000000000000000 ) ) ;
#1431 = CIRCLE ( 'NONE', #1264, 1.599999999999976552 ) ;
#1432 = CARTESIAN_POINT ( 'NONE',  ( 2.500000000000001776, 35.50000000000000711, 0.000000000000000000 ) ) ;
#1433 = ORIENTED_EDGE ( 'NONE', *, *, #2535, .T. ) ;
#1434 = CARTESIAN_POINT ( 'NONE',  ( 6.940588291844330904, 9.499999999999994671, 0.000000000000000000 ) ) ;
#1435 = DIRECTION ( 'NONE',  ( 1.000000000000000000, 3.469446951953611033E-15, 0.000000000000000000 ) ) ;
#1436 = VERTEX_POINT ( 'NONE', #1124 ) ;
#1437 = CARTESIAN_POINT ( 'NONE',  ( 90.58603677522916087, 12.87485767328405650, -4.000000000000000000 ) ) ;
#1438 = LINE ( 'NONE', #2946, #971 ) ;
#1439 = CIRCLE ( 'NONE', #2070, 1.600000000000004086 ) ;
#1440 = EDGE_LOOP ( 'NONE', ( #3392, #3779, #2081, #2989 ) ) ;
#1441 = LINE ( 'NONE', #4499, #4118 ) ;
#1442 = ORIENTED_EDGE ( 'NONE', *, *, #1361, .T. ) ;
#1443 = ORIENTED_EDGE ( 'NONE', *, *, #3811, .F. ) ;
#1444 = CARTESIAN_POINT ( 'NONE',  ( 89.02459367784616973, -9.726600164184736386, -4.000000000000000000 ) ) ;
#1445 = DIRECTION ( 'NONE',  ( -0.000000000000000000, 0.000000000000000000, 1.000000000000000000 ) ) ;
#1446 = VERTEX_POINT ( 'NONE', #4928 ) ;
#1447 = VECTOR ( 'NONE', #132, 1000.000000000000000 ) ;
#1448 = ORIENTED_EDGE ( 'NONE', *, *, #889, .F. ) ;
#1449 = DIRECTION ( 'NONE',  ( -0.000000000000000000, 0.000000000000000000, 1.000000000000000000 ) ) ;
#1450 = ADVANCED_FACE ( 'NONE', ( #1024 ), #2996, .T. ) ;
#1451 = DIRECTION ( 'NONE',  ( -0.000000000000000000, -0.000000000000000000, 1.000000000000000000 ) ) ;
#1452 = VERTEX_POINT ( 'NONE', #258 ) ;
#1453 = EDGE_CURVE ( 'NONE', #2207, #3128, #485, .T. ) ;
#1454 = ORIENTED_EDGE ( 'NONE', *, *, #3230, .T. ) ;
#1455 = AXIS2_PLACEMENT_3D ( 'NONE', #1980, #2298, #4924 ) ;
#1456 = CYLINDRICAL_SURFACE ( 'NONE', #4075, 42.00010206398129498 ) ;
#1457 = CARTESIAN_POINT ( 'NONE',  ( 33.00732318528298492, 9.659401615888443260, 6.000000000000000000 ) ) ;
#1458 = ORIENTED_EDGE ( 'NONE', *, *, #3014, .T. ) ;
#1459 = LINE ( 'NONE', #4020, #580 ) ;
#1460 = VECTOR ( 'NONE', #4763, 1000.000000000000000 ) ;
#1461 = CARTESIAN_POINT ( 'NONE',  ( 60.55214889042371595, -0.7850263380156187187, 6.000000000000000000 ) ) ;
#1462 = EDGE_CURVE ( 'NONE', #312, #3062, #3218, .T. ) ;
#1463 = CIRCLE ( 'NONE', #3447, 2.600000000000000089 ) ;
#1464 = DIRECTION ( 'NONE',  ( 1.000000000000000000, 0.000000000000000000, 0.000000000000000000 ) ) ;
#1465 = DIRECTION ( 'NONE',  ( -0.000000000000000000, -0.000000000000000000, -1.000000000000000000 ) ) ;
#1466 = EDGE_LOOP ( 'NONE', ( #3514, #4173, #1357, #4730 ) ) ;
#1467 = AXIS2_PLACEMENT_3D ( 'NONE', #4274, #468, #3899 ) ;
#1468 = FACE_OUTER_BOUND ( 'NONE', #1792, .T. ) ;
#1469 = AXIS2_PLACEMENT_3D ( 'NONE', #3327, #3821, #3355 ) ;
#1470 = VERTEX_POINT ( 'NONE', #3018 ) ;
#1471 = AXIS2_PLACEMENT_3D ( 'NONE', #77, #824, #443 ) ;
#1472 = VECTOR ( 'NONE', #3981, 1000.000000000000000 ) ;
#1473 = PLANE ( 'NONE',  #3852 ) ;
#1474 = VECTOR ( 'NONE', #1515, 1000.000000000000000 ) ;
#1475 = DIRECTION ( 'NONE',  ( 1.000000000000000000, 0.000000000000000000, 0.000000000000000000 ) ) ;
#1476 = VERTEX_POINT ( 'NONE', #4547 ) ;
#1477 = AXIS2_PLACEMENT_3D ( 'NONE', #4412, #2111, #594 ) ;
#1478 = CARTESIAN_POINT ( 'NONE',  ( -7.469176867595655288E-16, 11.82992782986672609, -4.000000000000000000 ) ) ;
#1479 = CIRCLE ( 'NONE', #84, 0.5000000000000004441 ) ;
#1480 = CARTESIAN_POINT ( 'NONE',  ( 90.95024120961039671, 19.82992782986673319, 6.000000000000000000 ) ) ;
#1481 = VECTOR ( 'NONE', #1557, 1000.000000000000000 ) ;
#1482 = VERTEX_POINT ( 'NONE', #1095 ) ;
#1483 = ORIENTED_EDGE ( 'NONE', *, *, #4922, .T. ) ;
#1484 = ADVANCED_FACE ( 'NONE', ( #2645 ), #4172, .T. ) ;
#1485 = DIRECTION ( 'NONE',  ( 0.000000000000000000, -0.000000000000000000, -1.000000000000000000 ) ) ;
#1486 = DIRECTION ( 'NONE',  ( -0.000000000000000000, -0.000000000000000000, 1.000000000000000000 ) ) ;
#1487 = EDGE_LOOP ( 'NONE', ( #4069, #1257, #429, #4341 ) ) ;
#1488 = LINE ( 'NONE', #3839, #1553 ) ;
#1489 = CARTESIAN_POINT ( 'NONE',  ( 31.08055113542304682, -10.02266689510609865, -4.000000000000000000 ) ) ;
#1490 = ADVANCED_FACE ( 'NONE', ( #3454 ), #2349, .F. ) ;
#1491 = ADVANCED_FACE ( 'NONE', ( #1932 ), #3090, .F. ) ;
#1492 = DIRECTION ( 'NONE',  ( 0.7687174517986828937, 0.6395885234274765185, 0.000000000000000000 ) ) ;
#1493 = CARTESIAN_POINT ( 'NONE',  ( 4.000000000000000000, -16.00000000000000000, 6.000000000000000000 ) ) ;
#1494 = DIRECTION ( 'NONE',  ( -1.000000000000000000, 0.000000000000000000, 0.000000000000000000 ) ) ;
#1495 = DIRECTION ( 'NONE',  ( -0.000000000000000000, -0.000000000000000000, 1.000000000000000000 ) ) ;
#1496 = ORIENTED_EDGE ( 'NONE', *, *, #3045, .F. ) ;
#1497 = EDGE_CURVE ( 'NONE', #628, #3087, #861, .T. ) ;
#1498 = DIRECTION ( 'NONE',  ( 0.000000000000000000, -0.000000000000000000, -1.000000000000000000 ) ) ;
#1499 = LINE ( 'NONE', #2977, #3797 ) ;
#1500 = VERTEX_POINT ( 'NONE', #4626 ) ;
#1501 = DIRECTION ( 'NONE',  ( -0.000000000000000000, 0.000000000000000000, 1.000000000000000000 ) ) ;
#1502 = FACE_OUTER_BOUND ( 'NONE', #3512, .T. ) ;
#1503 = ORIENTED_EDGE ( 'NONE', *, *, #830, .T. ) ;
#1504 = VERTEX_POINT ( 'NONE', #3480 ) ;
#1505 = CARTESIAN_POINT ( 'NONE',  ( 8.675248347093877044, 32.50000000000000000, 6.000000000000000000 ) ) ;
#1506 = FACE_OUTER_BOUND ( 'NONE', #2599, .T. ) ;
#1507 = CARTESIAN_POINT ( 'NONE',  ( 30.00000000000000000, 10.00000000000000000, 6.000000000000000000 ) ) ;
#1508 = DIRECTION ( 'NONE',  ( -0.7993042959343554799, 0.6009264867692921674, 0.000000000000000000 ) ) ;
#1509 = CARTESIAN_POINT ( 'NONE',  ( 2.500000000000001776, 35.50000000000000711, -9.926209212457735021 ) ) ;
#1510 = DIRECTION ( 'NONE',  ( 0.7064735265995358837, -0.7077394691650416014, 0.000000000000000000 ) ) ;
#1511 = ORIENTED_EDGE ( 'NONE', *, *, #4732, .F. ) ;
#1512 = FACE_OUTER_BOUND ( 'NONE', #3026, .T. ) ;
#1513 = EDGE_CURVE ( 'NONE', #2372, #259, #1248, .T. ) ;
#1514 = ADVANCED_FACE ( 'NONE', ( #19 ), #3110, .T. ) ;
#1515 = DIRECTION ( 'NONE',  ( -1.000000000000000000, -1.734723475976807587E-16, 0.000000000000000000 ) ) ;
#1516 = EDGE_CURVE ( 'NONE', #170, #399, #2324, .T. ) ;
#1517 = CARTESIAN_POINT ( 'NONE',  ( 37.70135203999954854, -37.70154253257817345, 0.000000000000000000 ) ) ;
#1518 = ORIENTED_EDGE ( 'NONE', *, *, #4858, .F. ) ;
#1519 = DIRECTION ( 'NONE',  ( -0.000000000000000000, 0.000000000000000000, 1.000000000000000000 ) ) ;
#1520 = CARTESIAN_POINT ( 'NONE',  ( 4.000000000000000000, -16.00000000000000000, 6.000000000000000000 ) ) ;
#1521 = ORIENTED_EDGE ( 'NONE', *, *, #1497, .F. ) ;
#1522 = ORIENTED_EDGE ( 'NONE', *, *, #3680, .T. ) ;
#1523 = VECTOR ( 'NONE', #1987, 999.9999999999998863 ) ;
#1524 = CARTESIAN_POINT ( 'NONE',  ( 8.898198344412744376, 37.50000000000000711, 6.000000000000000000 ) ) ;
#1525 = CARTESIAN_POINT ( 'NONE',  ( 88.46616653078872616, 14.33580445218809984, 6.000000000000000000 ) ) ;
#1526 = CIRCLE ( 'NONE', #4493, 1.600000000000004086 ) ;
#1527 = CARTESIAN_POINT ( 'NONE',  ( 75.03524120961040467, -0.08500000000000867972, -4.000000000000000000 ) ) ;
#1528 = DIRECTION ( 'NONE',  ( -0.7993042959343555909, 0.6009264867692921674, 0.000000000000000000 ) ) ;
#1529 = DIRECTION ( 'NONE',  ( -0.000000000000000000, -0.000000000000000000, -1.000000000000000000 ) ) ;
#1530 = CARTESIAN_POINT ( 'NONE',  ( 27.17553206584220504, 36.14671678279483302, 0.000000000000000000 ) ) ;
#1531 = ORIENTED_EDGE ( 'NONE', *, *, #4307, .F. ) ;
#1532 = FACE_OUTER_BOUND ( 'NONE', #3191, .T. ) ;
#1533 = DIRECTION ( 'NONE',  ( 1.000000000000000000, 0.000000000000000000, 0.000000000000000000 ) ) ;
#1534 = ADVANCED_FACE ( 'NONE', ( #363 ), #1909, .T. ) ;
#1535 = AXIS2_PLACEMENT_3D ( 'NONE', #4572, #4226, #72 ) ;
#1536 = DIRECTION ( 'NONE',  ( -1.000000000000000000, 0.000000000000000000, 0.000000000000000000 ) ) ;
#1537 = AXIS2_PLACEMENT_3D ( 'NONE', #4833, #2827, #1388 ) ;
#1538 = VERTEX_POINT ( 'NONE', #1171 ) ;
#1539 = AXIS2_PLACEMENT_3D ( 'NONE', #2807, #4327, #878 ) ;
#1540 = ADVANCED_FACE ( 'NONE', ( #2742 ), #3429, .T. ) ;
#1541 = LINE ( 'NONE', #3077, #3774 ) ;
#1542 = EDGE_CURVE ( 'NONE', #177, #3860, #3133, .T. ) ;
#1543 = CARTESIAN_POINT ( 'NONE',  ( 88.81370607546952556, 14.69527109164587486, 0.000000000000000000 ) ) ;
#1544 = CIRCLE ( 'NONE', #1715, 0.5000000000000004441 ) ;
#1545 = ORIENTED_EDGE ( 'NONE', *, *, #2571, .T. ) ;
#1546 = AXIS2_PLACEMENT_3D ( 'NONE', #3719, #3299, #4067 ) ;
#1547 = CYLINDRICAL_SURFACE ( 'NONE', #1103, 0.5000000000000004441 ) ;
#1548 = ADVANCED_FACE ( 'NONE', ( #819 ), #3868, .F. ) ;
#1549 = AXIS2_PLACEMENT_3D ( 'NONE', #2215, #715, #3035 ) ;
#1550 = DIRECTION ( 'NONE',  ( -0.000000000000000000, -0.000000000000000000, -1.000000000000000000 ) ) ;
#1551 = CARTESIAN_POINT ( 'NONE',  ( 86.19099159552497724, -9.347787557056838281, -4.000000000000000000 ) ) ;
#1552 = CARTESIAN_POINT ( 'NONE',  ( 8.898198344412744376, 35.50000000000000711, 6.000000000000000000 ) ) ;
#1553 = VECTOR ( 'NONE', #2617, 1000.000000000000000 ) ;
#1554 = CIRCLE ( 'NONE', #3467, 4.000000000000003553 ) ;
#1555 = CARTESIAN_POINT ( 'NONE',  ( 2.500000000000001776, 34.00000000000000000, 6.000000000000000000 ) ) ;
#1556 = DIRECTION ( 'NONE',  ( -1.000000000000000000, 0.000000000000000000, 0.000000000000000000 ) ) ;
#1557 = DIRECTION ( 'NONE',  ( 0.000000000000000000, 0.000000000000000000, -1.000000000000000000 ) ) ;
#1558 = CARTESIAN_POINT ( 'NONE',  ( 92.94532425302156753, 15.03674633765413482, 6.000000000000000000 ) ) ;
#1559 = EDGE_LOOP ( 'NONE', ( #126, #4892, #3566, #4488 ) ) ;
#1560 = CARTESIAN_POINT ( 'NONE',  ( 59.62031337974367062, -15.50000000000000711, 6.000000000000000000 ) ) ;
#1561 = VERTEX_POINT ( 'NONE', #3527 ) ;
#1562 = DIRECTION ( 'NONE',  ( -0.000000000000000000, -0.000000000000000000, 1.000000000000000000 ) ) ;
#1563 = EDGE_CURVE ( 'NONE', #2491, #2828, #2375, .T. ) ;
#1564 = ADVANCED_FACE ( 'NONE', ( #842 ), #1630, .F. ) ;
#1565 = CARTESIAN_POINT ( 'NONE',  ( 0.5000000000000000000, -9.600000000000003197, 0.000000000000000000 ) ) ;
#1566 = EDGE_LOOP ( 'NONE', ( #2852, #3926, #1294, #2836 ) ) ;
#1567 = ORIENTED_EDGE ( 'NONE', *, *, #2536, .F. ) ;
#1568 = EDGE_CURVE ( 'NONE', #2291, #3941, #3714, .T. ) ;
#1569 = VERTEX_POINT ( 'NONE', #2767 ) ;
#1570 = CARTESIAN_POINT ( 'NONE',  ( 66.61098912641027425, 11.09676984375453301, 0.000000000000000000 ) ) ;
#1571 = CARTESIAN_POINT ( 'NONE',  ( 2.500000000000001776, 36.00000000000000711, 6.000000000000000000 ) ) ;
#1572 = CARTESIAN_POINT ( 'NONE',  ( 84.78138727719188239, 10.65104381647940457, -4.000000000000000000 ) ) ;
#1573 = CARTESIAN_POINT ( 'NONE',  ( 88.96616653078872616, 14.33580445218809984, -4.000000000000000000 ) ) ;
#1574 = EDGE_CURVE ( 'NONE', #2561, #1192, #4291, .T. ) ;
#1575 = CYLINDRICAL_SURFACE ( 'NONE', #4530, 0.5000000000000000000 ) ;
#1576 = CARTESIAN_POINT ( 'NONE',  ( 75.03524120961040467, -0.08500000000000867972, 0.000000000000000000 ) ) ;
#1577 = DIRECTION ( 'NONE',  ( -0.000000000000000000, -0.000000000000000000, 1.000000000000000000 ) ) ;
#1578 = VERTEX_POINT ( 'NONE', #3157 ) ;
#1579 = CYLINDRICAL_SURFACE ( 'NONE', #3149, 3.999999999999996447 ) ;
#1580 = CARTESIAN_POINT ( 'NONE',  ( 90.95024120961039671, -16.00000000000000000, 6.000000000000000000 ) ) ;
#1581 = VECTOR ( 'NONE', #2489, 1000.000000000000000 ) ;
#1582 = CARTESIAN_POINT ( 'NONE',  ( 89.03524120961040467, -0.08500000000000867972, 0.000000000000000000 ) ) ;
#1583 = CIRCLE ( 'NONE', #2798, 0.5000000000000004441 ) ;
#1584 = DIRECTION ( 'NONE',  ( -0.000000000000000000, -0.000000000000000000, -1.000000000000000000 ) ) ;
#1585 = VERTEX_POINT ( 'NONE', #4778 ) ;
#1586 = DIRECTION ( 'NONE',  ( 0.000000000000000000, -0.000000000000000000, -1.000000000000000000 ) ) ;
#1587 = VERTEX_POINT ( 'NONE', #1333 ) ;
#1588 = CIRCLE ( 'NONE', #130, 0.5000000000000004441 ) ;
#1589 = CARTESIAN_POINT ( 'NONE',  ( 88.60017512499238990, -11.68472882150054204, 6.000000000000000000 ) ) ;
#1590 = CARTESIAN_POINT ( 'NONE',  ( 38.20474592724263374, -9.263347348601600473, -4.000000000000000000 ) ) ;
#1591 = VECTOR ( 'NONE', #605, 1000.000000000000114 ) ;
#1592 = EDGE_CURVE ( 'NONE', #2022, #1031, #2871, .T. ) ;
#1593 = ORIENTED_EDGE ( 'NONE', *, *, #3561, .F. ) ;
#1594 = DIRECTION ( 'NONE',  ( -0.000000000000000000, -0.000000000000000000, -1.000000000000000000 ) ) ;
#1595 = PRODUCT_DEFINITION_SHAPE ( 'NONE', 'NONE',  #29 ) ;
#1596 = EDGE_CURVE ( 'NONE', #4663, #3473, #3377, .T. ) ;
#1597 = DIRECTION ( 'NONE',  ( -0.000000000000000000, -0.000000000000000000, 1.000000000000000000 ) ) ;
#1598 = CARTESIAN_POINT ( 'NONE',  ( 90.18648690319045613, -11.47588691394845739, 0.000000000000000000 ) ) ;
#1599 = ORIENTED_EDGE ( 'NONE', *, *, #1331, .F. ) ;
#1600 = ORIENTED_EDGE ( 'NONE', *, *, #736, .F. ) ;
#1601 = FACE_OUTER_BOUND ( 'NONE', #683, .T. ) ;
#1602 = AXIS2_PLACEMENT_3D ( 'NONE', #2526, #4051, #159 ) ;
#1603 = DIRECTION ( 'NONE',  ( 0.7077394691650416014, 0.7064735265995358837, 0.000000000000000000 ) ) ;
#1604 = DIRECTION ( 'NONE',  ( -0.9340079189690608796, -0.3572523020262909355, 0.000000000000000000 ) ) ;
#1605 = ADVANCED_FACE ( 'NONE', ( #489 ), #940, .F. ) ;
#1606 = EDGE_LOOP ( 'NONE', ( #4181, #738, #10, #3451 ) ) ;
#1607 = CARTESIAN_POINT ( 'NONE',  ( 75.03524120961040467, -0.08500000000000867972, 0.000000000000000000 ) ) ;
#1608 = DIRECTION ( 'NONE',  ( 1.000000000000000000, 0.000000000000000000, 0.000000000000000000 ) ) ;
#1609 = EDGE_LOOP ( 'NONE', ( #4917, #534, #1646, #1884 ) ) ;
#1610 = LINE ( 'NONE', #3138, #1305 ) ;
#1611 = VECTOR ( 'NONE', #2400, 1000.000000000000000 ) ;
#1612 = DIRECTION ( 'NONE',  ( 0.000000000000000000, 1.000000000000000000, -0.000000000000000000 ) ) ;
#1613 = ORIENTED_EDGE ( 'NONE', *, *, #4594, .T. ) ;
#1614 = CIRCLE ( 'NONE', #1376, 0.5000000000000004441 ) ;
#1615 = FACE_OUTER_BOUND ( 'NONE', #4357, .T. ) ;
#1616 = AXIS2_PLACEMENT_3D ( 'NONE', #4952, #2947, #3043 ) ;
#1617 = DIRECTION ( 'NONE',  ( 1.000000000000000000, 0.000000000000000000, 0.000000000000000000 ) ) ;
#1618 = ORIENTED_EDGE ( 'NONE', *, *, #2628, .T. ) ;
#1619 = ORIENTED_EDGE ( 'NONE', *, *, #3076, .T. ) ;
#1620 = VERTEX_POINT ( 'NONE', #968 ) ;
#1621 = DIRECTION ( 'NONE',  ( 0.000000000000000000, -0.000000000000000000, 1.000000000000000000 ) ) ;
#1622 = LINE ( 'NONE', #3151, #1795 ) ;
#1623 = CARTESIAN_POINT ( 'NONE',  ( 0.000000000000000000, 0.000000000000000000, 6.000000000000000000 ) ) ;
#1624 = VECTOR ( 'NONE', #463, 1000.000000000000000 ) ;
#1625 = DIRECTION ( 'NONE',  ( 1.000000000000000000, 0.000000000000000000, 0.000000000000000000 ) ) ;
#1626 = VERTEX_POINT ( 'NONE', #2494 ) ;
#1627 = EDGE_CURVE ( 'NONE', #3610, #3225, #1219, .T. ) ;
#1628 = AXIS2_PLACEMENT_3D ( 'NONE', #545, #4721, #2447 ) ;
#1629 = DIRECTION ( 'NONE',  ( -0.7077394691650420455, -0.7064735265995354396, 0.000000000000000000 ) ) ;
#1630 = PLANE ( 'NONE',  #894 ) ;
#1631 = DIRECTION ( 'NONE',  ( -0.000000000000000000, -0.000000000000000000, 1.000000000000000000 ) ) ;
#1632 = CARTESIAN_POINT ( 'NONE',  ( 0.000000000000000000, 0.000000000000000000, 6.000000000000000000 ) ) ;
#1633 = EDGE_CURVE ( 'NONE', #4820, #1719, #4431, .T. ) ;
#1634 = AXIS2_PLACEMENT_3D ( 'NONE', #4360, #3174, #1702 ) ;
#1635 = ADVANCED_FACE ( 'NONE', ( #3232 ), #1654, .F. ) ;
#1636 = CARTESIAN_POINT ( 'NONE',  ( 65.29355725199773985, -10.82509281477550900, 0.000000000000000000 ) ) ;
#1637 = ADVANCED_FACE ( 'NONE', ( #1735 ), #2133, .F. ) ;
#1638 = DIRECTION ( 'NONE',  ( 1.000000000000000000, 0.000000000000000000, 0.000000000000000000 ) ) ;
#1639 = ORIENTED_EDGE ( 'NONE', *, *, #2586, .F. ) ;
#1640 = CARTESIAN_POINT ( 'NONE',  ( 20.00000000000000000, 34.50000000000000000, 6.000000000000000000 ) ) ;
#1641 = ORIENTED_EDGE ( 'NONE', *, *, #1099, .T. ) ;
#1642 = EDGE_CURVE ( 'NONE', #816, #4788, #2281, .T. ) ;
#1643 = CARTESIAN_POINT ( 'NONE',  ( 2.000000000000001776, 36.91145303867746463, -9.926209212457735021 ) ) ;
#1644 = CARTESIAN_POINT ( 'NONE',  ( 0.5000000000000002220, -10.00000000000000533, 6.000000000000000000 ) ) ;
#1645 = ORIENTED_EDGE ( 'NONE', *, *, #2602, .T. ) ;
#1646 = ORIENTED_EDGE ( 'NONE', *, *, #4453, .F. ) ;
#1647 = ORIENTED_EDGE ( 'NONE', *, *, #2713, .T. ) ;
#1648 = FACE_OUTER_BOUND ( 'NONE', #1609, .T. ) ;
#1649 = CARTESIAN_POINT ( 'NONE',  ( 88.96616653078872616, 14.33580445218809984, 0.000000000000000000 ) ) ;
#1650 = CARTESIAN_POINT ( 'NONE',  ( 33.01172412261696110, -9.700804730573779011, 6.000000000000000000 ) ) ;
#1651 = DIRECTION ( 'NONE',  ( 0.000000000000000000, -0.000000000000000000, -1.000000000000000000 ) ) ;
#1652 = VERTEX_POINT ( 'NONE', #2821 ) ;
#1653 = CYLINDRICAL_SURFACE ( 'NONE', #129, 0.5000000000000000000 ) ;
#1654 = PLANE ( 'NONE',  #1060 ) ;
#1655 = EDGE_LOOP ( 'NONE', ( #1748, #1191, #1184, #3291 ) ) ;
#1656 = DIRECTION ( 'NONE',  ( 1.000000000000000000, 0.000000000000000000, 0.000000000000000000 ) ) ;
#1657 = FACE_OUTER_BOUND ( 'NONE', #3244, .T. ) ;
#1658 = ORIENTED_EDGE ( 'NONE', *, *, #3317, .F. ) ;
#1659 = ADVANCED_FACE ( 'NONE', ( #3180 ), #152, .F. ) ;
#1660 = AXIS2_PLACEMENT_3D ( 'NONE', #2335, #1895, #4186 ) ;
#1661 = DIRECTION ( 'NONE',  ( 0.000000000000000000, -0.000000000000000000, -1.000000000000000000 ) ) ;
#1662 = EDGE_CURVE ( 'NONE', #320, #3930, #4111, .T. ) ;
#1663 = VERTEX_POINT ( 'NONE', #1356 ) ;
#1664 = CARTESIAN_POINT ( 'NONE',  ( 39.41891117484782114, 8.499934227345493198, -4.000000000000000000 ) ) ;
#1665 = VERTEX_POINT ( 'NONE', #920 ) ;
#1666 = CIRCLE ( 'NONE', #4798, 0.5000000000000004441 ) ;
#1667 = EDGE_CURVE ( 'NONE', #3743, #3698, #2829, .T. ) ;
#1668 = DIRECTION ( 'NONE',  ( 0.000000000000000000, 0.000000000000000000, -1.000000000000000000 ) ) ;
#1669 = CIRCLE ( 'NONE', #4235, 0.5000000000000004441 ) ;
#1670 = CARTESIAN_POINT ( 'NONE',  ( 75.03524120961040467, -0.08500000000000867972, 0.000000000000000000 ) ) ;
#1671 = ORIENTED_EDGE ( 'NONE', *, *, #3283, .T. ) ;
#1672 = CIRCLE ( 'NONE', #782, 2.000000000000000000 ) ;
#1673 = ORIENTED_EDGE ( 'NONE', *, *, #2306, .F. ) ;
#1674 = EDGE_LOOP ( 'NONE', ( #2739, #255, #1241, #1933 ) ) ;
#1675 = LINE ( 'NONE', #2863, #2331 ) ;
#1676 = AXIS2_PLACEMENT_3D ( 'NONE', #4871, #4894, #1752 ) ;
#1677 = FACE_OUTER_BOUND ( 'NONE', #3134, .T. ) ;
#1678 = DIRECTION ( 'NONE',  ( 0.000000000000000000, -0.000000000000000000, -1.000000000000000000 ) ) ;
#1679 = DIRECTION ( 'NONE',  ( 1.000000000000000000, 0.000000000000000000, 0.000000000000000000 ) ) ;
#1680 = ORIENTED_EDGE ( 'NONE', *, *, #1105, .T. ) ;
#1681 = DIRECTION ( 'NONE',  ( 1.000000000000000000, 0.000000000000000000, 0.000000000000000000 ) ) ;
#1682 = DIRECTION ( 'NONE',  ( -1.000000000000000000, 0.000000000000000000, 0.000000000000000000 ) ) ;
#1683 = ORIENTED_EDGE ( 'NONE', *, *, #3928, .F. ) ;
#1684 = ORIENTED_EDGE ( 'NONE', *, *, #2984, .F. ) ;
#1685 = FACE_OUTER_BOUND ( 'NONE', #4445, .T. ) ;
#1686 = DIRECTION ( 'NONE',  ( 1.000000000000000000, 0.000000000000000000, 0.000000000000000000 ) ) ;
#1687 = ORIENTED_EDGE ( 'NONE', *, *, #1793, .T. ) ;
#1688 = LINE ( 'NONE', #231, #2499 ) ;
#1689 = CARTESIAN_POINT ( 'NONE',  ( -1.402365308648309547E-17, 0.1149736619843736707, 0.000000000000000000 ) ) ;
#1690 = VECTOR ( 'NONE', #2135, 1000.000000000000000 ) ;
#1691 = ADVANCED_FACE ( 'NONE', ( #2035 ), #895, .F. ) ;
#1692 = EDGE_CURVE ( 'NONE', #2047, #1897, #2523, .T. ) ;
#1693 = CIRCLE ( 'NONE', #2348, 0.5000000000000004441 ) ;
#1694 = VECTOR ( 'NONE', #1393, 1000.000000000000000 ) ;
#1695 = CARTESIAN_POINT ( 'NONE',  ( 37.73033916814797095, -9.421265767176798533, 6.000000000000000000 ) ) ;
#1696 = AXIS2_PLACEMENT_3D ( 'NONE', #3612, #4023, #3214 ) ;
#1697 = CARTESIAN_POINT ( 'NONE',  ( 59.62031337974367062, -15.50000000000000711, 0.000000000000000000 ) ) ;
#1698 = EDGE_CURVE ( 'NONE', #4789, #3142, #3971, .T. ) ;
#1699 = EDGE_CURVE ( 'NONE', #4011, #2705, #3208, .T. ) ;
#1700 = ORIENTED_EDGE ( 'NONE', *, *, #3114, .F. ) ;
#1701 = DIRECTION ( 'NONE',  ( 0.000000000000000000, 0.000000000000000000, 1.000000000000000000 ) ) ;
#1702 = DIRECTION ( 'NONE',  ( 1.000000000000000000, -1.734723475976805517E-14, 0.000000000000000000 ) ) ;
#1703 = DIRECTION ( 'NONE',  ( -0.000000000000000000, 0.000000000000000000, 1.000000000000000000 ) ) ;
#1704 = DIRECTION ( 'NONE',  ( -0.000000000000000000, 0.000000000000000000, 1.000000000000000000 ) ) ;
#1705 = ORIENTED_EDGE ( 'NONE', *, *, #3994, .F. ) ;
#1706 = CIRCLE ( 'NONE', #651, 1.600000000000004086 ) ;
#1707 = AXIS2_PLACEMENT_3D ( 'NONE', #260, #2576, #1814 ) ;
#1708 = EDGE_CURVE ( 'NONE', #1906, #3301, #2850, .T. ) ;
#1709 = CARTESIAN_POINT ( 'NONE',  ( 75.03524120961040467, -0.08500000000000867972, 6.000000000000000000 ) ) ;
#1710 = DIRECTION ( 'NONE',  ( -0.000000000000000000, 0.000000000000000000, 1.000000000000000000 ) ) ;
#1711 = VERTEX_POINT ( 'NONE', #2268 ) ;
#1712 = ORIENTED_EDGE ( 'NONE', *, *, #4557, .F. ) ;
#1713 = DIRECTION ( 'NONE',  ( 0.000000000000000000, 0.000000000000000000, 1.000000000000000000 ) ) ;
#1714 = CARTESIAN_POINT ( 'NONE',  ( 64.67326862203331928, -9.499325472082496447, 0.000000000000000000 ) ) ;
#1715 = AXIS2_PLACEMENT_3D ( 'NONE', #3880, #1586, #4251 ) ;
#1716 = FACE_OUTER_BOUND ( 'NONE', #1559, .T. ) ;
#1717 = AXIS2_PLACEMENT_3D ( 'NONE', #3067, #3869, #1098 ) ;
#1718 = CARTESIAN_POINT ( 'NONE',  ( 85.65396204923007417, -8.318498358023347805, 6.000000000000000000 ) ) ;
#1719 = VERTEX_POINT ( 'NONE', #3745 ) ;
#1720 = AXIS2_PLACEMENT_3D ( 'NONE', #4239, #813, #2369 ) ;
#1721 = DIRECTION ( 'NONE',  ( -0.000000000000000000, -0.000000000000000000, 1.000000000000000000 ) ) ;
#1722 = DIRECTION ( 'NONE',  ( 1.000000000000000000, 0.000000000000000000, 0.000000000000000000 ) ) ;
#1723 = EDGE_LOOP ( 'NONE', ( #1828, #4646, #4664, #529 ) ) ;
#1724 = ORIENTED_EDGE ( 'NONE', *, *, #1887, .T. ) ;
#1725 = CARTESIAN_POINT ( 'NONE',  ( 94.95024120961039671, -16.00000000000000000, 0.000000000000000000 ) ) ;
#1726 = ADVANCED_FACE ( 'NONE', ( #3010 ), #333, .F. ) ;
#1727 = ADVANCED_FACE ( 'NONE', ( #1506 ), #4542, .F. ) ;
#1728 = DIRECTION ( 'NONE',  ( 1.000000000000000000, 0.000000000000000000, 0.000000000000000000 ) ) ;
#1729 = CARTESIAN_POINT ( 'NONE',  ( 0.000000000000000000, -10.50000000000000533, 0.000000000000000000 ) ) ;
#1730 = EDGE_LOOP ( 'NONE', ( #404, #1483, #3959, #4482 ) ) ;
#1731 = EDGE_CURVE ( 'NONE', #602, #1898, #2546, .T. ) ;
#1732 = ORIENTED_EDGE ( 'NONE', *, *, #2164, .F. ) ;
#1733 = VERTEX_POINT ( 'NONE', #1457 ) ;
#1734 = CARTESIAN_POINT ( 'NONE',  ( 59.62031337974367062, -15.50000000000000711, 0.000000000000000000 ) ) ;
#1735 = FACE_OUTER_BOUND ( 'NONE', #1723, .T. ) ;
#1736 = VERTEX_POINT ( 'NONE', #4895 ) ;
#1737 = ORIENTED_EDGE ( 'NONE', *, *, #209, .F. ) ;
#1738 = DIRECTION ( 'NONE',  ( 0.000000000000000000, 1.000000000000000000, -0.000000000000000000 ) ) ;
#1739 = CARTESIAN_POINT ( 'NONE',  ( 85.13493977459155815, 10.29748953269479017, -4.000000000000000000 ) ) ;
#1740 = EDGE_CURVE ( 'NONE', #403, #1736, #4066, .T. ) ;
#1741 = DIRECTION ( 'NONE',  ( -0.000000000000000000, 0.000000000000000000, 1.000000000000000000 ) ) ;
#1742 = LINE ( 'NONE', #1718, #3278 ) ;
#1743 = CARTESIAN_POINT ( 'NONE',  ( 60.55214634447442279, 0.6149736619843811924, 6.000000000000000000 ) ) ;
#1744 = DIRECTION ( 'NONE',  ( 1.000000000000000000, 0.000000000000000000, 0.000000000000000000 ) ) ;
#1745 = VERTEX_POINT ( 'NONE', #3397 ) ;
#1746 = PLANE ( 'NONE',  #2082 ) ;
#1747 = CARTESIAN_POINT ( 'NONE',  ( 0.000000000000000000, -12.00000000000000000, 6.000000000000000000 ) ) ;
#1748 = ORIENTED_EDGE ( 'NONE', *, *, #2689, .T. ) ;
#1749 = ADVANCED_FACE ( 'NONE', ( #3768 ), #2988, .F. ) ;
#1750 = AXIS2_PLACEMENT_3D ( 'NONE', #1709, #3231, #3633 ) ;
#1751 = EDGE_CURVE ( 'NONE', #2462, #1114, #4437, .T. ) ;
#1752 = DIRECTION ( 'NONE',  ( 1.000000000000000000, 0.000000000000000000, 0.000000000000000000 ) ) ;
#1753 = DIRECTION ( 'NONE',  ( 1.000000000000000000, 0.000000000000000000, 0.000000000000000000 ) ) ;
#1754 = DIRECTION ( 'NONE',  ( 0.000000000000000000, -0.000000000000000000, -1.000000000000000000 ) ) ;
#1755 = CARTESIAN_POINT ( 'NONE',  ( 7.434041793159761546, 9.580645161290318512, 0.000000000000000000 ) ) ;
#1756 = ORIENTED_EDGE ( 'NONE', *, *, #4229, .T. ) ;
#1757 = AXIS2_PLACEMENT_3D ( 'NONE', #4866, #193, #2980 ) ;
#1758 = EDGE_CURVE ( 'NONE', #2094, #4458, #4089, .T. ) ;
#1759 = CARTESIAN_POINT ( 'NONE',  ( 65.73391854806357060, 10.60069483394731016, 6.000000000000000000 ) ) ;
#1760 = DIRECTION ( 'NONE',  ( 0.000000000000000000, -0.000000000000000000, -1.000000000000000000 ) ) ;
#1761 = VERTEX_POINT ( 'NONE', #3371 ) ;
#1762 = VECTOR ( 'NONE', #2043, 1000.000000000000000 ) ;
#1763 = CIRCLE ( 'NONE', #2658, 0.5000000000000004441 ) ;
#1764 = DIRECTION ( 'NONE',  ( -0.000000000000000000, -0.000000000000000000, -1.000000000000000000 ) ) ;
#1765 = VECTOR ( 'NONE', #1927, 1000.000000000000000 ) ;
#1766 = CARTESIAN_POINT ( 'NONE',  ( 2.000000000000001776, 34.00000000000000000, -9.926209212457735021 ) ) ;
#1767 = ORIENTED_EDGE ( 'NONE', *, *, #2448, .T. ) ;
#1768 = ORIENTED_EDGE ( 'NONE', *, *, #2747, .F. ) ;
#1769 = PLANE ( 'NONE',  #464 ) ;
#1770 = CARTESIAN_POINT ( 'NONE',  ( 37.50018058592047510, -8.040314273811796753, 6.000000000000000000 ) ) ;
#1771 = CIRCLE ( 'NONE', #4344, 5.000000000000000888 ) ;
#1772 = ORIENTED_EDGE ( 'NONE', *, *, #2227, .F. ) ;
#1773 = ORIENTED_EDGE ( 'NONE', *, *, #854, .F. ) ;
#1774 = CARTESIAN_POINT ( 'NONE',  ( 10.00000000000000000, -10.00000000000000000, 6.000000000000000000 ) ) ;
#1775 = DIRECTION ( 'NONE',  ( -0.6395885234274765185, 0.7687174517986828937, -0.000000000000000000 ) ) ;
#1776 = DIRECTION ( 'NONE',  ( 1.000000000000000000, 0.000000000000000000, 0.000000000000000000 ) ) ;
#1777 = AXIS2_PLACEMENT_3D ( 'NONE', #4340, #3254, #4801 ) ;
#1778 = CARTESIAN_POINT ( 'NONE',  ( 0.5000000000000004441, -10.00000000000000533, 6.000000000000000000 ) ) ;
#1779 = CIRCLE ( 'NONE', #4757, 13.50000000000000178 ) ;
#1780 = ORIENTED_EDGE ( 'NONE', *, *, #1051, .F. ) ;
#1781 = AXIS2_PLACEMENT_3D ( 'NONE', #1415, #1030, #2308 ) ;
#1782 = LINE ( 'NONE', #2644, #588 ) ;
#1783 = CYLINDRICAL_SURFACE ( 'NONE', #4591, 0.5000000000000004441 ) ;
#1784 = AXIS2_PLACEMENT_3D ( 'NONE', #1941, #398, #3116 ) ;
#1785 = EDGE_CURVE ( 'NONE', #3225, #3418, #2285, .T. ) ;
#1786 = EDGE_CURVE ( 'NONE', #3602, #3790, #2922, .T. ) ;
#1787 = EDGE_CURVE ( 'NONE', #403, #1452, #3298, .T. ) ;
#1788 = CARTESIAN_POINT ( 'NONE',  ( 8.898198344412744376, 35.50000000000000711, 6.000000000000000000 ) ) ;
#1789 = CIRCLE ( 'NONE', #2444, 13.99999999999999822 ) ;
#1790 = STYLED_ITEM ( 'NONE', ( #3717 ), #1810 ) ;
#1791 = CARTESIAN_POINT ( 'NONE',  ( 38.00000000000000000, 1.106499231684619833E-14, 6.000000000000000000 ) ) ;
#1792 = EDGE_LOOP ( 'NONE', ( #3906, #4891, #4694, #4438 ) ) ;
#1793 = EDGE_CURVE ( 'NONE', #3524, #220, #2675, .T. ) ;
#1794 = CARTESIAN_POINT ( 'NONE',  ( 63.68211702801898610, 14.39411850346134258, -4.000000000000000000 ) ) ;
#1795 = VECTOR ( 'NONE', #1550, 1000.000000000000000 ) ;
#1796 = ORIENTED_EDGE ( 'NONE', *, *, #4684, .T. ) ;
#1797 = EDGE_LOOP ( 'NONE', ( #3121, #2182, #2954, #3619 ) ) ;
#1798 = AXIS2_PLACEMENT_3D ( 'NONE', #15, #3793, #3060 ) ;
#1799 = VERTEX_POINT ( 'NONE', #1432 ) ;
#1800 = CARTESIAN_POINT ( 'NONE',  ( 2.000000000000001776, 34.00000000000000000, 0.000000000000000000 ) ) ;
#1801 = CARTESIAN_POINT ( 'NONE',  ( 89.10256355754530944, 13.69940927280015686, 6.000000000000000000 ) ) ;
#1802 = ORIENTED_EDGE ( 'NONE', *, *, #2456, .T. ) ;
#1803 = ORIENTED_EDGE ( 'NONE', *, *, #636, .T. ) ;
#1804 = DIRECTION ( 'NONE',  ( 0.9840389934577211672, -0.1779529695023796820, 0.000000000000000000 ) ) ;
#1805 = CARTESIAN_POINT ( 'NONE',  ( 65.63841601707704854, -9.209196517097581136, -4.000000000000000000 ) ) ;
#1806 = ORIENTED_EDGE ( 'NONE', *, *, #4277, .F. ) ;
#1807 = DIRECTION ( 'NONE',  ( 1.000000000000000000, -3.469446951953611033E-15, 0.000000000000000000 ) ) ;
#1808 = CARTESIAN_POINT ( 'NONE',  ( 37.75029514435781408, 9.309795607720975141, 0.000000000000000000 ) ) ;
#1809 = ORIENTED_EDGE ( 'NONE', *, *, #2445, .F. ) ;
#1810 = MANIFOLD_SOLID_BREP ( 'Fillet9', #1072 ) ;
#1811 = VERTEX_POINT ( 'NONE', #1217 ) ;
#1812 = LINE ( 'NONE', #3772, #4049 ) ;
#1813 = DIRECTION ( 'NONE',  ( 0.000000000000000000, -0.000000000000000000, -1.000000000000000000 ) ) ;
#1814 = DIRECTION ( 'NONE',  ( 1.000000000000000000, 0.000000000000000000, 0.000000000000000000 ) ) ;
#1815 = VERTEX_POINT ( 'NONE', #743 ) ;
#1816 = EDGE_CURVE ( 'NONE', #4896, #720, #692, .T. ) ;
#1817 = EDGE_CURVE ( 'NONE', #55, #3610, #2669, .T. ) ;
#1818 = DIRECTION ( 'NONE',  ( -0.000000000000000000, -0.000000000000000000, 1.000000000000000000 ) ) ;
#1819 = CARTESIAN_POINT ( 'NONE',  ( 65.62947738846715140, -10.45474478667980378, 6.000000000000000000 ) ) ;
#1820 = EDGE_LOOP ( 'NONE', ( #1772, #902, #1700, #3651 ) ) ;
#1821 = DIRECTION ( 'NONE',  ( -1.000000000000000000, 0.000000000000000000, 0.000000000000000000 ) ) ;
#1822 = EDGE_CURVE ( 'NONE', #4320, #1374, #4988, .T. ) ;
#1823 = CARTESIAN_POINT ( 'NONE',  ( 6.940588291844330904, 9.999999999999994671, 0.000000000000000000 ) ) ;
#1824 = VERTEX_POINT ( 'NONE', #3814 ) ;
#1825 = EDGE_LOOP ( 'NONE', ( #73, #3233, #879, #1831 ) ) ;
#1826 = CARTESIAN_POINT ( 'NONE',  ( 41.99999999999999289, -8.000000000000000000, 0.000000000000000000 ) ) ;
#1827 = FILL_AREA_STYLE ('',( #276 ) ) ;
#1828 = ORIENTED_EDGE ( 'NONE', *, *, #1785, .F. ) ;
#1829 = CARTESIAN_POINT ( 'NONE',  ( 37.41851004207975961, -37.41869910555048051, 0.000000000000000000 ) ) ;
#1830 = CARTESIAN_POINT ( 'NONE',  ( 88.68329659636916062, -10.84562617849283583, 0.000000000000000000 ) ) ;
#1831 = ORIENTED_EDGE ( 'NONE', *, *, #1740, .F. ) ;
#1832 = AXIS2_PLACEMENT_3D ( 'NONE', #250, #2987, #1377 ) ;
#1833 = AXIS2_PLACEMENT_3D ( 'NONE', #2140, #1318, #2903 ) ;
#1834 = CARTESIAN_POINT ( 'NONE',  ( 85.40112416438340404, 9.325019690093446556, -4.000000000000000000 ) ) ;
#1835 = CARTESIAN_POINT ( 'NONE',  ( 2.500000000000001776, 37.41145303867747174, 0.000000000000000000 ) ) ;
#1836 = ORIENTED_EDGE ( 'NONE', *, *, #3432, .T. ) ;
#1837 = ORIENTED_EDGE ( 'NONE', *, *, #1970, .T. ) ;
#1838 = DIRECTION ( 'NONE',  ( 0.000000000000000000, 1.000000000000000000, 0.000000000000000000 ) ) ;
#1839 = DIRECTION ( 'NONE',  ( -1.000000000000000000, 0.000000000000000000, 0.000000000000000000 ) ) ;
#1840 = DIRECTION ( 'NONE',  ( -0.000000000000000000, 0.000000000000000000, 1.000000000000000000 ) ) ;
#1841 = ORIENTED_EDGE ( 'NONE', *, *, #2095, .T. ) ;
#1842 = EDGE_CURVE ( 'NONE', #1811, #1854, #789, .T. ) ;
#1843 = AXIS2_PLACEMENT_3D ( 'NONE', #1920, #3439, #4980 ) ;
#1844 = CARTESIAN_POINT ( 'NONE',  ( 89.02459367784616973, -9.726600164184736386, 0.000000000000000000 ) ) ;
#1845 = AXIS2_PLACEMENT_3D ( 'NONE', #2353, #1498, #4106 ) ;
#1846 = CYLINDRICAL_SURFACE ( 'NONE', #194, 0.5000000000000004441 ) ;
#1847 = EDGE_CURVE ( 'NONE', #2795, #2938, #3838, .T. ) ;
#1848 = ORIENTED_EDGE ( 'NONE', *, *, #4953, .F. ) ;
#1849 = EDGE_LOOP ( 'NONE', ( #3443, #3635, #3697, #2934 ) ) ;
#1850 = EDGE_CURVE ( 'NONE', #2690, #3455, #355, .T. ) ;
#1851 = ORIENTED_EDGE ( 'NONE', *, *, #2779, .T. ) ;
#1852 = DIRECTION ( 'NONE',  ( -0.000000000000000000, 0.000000000000000000, 1.000000000000000000 ) ) ;
#1853 =( NAMED_UNIT ( * ) SI_UNIT ( $, .STERADIAN. ) SOLID_ANGLE_UNIT ( ) );
#1854 = VERTEX_POINT ( 'NONE', #2391 ) ;
#1855 = CARTESIAN_POINT ( 'NONE',  ( 88.48375983975380166, -10.44597403052565454, 6.000000000000000000 ) ) ;
#1856 = CIRCLE ( 'NONE', #4095, 0.5000000000000004441 ) ;
#1857 = FACE_OUTER_BOUND ( 'NONE', #1466, .T. ) ;
#1858 = EDGE_CURVE ( 'NONE', #1436, #1998, #901, .T. ) ;
#1859 = AXIS2_PLACEMENT_3D ( 'NONE', #1351, #2513, #3627 ) ;
#1860 = DIRECTION ( 'NONE',  ( -0.000000000000000000, -0.000000000000000000, -1.000000000000000000 ) ) ;
#1861 = FACE_OUTER_BOUND ( 'NONE', #3958, .T. ) ;
#1862 = ORIENTED_EDGE ( 'NONE', *, *, #1667, .T. ) ;
#1863 = CARTESIAN_POINT ( 'NONE',  ( 64.80319817247699632, -9.835551381799724879, 6.000000000000000000 ) ) ;
#1864 = PRESENTATION_LAYER_ASSIGNMENT (  '', '', ( #4911 ) ) ;
#1865 = CARTESIAN_POINT ( 'NONE',  ( 7.914947855045721958, 40.51676945326443047, 6.000000000000000000 ) ) ;
#1866 = AXIS2_PLACEMENT_3D ( 'NONE', #2832, #4008, #3243 ) ;
#1867 = DIRECTION ( 'NONE',  ( 1.000000000000000000, 0.000000000000000000, 0.000000000000000000 ) ) ;
#1868 = ORIENTED_EDGE ( 'NONE', *, *, #1822, .F. ) ;
#1869 = DIRECTION ( 'NONE',  ( 1.000000000000000000, -4.617657459945295653E-14, 0.000000000000000000 ) ) ;
#1870 = ORIENTED_EDGE ( 'NONE', *, *, #4250, .F. ) ;
#1871 = CARTESIAN_POINT ( 'NONE',  ( 62.30731863861241493, 15.21261064666438934, 0.000000000000000000 ) ) ;
#1872 = VECTOR ( 'NONE', #1738, 1000.000000000000000 ) ;
#1873 = CARTESIAN_POINT ( 'NONE',  ( 0.000000000000000000, 0.000000000000000000, 6.000000000000000000 ) ) ;
#1874 = ORIENTED_EDGE ( 'NONE', *, *, #4162, .T. ) ;
#1875 = ORIENTED_EDGE ( 'NONE', *, *, #2436, .F. ) ;
#1876 = ORIENTED_EDGE ( 'NONE', *, *, #4929, .T. ) ;
#1877 = EDGE_CURVE ( 'NONE', #1226, #3142, #2366, .T. ) ;
#1878 = LINE ( 'NONE', #4941, #4963 ) ;
#1879 = DIRECTION ( 'NONE',  ( 0.000000000000000000, 0.000000000000000000, 1.000000000000000000 ) ) ;
#1880 = EDGE_CURVE ( 'NONE', #2048, #1226, #4261, .T. ) ;
#1881 = CARTESIAN_POINT ( 'NONE',  ( 90.42089794966905458, -16.84478256445628830, 0.000000000000000000 ) ) ;
#1882 = CYLINDRICAL_SURFACE ( 'NONE', #2976, 0.5000000000000004441 ) ;
#1883 = ORIENTED_EDGE ( 'NONE', *, *, #3375, .F. ) ;
#1884 = ORIENTED_EDGE ( 'NONE', *, *, #2773, .F. ) ;
#1885 = CARTESIAN_POINT ( 'NONE',  ( 63.90731863861241635, 15.21261064666438934, 0.000000000000000000 ) ) ;
#1886 = DIRECTION ( 'NONE',  ( 1.000000000000000000, 3.469446951953611033E-15, 0.000000000000000000 ) ) ;
#1887 = EDGE_CURVE ( 'NONE', #4096, #1578, #3520, .T. ) ;
#1888 = ORIENTED_EDGE ( 'NONE', *, *, #425, .F. ) ;
#1889 = CYLINDRICAL_SURFACE ( 'NONE', #4131, 32.42992782986669198 ) ;
#1890 = ORIENTED_EDGE ( 'NONE', *, *, #3230, .F. ) ;
#1891 = DIRECTION ( 'NONE',  ( 1.000000000000000000, 0.000000000000000000, 0.000000000000000000 ) ) ;
#1892 = CARTESIAN_POINT ( 'NONE',  ( 0.5000000000000000000, 10.89999999999999503, 6.000000000000000000 ) ) ;
#1893 = ORIENTED_EDGE ( 'NONE', *, *, #37, .F. ) ;
#1894 = CARTESIAN_POINT ( 'NONE',  ( 9.999999999999998224, -9.600000000000003197, -4.000000000000000000 ) ) ;
#1895 = DIRECTION ( 'NONE',  ( 0.000000000000000000, -0.000000000000000000, -1.000000000000000000 ) ) ;
#1896 = VERTEX_POINT ( 'NONE', #1145 ) ;
#1897 = VERTEX_POINT ( 'NONE', #1118 ) ;
#1898 = VERTEX_POINT ( 'NONE', #3104 ) ;
#1899 = AXIS2_PLACEMENT_3D ( 'NONE', #2288, #2662, #4587 ) ;
#1900 = DIRECTION ( 'NONE',  ( -0.6009264867692921674, -0.7993042959343554799, 0.000000000000000000 ) ) ;
#1901 = DIRECTION ( 'NONE',  ( 1.000000000000000000, 0.000000000000000000, 0.000000000000000000 ) ) ;
#1902 = FACE_OUTER_BOUND ( 'NONE', #3198, .T. ) ;
#1903 = LINE ( 'NONE', #1552, #1765 ) ;
#1904 = ORIENTED_EDGE ( 'NONE', *, *, #3584, .T. ) ;
#1905 = ADVANCED_FACE ( 'NONE', ( #3445 ), #64, .T. ) ;
#1906 = VERTEX_POINT ( 'NONE', #408 ) ;
#1907 = DIRECTION ( 'NONE',  ( 1.000000000000000000, 0.000000000000000000, 0.000000000000000000 ) ) ;
#1908 = VECTOR ( 'NONE', #2755, 1000.000000000000000 ) ;
#1909 = CYLINDRICAL_SURFACE ( 'NONE', #4275, 0.5000000000000000000 ) ;
#1910 = VERTEX_POINT ( 'NONE', #4641 ) ;
#1911 = LINE ( 'NONE', #2305, #2925 ) ;
#1912 = AXIS2_PLACEMENT_3D ( 'NONE', #1555, #18, #1907 ) ;
#1913 = EDGE_CURVE ( 'NONE', #2029, #2795, #749, .T. ) ;
#1914 = DIRECTION ( 'NONE',  ( 0.000000000000000000, -0.000000000000000000, -1.000000000000000000 ) ) ;
#1915 = EDGE_CURVE ( 'NONE', #2350, #1587, #1622, .T. ) ;
#1916 = CIRCLE ( 'NONE', #2564, 4.000000000000003553 ) ;
#1917 = DIRECTION ( 'NONE',  ( 1.000000000000000000, 0.000000000000000000, 0.000000000000000000 ) ) ;
#1918 = EDGE_LOOP ( 'NONE', ( #4968, #2005, #1599, #501 ) ) ;
#1919 = EDGE_CURVE ( 'NONE', #3930, #628, #4999, .T. ) ;
#1920 = CARTESIAN_POINT ( 'NONE',  ( 41.99999999999999289, -8.000000000000000000, 0.000000000000000000 ) ) ;
#1921 = DIRECTION ( 'NONE',  ( -0.000000000000000000, 0.000000000000000000, 1.000000000000000000 ) ) ;
#1922 = ORIENTED_EDGE ( 'NONE', *, *, #3967, .F. ) ;
#1923 = ORIENTED_EDGE ( 'NONE', *, *, #4154, .T. ) ;
#1924 = CARTESIAN_POINT ( 'NONE',  ( 2.500000000000001776, 34.50000000000000000, 0.000000000000000000 ) ) ;
#1925 = DIRECTION ( 'NONE',  ( 0.000000000000000000, 0.000000000000000000, 1.000000000000000000 ) ) ;
#1926 = DIRECTION ( 'NONE',  ( 0.000000000000000000, 0.000000000000000000, 1.000000000000000000 ) ) ;
#1927 = DIRECTION ( 'NONE',  ( 0.000000000000000000, 0.000000000000000000, 1.000000000000000000 ) ) ;
#1928 = AXIS2_PLACEMENT_3D ( 'NONE', #4068, #2160, #4124 ) ;
#1929 = ORIENTED_EDGE ( 'NONE', *, *, #499, .F. ) ;
#1930 = CARTESIAN_POINT ( 'NONE',  ( 41.99999999999999289, 7.829927829866729638, 0.000000000000000000 ) ) ;
#1931 = VECTOR ( 'NONE', #2843, 1000.000000000000000 ) ;
#1932 = FACE_OUTER_BOUND ( 'NONE', #1606, .T. ) ;
#1933 = ORIENTED_EDGE ( 'NONE', *, *, #2287, .F. ) ;
#1934 = CARTESIAN_POINT ( 'NONE',  ( 62.95888425864877291, -0.2850263380156186632, 6.000000000000000000 ) ) ;
#1935 = CARTESIAN_POINT ( 'NONE',  ( 65.62947738846715140, -10.45474478667980378, 0.000000000000000000 ) ) ;
#1936 = CIRCLE ( 'NONE', #4751, 0.5000000000000004441 ) ;
#1937 = ADVANCED_FACE ( 'NONE', ( #3084 ), #3476, .T. ) ;
#1938 = ADVANCED_FACE ( 'NONE', ( #836 ), #1164, .T. ) ;
#1939 = ADVANCED_FACE ( 'NONE', ( #2051 ), #2026, .T. ) ;
#1940 = VECTOR ( 'NONE', #4314, 1000.000000000000000 ) ;
#1941 = CARTESIAN_POINT ( 'NONE',  ( 89.45611605494499941, 13.34585498901554423, 6.000000000000000000 ) ) ;
#1942 = VECTOR ( 'NONE', #3070, 1000.000000000000000 ) ;
#1943 = ORIENTED_EDGE ( 'NONE', *, *, #3280, .F. ) ;
#1944 = VECTOR ( 'NONE', #4787, 1000.000000000000000 ) ;
#1945 = EDGE_CURVE ( 'NONE', #1022, #99, #2841, .T. ) ;
#1946 = DIRECTION ( 'NONE',  ( 0.000000000000000000, 0.000000000000000000, -1.000000000000000000 ) ) ;
#1947 = CARTESIAN_POINT ( 'NONE',  ( 1.967003959484534548, 25.14257644914168210, 6.000000000000000000 ) ) ;
#1948 = ORIENTED_EDGE ( 'NONE', *, *, #1731, .F. ) ;
#1949 = AXIS2_PLACEMENT_3D ( 'NONE', #4822, #4045, #4018 ) ;
#1950 = ORIENTED_EDGE ( 'NONE', *, *, #137, .F. ) ;
#1951 = ORIENTED_EDGE ( 'NONE', *, *, #925, .F. ) ;
#1952 = LINE ( 'NONE', #3058, #3675 ) ;
#1953 = DIRECTION ( 'NONE',  ( 1.000000000000000000, 0.000000000000000000, 0.000000000000000000 ) ) ;
#1954 = DIRECTION ( 'NONE',  ( 0.000000000000000000, 0.000000000000000000, 1.000000000000000000 ) ) ;
#1955 = CARTESIAN_POINT ( 'NONE',  ( 61.16257791717307413, -14.24220835566308807, 6.000000000000000000 ) ) ;
#1956 = CIRCLE ( 'NONE', #2604, 1.599999999999990319 ) ;
#1957 = EDGE_LOOP ( 'NONE', ( #4722, #2240, #4549, #452 ) ) ;
#1958 = CIRCLE ( 'NONE', #168, 2.599999999999998312 ) ;
#1959 = CARTESIAN_POINT ( 'NONE',  ( 62.86215174610039469, 13.71189074513871020, -4.000000000000000000 ) ) ;
#1960 = DIRECTION ( 'NONE',  ( 0.000000000000000000, 1.000000000000000000, 0.000000000000000000 ) ) ;
#1961 = FACE_OUTER_BOUND ( 'NONE', #839, .T. ) ;
#1962 = VECTOR ( 'NONE', #2220, 1000.000000000000000 ) ;
#1963 = DIRECTION ( 'NONE',  ( 1.000000000000000000, -1.431146867680864591E-14, 0.000000000000000000 ) ) ;
#1964 = CARTESIAN_POINT ( 'NONE',  ( 0.5000000000000004441, 9.999999999999994671, 0.000000000000000000 ) ) ;
#1965 = ORIENTED_EDGE ( 'NONE', *, *, #2717, .F. ) ;
#1966 = LINE ( 'NONE', #4656, #2030 ) ;
#1967 = ORIENTED_EDGE ( 'NONE', *, *, #3528, .F. ) ;
#1968 = ORIENTED_EDGE ( 'NONE', *, *, #2445, .T. ) ;
#1969 = EDGE_CURVE ( 'NONE', #3944, #191, #4608, .T. ) ;
#1970 = EDGE_CURVE ( 'NONE', #1446, #810, #2289, .T. ) ;
#1971 = DIRECTION ( 'NONE',  ( -1.000000000000000000, 0.000000000000000000, 0.000000000000000000 ) ) ;
#1972 = CARTESIAN_POINT ( 'NONE',  ( 10.00000000000000000, 10.00000000000000000, 6.000000000000000000 ) ) ;
#1973 = ORIENTED_EDGE ( 'NONE', *, *, #2096, .T. ) ;
#1974 = EDGE_CURVE ( 'NONE', #3677, #4657, #1325, .T. ) ;
#1975 = VERTEX_POINT ( 'NONE', #1243 ) ;
#1976 = DIRECTION ( 'NONE',  ( -0.000000000000000000, -0.000000000000000000, 1.000000000000000000 ) ) ;
#1977 = EDGE_LOOP ( 'NONE', ( #2720, #1096, #4010, #4061 ) ) ;
#1978 = DIRECTION ( 'NONE',  ( -0.000000000000000000, -0.000000000000000000, -1.000000000000000000 ) ) ;
#1979 = LINE ( 'NONE', #3494, #3826 ) ;
#1980 = CARTESIAN_POINT ( 'NONE',  ( 41.99999999999999289, -8.000000000000000000, 6.000000000000000000 ) ) ;
#1981 = VERTEX_POINT ( 'NONE', #3573 ) ;
#1982 = EDGE_LOOP ( 'NONE', ( #787, #3653, #3388, #1950 ) ) ;
#1983 = CARTESIAN_POINT ( 'NONE',  ( 0.000000000000000000, -10.50000000000000533, 6.000000000000000000 ) ) ;
#1984 = CARTESIAN_POINT ( 'NONE',  ( 30.00000000000000000, -10.00000000000000000, 6.000000000000000000 ) ) ;
#1985 = ORIENTED_EDGE ( 'NONE', *, *, #1105, .F. ) ;
#1986 = CARTESIAN_POINT ( 'NONE',  ( 53.54663872195364149, 0.1149736619843801655, 0.000000000000000000 ) ) ;
#1987 = DIRECTION ( 'NONE',  ( 0.7077394691650416014, 0.7064735265995358837, 0.000000000000000000 ) ) ;
#1988 = DIRECTION ( 'NONE',  ( -0.000000000000000000, -0.000000000000000000, -1.000000000000000000 ) ) ;
#1989 = ORIENTED_EDGE ( 'NONE', *, *, #1073, .F. ) ;
#1990 = CARTESIAN_POINT ( 'NONE',  ( 94.95024120961039671, 0.000000000000000000, 0.000000000000000000 ) ) ;
#1991 = ORIENTED_EDGE ( 'NONE', *, *, #2031, .F. ) ;
#1992 = AXIS2_PLACEMENT_3D ( 'NONE', #454, #4306, #3547 ) ;
#1993 = DIRECTION ( 'NONE',  ( -0.3572523020262907134, -0.9340079189690609907, 0.000000000000000000 ) ) ;
#1994 = EDGE_CURVE ( 'NONE', #3485, #3860, #2039, .T. ) ;
#1995 = DIRECTION ( 'NONE',  ( -0.000000000000000000, -0.000000000000000000, 1.000000000000000000 ) ) ;
#1996 = AXIS2_PLACEMENT_3D ( 'NONE', #2955, #685, #2234 ) ;
#1997 = VERTEX_POINT ( 'NONE', #1649 ) ;
#1998 = VERTEX_POINT ( 'NONE', #4771 ) ;
#1999 = FACE_OUTER_BOUND ( 'NONE', #3066, .T. ) ;
#2000 = EDGE_CURVE ( 'NONE', #562, #4663, #2688, .T. ) ;
#2001 = CARTESIAN_POINT ( 'NONE',  ( 65.57189519156518998, 10.23222259829395853, -4.000000000000000000 ) ) ;
#2002 = CARTESIAN_POINT ( 'NONE',  ( 88.18329659636916062, -10.84562617849283583, 6.000000000000000000 ) ) ;
#2003 = DIRECTION ( 'NONE',  ( 1.000000000000000000, 0.000000000000000000, 0.000000000000000000 ) ) ;
#2004 = ADVANCED_FACE ( 'NONE', ( #1677 ), #4743, .F. ) ;
#2005 = ORIENTED_EDGE ( 'NONE', *, *, #737, .T. ) ;
#2006 = DIRECTION ( 'NONE',  ( 1.000000000000000000, 0.000000000000000000, 0.000000000000000000 ) ) ;
#2007 = DIRECTION ( 'NONE',  ( -0.000000000000000000, -0.000000000000000000, -1.000000000000000000 ) ) ;
#2008 = ORIENTED_EDGE ( 'NONE', *, *, #2654, .T. ) ;
#2009 = ORIENTED_EDGE ( 'NONE', *, *, #4273, .T. ) ;
#2010 = CARTESIAN_POINT ( 'NONE',  ( 38.00000000000000000, 1.106499231684619833E-14, 0.000000000000000000 ) ) ;
#2011 = CIRCLE ( 'NONE', #1455, 4.000000000000003553 ) ;
#2012 = DIRECTION ( 'NONE',  ( -0.000000000000000000, -0.000000000000000000, 1.000000000000000000 ) ) ;
#2013 = EDGE_CURVE ( 'NONE', #881, #4861, #506, .T. ) ;
#2014 =( LENGTH_UNIT ( ) NAMED_UNIT ( * ) SI_UNIT ( .MILLI., .METRE. ) );
#2015 = CARTESIAN_POINT ( 'NONE',  ( 66.31012298058170984, 11.49611876674577182, -4.000000000000000000 ) ) ;
#2016 = CARTESIAN_POINT ( 'NONE',  ( 0.000000000000000000, -9.100000000000001421, 0.000000000000000000 ) ) ;
#2017 = ORIENTED_EDGE ( 'NONE', *, *, #3560, .T. ) ;
#2018 = VECTOR ( 'NONE', #1682, 1000.000000000000000 ) ;
#2019 = DIRECTION ( 'NONE',  ( 1.000000000000000000, 0.000000000000000000, 0.000000000000000000 ) ) ;
#2020 = DIRECTION ( 'NONE',  ( 0.000000000000000000, 0.000000000000000000, 1.000000000000000000 ) ) ;
#2021 = VERTEX_POINT ( 'NONE', #4716 ) ;
#2022 = VERTEX_POINT ( 'NONE', #2464 ) ;
#2023 = ORIENTED_EDGE ( 'NONE', *, *, #1014, .T. ) ;
#2024 = CYLINDRICAL_SURFACE ( 'NONE', #2569, 0.5000000000000004441 ) ;
#2025 = CIRCLE ( 'NONE', #975, 0.5000000000000000000 ) ;
#2026 = CYLINDRICAL_SURFACE ( 'NONE', #3885, 0.5000000000000004441 ) ;
#2027 = CARTESIAN_POINT ( 'NONE',  ( 32.38794526874199420, 8.971546115038352198, 6.000000000000000000 ) ) ;
#2028 = DIRECTION ( 'NONE',  ( -0.000000000000000000, -0.000000000000000000, -1.000000000000000000 ) ) ;
#2029 = VERTEX_POINT ( 'NONE', #1271 ) ;
#2030 = VECTOR ( 'NONE', #4705, 1000.000000000000000 ) ;
#2031 = EDGE_CURVE ( 'NONE', #3011, #2690, #4333, .T. ) ;
#2032 = VECTOR ( 'NONE', #3422, 1000.000000000000000 ) ;
#2033 = EDGE_CURVE ( 'NONE', #3966, #3743, #1102, .T. ) ;
#2034 = DIRECTION ( 'NONE',  ( 0.000000000000000000, -0.000000000000000000, -1.000000000000000000 ) ) ;
#2035 = FACE_OUTER_BOUND ( 'NONE', #4890, .T. ) ;
#2036 = ORIENTED_EDGE ( 'NONE', *, *, #703, .F. ) ;
#2037 = CARTESIAN_POINT ( 'NONE',  ( 1.500000000000003553, 25.32120260015482316, 0.000000000000000000 ) ) ;
#2038 = LINE ( 'NONE', #75, #3126 ) ;
#2039 = CIRCLE ( 'NONE', #906, 9.499999999999998224 ) ;
#2040 = ADVANCED_FACE ( 'NONE', ( #2649 ), #1579, .F. ) ;
#2041 = DIRECTION ( 'NONE',  ( 1.000000000000000000, 0.000000000000000000, 0.000000000000000000 ) ) ;
#2042 = ORIENTED_EDGE ( 'NONE', *, *, #1256, .F. ) ;
#2043 = DIRECTION ( 'NONE',  ( 0.000000000000000000, 0.000000000000000000, 1.000000000000000000 ) ) ;
#2044 = ORIENTED_EDGE ( 'NONE', *, *, #4859, .F. ) ;
#2045 = CARTESIAN_POINT ( 'NONE',  ( 91.77279868138852237, -11.26704500639637274, 6.000000000000000000 ) ) ;
#2046 = CARTESIAN_POINT ( 'NONE',  ( 7.390893093917675571, 37.91145303867747174, 6.000000000000000000 ) ) ;
#2047 = VERTEX_POINT ( 'NONE', #753 ) ;
#2048 = VERTEX_POINT ( 'NONE', #4174 ) ;
#2049 = ORIENTED_EDGE ( 'NONE', *, *, #4619, .F. ) ;
#2050 = CARTESIAN_POINT ( 'NONE',  ( 8.675248347093877044, 32.50000000000000000, 6.000000000000000000 ) ) ;
#2051 = FACE_OUTER_BOUND ( 'NONE', #261, .T. ) ;
#2052 = DIRECTION ( 'NONE',  ( 0.000000000000000000, 0.000000000000000000, -1.000000000000000000 ) ) ;
#2053 = CARTESIAN_POINT ( 'NONE',  ( 33.09629967003417050, 10.15142111261730484, 6.000000000000000000 ) ) ;
#2054 = ORIENTED_EDGE ( 'NONE', *, *, #1563, .F. ) ;
#2055 = CARTESIAN_POINT ( 'NONE',  ( 2.500000000000001776, 34.00000000000000000, -9.926209212457735021 ) ) ;
#2056 = DIRECTION ( 'NONE',  ( -0.000000000000000000, -0.000000000000000000, -1.000000000000000000 ) ) ;
#2057 = ORIENTED_EDGE ( 'NONE', *, *, #4125, .F. ) ;
#2058 = LINE ( 'NONE', #1986, #1231 ) ;
#2059 = ADVANCED_FACE ( 'NONE', ( #3456 ), #4575, .F. ) ;
#2060 = LINE ( 'NONE', #4754, #1611 ) ;
#2061 = APPLICATION_PROTOCOL_DEFINITION ( 'draft international standard', 'automotive_design', 1998, #2115 ) ;
#2062 = AXIS2_PLACEMENT_3D ( 'NONE', #686, #3783, #1137 ) ;
#2063 = CARTESIAN_POINT ( 'NONE',  ( 87.03228867700198634, -8.228761542748740609, 6.000000000000000000 ) ) ;
#2064 = EDGE_CURVE ( 'NONE', #1998, #154, #3041, .T. ) ;
#2065 = ADVANCED_FACE ( 'NONE', ( #1512 ), #4228, .F. ) ;
#2066 = FACE_OUTER_BOUND ( 'NONE', #1655, .T. ) ;
#2067 = ORIENTED_EDGE ( 'NONE', *, *, #3491, .T. ) ;
#2068 = VECTOR ( 'NONE', #2766, 1000.000000000000000 ) ;
#2069 = LINE ( 'NONE', #3642, #1694 ) ;
#2070 = AXIS2_PLACEMENT_3D ( 'NONE', #1734, #3253, #4313 ) ;
#2071 = ADVANCED_FACE ( 'NONE', ( #2743 ), #3406, .F. ) ;
#2072 = LINE ( 'NONE', #140, #1944 ) ;
#2073 = ORIENTED_EDGE ( 'NONE', *, *, #2147, .T. ) ;
#2074 = ORIENTED_EDGE ( 'NONE', *, *, #3947, .F. ) ;
#2075 = ORIENTED_EDGE ( 'NONE', *, *, #4732, .T. ) ;
#2076 = CARTESIAN_POINT ( 'NONE',  ( 64.11174152470852050, 14.13833970871039369, -4.000000000000000000 ) ) ;
#2077 = AXIS2_PLACEMENT_3D ( 'NONE', #1774, #2588, #3320 ) ;
#2078 = DIRECTION ( 'NONE',  ( -0.000000000000000000, -0.000000000000000000, 1.000000000000000000 ) ) ;
#2079 = DIRECTION ( 'NONE',  ( 0.6395885234274754083, -0.7687174517986837818, -0.000000000000000000 ) ) ;
#2080 = CARTESIAN_POINT ( 'NONE',  ( 53.04690553622918259, -0.8013060202950520461, 6.000000000000000000 ) ) ;
#2081 = ORIENTED_EDGE ( 'NONE', *, *, #2559, .F. ) ;
#2082 = AXIS2_PLACEMENT_3D ( 'NONE', #1478, #4816, #3761 ) ;
#2083 = CARTESIAN_POINT ( 'NONE',  ( 44.14477918441626514, 36.72935233814226308, 0.000000000000000000 ) ) ;
#2084 = DIRECTION ( 'NONE',  ( 1.000000000000000000, 0.000000000000000000, 0.000000000000000000 ) ) ;
#2085 = VERTEX_POINT ( 'NONE', #3897 ) ;
#2086 = VERTEX_POINT ( 'NONE', #1863 ) ;
#2087 = CARTESIAN_POINT ( 'NONE',  ( 54.26928120398978450, -8.000000000000000000, -4.000000000000000000 ) ) ;
#2088 = CARTESIAN_POINT ( 'NONE',  ( 53.04690378038023368, 0.6312521192398312664, 6.000000000000000000 ) ) ;
#2089 = AXIS2_PLACEMENT_3D ( 'NONE', #3997, #2163, #3665 ) ;
#2090 = AXIS2_PLACEMENT_3D ( 'NONE', #1444, #4532, #3872 ) ;
#2091 = CARTESIAN_POINT ( 'NONE',  ( 75.03524120961040467, -0.08500000000000867972, 6.000000000000000000 ) ) ;
#2092 = LINE ( 'NONE', #554, #4655 ) ;
#2093 = AXIS2_PLACEMENT_3D ( 'NONE', #3300, #4850, #695 ) ;
#2094 = VERTEX_POINT ( 'NONE', #389 ) ;
#2095 = EDGE_CURVE ( 'NONE', #4298, #664, #1199, .T. ) ;
#2096 = EDGE_CURVE ( 'NONE', #4746, #1470, #1911, .T. ) ;
#2097 = ADVANCED_FACE ( 'NONE', ( #2724 ), #2326, .F. ) ;
#2098 = FACE_OUTER_BOUND ( 'NONE', #4170, .T. ) ;
#2099 = EDGE_LOOP ( 'NONE', ( #4706, #3742, #2777, #756 ) ) ;
#2100 = DIRECTION ( 'NONE',  ( -0.000000000000000000, 0.000000000000000000, 1.000000000000000000 ) ) ;
#2101 = EDGE_LOOP ( 'NONE', ( #3759, #3576, #4852, #3832 ) ) ;
#2102 = LINE ( 'NONE', #2837, #2646 ) ;
#2103 = ADVANCED_FACE ( 'NONE', ( #1532 ), #3431, .F. ) ;
#2104 = ORIENTED_EDGE ( 'NONE', *, *, #953, .T. ) ;
#2105 = DIRECTION ( 'NONE',  ( -0.9840389934577211672, 0.1779529695023798763, -0.000000000000000000 ) ) ;
#2106 = CARTESIAN_POINT ( 'NONE',  ( 58.02031337974366210, -15.50000000000000711, 6.000000000000000000 ) ) ;
#2107 = EDGE_LOOP ( 'NONE', ( #2023, #4936, #2340, #1973 ) ) ;
#2108 = ORIENTED_EDGE ( 'NONE', *, *, #2382, .T. ) ;
#2109 = AXIS2_PLACEMENT_3D ( 'NONE', #1321, #4076, #2124 ) ;
#2110 = DIRECTION ( 'NONE',  ( 1.000000000000000000, -3.469446951953611033E-15, 0.000000000000000000 ) ) ;
#2111 = DIRECTION ( 'NONE',  ( 0.000000000000000000, 1.000000000000000000, -0.000000000000000000 ) ) ;
#2112 = ORIENTED_EDGE ( 'NONE', *, *, #1822, .T. ) ;
#2113 = DIRECTION ( 'NONE',  ( 1.000000000000000000, 0.000000000000000000, 0.000000000000000000 ) ) ;
#2114 = DIRECTION ( 'NONE',  ( 0.000000000000000000, -0.000000000000000000, -1.000000000000000000 ) ) ;
#2115 = APPLICATION_CONTEXT ( 'automotive_design' ) ;
#2116 = DIRECTION ( 'NONE',  ( 0.000000000000000000, 0.000000000000000000, -1.000000000000000000 ) ) ;
#2117 = AXIS2_PLACEMENT_3D ( 'NONE', #2376, #3381, #3020 ) ;
#2118 = DIRECTION ( 'NONE',  ( 0.000000000000000000, 0.000000000000000000, 1.000000000000000000 ) ) ;
#2119 = ORIENTED_EDGE ( 'NONE', *, *, #4455, .T. ) ;
#2120 = VECTOR ( 'NONE', #3354, 1000.000000000000000 ) ;
#2121 = CIRCLE ( 'NONE', #2297, 9.499999999999998224 ) ;
#2122 = DIRECTION ( 'NONE',  ( 1.000000000000000000, 3.469446951953614189E-15, 0.000000000000000000 ) ) ;
#2123 = ADVANCED_FACE ( 'NONE', ( #342 ), #1889, .F. ) ;
#2124 = DIRECTION ( 'NONE',  ( 1.000000000000000000, 0.000000000000000000, 0.000000000000000000 ) ) ;
#2125 = EDGE_CURVE ( 'NONE', #1114, #1283, #2856, .T. ) ;
#2126 = ORIENTED_EDGE ( 'NONE', *, *, #4127, .T. ) ;
#2127 = LINE ( 'NONE', #1422, #4005 ) ;
#2128 = CARTESIAN_POINT ( 'NONE',  ( 61.05156340878945542, 0.5908366391573333098, -4.000000000000000000 ) ) ;
#2129 = VERTEX_POINT ( 'NONE', #3847 ) ;
#2130 = ORIENTED_EDGE ( 'NONE', *, *, #2855, .T. ) ;
#2131 = EDGE_CURVE ( 'NONE', #4237, #2333, #2679, .T. ) ;
#2132 = DIRECTION ( 'NONE',  ( 0.000000000000000000, 0.000000000000000000, 1.000000000000000000 ) ) ;
#2133 = CYLINDRICAL_SURFACE ( 'NONE', #4276, 4.000000000000003553 ) ;
#2134 = CARTESIAN_POINT ( 'NONE',  ( 0.000000000000000000, 19.90763939006601291, 0.000000000000000000 ) ) ;
#2135 = DIRECTION ( 'NONE',  ( 0.000000000000000000, 0.000000000000000000, -1.000000000000000000 ) ) ;
#2136 = ORIENTED_EDGE ( 'NONE', *, *, #3222, .F. ) ;
#2137 = CARTESIAN_POINT ( 'NONE',  ( 61.01581468047283607, -14.59607809024561220, 0.000000000000000000 ) ) ;
#2138 = FACE_OUTER_BOUND ( 'NONE', #1674, .T. ) ;
#2139 = AXIS2_PLACEMENT_3D ( 'NONE', #3416, #3006, #3441 ) ;
#2140 = CARTESIAN_POINT ( 'NONE',  ( 50.26928120398978450, -8.000000000000000000, -4.000000000000000000 ) ) ;
#2141 = AXIS2_PLACEMENT_3D ( 'NONE', #710, #2237, #401 ) ;
#2142 = FACE_OUTER_BOUND ( 'NONE', #1214, .T. ) ;
#2143 = UNCERTAINTY_MEASURE_WITH_UNIT (LENGTH_MEASURE( 1.000000000000000082E-05 ), #2014, 'distance_accuracy_value', 'NONE');
#2144 = ORIENTED_EDGE ( 'NONE', *, *, #2876, .T. ) ;
#2145 = ORIENTED_EDGE ( 'NONE', *, *, #4594, .F. ) ;
#2146 = DIRECTION ( 'NONE',  ( 1.000000000000000000, 0.000000000000000000, 0.000000000000000000 ) ) ;
#2147 = EDGE_CURVE ( 'NONE', #4525, #4471, #4606, .T. ) ;
#2148 = VECTOR ( 'NONE', #1603, 999.9999999999998863 ) ;
#2149 = DIRECTION ( 'NONE',  ( -0.000000000000000000, -0.000000000000000000, 1.000000000000000000 ) ) ;
#2150 = ORIENTED_EDGE ( 'NONE', *, *, #51, .F. ) ;
#2151 = ORIENTED_EDGE ( 'NONE', *, *, #592, .T. ) ;
#2152 = VECTOR ( 'NONE', #992, 1000.000000000000000 ) ;
#2153 = ADVANCED_FACE ( 'NONE', ( #1961 ), #3481, .T. ) ;
#2154 = ADVANCED_FACE ( 'NONE', ( #4342 ), #2422, .F. ) ;
#2155 = PLANE ( 'NONE',  #1676 ) ;
#2156 = CARTESIAN_POINT ( 'NONE',  ( 50.26928120398978450, -8.000000000000000000, 0.000000000000000000 ) ) ;
#2157 = ORIENTED_EDGE ( 'NONE', *, *, #3968, .F. ) ;
#2158 = EDGE_CURVE ( 'NONE', #664, #896, #1554, .T. ) ;
#2159 = CARTESIAN_POINT ( 'NONE',  ( 6.890893093917676460, 37.41145303867747174, 6.000000000000000000 ) ) ;
#2160 = DIRECTION ( 'NONE',  ( 0.000000000000000000, -0.000000000000000000, -1.000000000000000000 ) ) ;
#2161 = VERTEX_POINT ( 'NONE', #1310 ) ;
#2162 = CARTESIAN_POINT ( 'NONE',  ( 59.62031337974367062, -15.50000000000000711, 6.000000000000000000 ) ) ;
#2163 = DIRECTION ( 'NONE',  ( 0.000000000000000000, -0.000000000000000000, -1.000000000000000000 ) ) ;
#2164 = EDGE_CURVE ( 'NONE', #3806, #3095, #2058, .T. ) ;
#2165 = CIRCLE ( 'NONE', #4090, 0.5000000000000000000 ) ;
#2166 = CARTESIAN_POINT ( 'NONE',  ( 88.85024120961040239, -15.50000000000000711, 6.000000000000000000 ) ) ;
#2167 = VECTOR ( 'NONE', #21, 1000.000000000000000 ) ;
#2168 = CIRCLE ( 'NONE', #2258, 5.000000000000000888 ) ;
#2169 = DIRECTION ( 'NONE',  ( -1.000000000000000000, -1.262759498623213806E-16, 0.000000000000000000 ) ) ;
#2170 = CIRCLE ( 'NONE', #2824, 0.5000000000000004441 ) ;
#2171 = ORIENTED_EDGE ( 'NONE', *, *, #1662, .F. ) ;
#2172 = CARTESIAN_POINT ( 'NONE',  ( 27.40000000000000213, -10.00000000000000000, 0.000000000000000000 ) ) ;
#2173 = VERTEX_POINT ( 'NONE', #864 ) ;
#2174 = VERTEX_POINT ( 'NONE', #3135 ) ;
#2175 = AXIS2_PLACEMENT_3D ( 'NONE', #3203, #4773, #914 ) ;
#2176 = ORIENTED_EDGE ( 'NONE', *, *, #3317, .T. ) ;
#2177 = DIRECTION ( 'NONE',  ( 1.000000000000000000, -2.081668171172166620E-14, 0.000000000000000000 ) ) ;
#2178 = EDGE_LOOP ( 'NONE', ( #1639, #3704, #1383, #1066 ) ) ;
#2179 = FACE_OUTER_BOUND ( 'NONE', #2107, .T. ) ;
#2180 = VERTEX_POINT ( 'NONE', #1279 ) ;
#2181 = ORIENTED_EDGE ( 'NONE', *, *, #4512, .F. ) ;
#2182 = ORIENTED_EDGE ( 'NONE', *, *, #263, .T. ) ;
#2183 = FACE_OUTER_BOUND ( 'NONE', #1426, .T. ) ;
#2184 = SURFACE_SIDE_STYLE ('',( #4465 ) ) ;
#2185 = DIRECTION ( 'NONE',  ( 1.000000000000000000, 0.000000000000000000, 0.000000000000000000 ) ) ;
#2186 = AXIS2_PLACEMENT_3D ( 'NONE', #4992, #2791, #1556 ) ;
#2187 = CYLINDRICAL_SURFACE ( 'NONE', #54, 0.5000000000000004441 ) ;
#2188 = EDGE_CURVE ( 'NONE', #4704, #4469, #1958, .T. ) ;
#2189 = ORIENTED_EDGE ( 'NONE', *, *, #4637, .T. ) ;
#2190 = AXIS2_PLACEMENT_3D ( 'NONE', #1670, #1265, #1617 ) ;
#2191 = EDGE_CURVE ( 'NONE', #4413, #3181, #823, .T. ) ;
#2192 = VECTOR ( 'NONE', #4221, 1000.000000000000000 ) ;
#2193 = DIRECTION ( 'NONE',  ( 1.000000000000000000, 0.000000000000000000, 0.000000000000000000 ) ) ;
#2194 = DIRECTION ( 'NONE',  ( 1.000000000000000000, 0.000000000000000000, 0.000000000000000000 ) ) ;
#2195 = AXIS2_PLACEMENT_3D ( 'NONE', #24, #4978, #4610 ) ;
#2196 = LINE ( 'NONE', #1127, #4034 ) ;
#2197 = ORIENTED_EDGE ( 'NONE', *, *, #137, .T. ) ;
#2198 = ADVANCED_FACE ( 'NONE', ( #1685 ), #4292, .T. ) ;
#2199 = AXIS2_PLACEMENT_3D ( 'NONE', #2217, #1408, #2568 ) ;
#2200 = EDGE_LOOP ( 'NONE', ( #4589, #3031, #358, #916 ) ) ;
#2201 = VECTOR ( 'NONE', #3792, 1000.000000000000000 ) ;
#2202 = CARTESIAN_POINT ( 'NONE',  ( 27.40000000000000213, 10.00000000000000000, 6.000000000000000000 ) ) ;
#2203 = VECTOR ( 'NONE', #3477, 1000.000000000000000 ) ;
#2204 = ORIENTED_EDGE ( 'NONE', *, *, #2966, .F. ) ;
#2205 = CARTESIAN_POINT ( 'NONE',  ( 75.73524120961039330, -14.56809359218534894, -4.000000000000000000 ) ) ;
#2206 = AXIS2_PLACEMENT_3D ( 'NONE', #3862, #1978, #4965 ) ;
#2207 = VERTEX_POINT ( 'NONE', #4390 ) ;
#2208 = VERTEX_POINT ( 'NONE', #3530 ) ;
#2209 = VECTOR ( 'NONE', #97, 1000.000000000000000 ) ;
#2210 = CARTESIAN_POINT ( 'NONE',  ( 4.000000000000000000, -20.00000000000000000, 0.000000000000000000 ) ) ;
#2211 = DIRECTION ( 'NONE',  ( -0.9863939238321436376, -0.1643989873053574580, 0.000000000000000000 ) ) ;
#2212 = ORIENTED_EDGE ( 'NONE', *, *, #4491, .F. ) ;
#2213 = ORIENTED_EDGE ( 'NONE', *, *, #4739, .F. ) ;
#2214 = DIRECTION ( 'NONE',  ( -1.000000000000000000, 0.000000000000000000, 0.000000000000000000 ) ) ;
#2215 = CARTESIAN_POINT ( 'NONE',  ( 59.62031337974367062, -15.50000000000000711, 0.000000000000000000 ) ) ;
#2216 = VERTEX_POINT ( 'NONE', #843 ) ;
#2217 = CARTESIAN_POINT ( 'NONE',  ( 75.73524120961039330, -14.56809359218534894, 0.000000000000000000 ) ) ;
#2218 = DIRECTION ( 'NONE',  ( 1.000000000000000000, 0.000000000000000000, 0.000000000000000000 ) ) ;
#2219 = ORIENTED_EDGE ( 'NONE', *, *, #4739, .T. ) ;
#2220 = DIRECTION ( 'NONE',  ( -0.000000000000000000, -0.000000000000000000, 1.000000000000000000 ) ) ;
#2221 = EDGE_CURVE ( 'NONE', #1569, #3806, #466, .T. ) ;
#2222 = CARTESIAN_POINT ( 'NONE',  ( 7.390893093917675571, 37.91145303867747174, 0.000000000000000000 ) ) ;
#2223 = ORIENTED_EDGE ( 'NONE', *, *, #70, .F. ) ;
#2224 = ADVANCED_FACE ( 'NONE', ( #897 ), #74, .T. ) ;
#2225 = CARTESIAN_POINT ( 'NONE',  ( -1.804112415015878984E-15, 10.39999999999999503, 0.000000000000000000 ) ) ;
#2226 = EDGE_CURVE ( 'NONE', #273, #1761, #3503, .T. ) ;
#2227 = EDGE_CURVE ( 'NONE', #2705, #2712, #165, .T. ) ;
#2228 = DIRECTION ( 'NONE',  ( 0.000000000000000000, 0.000000000000000000, -1.000000000000000000 ) ) ;
#2229 = ORIENTED_EDGE ( 'NONE', *, *, #1708, .T. ) ;
#2230 = CARTESIAN_POINT ( 'NONE',  ( 32.86376503404214588, -8.813050199124850437, 6.000000000000000000 ) ) ;
#2231 = ORIENTED_EDGE ( 'NONE', *, *, #2596, .T. ) ;
#2232 = VECTOR ( 'NONE', #837, 1000.000000000000000 ) ;
#2233 = ORIENTED_EDGE ( 'NONE', *, *, #1699, .T. ) ;
#2234 = DIRECTION ( 'NONE',  ( 1.000000000000000000, 0.000000000000000000, 0.000000000000000000 ) ) ;
#2235 = CIRCLE ( 'NONE', #696, 0.5000000000000004441 ) ;
#2236 = EDGE_CURVE ( 'NONE', #4704, #2932, #547, .T. ) ;
#2237 = DIRECTION ( 'NONE',  ( -0.000000000000000000, -0.000000000000000000, 1.000000000000000000 ) ) ;
#2238 = EDGE_LOOP ( 'NONE', ( #4146, #3246, #748, #118 ) ) ;
#2239 = VERTEX_POINT ( 'NONE', #3945 ) ;
#2240 = ORIENTED_EDGE ( 'NONE', *, *, #1392, .F. ) ;
#2241 = DIRECTION ( 'NONE',  ( 1.000000000000000000, 0.000000000000000000, 0.000000000000000000 ) ) ;
#2242 = ORIENTED_EDGE ( 'NONE', *, *, #4551, .T. ) ;
#2243 = FACE_OUTER_BOUND ( 'NONE', #3893, .T. ) ;
#2244 = CARTESIAN_POINT ( 'NONE',  ( 2.399552634971364284, -14.39731580982816972, 0.000000000000000000 ) ) ;
#2245 = AXIS2_PLACEMENT_3D ( 'NONE', #2368, #3122, #3889 ) ;
#2246 = CARTESIAN_POINT ( 'NONE',  ( 89.40951800472774380, 14.57204616489689997, -4.000000000000000000 ) ) ;
#2247 = DIRECTION ( 'NONE',  ( -0.7687174517986837818, -0.6395885234274754083, 0.000000000000000000 ) ) ;
#2248 = AXIS2_PLACEMENT_3D ( 'NONE', #1268, #1701, #4358 ) ;
#2249 = ORIENTED_EDGE ( 'NONE', *, *, #1021, .T. ) ;
#2250 = LINE ( 'NONE', #4528, #977 ) ;
#2251 = AXIS2_PLACEMENT_3D ( 'NONE', #1844, #4479, #2177 ) ;
#2252 = ORIENTED_EDGE ( 'NONE', *, *, #3256, .T. ) ;
#2253 = AXIS2_PLACEMENT_3D ( 'NONE', #4560, #1661, #2041 ) ;
#2254 = DIRECTION ( 'NONE',  ( 1.000000000000000000, 0.000000000000000000, 0.000000000000000000 ) ) ;
#2255 = PLANE ( 'NONE',  #76 ) ;
#2256 = EDGE_LOOP ( 'NONE', ( #3251, #2812, #4971, #1705 ) ) ;
#2257 = EDGE_CURVE ( 'NONE', #3746, #1179, #746, .T. ) ;
#2258 = AXIS2_PLACEMENT_3D ( 'NONE', #4937, #3949, #3781 ) ;
#2259 = EDGE_CURVE ( 'NONE', #3225, #816, #2473, .T. ) ;
#2260 = DIRECTION ( 'NONE',  ( -1.000000000000000000, -1.262759498623213806E-16, 0.000000000000000000 ) ) ;
#2261 = DIRECTION ( 'NONE',  ( -0.000000000000000000, 0.000000000000000000, 1.000000000000000000 ) ) ;
#2262 = ORIENTED_EDGE ( 'NONE', *, *, #1232, .T. ) ;
#2263 = ORIENTED_EDGE ( 'NONE', *, *, #3310, .T. ) ;
#2264 = VECTOR ( 'NONE', #3920, 1000.000000000000000 ) ;
#2265 = EDGE_CURVE ( 'NONE', #4951, #243, #3159, .T. ) ;
#2266 = ORIENTED_EDGE ( 'NONE', *, *, #4135, .F. ) ;
#2267 = PLANE ( 'NONE',  #1832 ) ;
#2268 = CARTESIAN_POINT ( 'NONE',  ( 65.92576425468236323, 11.17632450503204389, 6.000000000000000000 ) ) ;
#2269 = CYLINDRICAL_SURFACE ( 'NONE', #1798, 2.600000000000000089 ) ;
#2270 = DIRECTION ( 'NONE',  ( 0.000000000000000000, 0.000000000000000000, -1.000000000000000000 ) ) ;
#2271 = ORIENTED_EDGE ( 'NONE', *, *, #4277, .T. ) ;
#2272 = CIRCLE ( 'NONE', #2516, 0.5000000000000004441 ) ;
#2273 = DIRECTION ( 'NONE',  ( 1.000000000000000000, 0.000000000000000000, 0.000000000000000000 ) ) ;
#2274 = CIRCLE ( 'NONE', #2358, 1.600000000000004086 ) ;
#2275 = DIRECTION ( 'NONE',  ( 0.000000000000000000, 0.000000000000000000, 1.000000000000000000 ) ) ;
#2276 = ORIENTED_EDGE ( 'NONE', *, *, #2436, .T. ) ;
#2277 = DIRECTION ( 'NONE',  ( -0.000000000000000000, -0.000000000000000000, 1.000000000000000000 ) ) ;
#2278 = CIRCLE ( 'NONE', #3534, 1.599999999999976552 ) ;
#2279 = CYLINDRICAL_SURFACE ( 'NONE', #1054, 29.22992782986673888 ) ;
#2280 = VECTOR ( 'NONE', #954, 1000.000000000000000 ) ;
#2281 = CIRCLE ( 'NONE', #2916, 4.000000000000003553 ) ;
#2282 = CARTESIAN_POINT ( 'NONE',  ( 89.10256355754530944, 13.69940927280016041, 0.000000000000000000 ) ) ;
#2283 = VECTOR ( 'NONE', #1612, 1000.000000000000000 ) ;
#2284 = ORIENTED_EDGE ( 'NONE', *, *, #1385, .T. ) ;
#2285 = CIRCLE ( 'NONE', #233, 4.000000000000003553 ) ;
#2286 = DIRECTION ( 'NONE',  ( 1.000000000000000000, 6.938893903907228378E-15, 0.000000000000000000 ) ) ;
#2287 = EDGE_CURVE ( 'NONE', #55, #228, #941, .T. ) ;
#2288 = CARTESIAN_POINT ( 'NONE',  ( 86.19099159552497724, -9.347787557056838281, 6.000000000000000000 ) ) ;
#2289 = CIRCLE ( 'NONE', #1634, 0.5000000000000004441 ) ;
#2290 = EDGE_LOOP ( 'NONE', ( #2515, #1503, #266, #2346 ) ) ;
#2291 = VERTEX_POINT ( 'NONE', #3557 ) ;
#2292 = VECTOR ( 'NONE', #2520, 1000.000000000000000 ) ;
#2293 = ORIENTED_EDGE ( 'NONE', *, *, #2257, .T. ) ;
#2294 = CARTESIAN_POINT ( 'NONE',  ( 64.30319817247699632, -9.835551381799724879, -4.000000000000000000 ) ) ;
#2295 = DIRECTION ( 'NONE',  ( 1.000000000000000000, 0.000000000000000000, 0.000000000000000000 ) ) ;
#2296 = DIRECTION ( 'NONE',  ( -0.000000000000000000, -0.000000000000000000, 1.000000000000000000 ) ) ;
#2297 = AXIS2_PLACEMENT_3D ( 'NONE', #3912, #4287, #3598 ) ;
#2298 = DIRECTION ( 'NONE',  ( 0.000000000000000000, -0.000000000000000000, -1.000000000000000000 ) ) ;
#2299 = EDGE_CURVE ( 'NONE', #4896, #4738, #1789, .T. ) ;
#2300 = ORIENTED_EDGE ( 'NONE', *, *, #2299, .T. ) ;
#2301 = DIRECTION ( 'NONE',  ( -0.000000000000000000, 0.000000000000000000, 1.000000000000000000 ) ) ;
#2302 = DIRECTION ( 'NONE',  ( 1.000000000000000000, 0.000000000000000000, 0.000000000000000000 ) ) ;
#2303 = VERTEX_POINT ( 'NONE', #4489 ) ;
#2304 = ORIENTED_EDGE ( 'NONE', *, *, #3338, .F. ) ;
#2305 = CARTESIAN_POINT ( 'NONE',  ( 37.58238007957315574, -8.533511235727866406, -4.000000000000000000 ) ) ;
#2306 = EDGE_CURVE ( 'NONE', #243, #4605, #616, .T. ) ;
#2307 = ORIENTED_EDGE ( 'NONE', *, *, #4242, .F. ) ;
#2308 = DIRECTION ( 'NONE',  ( 1.000000000000000000, 0.000000000000000000, 0.000000000000000000 ) ) ;
#2309 = ORIENTED_EDGE ( 'NONE', *, *, #3107, .F. ) ;
#2310 = PLANE ( 'NONE',  #951 ) ;
#2311 = DIRECTION ( 'NONE',  ( -0.000000000000000000, 0.000000000000000000, 1.000000000000000000 ) ) ;
#2312 = EDGE_LOOP ( 'NONE', ( #4110, #1246, #609, #3787 ) ) ;
#2313 = ORIENTED_EDGE ( 'NONE', *, *, #681, .T. ) ;
#2314 = LINE ( 'NONE', #1187, #2805 ) ;
#2315 = CARTESIAN_POINT ( 'NONE',  ( 7.390893093917675571, 37.41145303867747174, 6.000000000000000000 ) ) ;
#2316 = DIRECTION ( 'NONE',  ( -0.000000000000000000, -0.000000000000000000, 1.000000000000000000 ) ) ;
#2317 = CARTESIAN_POINT ( 'NONE',  ( 85.80631054773481026, -9.028381089572123486, 0.000000000000000000 ) ) ;
#2318 = AXIS2_PLACEMENT_3D ( 'NONE', #3955, #851, #1993 ) ;
#2319 = EDGE_CURVE ( 'NONE', #3524, #4794, #1459, .T. ) ;
#2320 = EDGE_CURVE ( 'NONE', #3011, #4573, #2991, .T. ) ;
#2321 = DIRECTION ( 'NONE',  ( 0.000000000000000000, 0.000000000000000000, -1.000000000000000000 ) ) ;
#2322 = EDGE_CURVE ( 'NONE', #2180, #3011, #1479, .T. ) ;
#2323 = CARTESIAN_POINT ( 'NONE',  ( 38.00000000000000000, 7.829927829866727862, 0.000000000000000000 ) ) ;
#2324 = LINE ( 'NONE', #4696, #1208 ) ;
#2325 = ORIENTED_EDGE ( 'NONE', *, *, #450, .T. ) ;
#2326 = PLANE ( 'NONE',  #3727 ) ;
#2327 = CIRCLE ( 'NONE', #2248, 1.599999999999990319 ) ;
#2328 = DIRECTION ( 'NONE',  ( -0.000000000000000000, 0.000000000000000000, 1.000000000000000000 ) ) ;
#2329 = CIRCLE ( 'NONE', #2077, 2.600000000000000089 ) ;
#2330 = ADVANCED_FACE ( 'NONE', ( #3686 ), #570, .F. ) ;
#2331 = VECTOR ( 'NONE', #93, 1000.000000000000000 ) ;
#2332 = DIRECTION ( 'NONE',  ( 0.000000000000000000, -0.000000000000000000, 1.000000000000000000 ) ) ;
#2333 = VERTEX_POINT ( 'NONE', #595 ) ;
#2334 = DIRECTION ( 'NONE',  ( 1.000000000000000000, 0.000000000000000000, 0.000000000000000000 ) ) ;
#2335 = CARTESIAN_POINT ( 'NONE',  ( 90.95024120961039671, 15.82992782986673141, 0.000000000000000000 ) ) ;
#2336 = DIRECTION ( 'NONE',  ( 0.000000000000000000, -0.000000000000000000, -1.000000000000000000 ) ) ;
#2337 = ORIENTED_EDGE ( 'NONE', *, *, #3680, .F. ) ;
#2338 = CIRCLE ( 'NONE', #2970, 1.600000000000004086 ) ;
#2339 = ORIENTED_EDGE ( 'NONE', *, *, #1135, .T. ) ;
#2340 = ORIENTED_EDGE ( 'NONE', *, *, #3622, .F. ) ;
#2341 = CARTESIAN_POINT ( 'NONE',  ( 61.05156340878945542, 0.5908366391573331988, 6.000000000000000000 ) ) ;
#2342 = CARTESIAN_POINT ( 'NONE',  ( 31.08055113542304682, -10.02266689510609865, 6.000000000000000000 ) ) ;
#2343 = DIRECTION ( 'NONE',  ( -0.000000000000000000, 0.000000000000000000, 1.000000000000000000 ) ) ;
#2344 = CARTESIAN_POINT ( 'NONE',  ( 88.66024666942186627, -10.99568825836322183, 0.000000000000000000 ) ) ;
#2345 = AXIS2_PLACEMENT_3D ( 'NONE', #2719, #2671, #4599 ) ;
#2346 = ORIENTED_EDGE ( 'NONE', *, *, #675, .T. ) ;
#2347 = LINE ( 'NONE', #3525, #2148 ) ;
#2348 = AXIS2_PLACEMENT_3D ( 'NONE', #4362, #483, #3177 ) ;
#2349 = CYLINDRICAL_SURFACE ( 'NONE', #2186, 1.600000000000004086 ) ;
#2350 = VERTEX_POINT ( 'NONE', #2159 ) ;
#2351 = DIRECTION ( 'NONE',  ( 0.000000000000000000, 0.000000000000000000, 1.000000000000000000 ) ) ;
#2352 = EDGE_CURVE ( 'NONE', #3425, #1446, #4467, .T. ) ;
#2353 = CARTESIAN_POINT ( 'NONE',  ( 59.62031337974367062, -15.50000000000000711, 0.000000000000000000 ) ) ;
#2354 = EDGE_CURVE ( 'NONE', #829, #634, #3073, .T. ) ;
#2355 = LINE ( 'NONE', #393, #4191 ) ;
#2356 = ORIENTED_EDGE ( 'NONE', *, *, #4369, .F. ) ;
#2357 = AXIS2_PLACEMENT_3D ( 'NONE', #2503, #1760, #3189 ) ;
#2358 = AXIS2_PLACEMENT_3D ( 'NONE', #4855, #752, #3379 ) ;
#2359 = ADVANCED_FACE ( 'NONE', ( #252 ), #2591, .F. ) ;
#2360 = FACE_OUTER_BOUND ( 'NONE', #2238, .T. ) ;
#2361 = AXIS2_PLACEMENT_3D ( 'NONE', #3483, #2378, #4700 ) ;
#2362 = ORIENTED_EDGE ( 'NONE', *, *, #3052, .T. ) ;
#2363 = VECTOR ( 'NONE', #474, 1000.000000000000114 ) ;
#2364 = CARTESIAN_POINT ( 'NONE',  ( 39.08166334869103054, 22.40091862176156567, 6.000000000000000000 ) ) ;
#2365 = CARTESIAN_POINT ( 'NONE',  ( 88.60017512499238990, -11.68472882150054204, -4.000000000000000000 ) ) ;
#2366 = CIRCLE ( 'NONE', #3542, 0.5000000000000000000 ) ;
#2367 = ORIENTED_EDGE ( 'NONE', *, *, #2158, .F. ) ;
#2368 = CARTESIAN_POINT ( 'NONE',  ( 41.99999999999999289, 7.829927829866729638, 6.000000000000000000 ) ) ;
#2369 = DIRECTION ( 'NONE',  ( -1.000000000000000000, 0.000000000000000000, 0.000000000000000000 ) ) ;
#2370 = LINE ( 'NONE', #1623, #2232 ) ;
#2371 = PLANE ( 'NONE',  #310 ) ;
#2372 = VERTEX_POINT ( 'NONE', #1018 ) ;
#2373 = AXIS2_PLACEMENT_3D ( 'NONE', #373, #3440, #4844 ) ;
#2374 = DIRECTION ( 'NONE',  ( -0.000000000000000000, -0.000000000000000000, -1.000000000000000000 ) ) ;
#2375 = LINE ( 'NONE', #1530, #1212 ) ;
#2376 = CARTESIAN_POINT ( 'NONE',  ( 41.99999999999999289, 7.829927829866729638, -4.000000000000000000 ) ) ;
#2377 = CARTESIAN_POINT ( 'NONE',  ( 57.07275730927118929, 13.61869912971759256, -4.000000000000000000 ) ) ;
#2378 = DIRECTION ( 'NONE',  ( -0.000000000000000000, 0.000000000000000000, 1.000000000000000000 ) ) ;
#2379 = ORIENTED_EDGE ( 'NONE', *, *, #2869, .F. ) ;
#2380 = LINE ( 'NONE', #1156, #900 ) ;
#2381 = EDGE_LOOP ( 'NONE', ( #4510, #4673, #262, #4688 ) ) ;
#2382 = EDGE_CURVE ( 'NONE', #2801, #3677, #2923, .T. ) ;
#2383 = EDGE_CURVE ( 'NONE', #4370, #542, #4352, .T. ) ;
#2384 = DIRECTION ( 'NONE',  ( -1.000000000000000000, 0.000000000000000000, 0.000000000000000000 ) ) ;
#2385 = DIRECTION ( 'NONE',  ( -1.000000000000000000, -6.313797493116069031E-17, 0.000000000000000000 ) ) ;
#2386 = ORIENTED_EDGE ( 'NONE', *, *, #2418, .T. ) ;
#2387 = ORIENTED_EDGE ( 'NONE', *, *, #2319, .F. ) ;
#2388 = EDGE_LOOP ( 'NONE', ( #1851, #3918, #973, #3874 ) ) ;
#2389 = DIRECTION ( 'NONE',  ( 0.000000000000000000, 0.000000000000000000, -1.000000000000000000 ) ) ;
#2390 = ADVANCED_FACE ( 'NONE', ( #3637 ), #4047, .T. ) ;
#2391 = CARTESIAN_POINT ( 'NONE',  ( 65.57189519156518998, 10.23222259829396030, 6.000000000000000000 ) ) ;
#2392 = PLANE ( 'NONE',  #113 ) ;
#2393 = CARTESIAN_POINT ( 'NONE',  ( 53.54663872195364149, 0.1149736619843802071, 6.000000000000000000 ) ) ;
#2394 = VERTEX_POINT ( 'NONE', #2134 ) ;
#2395 = AXIS2_PLACEMENT_3D ( 'NONE', #217, #4038, #1373 ) ;
#2396 = CARTESIAN_POINT ( 'NONE',  ( 90.95024120961039671, 19.82992782986673319, 0.000000000000000000 ) ) ;
#2397 = CARTESIAN_POINT ( 'NONE',  ( 88.48375983975380166, -10.44597403052565632, -4.000000000000000000 ) ) ;
#2398 = DIRECTION ( 'NONE',  ( 1.000000000000000000, 0.000000000000000000, 0.000000000000000000 ) ) ;
#2399 = AXIS2_PLACEMENT_3D ( 'NONE', #3927, #2430, #1971 ) ;
#2400 = DIRECTION ( 'NONE',  ( -0.000000000000000000, -0.000000000000000000, -1.000000000000000000 ) ) ;
#2401 = AXIS2_PLACEMENT_3D ( 'NONE', #4200, #71, #386 ) ;
#2402 = FACE_OUTER_BOUND ( 'NONE', #1440, .T. ) ;
#2403 = ORIENTED_EDGE ( 'NONE', *, *, #3902, .T. ) ;
#2404 = VECTOR ( 'NONE', #1629, 1000.000000000000114 ) ;
#2405 = AXIS2_PLACEMENT_3D ( 'NONE', #1505, #1594, #380 ) ;
#2406 = CYLINDRICAL_SURFACE ( 'NONE', #1015, 0.5000000000000004441 ) ;
#2407 = EDGE_CURVE ( 'NONE', #1149, #1811, #4995, .T. ) ;
#2408 = DIRECTION ( 'NONE',  ( 1.000000000000000000, 0.000000000000000000, 0.000000000000000000 ) ) ;
#2409 = ORIENTED_EDGE ( 'NONE', *, *, #1326, .F. ) ;
#2410 = EDGE_CURVE ( 'NONE', #154, #2174, #3350, .T. ) ;
#2411 = CIRCLE ( 'NONE', #3046, 0.5000000000000004441 ) ;
#2412 = ORIENTED_EDGE ( 'NONE', *, *, #4245, .T. ) ;
#2413 = FACE_OUTER_BOUND ( 'NONE', #4548, .T. ) ;
#2414 = CARTESIAN_POINT ( 'NONE',  ( 37.59013747180566867, 8.424160513609029621, -4.000000000000000000 ) ) ;
#2415 = CARTESIAN_POINT ( 'NONE',  ( 65.61827727396291721, 10.92048909566104342, -4.000000000000000000 ) ) ;
#2416 = DIRECTION ( 'NONE',  ( 0.000000000000000000, -0.000000000000000000, -1.000000000000000000 ) ) ;
#2417 = ORIENTED_EDGE ( 'NONE', *, *, #328, .T. ) ;
#2418 = EDGE_CURVE ( 'NONE', #1476, #3087, #1394, .T. ) ;
#2419 = CARTESIAN_POINT ( 'NONE',  ( 64.94032048869796370, -10.47122308019298664, 0.000000000000000000 ) ) ;
#2420 = CARTESIAN_POINT ( 'NONE',  ( 0.000000000000000000, -20.00000000000000000, 6.000000000000000000 ) ) ;
#2421 = ORIENTED_EDGE ( 'NONE', *, *, #3098, .T. ) ;
#2422 = CYLINDRICAL_SURFACE ( 'NONE', #4521, 1.599999999999976552 ) ;
#2423 = LINE ( 'NONE', #3259, #1285 ) ;
#2424 = DIRECTION ( 'NONE',  ( -1.000000000000000000, 0.000000000000000000, 0.000000000000000000 ) ) ;
#2425 = ORIENTED_EDGE ( 'NONE', *, *, #4299, .F. ) ;
#2426 = CARTESIAN_POINT ( 'NONE',  ( 88.18329659636916062, -10.84562617849283583, 6.000000000000000000 ) ) ;
#2427 = VERTEX_POINT ( 'NONE', #225 ) ;
#2428 = VECTOR ( 'NONE', #1775, 1000.000000000000000 ) ;
#2429 = AXIS2_PLACEMENT_3D ( 'NONE', #3040, #722, #698 ) ;
#2430 = DIRECTION ( 'NONE',  ( 0.000000000000000000, 0.000000000000000000, -1.000000000000000000 ) ) ;
#2431 = CIRCLE ( 'NONE', #3870, 1.599999999999976552 ) ;
#2432 = LINE ( 'NONE', #509, #4272 ) ;
#2433 = ORIENTED_EDGE ( 'NONE', *, *, #2265, .F. ) ;
#2434 =( GEOMETRIC_REPRESENTATION_CONTEXT ( 3 ) GLOBAL_UNCERTAINTY_ASSIGNED_CONTEXT ( ( #3334 ) ) GLOBAL_UNIT_ASSIGNED_CONTEXT ( ( #3321, #4515, #1853 ) ) REPRESENTATION_CONTEXT ( 'NONE', 'WORKASPACE' ) );
#2435 = ORIENTED_EDGE ( 'NONE', *, *, #925, .T. ) ;
#2436 = EDGE_CURVE ( 'NONE', #4663, #2239, #2919, .T. ) ;
#2437 = ORIENTED_EDGE ( 'NONE', *, *, #3877, .T. ) ;
#2438 = PLANE ( 'NONE',  #1992 ) ;
#2439 = DIRECTION ( 'NONE',  ( -0.000000000000000000, -0.000000000000000000, 1.000000000000000000 ) ) ;
#2440 = LINE ( 'NONE', #2415, #3410 ) ;
#2441 = PLANE ( 'NONE',  #314 ) ;
#2442 = EDGE_LOOP ( 'NONE', ( #3901, #4776, #2657, #3502 ) ) ;
#2443 = ORIENTED_EDGE ( 'NONE', *, *, #585, .T. ) ;
#2444 = AXIS2_PLACEMENT_3D ( 'NONE', #1607, #1227, #2185 ) ;
#2445 = EDGE_CURVE ( 'NONE', #2180, #4204, #87, .T. ) ;
#2446 = DIRECTION ( 'NONE',  ( 1.000000000000000000, 3.122502256758250246E-14, 0.000000000000000000 ) ) ;
#2447 = DIRECTION ( 'NONE',  ( 1.000000000000000000, 0.000000000000000000, 0.000000000000000000 ) ) ;
#2448 = EDGE_CURVE ( 'NONE', #181, #4257, #4824, .T. ) ;
#2449 = ORIENTED_EDGE ( 'NONE', *, *, #4027, .T. ) ;
#2450 = CARTESIAN_POINT ( 'NONE',  ( 37.50116098705447598, 7.932141016880168038, -4.000000000000000000 ) ) ;
#2451 = AXIS2_PLACEMENT_3D ( 'NONE', #1572, #2316, #3423 ) ;
#2452 = CARTESIAN_POINT ( 'NONE',  ( 75.23524120961039330, -14.56809359218534894, 6.000000000000000000 ) ) ;
#2453 = CARTESIAN_POINT ( 'NONE',  ( 0.000000000000000000, 0.000000000000000000, 0.000000000000000000 ) ) ;
#2454 = VECTOR ( 'NONE', #4098, 1000.000000000000000 ) ;
#2455 = CYLINDRICAL_SURFACE ( 'NONE', #2904, 0.5000000000000000000 ) ;
#2456 = EDGE_CURVE ( 'NONE', #1998, #2394, #3373, .T. ) ;
#2457 = CARTESIAN_POINT ( 'NONE',  ( 12.39089309391767557, 38.28833632242575646, 0.000000000000000000 ) ) ;
#2458 = ORIENTED_EDGE ( 'NONE', *, *, #2838, .T. ) ;
#2459 = CARTESIAN_POINT ( 'NONE',  ( 92.94532425302156753, 15.03674633765413482, -4.000000000000000000 ) ) ;
#2460 = DIRECTION ( 'NONE',  ( -0.000000000000000000, -0.000000000000000000, -1.000000000000000000 ) ) ;
#2461 = ORIENTED_EDGE ( 'NONE', *, *, #4422, .F. ) ;
#2462 = VERTEX_POINT ( 'NONE', #4568 ) ;
#2463 = CARTESIAN_POINT ( 'NONE',  ( 6.940588291844330904, -10.00000000000000355, 0.000000000000000000 ) ) ;
#2464 = CARTESIAN_POINT ( 'NONE',  ( 50.26925813911628893, 11.82992782986672964, 0.000000000000000000 ) ) ;
#2465 = CARTESIAN_POINT ( 'NONE',  ( 38.00016052081819140, -8.035834910054928670, -4.000000000000000000 ) ) ;
#2466 = FACE_OUTER_BOUND ( 'NONE', #4153, .T. ) ;
#2467 = ORIENTED_EDGE ( 'NONE', *, *, #4797, .T. ) ;
#2468 = EDGE_LOOP ( 'NONE', ( #3894, #2533, #1923, #205 ) ) ;
#2469 = CARTESIAN_POINT ( 'NONE',  ( 64.65643493577675827, -10.18942111638223835, 0.000000000000000000 ) ) ;
#2470 = CARTESIAN_POINT ( 'NONE',  ( 38.00103198849287622, 7.920783996100897006, -4.000000000000000000 ) ) ;
#2471 = VERTEX_POINT ( 'NONE', #3863 ) ;
#2472 = VERTEX_POINT ( 'NONE', #4222 ) ;
#2473 = LINE ( 'NONE', #2087, #3630 ) ;
#2474 = FACE_OUTER_BOUND ( 'NONE', #1566, .T. ) ;
#2475 = ADVANCED_FACE ( 'NONE', ( #356 ), #3036, .T. ) ;
#2476 = ADVANCED_FACE ( 'NONE', ( #1902 ), #2269, .F. ) ;
#2477 = FILL_AREA_STYLE_COLOUR ( '', #4113 ) ;
#2478 = EDGE_CURVE ( 'NONE', #1500, #2828, #1146, .T. ) ;
#2479 = DIRECTION ( 'NONE',  ( -0.000000000000000000, 0.000000000000000000, 1.000000000000000000 ) ) ;
#2480 = DIRECTION ( 'NONE',  ( 1.000000000000000000, 0.000000000000000000, 0.000000000000000000 ) ) ;
#2481 = EDGE_CURVE ( 'NONE', #273, #1482, #334, .T. ) ;
#2482 = FACE_OUTER_BOUND ( 'NONE', #2099, .T. ) ;
#2483 = AXIS2_PLACEMENT_3D ( 'NONE', #860, #2034, #2446 ) ;
#2484 = DIRECTION ( 'NONE',  ( -0.000000000000000000, 0.000000000000000000, 1.000000000000000000 ) ) ;
#2485 = ORIENTED_EDGE ( 'NONE', *, *, #4300, .T. ) ;
#2486 = ORIENTED_EDGE ( 'NONE', *, *, #3261, .F. ) ;
#2487 = ORIENTED_EDGE ( 'NONE', *, *, #3968, .T. ) ;
#2488 = FACE_OUTER_BOUND ( 'NONE', #1302, .T. ) ;
#2489 = DIRECTION ( 'NONE',  ( -0.000000000000000000, -0.000000000000000000, -1.000000000000000000 ) ) ;
#2490 = DIRECTION ( 'NONE',  ( 1.000000000000000000, 0.000000000000000000, 0.000000000000000000 ) ) ;
#2491 = VERTEX_POINT ( 'NONE', #744 ) ;
#2492 = ORIENTED_EDGE ( 'NONE', *, *, #1994, .F. ) ;
#2493 = CARTESIAN_POINT ( 'NONE',  ( 54.26925813911628893, 7.829927829866729638, -4.000000000000000000 ) ) ;
#2494 = CARTESIAN_POINT ( 'NONE',  ( 62.44676782700865658, 16.80652216361119855, 6.000000000000000000 ) ) ;
#2495 = VERTEX_POINT ( 'NONE', #4923 ) ;
#2496 = EDGE_LOOP ( 'NONE', ( #109, #2768, #2799, #4714 ) ) ;
#2497 = CARTESIAN_POINT ( 'NONE',  ( 41.99999999999999289, -12.00000000000000000, 6.000000000000000000 ) ) ;
#2498 = DIRECTION ( 'NONE',  ( -1.000000000000000000, 0.000000000000000000, 0.000000000000000000 ) ) ;
#2499 = VECTOR ( 'NONE', #2877, 1000.000000000000000 ) ;
#2500 = ADVANCED_FACE ( 'NONE', ( #409 ), #694, .T. ) ;
#2501 = CARTESIAN_POINT ( 'NONE',  ( 2.500000000000001776, 34.00000000000000000, 0.000000000000000000 ) ) ;
#2502 = ADVANCED_FACE ( 'NONE', ( #4966 ), #3085, .F. ) ;
#2503 = CARTESIAN_POINT ( 'NONE',  ( 0.5000000000000000000, -9.100000000000001421, 0.000000000000000000 ) ) ;
#2504 = AXIS2_PLACEMENT_3D ( 'NONE', #4317, #865, #104 ) ;
#2505 = EDGE_CURVE ( 'NONE', #3007, #320, #4609, .T. ) ;
#2506 = CARTESIAN_POINT ( 'NONE',  ( 53.04690378038023368, 0.6312521192398312664, -4.000000000000000000 ) ) ;
#2507 = CARTESIAN_POINT ( 'NONE',  ( 89.30123492197576240, -10.14309700936658309, 6.000000000000000000 ) ) ;
#2508 = CIRCLE ( 'NONE', #732, 0.5000000000000004441 ) ;
#2509 = ORIENTED_EDGE ( 'NONE', *, *, #3475, .T. ) ;
#2510 = ORIENTED_EDGE ( 'NONE', *, *, #3795, .T. ) ;
#2511 = CARTESIAN_POINT ( 'NONE',  ( 88.68329659636916062, -10.84562617849283583, 6.000000000000000000 ) ) ;
#2512 = CARTESIAN_POINT ( 'NONE',  ( 8.898198344412744376, 35.50000000000000711, 0.000000000000000000 ) ) ;
#2513 = DIRECTION ( 'NONE',  ( 0.000000000000000000, -0.000000000000000000, -1.000000000000000000 ) ) ;
#2514 = ORIENTED_EDGE ( 'NONE', *, *, #2819, .T. ) ;
#2515 = ORIENTED_EDGE ( 'NONE', *, *, #1005, .T. ) ;
#2516 = AXIS2_PLACEMENT_3D ( 'NONE', #999, #528, #3407 ) ;
#2517 = AXIS2_PLACEMENT_3D ( 'NONE', #3702, #1369, #558 ) ;
#2518 = LINE ( 'NONE', #2083, #4958 ) ;
#2519 = DIRECTION ( 'NONE',  ( 1.000000000000000000, 0.000000000000000000, 0.000000000000000000 ) ) ;
#2520 = DIRECTION ( 'NONE',  ( -0.000000000000000000, -0.000000000000000000, 1.000000000000000000 ) ) ;
#2521 = LINE ( 'NONE', #4444, #3931 ) ;
#2522 = ORIENTED_EDGE ( 'NONE', *, *, #2838, .F. ) ;
#2523 = CIRCLE ( 'NONE', #1628, 1.600000000000004086 ) ;
#2524 = ORIENTED_EDGE ( 'NONE', *, *, #1159, .T. ) ;
#2525 = AXIS2_PLACEMENT_3D ( 'NONE', #278, #2942, #3277 ) ;
#2526 = CARTESIAN_POINT ( 'NONE',  ( 90.18648690319045613, -11.47588691394845739, -4.000000000000000000 ) ) ;
#2527 = VECTOR ( 'NONE', #4371, 1000.000000000000000 ) ;
#2528 = DIRECTION ( 'NONE',  ( 0.000000000000000000, -0.000000000000000000, -1.000000000000000000 ) ) ;
#2529 = AXIS2_PLACEMENT_3D ( 'NONE', #496, #573, #3510 ) ;
#2530 = ADVANCED_FACE ( 'NONE', ( #4943 ), #2696, .F. ) ;
#2531 = DIRECTION ( 'NONE',  ( 1.000000000000000000, 0.000000000000000000, 0.000000000000000000 ) ) ;
#2532 = CARTESIAN_POINT ( 'NONE',  ( 61.05156340878945542, 0.5908366391573331988, 0.000000000000000000 ) ) ;
#2533 = ORIENTED_EDGE ( 'NONE', *, *, #3287, .F. ) ;
#2534 = CARTESIAN_POINT ( 'NONE',  ( 59.62031337974367062, -15.50000000000000711, 0.000000000000000000 ) ) ;
#2535 = EDGE_CURVE ( 'NONE', #2161, #4237, #1488, .T. ) ;
#2536 = EDGE_CURVE ( 'NONE', #1799, #2839, #3816, .T. ) ;
#2537 = EDGE_LOOP ( 'NONE', ( #4719, #969, #890, #3588 ) ) ;
#2538 = ORIENTED_EDGE ( 'NONE', *, *, #4270, .F. ) ;
#2539 = EDGE_CURVE ( 'NONE', #4349, #4257, #1956, .T. ) ;
#2540 = DIRECTION ( 'NONE',  ( 0.000000000000000000, -0.000000000000000000, -1.000000000000000000 ) ) ;
#2541 = CARTESIAN_POINT ( 'NONE',  ( 92.05024120961036260, -15.50000000000000711, -4.000000000000000000 ) ) ;
#2542 = ORIENTED_EDGE ( 'NONE', *, *, #944, .T. ) ;
#2543 = ORIENTED_EDGE ( 'NONE', *, *, #2855, .F. ) ;
#2544 = ADVANCED_FACE ( 'NONE', ( #2243 ), #4987, .T. ) ;
#2545 = CARTESIAN_POINT ( 'NONE',  ( 74.83524120961040182, -14.56809359218534716, 0.000000000000000000 ) ) ;
#2546 = LINE ( 'NONE', #1406, #2201 ) ;
#2547 = DIRECTION ( 'NONE',  ( 0.000000000000000000, -0.000000000000000000, -1.000000000000000000 ) ) ;
#2548 = DIRECTION ( 'NONE',  ( 1.000000000000000000, 0.000000000000000000, 0.000000000000000000 ) ) ;
#2549 = ORIENTED_EDGE ( 'NONE', *, *, #4831, .F. ) ;
#2550 = LINE ( 'NONE', #4494, #206 ) ;
#2551 = PLANE ( 'NONE',  #479 ) ;
#2552 = CARTESIAN_POINT ( 'NONE',  ( 38.00000000000000000, -8.000000000000001776, 0.000000000000000000 ) ) ;
#2553 = ORIENTED_EDGE ( 'NONE', *, *, #1021, .F. ) ;
#2554 = CARTESIAN_POINT ( 'NONE',  ( 8.675248347093877044, 32.50000000000000000, 0.000000000000000000 ) ) ;
#2555 = CARTESIAN_POINT ( 'NONE',  ( 75.23524120961039330, 0.000000000000000000, 0.000000000000000000 ) ) ;
#2556 = ORIENTED_EDGE ( 'NONE', *, *, #899, .T. ) ;
#2557 = ORIENTED_EDGE ( 'NONE', *, *, #2322, .F. ) ;
#2558 = LINE ( 'NONE', #4913, #3274 ) ;
#2559 = EDGE_CURVE ( 'NONE', #1585, #2593, #3389, .T. ) ;
#2560 = DIRECTION ( 'NONE',  ( -1.000000000000000000, -1.219727444046192242E-16, 0.000000000000000000 ) ) ;
#2561 = VERTEX_POINT ( 'NONE', #1855 ) ;
#2562 = EDGE_CURVE ( 'NONE', #4204, #3128, #3554, .T. ) ;
#2563 = ORIENTED_EDGE ( 'NONE', *, *, #3967, .T. ) ;
#2564 = AXIS2_PLACEMENT_3D ( 'NONE', #1826, #1852, #3347 ) ;
#2565 = FACE_OUTER_BOUND ( 'NONE', #1982, .T. ) ;
#2566 = CARTESIAN_POINT ( 'NONE',  ( 50.26925813911628893, 7.829927829866729638, -4.000000000000000000 ) ) ;
#2567 = VERTEX_POINT ( 'NONE', #2641 ) ;
#2568 = DIRECTION ( 'NONE',  ( 1.000000000000000000, 0.000000000000000000, 0.000000000000000000 ) ) ;
#2569 = AXIS2_PLACEMENT_3D ( 'NONE', #2076, #480, #3519 ) ;
#2570 = CARTESIAN_POINT ( 'NONE',  ( 2.000000000000003553, 25.32120260015482316, 6.000000000000000000 ) ) ;
#2571 = EDGE_CURVE ( 'NONE', #1149, #1329, #3152, .T. ) ;
#2572 = ORIENTED_EDGE ( 'NONE', *, *, #3016, .T. ) ;
#2573 = VERTEX_POINT ( 'NONE', #2842 ) ;
#2574 = CARTESIAN_POINT ( 'NONE',  ( 41.99999999999999289, -12.00000000000000000, 0.000000000000000000 ) ) ;
#2575 = CARTESIAN_POINT ( 'NONE',  ( 0.000000000000000000, 19.90763939006601291, 6.000000000000000000 ) ) ;
#2576 = DIRECTION ( 'NONE',  ( -0.000000000000000000, 0.000000000000000000, 1.000000000000000000 ) ) ;
#2577 = CARTESIAN_POINT ( 'NONE',  ( 75.73524120961039330, -19.50000000000000000, 6.000000000000000000 ) ) ;
#2578 = AXIS2_PLACEMENT_3D ( 'NONE', #2854, #924, #3995 ) ;
#2579 = CARTESIAN_POINT ( 'NONE',  ( 90.95024120961039671, 15.82992782986673141, 6.000000000000000000 ) ) ;
#2580 = ORIENTED_EDGE ( 'NONE', *, *, #3994, .T. ) ;
#2581 = CIRCLE ( 'NONE', #395, 0.5000000000000004441 ) ;
#2582 = CARTESIAN_POINT ( 'NONE',  ( 74.83524120961040182, -23.48519782309973536, -4.000000000000000000 ) ) ;
#2583 = CARTESIAN_POINT ( 'NONE',  ( 89.81558267299334375, 13.69339455584050391, 0.000000000000000000 ) ) ;
#2584 = ORIENTED_EDGE ( 'NONE', *, *, #4087, .T. ) ;
#2585 = AXIS2_PLACEMENT_3D ( 'NONE', #3145, #4711, #58 ) ;
#2586 = EDGE_CURVE ( 'NONE', #2864, #3537, #4361, .T. ) ;
#2587 = EDGE_CURVE ( 'NONE', #4846, #177, #2121, .T. ) ;
#2588 = DIRECTION ( 'NONE',  ( 0.000000000000000000, -0.000000000000000000, -1.000000000000000000 ) ) ;
#2589 = DIRECTION ( 'NONE',  ( -0.7064735265995354396, 0.7077394691650420455, 0.000000000000000000 ) ) ;
#2590 = ORIENTED_EDGE ( 'NONE', *, *, #3475, .F. ) ;
#2591 = CYLINDRICAL_SURFACE ( 'NONE', #4042, 32.42992782986674882 ) ;
#2592 = DIRECTION ( 'NONE',  ( -0.000000000000000000, 0.000000000000000000, 1.000000000000000000 ) ) ;
#2593 = VERTEX_POINT ( 'NONE', #482 ) ;
#2594 = CIRCLE ( 'NONE', #486, 22.00000000000000711 ) ;
#2595 = EDGE_CURVE ( 'NONE', #3908, #2792, #457, .T. ) ;
#2596 = EDGE_CURVE ( 'NONE', #3049, #3515, #2787, .T. ) ;
#2597 = PLANE ( 'NONE',  #988 ) ;
#2598 = DIRECTION ( 'NONE',  ( 0.000000000000000000, 0.000000000000000000, -1.000000000000000000 ) ) ;
#2599 = EDGE_LOOP ( 'NONE', ( #4536, #2542, #3737, #2443 ) ) ;
#2600 = CIRCLE ( 'NONE', #411, 13.99999999999999822 ) ;
#2601 = CARTESIAN_POINT ( 'NONE',  ( 59.62031337974367062, -15.50000000000000711, -4.000000000000000000 ) ) ;
#2602 = EDGE_CURVE ( 'NONE', #312, #922, #3472, .T. ) ;
#2603 = DIRECTION ( 'NONE',  ( 0.000000000000000000, -0.000000000000000000, -1.000000000000000000 ) ) ;
#2604 = AXIS2_PLACEMENT_3D ( 'NONE', #382, #1926, #3446 ) ;
#2605 = DIRECTION ( 'NONE',  ( 0.000000000000000000, 0.000000000000000000, 1.000000000000000000 ) ) ;
#2606 = AXIS2_PLACEMENT_3D ( 'NONE', #3201, #912, #857 ) ;
#2607 = UNCERTAINTY_MEASURE_WITH_UNIT (LENGTH_MEASURE( 1.000000000000000082E-05 ), #550, 'distance_accuracy_value', 'NONE');
#2608 = EDGE_LOOP ( 'NONE', ( #4774, #3209, #984, #2846 ) ) ;
#2609 = ORIENTED_EDGE ( 'NONE', *, *, #1453, .T. ) ;
#2610 = DIRECTION ( 'NONE',  ( -1.000000000000000000, 0.000000000000000000, 0.000000000000000000 ) ) ;
#2611 = DIRECTION ( 'NONE',  ( -0.000000000000000000, -0.000000000000000000, -1.000000000000000000 ) ) ;
#2612 = ORIENTED_EDGE ( 'NONE', *, *, #807, .F. ) ;
#2613 = ORIENTED_EDGE ( 'NONE', *, *, #4463, .F. ) ;
#2614 = LINE ( 'NONE', #4920, #3265 ) ;
#2615 = CARTESIAN_POINT ( 'NONE',  ( 88.18329659636916062, -10.84562617849283583, 0.000000000000000000 ) ) ;
#2616 = ORIENTED_EDGE ( 'NONE', *, *, #2745, .F. ) ;
#2617 = DIRECTION ( 'NONE',  ( -0.000000000000000000, -0.000000000000000000, 1.000000000000000000 ) ) ;
#2618 = DIRECTION ( 'NONE',  ( -0.9863939238321436376, -0.1643989873053574580, 0.000000000000000000 ) ) ;
#2619 = CARTESIAN_POINT ( 'NONE',  ( 0.5000000000000002220, -10.00000000000000533, 0.000000000000000000 ) ) ;
#2620 = DIRECTION ( 'NONE',  ( 0.7077394691650416014, 0.7064735265995358837, 0.000000000000000000 ) ) ;
#2621 = ORIENTED_EDGE ( 'NONE', *, *, #4807, .F. ) ;
#2622 = ADVANCED_FACE ( 'NONE', ( #2815 ), #3522, .F. ) ;
#2623 = ADVANCED_FACE ( 'NONE', ( #4262 ), #515, .F. ) ;
#2624 = EDGE_CURVE ( 'NONE', #3629, #1267, #1088, .T. ) ;
#2625 = CARTESIAN_POINT ( 'NONE',  ( 50.26928120398978450, -12.00000000000000000, 6.000000000000000000 ) ) ;
#2626 = ORIENTED_EDGE ( 'NONE', *, *, #4337, .T. ) ;
#2627 = LINE ( 'NONE', #416, #4325 ) ;
#2628 = EDGE_CURVE ( 'NONE', #4865, #905, #4309, .T. ) ;
#2629 = DIRECTION ( 'NONE',  ( -0.000000000000000000, 0.000000000000000000, 1.000000000000000000 ) ) ;
#2630 = ORIENTED_EDGE ( 'NONE', *, *, #2928, .T. ) ;
#2631 = DIRECTION ( 'NONE',  ( 0.000000000000000000, -0.000000000000000000, 1.000000000000000000 ) ) ;
#2632 = CIRCLE ( 'NONE', #3664, 3.999999999999996447 ) ;
#2633 = CARTESIAN_POINT ( 'NONE',  ( 32.84716551273083951, 8.773766521776495964, 6.000000000000000000 ) ) ;
#2634 = ORIENTED_EDGE ( 'NONE', *, *, #2505, .T. ) ;
#2635 = ORIENTED_EDGE ( 'NONE', *, *, #4953, .T. ) ;
#2636 = ORIENTED_EDGE ( 'NONE', *, *, #3622, .T. ) ;
#2637 = VERTEX_POINT ( 'NONE', #3987 ) ;
#2638 = LINE ( 'NONE', #4821, #2804 ) ;
#2639 = VECTOR ( 'NONE', #4411, 1000.000000000000000 ) ;
#2640 = CARTESIAN_POINT ( 'NONE',  ( 0.5000000000000004441, -10.50000000000000533, 6.000000000000000000 ) ) ;
#2641 = CARTESIAN_POINT ( 'NONE',  ( 27.40000000000000213, 10.00000000000000000, 6.000000000000000000 ) ) ;
#2642 = AXIS2_PLACEMENT_3D ( 'NONE', #1743, #4835, #4006 ) ;
#2643 = LINE ( 'NONE', #4196, #1368 ) ;
#2644 = CARTESIAN_POINT ( 'NONE',  ( 9.999999999999998224, 10.39999999999999680, 6.000000000000000000 ) ) ;
#2645 = FACE_OUTER_BOUND ( 'NONE', #4659, .T. ) ;
#2646 = VECTOR ( 'NONE', #3984, 1000.000000000000000 ) ;
#2647 = EDGE_LOOP ( 'NONE', ( #3172, #4747, #2339, #2590 ) ) ;
#2648 = ORIENTED_EDGE ( 'NONE', *, *, #4701, .F. ) ;
#2649 = FACE_OUTER_BOUND ( 'NONE', #3281, .T. ) ;
#2650 = AXIS2_PLACEMENT_3D ( 'NONE', #3264, #4475, #4450 ) ;
#2651 = DIRECTION ( 'NONE',  ( 0.000000000000000000, 0.000000000000000000, 1.000000000000000000 ) ) ;
#2652 = AXIS2_PLACEMENT_3D ( 'NONE', #4505, #1032, #215 ) ;
#2653 = EDGE_CURVE ( 'NONE', #3515, #3953, #2440, .T. ) ;
#2654 = EDGE_CURVE ( 'NONE', #4573, #511, #4708, .T. ) ;
#2655 = FACE_OUTER_BOUND ( 'NONE', #337, .T. ) ;
#2656 = DIRECTION ( 'NONE',  ( -0.000000000000000000, -0.000000000000000000, -1.000000000000000000 ) ) ;
#2657 = ORIENTED_EDGE ( 'NONE', *, *, #4703, .T. ) ;
#2658 = AXIS2_PLACEMENT_3D ( 'NONE', #4449, #2528, #4760 ) ;
#2659 = LINE ( 'NONE', #3562, #4323 ) ;
#2660 = EDGE_CURVE ( 'NONE', #4471, #2637, #2370, .T. ) ;
#2661 = AXIS2_PLACEMENT_3D ( 'NONE', #1190, #2737, #1508 ) ;
#2662 = DIRECTION ( 'NONE',  ( -0.000000000000000000, 0.000000000000000000, 1.000000000000000000 ) ) ;
#2663 = VERTEX_POINT ( 'NONE', #2027 ) ;
#2664 = ORIENTED_EDGE ( 'NONE', *, *, #1568, .F. ) ;
#2665 = ORIENTED_EDGE ( 'NONE', *, *, #3096, .T. ) ;
#2666 = VECTOR ( 'NONE', #4793, 1000.000000000000000 ) ;
#2667 = ORIENTED_EDGE ( 'NONE', *, *, #2811, .T. ) ;
#2668 = DIRECTION ( 'NONE',  ( -1.000000000000000000, 0.000000000000000000, 0.000000000000000000 ) ) ;
#2669 = LINE ( 'NONE', #2735, #2192 ) ;
#2670 = CARTESIAN_POINT ( 'NONE',  ( 0.000000000000000000, 0.000000000000000000, 0.000000000000000000 ) ) ;
#2671 = DIRECTION ( 'NONE',  ( -0.000000000000000000, -0.000000000000000000, 1.000000000000000000 ) ) ;
#2672 = VECTOR ( 'NONE', #1386, 1000.000000000000000 ) ;
#2673 = ORIENTED_EDGE ( 'NONE', *, *, #2936, .F. ) ;
#2674 = LINE ( 'NONE', #1959, #4634 ) ;
#2675 = CIRCLE ( 'NONE', #3705, 0.5000000000000000000 ) ;
#2676 = AXIS2_PLACEMENT_3D ( 'NONE', #1493, #3799, #2194 ) ;
#2677 = DIRECTION ( 'NONE',  ( 1.000000000000000000, 3.469446951953615175E-16, 0.000000000000000000 ) ) ;
#2678 = EDGE_LOOP ( 'NONE', ( #4504, #806, #1065, #2157 ) ) ;
#2679 = LINE ( 'NONE', #1934, #3001 ) ;
#2680 = AXIS2_PLACEMENT_3D ( 'NONE', #1107, #4954, #1869 ) ;
#2681 = ORIENTED_EDGE ( 'NONE', *, *, #2536, .T. ) ;
#2682 = CARTESIAN_POINT ( 'NONE',  ( 37.50116098705447598, 7.932141016880168038, 6.000000000000000000 ) ) ;
#2683 = FACE_OUTER_BOUND ( 'NONE', #637, .T. ) ;
#2684 = AXIS2_PLACEMENT_3D ( 'NONE', #1560, #4631, #3536 ) ;
#2685 = CARTESIAN_POINT ( 'NONE',  ( 65.73391854806357060, 10.60069483394731016, 0.000000000000000000 ) ) ;
#2686 = FACE_OUTER_BOUND ( 'NONE', #3273, .T. ) ;
#2687 = EDGE_CURVE ( 'NONE', #4058, #4529, #4630, .T. ) ;
#2688 = CIRCLE ( 'NONE', #3237, 0.5000000000000004441 ) ;
#2689 = EDGE_CURVE ( 'NONE', #3764, #1733, #1979, .T. ) ;
#2690 = VERTEX_POINT ( 'NONE', #1650 ) ;
#2691 = ORIENTED_EDGE ( 'NONE', *, *, #432, .F. ) ;
#2692 = ADVANCED_FACE ( 'NONE', ( #2763 ), #2392, .F. ) ;
#2693 = CIRCLE ( 'NONE', #3155, 32.42992782986669198 ) ;
#2694 = CARTESIAN_POINT ( 'NONE',  ( 6.940588291844330904, -10.50000000000000355, 6.000000000000000000 ) ) ;
#2695 = DIRECTION ( 'NONE',  ( -0.000000000000000000, -0.000000000000000000, 1.000000000000000000 ) ) ;
#2696 = CYLINDRICAL_SURFACE ( 'NONE', #4355, 2.599999999999998312 ) ;
#2697 = CARTESIAN_POINT ( 'NONE',  ( 7.033520605161734274, -9.600000000000003197, 0.000000000000000000 ) ) ;
#2698 = ORIENTED_EDGE ( 'NONE', *, *, #3876, .F. ) ;
#2699 = ADVANCED_FACE ( 'NONE', ( #4334 ), #3574, .F. ) ;
#2700 = ORIENTED_EDGE ( 'NONE', *, *, #4270, .T. ) ;
#2701 = CARTESIAN_POINT ( 'NONE',  ( 90.58603677522916087, 12.87485767328405650, 6.000000000000000000 ) ) ;
#2702 = DIRECTION ( 'NONE',  ( -0.000000000000000000, -0.000000000000000000, 1.000000000000000000 ) ) ;
#2703 = DIRECTION ( 'NONE',  ( 1.000000000000000000, 0.000000000000000000, 0.000000000000000000 ) ) ;
#2704 = CARTESIAN_POINT ( 'NONE',  ( 38.00016052081819140, -8.035834910054928670, 6.000000000000000000 ) ) ;
#2705 = VERTEX_POINT ( 'NONE', #4114 ) ;
#2706 = ORIENTED_EDGE ( 'NONE', *, *, #4135, .T. ) ;
#2707 = DIRECTION ( 'NONE',  ( 1.000000000000000000, 0.000000000000000000, 0.000000000000000000 ) ) ;
#2708 = ORIENTED_EDGE ( 'NONE', *, *, #2966, .T. ) ;
#2709 = CARTESIAN_POINT ( 'NONE',  ( 88.46616653078872616, 14.33580445218809984, -4.000000000000000000 ) ) ;
#2710 = CYLINDRICAL_SURFACE ( 'NONE', #1428, 1.600000000000004086 ) ;
#2711 = DIRECTION ( 'NONE',  ( 0.000000000000000000, -1.000000000000000000, 0.000000000000000000 ) ) ;
#2712 = VERTEX_POINT ( 'NONE', #3676 ) ;
#2713 = EDGE_CURVE ( 'NONE', #251, #2180, #4460, .T. ) ;
#2714 = AXIS2_PLACEMENT_3D ( 'NONE', #3856, #2311, #4141 ) ;
#2715 = CARTESIAN_POINT ( 'NONE',  ( 90.95024120961039671, 19.82992782986673319, 6.000000000000000000 ) ) ;
#2716 = DIRECTION ( 'NONE',  ( -0.000000000000000000, 0.000000000000000000, 1.000000000000000000 ) ) ;
#2717 = EDGE_CURVE ( 'NONE', #3930, #1476, #4772, .T. ) ;
#2718 = DIRECTION ( 'NONE',  ( 0.000000000000000000, -0.000000000000000000, -1.000000000000000000 ) ) ;
#2719 = CARTESIAN_POINT ( 'NONE',  ( 75.03524120961040467, -0.08500000000000867972, -4.000000000000000000 ) ) ;
#2720 = ORIENTED_EDGE ( 'NONE', *, *, #1592, .F. ) ;
#2721 = CARTESIAN_POINT ( 'NONE',  ( 0.5000000000000000000, -9.100000000000001421, 6.000000000000000000 ) ) ;
#2722 = CARTESIAN_POINT ( 'NONE',  ( 10.82894645842791981, 36.97826086956522573, 6.000000000000000000 ) ) ;
#2723 = ADVANCED_FACE ( 'NONE', ( #608 ), #1010, .F. ) ;
#2724 = FACE_OUTER_BOUND ( 'NONE', #643, .T. ) ;
#2725 = DIRECTION ( 'NONE',  ( 0.000000000000000000, 0.000000000000000000, 1.000000000000000000 ) ) ;
#2726 = CYLINDRICAL_SURFACE ( 'NONE', #1111, 1.600000000000004086 ) ;
#2727 = ORIENTED_EDGE ( 'NONE', *, *, #3491, .F. ) ;
#2728 = DIRECTION ( 'NONE',  ( 0.9840389934577211672, -0.1779529695023797098, 0.000000000000000000 ) ) ;
#2729 = CARTESIAN_POINT ( 'NONE',  ( 88.68329659636916062, -10.84562617849283583, -4.000000000000000000 ) ) ;
#2730 = VERTEX_POINT ( 'NONE', #661 ) ;
#2731 = ORIENTED_EDGE ( 'NONE', *, *, #4307, .T. ) ;
#2732 = VECTOR ( 'NONE', #4501, 1000.000000000000000 ) ;
#2733 = ORIENTED_EDGE ( 'NONE', *, *, #176, .F. ) ;
#2734 = CARTESIAN_POINT ( 'NONE',  ( 9.999999999999998224, 9.999999999999994671, -4.000000000000000000 ) ) ;
#2735 = CARTESIAN_POINT ( 'NONE',  ( 0.000000000000000000, -12.00000000000000000, 0.000000000000000000 ) ) ;
#2736 = CARTESIAN_POINT ( 'NONE',  ( 2.000000000000008438, 3.742193745693983607E-16, 6.000000000000000000 ) ) ;
#2737 = DIRECTION ( 'NONE',  ( 0.6009264867692921674, 0.7993042959343554799, 0.000000000000000000 ) ) ;
#2738 = VECTOR ( 'NONE', #1092, 1000.000000000000000 ) ;
#2739 = ORIENTED_EDGE ( 'NONE', *, *, #1159, .F. ) ;
#2740 = EDGE_CURVE ( 'NONE', #2712, #3537, #564, .T. ) ;
#2741 = FACE_OUTER_BOUND ( 'NONE', #4870, .T. ) ;
#2742 = FACE_OUTER_BOUND ( 'NONE', #754, .T. ) ;
#2743 = FACE_OUTER_BOUND ( 'NONE', #4960, .T. ) ;
#2744 = CYLINDRICAL_SURFACE ( 'NONE', #2090, 0.5000000000000004441 ) ;
#2745 = EDGE_CURVE ( 'NONE', #4933, #4349, #3175, .T. ) ;
#2746 = PLANE ( 'NONE',  #1467 ) ;
#2747 = EDGE_CURVE ( 'NONE', #2567, #2663, #3754, .T. ) ;
#2748 = VECTOR ( 'NONE', #4129, 1000.000000000000000 ) ;
#2749 = MECHANICAL_DESIGN_GEOMETRIC_PRESENTATION_REPRESENTATION (  '', ( #4911 ), #3708 ) ;
#2750 = VECTOR ( 'NONE', #2901, 1000.000000000000000 ) ;
#2751 = DIRECTION ( 'NONE',  ( -0.000000000000000000, -0.000000000000000000, -1.000000000000000000 ) ) ;
#2752 = ORIENTED_EDGE ( 'NONE', *, *, #3488, .F. ) ;
#2753 = ADVANCED_FACE ( 'NONE', ( #2179 ), #271, .F. ) ;
#2754 = CIRCLE ( 'NONE', #812, 0.5000000000000000000 ) ;
#2755 = DIRECTION ( 'NONE',  ( -0.000000000000000000, -0.000000000000000000, -1.000000000000000000 ) ) ;
#2756 = DIRECTION ( 'NONE',  ( -0.000000000000000000, 0.000000000000000000, 1.000000000000000000 ) ) ;
#2757 = VERTEX_POINT ( 'NONE', #1402 ) ;
#2758 = EDGE_LOOP ( 'NONE', ( #1152, #2872, #4570, #2939 ) ) ;
#2759 = VECTOR ( 'NONE', #441, 1000.000000000000000 ) ;
#2760 = VERTEX_POINT ( 'NONE', #2583 ) ;
#2761 = PLANE ( 'NONE',  #3998 ) ;
#2762 = DIRECTION ( 'NONE',  ( 1.000000000000000000, 0.000000000000000000, 0.000000000000000000 ) ) ;
#2763 = FACE_OUTER_BOUND ( 'NONE', #560, .T. ) ;
#2764 = DIRECTION ( 'NONE',  ( 7.679765388438987687E-17, -1.000000000000000000, 0.000000000000000000 ) ) ;
#2765 = ORIENTED_EDGE ( 'NONE', *, *, #2745, .T. ) ;
#2766 = DIRECTION ( 'NONE',  ( 0.000000000000000000, 0.000000000000000000, -1.000000000000000000 ) ) ;
#2767 = CARTESIAN_POINT ( 'NONE',  ( 60.55214634447442279, 0.1149736619843810675, 6.000000000000000000 ) ) ;
#2768 = ORIENTED_EDGE ( 'NONE', *, *, #367, .T. ) ;
#2769 = DIRECTION ( 'NONE',  ( -1.000000000000000000, 0.000000000000000000, 0.000000000000000000 ) ) ;
#2770 = LINE ( 'NONE', #844, #2264 ) ;
#2771 = DIRECTION ( 'NONE',  ( -0.000000000000000000, -0.000000000000000000, 1.000000000000000000 ) ) ;
#2772 = ORIENTED_EDGE ( 'NONE', *, *, #2819, .F. ) ;
#2773 = EDGE_CURVE ( 'NONE', #2760, #3101, #1327, .T. ) ;
#2774 = ADVANCED_FACE ( 'NONE', ( #246 ), #2865, .F. ) ;
#2775 = ORIENTED_EDGE ( 'NONE', *, *, #397, .F. ) ;
#2776 = DIRECTION ( 'NONE',  ( -0.000000000000000000, 0.000000000000000000, 1.000000000000000000 ) ) ;
#2777 = ORIENTED_EDGE ( 'NONE', *, *, #3435, .F. ) ;
#2778 = EDGE_LOOP ( 'NONE', ( #1419, #3015, #3580, #2449 ) ) ;
#2779 = EDGE_CURVE ( 'NONE', #228, #4788, #195, .T. ) ;
#2780 = CYLINDRICAL_SURFACE ( 'NONE', #2399, 0.5000000000000000000 ) ;
#2781 = DIRECTION ( 'NONE',  ( -0.000000000000000000, 0.000000000000000000, 1.000000000000000000 ) ) ;
#2782 = EDGE_LOOP ( 'NONE', ( #4192, #4645, #4439, #1050 ) ) ;
#2783 = ORIENTED_EDGE ( 'NONE', *, *, #3432, .F. ) ;
#2784 = ORIENTED_EDGE ( 'NONE', *, *, #1816, .T. ) ;
#2785 = CARTESIAN_POINT ( 'NONE',  ( 54.26928120398978450, -8.000000000000000000, 6.000000000000000000 ) ) ;
#2786 = CARTESIAN_POINT ( 'NONE',  ( 20.00000000000000000, 34.50000000000000000, 0.000000000000000000 ) ) ;
#2787 = LINE ( 'NONE', #3124, #1 ) ;
#2788 = FACE_OUTER_BOUND ( 'NONE', #2388, .T. ) ;
#2789 = ORIENTED_EDGE ( 'NONE', *, *, #450, .F. ) ;
#2790 = CARTESIAN_POINT ( 'NONE',  ( 38.22248457276249667, 9.145365854626058777, 6.000000000000000000 ) ) ;
#2791 = DIRECTION ( 'NONE',  ( -0.000000000000000000, -0.000000000000000000, -1.000000000000000000 ) ) ;
#2792 = VERTEX_POINT ( 'NONE', #1801 ) ;
#2793 = DIRECTION ( 'NONE',  ( 1.000000000000000000, 0.000000000000000000, 0.000000000000000000 ) ) ;
#2794 = DIRECTION ( 'NONE',  ( -0.000000000000000000, -0.000000000000000000, 1.000000000000000000 ) ) ;
#2795 = VERTEX_POINT ( 'NONE', #3318 ) ;
#2796 = DIRECTION ( 'NONE',  ( 0.000000000000000000, 0.000000000000000000, 1.000000000000000000 ) ) ;
#2797 = DIRECTION ( 'NONE',  ( -1.000000000000000000, 0.000000000000000000, 0.000000000000000000 ) ) ;
#2798 = AXIS2_PLACEMENT_3D ( 'NONE', #3064, #3969, #3655 ) ;
#2799 = ORIENTED_EDGE ( 'NONE', *, *, #4522, .F. ) ;
#2800 = DIRECTION ( 'NONE',  ( -0.000000000000000000, 0.000000000000000000, 1.000000000000000000 ) ) ;
#2801 = VERTEX_POINT ( 'NONE', #1823 ) ;
#2802 = EDGE_CURVE ( 'NONE', #1745, #2944, #935, .T. ) ;
#2803 = AXIS2_PLACEMENT_3D ( 'NONE', #3199, #856, #171 ) ;
#2804 = VECTOR ( 'NONE', #4167, 1000.000000000000000 ) ;
#2805 = VECTOR ( 'NONE', #3836, 1000.000000000000000 ) ;
#2806 = CARTESIAN_POINT ( 'NONE',  ( -0.000000000000000000, 37.41145303867747174, 6.000000000000000000 ) ) ;
#2807 = CARTESIAN_POINT ( 'NONE',  ( 50.26925813911628893, 7.829927829866729638, 0.000000000000000000 ) ) ;
#2808 = EDGE_CURVE ( 'NONE', #3790, #312, #3271, .T. ) ;
#2809 = VERTEX_POINT ( 'NONE', #1425 ) ;
#2810 = ORIENTED_EDGE ( 'NONE', *, *, #703, .T. ) ;
#2811 = EDGE_CURVE ( 'NONE', #1470, #4865, #847, .T. ) ;
#2812 = ORIENTED_EDGE ( 'NONE', *, *, #2808, .T. ) ;
#2813 = CARTESIAN_POINT ( 'NONE',  ( 8.675248347093877044, 34.50000000000000000, 6.000000000000000000 ) ) ;
#2814 = DIRECTION ( 'NONE',  ( 0.000000000000000000, -0.000000000000000000, -1.000000000000000000 ) ) ;
#2815 = FACE_OUTER_BOUND ( 'NONE', #4948, .T. ) ;
#2816 = AXIS2_PLACEMENT_3D ( 'NONE', #107, #3390, #2424 ) ;
#2817 = CARTESIAN_POINT ( 'NONE',  ( 0.000000000000000000, -12.00000000000000000, -4.000000000000000000 ) ) ;
#2818 = ORIENTED_EDGE ( 'NONE', *, *, #1974, .T. ) ;
#2819 = EDGE_CURVE ( 'NONE', #2938, #1997, #3330, .T. ) ;
#2820 = CARTESIAN_POINT ( 'NONE',  ( 54.07942889716218104, -6.782307692307694147, 6.000000000000000000 ) ) ;
#2821 = CARTESIAN_POINT ( 'NONE',  ( 4.000000000000000000, -20.00000000000000000, 0.000000000000000000 ) ) ;
#2822 = ORIENTED_EDGE ( 'NONE', *, *, #1516, .T. ) ;
#2823 = CARTESIAN_POINT ( 'NONE',  ( 62.95888425864877291, 0.1149736619843813590, 6.000000000000000000 ) ) ;
#2824 = AXIS2_PLACEMENT_3D ( 'NONE', #1808, #4899, #4874 ) ;
#2825 = CYLINDRICAL_SURFACE ( 'NONE', #1037, 0.5000000000000004441 ) ;
#2826 = CARTESIAN_POINT ( 'NONE',  ( 60.52644160397751705, -13.60555241792051362, 6.000000000000000000 ) ) ;
#2827 = DIRECTION ( 'NONE',  ( -0.000000000000000000, -0.000000000000000000, 1.000000000000000000 ) ) ;
#2828 = VERTEX_POINT ( 'NONE', #3249 ) ;
#2829 = CIRCLE ( 'NONE', #4681, 0.5000000000000004441 ) ;
#2830 = DIRECTION ( 'NONE',  ( 1.000000000000000000, 0.000000000000000000, 0.000000000000000000 ) ) ;
#2831 = CIRCLE ( 'NONE', #1471, 0.5000000000000004441 ) ;
#2832 = CARTESIAN_POINT ( 'NONE',  ( 75.03524120961040467, -0.08500000000000867972, 6.000000000000000000 ) ) ;
#2833 = CIRCLE ( 'NONE', #3458, 0.5000000000000004441 ) ;
#2834 = AXIS2_PLACEMENT_3D ( 'NONE', #14, #3123, #2295 ) ;
#2835 = ORIENTED_EDGE ( 'NONE', *, *, #4768, .F. ) ;
#2836 = ORIENTED_EDGE ( 'NONE', *, *, #3934, .F. ) ;
#2837 = CARTESIAN_POINT ( 'NONE',  ( 66.61098912641027425, 11.09676984375453479, -4.000000000000000000 ) ) ;
#2838 = EDGE_CURVE ( 'NONE', #3473, #762, #2235, .T. ) ;
#2839 = VERTEX_POINT ( 'NONE', #2512 ) ;
#2840 = EDGE_CURVE ( 'NONE', #713, #43, #589, .T. ) ;
#2841 = LINE ( 'NONE', #2414, #3804 ) ;
#2842 = CARTESIAN_POINT ( 'NONE',  ( 57.07275730927118929, 13.61869912971759256, 0.000000000000000000 ) ) ;
#2843 = DIRECTION ( 'NONE',  ( -0.000000000000000000, -0.000000000000000000, 1.000000000000000000 ) ) ;
#2844 = ORIENTED_EDGE ( 'NONE', *, *, #4101, .T. ) ;
#2845 = ADVANCED_FACE ( 'NONE', ( #3341 ), #1846, .T. ) ;
#2846 = ORIENTED_EDGE ( 'NONE', *, *, #4770, .F. ) ;
#2847 = AXIS2_PLACEMENT_3D ( 'NONE', #3258, #4804, #3658 ) ;
#2848 = VECTOR ( 'NONE', #1879, 1000.000000000000000 ) ;
#2849 = CARTESIAN_POINT ( 'NONE',  ( 0.000000000000000000, -10.50000000000000533, 0.000000000000000000 ) ) ;
#2850 = LINE ( 'NONE', #2470, #742 ) ;
#2851 = VERTEX_POINT ( 'NONE', #4938 ) ;
#2852 = ORIENTED_EDGE ( 'NONE', *, *, #4731, .F. ) ;
#2853 = DIRECTION ( 'NONE',  ( -1.000000000000000000, -1.219727444046192242E-16, 0.000000000000000000 ) ) ;
#2854 = CARTESIAN_POINT ( 'NONE',  ( 56.93330812087493342, 15.21261064666438934, -4.000000000000000000 ) ) ;
#2855 = EDGE_CURVE ( 'NONE', #1626, #2047, #1342, .T. ) ;
#2856 = CIRCLE ( 'NONE', #1717, 0.5000000000000004441 ) ;
#2857 = CIRCLE ( 'NONE', #423, 0.5000000000000004441 ) ;
#2858 = DIRECTION ( 'NONE',  ( -1.000000000000000000, 0.000000000000000000, 0.000000000000000000 ) ) ;
#2859 = CARTESIAN_POINT ( 'NONE',  ( 41.99999999999999289, -8.000000000000000000, -4.000000000000000000 ) ) ;
#2860 = CYLINDRICAL_SURFACE ( 'NONE', #396, 0.5000000000000004441 ) ;
#2861 = DIRECTION ( 'NONE',  ( 0.000000000000000000, -0.000000000000000000, -1.000000000000000000 ) ) ;
#2862 = ORIENTED_EDGE ( 'NONE', *, *, #2226, .F. ) ;
#2863 = CARTESIAN_POINT ( 'NONE',  ( 89.30123492197576240, -10.14309700936658309, -4.000000000000000000 ) ) ;
#2864 = VERTEX_POINT ( 'NONE', #4507 ) ;
#2865 = CYLINDRICAL_SURFACE ( 'NONE', #776, 9.499999999999998224 ) ;
#2866 = DIRECTION ( 'NONE',  ( 0.000000000000000000, -0.000000000000000000, -1.000000000000000000 ) ) ;
#2867 = ORIENTED_EDGE ( 'NONE', *, *, #425, .T. ) ;
#2868 = ORIENTED_EDGE ( 'NONE', *, *, #4300, .F. ) ;
#2869 = EDGE_CURVE ( 'NONE', #1711, #3004, #3178, .T. ) ;
#2870 = LINE ( 'NONE', #2493, #208 ) ;
#2871 = LINE ( 'NONE', #3276, #4514 ) ;
#2872 = ORIENTED_EDGE ( 'NONE', *, *, #257, .F. ) ;
#2873 = DIRECTION ( 'NONE',  ( -0.000000000000000000, 0.000000000000000000, 1.000000000000000000 ) ) ;
#2874 = LINE ( 'NONE', #4391, #4330 ) ;
#2875 =( NAMED_UNIT ( * ) SI_UNIT ( $, .STERADIAN. ) SOLID_ANGLE_UNIT ( ) );
#2876 = EDGE_CURVE ( 'NONE', #259, #3546, #3027, .T. ) ;
#2877 = DIRECTION ( 'NONE',  ( 0.000000000000000000, 0.000000000000000000, 1.000000000000000000 ) ) ;
#2878 = CYLINDRICAL_SURFACE ( 'NONE', #565, 4.000000000000003553 ) ;
#2879 = VECTOR ( 'NONE', #3933, 1000.000000000000000 ) ;
#2880 = AXIS2_PLACEMENT_3D ( 'NONE', #4648, #3819, #3479 ) ;
#2881 = DIRECTION ( 'NONE',  ( 1.000000000000000000, 0.000000000000000000, 0.000000000000000000 ) ) ;
#2882 = AXIS2_PLACEMENT_3D ( 'NONE', #893, #1276, #2132 ) ;
#2883 = DIRECTION ( 'NONE',  ( 1.000000000000000000, 0.000000000000000000, 0.000000000000000000 ) ) ;
#2884 = ORIENTED_EDGE ( 'NONE', *, *, #1290, .T. ) ;
#2885 = ORIENTED_EDGE ( 'NONE', *, *, #2382, .F. ) ;
#2886 = ORIENTED_EDGE ( 'NONE', *, *, #2354, .F. ) ;
#2887 = DIRECTION ( 'NONE',  ( -0.000000000000000000, -0.000000000000000000, 1.000000000000000000 ) ) ;
#2888 = DIRECTION ( 'NONE',  ( -0.000000000000000000, -0.000000000000000000, -1.000000000000000000 ) ) ;
#2889 = CARTESIAN_POINT ( 'NONE',  ( 65.61827727396293142, 10.92048909566103987, 0.000000000000000000 ) ) ;
#2890 = ORIENTED_EDGE ( 'NONE', *, *, #3615, .T. ) ;
#2891 = ORIENTED_EDGE ( 'NONE', *, *, #4422, .T. ) ;
#2892 = LINE ( 'NONE', #543, #4073 ) ;
#2893 = DIRECTION ( 'NONE',  ( 1.000000000000000000, 2.428612866367527723E-14, 0.000000000000000000 ) ) ;
#2894 = CARTESIAN_POINT ( 'NONE',  ( 9.999999999999998224, 9.999999999999994671, 6.000000000000000000 ) ) ;
#2895 = DIRECTION ( 'NONE',  ( 1.000000000000000000, 0.000000000000000000, 0.000000000000000000 ) ) ;
#2896 = ORIENTED_EDGE ( 'NONE', *, *, #3879, .F. ) ;
#2897 = EDGE_CURVE ( 'NONE', #4497, #3544, #1173, .T. ) ;
#2898 = LINE ( 'NONE', #4829, #2672 ) ;
#2899 = ADVANCED_FACE ( 'NONE', ( #1502 ), #4562, .T. ) ;
#2900 = EDGE_CURVE ( 'NONE', #3499, #4370, #4889, .T. ) ;
#2901 = DIRECTION ( 'NONE',  ( -0.000000000000000000, -0.000000000000000000, -1.000000000000000000 ) ) ;
#2902 = VECTOR ( 'NONE', #4826, 1000.000000000000000 ) ;
#2903 = DIRECTION ( 'NONE',  ( 1.000000000000000000, 0.000000000000000000, 0.000000000000000000 ) ) ;
#2904 = AXIS2_PLACEMENT_3D ( 'NONE', #4758, #2116, #527 ) ;
#2905 = EDGE_CURVE ( 'NONE', #2471, #3966, #1254, .T. ) ;
#2906 = LINE ( 'NONE', #4813, #4676 ) ;
#2907 = VECTOR ( 'NONE', #2385, 1000.000000000000000 ) ;
#2908 = ORIENTED_EDGE ( 'NONE', *, *, #4624, .F. ) ;
#2909 = ORIENTED_EDGE ( 'NONE', *, *, #328, .F. ) ;
#2910 = LINE ( 'NONE', #3339, #4887 ) ;
#2911 = CARTESIAN_POINT ( 'NONE',  ( 39.31722966626378479, -8.244369637946094898, -4.000000000000000000 ) ) ;
#2912 = CIRCLE ( 'NONE', #2190, 13.99999999999999822 ) ;
#2913 = ORIENTED_EDGE ( 'NONE', *, *, #3934, .T. ) ;
#2914 = AXIS2_PLACEMENT_3D ( 'NONE', #908, #2460, #2883 ) ;
#2915 = LINE ( 'NONE', #1405, #4880 ) ;
#2916 = AXIS2_PLACEMENT_3D ( 'NONE', #3943, #4368, #2084 ) ;
#2917 = DIRECTION ( 'NONE',  ( 1.000000000000000000, 0.000000000000000000, 0.000000000000000000 ) ) ;
#2918 = EDGE_LOOP ( 'NONE', ( #2965, #3810, #2386, #1521 ) ) ;
#2919 = LINE ( 'NONE', #1358, #2292 ) ;
#2920 = CARTESIAN_POINT ( 'NONE',  ( 12.39089309391767557, 38.28833632242575646, 6.000000000000000000 ) ) ;
#2921 = ORIENTED_EDGE ( 'NONE', *, *, #3498, .T. ) ;
#2922 = CIRCLE ( 'NONE', #3303, 0.5000000000000004441 ) ;
#2923 = CIRCLE ( 'NONE', #3721, 0.5000000000000004441 ) ;
#2924 = FACE_OUTER_BOUND ( 'NONE', #3442, .T. ) ;
#2925 = VECTOR ( 'NONE', #1125, 1000.000000000000000 ) ;
#2926 = DIRECTION ( 'NONE',  ( -0.000000000000000000, 0.000000000000000000, 1.000000000000000000 ) ) ;
#2927 = CIRCLE ( 'NONE', #3239, 0.5000000000000004441 ) ;
#2928 = EDGE_CURVE ( 'NONE', #2932, #2567, #366, .T. ) ;
#2929 = EDGE_CURVE ( 'NONE', #321, #1910, #3828, .T. ) ;
#2930 = LINE ( 'NONE', #1001, #4907 ) ;
#2931 = CARTESIAN_POINT ( 'NONE',  ( 87.99517105302770403, 15.46572339548547426, 6.000000000000000000 ) ) ;
#2932 = VERTEX_POINT ( 'NONE', #3808 ) ;
#2933 = EDGE_LOOP ( 'NONE', ( #4779, #3366, #2461, #4519 ) ) ;
#2934 = ORIENTED_EDGE ( 'NONE', *, *, #1751, .F. ) ;
#2935 = DIRECTION ( 'NONE',  ( 0.000000000000000000, 0.000000000000000000, 1.000000000000000000 ) ) ;
#2936 = EDGE_CURVE ( 'NONE', #4458, #1981, #115, .T. ) ;
#2937 = DIRECTION ( 'NONE',  ( 1.000000000000000000, -3.469446951953611033E-15, 0.000000000000000000 ) ) ;
#2938 = VERTEX_POINT ( 'NONE', #1543 ) ;
#2939 = ORIENTED_EDGE ( 'NONE', *, *, #653, .F. ) ;
#2940 = CARTESIAN_POINT ( 'NONE',  ( 0.000000000000000000, 34.50000000000000000, 0.000000000000000000 ) ) ;
#2941 = DIRECTION ( 'NONE',  ( -0.000000000000000000, 0.000000000000000000, 1.000000000000000000 ) ) ;
#2942 = DIRECTION ( 'NONE',  ( -0.000000000000000000, -0.000000000000000000, -1.000000000000000000 ) ) ;
#2943 = FACE_OUTER_BOUND ( 'NONE', #3628, .T. ) ;
#2944 = VERTEX_POINT ( 'NONE', #349 ) ;
#2945 = CARTESIAN_POINT ( 'NONE',  ( 59.62031337974367062, -15.50000000000000711, 6.000000000000000000 ) ) ;
#2946 = CARTESIAN_POINT ( 'NONE',  ( 94.95024120961039671, 15.82992782986673141, 6.000000000000000000 ) ) ;
#2947 = DIRECTION ( 'NONE',  ( 0.000000000000000000, -0.000000000000000000, -1.000000000000000000 ) ) ;
#2948 = AXIS2_PLACEMENT_3D ( 'NONE', #734, #4615, #1160 ) ;
#2949 = CARTESIAN_POINT ( 'NONE',  ( 74.33524120961040182, -14.56809359218534716, -4.000000000000000000 ) ) ;
#2950 = EDGE_CURVE ( 'NONE', #3888, #1504, #1424, .T. ) ;
#2951 = AXIS2_PLACEMENT_3D ( 'NONE', #473, #4633, #2019 ) ;
#2952 = CARTESIAN_POINT ( 'NONE',  ( 75.23524120961039330, -14.56809359218534894, 0.000000000000000000 ) ) ;
#2953 = ORIENTED_EDGE ( 'NONE', *, *, #1234, .T. ) ;
#2954 = ORIENTED_EDGE ( 'NONE', *, *, #1141, .F. ) ;
#2955 = CARTESIAN_POINT ( 'NONE',  ( 50.26925813911628893, 7.829927829866729638, -4.000000000000000000 ) ) ;
#2956 = DIRECTION ( 'NONE',  ( -0.000000000000000000, -0.000000000000000000, 1.000000000000000000 ) ) ;
#2957 = ADVANCED_FACE ( 'NONE', ( #2686 ), #4214, .F. ) ;
#2958 = VERTEX_POINT ( 'NONE', #760 ) ;
#2959 = ADVANCED_FACE ( 'NONE', ( #4982 ), #2710, .F. ) ;
#2960 = FACE_OUTER_BOUND ( 'NONE', #3463, .T. ) ;
#2961 = DIRECTION ( 'NONE',  ( 1.000000000000000000, 0.000000000000000000, 0.000000000000000000 ) ) ;
#2962 = ORIENTED_EDGE ( 'NONE', *, *, #526, .T. ) ;
#2963 = DIRECTION ( 'NONE',  ( 1.000000000000000000, 0.000000000000000000, 0.000000000000000000 ) ) ;
#2964 = LINE ( 'NONE', #2244, #142 ) ;
#2965 = ORIENTED_EDGE ( 'NONE', *, *, #1919, .F. ) ;
#2966 = EDGE_CURVE ( 'NONE', #730, #2094, #612, .T. ) ;
#2967 = PLANE ( 'NONE',  #781 ) ;
#2968 = PLANE ( 'NONE',  #4756 ) ;
#2969 = ORIENTED_EDGE ( 'NONE', *, *, #3876, .T. ) ;
#2970 = AXIS2_PLACEMENT_3D ( 'NONE', #622, #4421, #3284 ) ;
#2971 = LINE ( 'NONE', #3021, #318 ) ;
#2972 = AXIS2_PLACEMENT_3D ( 'NONE', #3641, #2926, #111 ) ;
#2973 = ORIENTED_EDGE ( 'NONE', *, *, #4154, .F. ) ;
#2974 = AXIS2_PLACEMENT_3D ( 'NONE', #549, #4022, #4293 ) ;
#2975 = CARTESIAN_POINT ( 'NONE',  ( 32.40186744790631934, -9.004493715395035736, 6.000000000000000000 ) ) ;
#2976 = AXIS2_PLACEMENT_3D ( 'NONE', #4169, #2270, #3399 ) ;
#2977 = CARTESIAN_POINT ( 'NONE',  ( -6.673529583249645292, 2.552584146061680492, 0.000000000000000000 ) ) ;
#2978 = ORIENTED_EDGE ( 'NONE', *, *, #3433, .F. ) ;
#2979 = ORIENTED_EDGE ( 'NONE', *, *, #1014, .F. ) ;
#2980 = DIRECTION ( 'NONE',  ( 1.000000000000000000, 0.000000000000000000, 0.000000000000000000 ) ) ;
#2981 = CARTESIAN_POINT ( 'NONE',  ( 2.500000000000001776, 36.91145303867746463, 6.000000000000000000 ) ) ;
#2982 = ORIENTED_EDGE ( 'NONE', *, *, #3200, .F. ) ;
#2983 = VERTEX_POINT ( 'NONE', #1480 ) ;
#2984 = EDGE_CURVE ( 'NONE', #259, #220, #325, .T. ) ;
#2985 = ADVANCED_FACE ( 'NONE', ( #1615 ), #1289, .F. ) ;
#2986 = EDGE_LOOP ( 'NONE', ( #2789, #2510, #3718, #711 ) ) ;
#2987 = DIRECTION ( 'NONE',  ( 1.000000000000000000, -0.000000000000000000, 0.000000000000000000 ) ) ;
#2988 = PLANE ( 'NONE',  #3146 ) ;
#2989 = ORIENTED_EDGE ( 'NONE', *, *, #4782, .F. ) ;
#2990 = ADVANCED_FACE ( 'NONE', ( #1263 ), #2406, .T. ) ;
#2991 = LINE ( 'NONE', #1044, #3384 ) ;
#2992 = DIRECTION ( 'NONE',  ( 0.000000000000000000, -0.000000000000000000, 1.000000000000000000 ) ) ;
#2993 = ORIENTED_EDGE ( 'NONE', *, *, #4586, .F. ) ;
#2994 = CIRCLE ( 'NONE', #2109, 4.000000000000003553 ) ;
#2995 = DIRECTION ( 'NONE',  ( 0.000000000000000000, 0.000000000000000000, 1.000000000000000000 ) ) ;
#2996 = CYLINDRICAL_SURFACE ( 'NONE', #2676, 4.000000000000000000 ) ;
#2997 = ORIENTED_EDGE ( 'NONE', *, *, #3521, .T. ) ;
#2998 = ADVANCED_FACE ( 'NONE', ( #1237 ), #2780, .F. ) ;
#2999 = LINE ( 'NONE', #2225, #1474 ) ;
#3000 = VECTOR ( 'NONE', #4316, 1000.000000000000000 ) ;
#3001 = VECTOR ( 'NONE', #4203, 1000.000000000000000 ) ;
#3002 = DIRECTION ( 'NONE',  ( -0.000000000000000000, 0.000000000000000000, 1.000000000000000000 ) ) ;
#3003 = DIRECTION ( 'NONE',  ( 1.000000000000000000, 0.000000000000000000, 0.000000000000000000 ) ) ;
#3004 = VERTEX_POINT ( 'NONE', #3144 ) ;
#3005 = FACE_OUTER_BOUND ( 'NONE', #4188, .T. ) ;
#3006 = DIRECTION ( 'NONE',  ( 0.000000000000000000, 0.000000000000000000, 1.000000000000000000 ) ) ;
#3007 = VERTEX_POINT ( 'NONE', #831 ) ;
#3008 = ORIENTED_EDGE ( 'NONE', *, *, #582, .F. ) ;
#3009 = DIRECTION ( 'NONE',  ( 1.000000000000000000, 0.000000000000000000, 0.000000000000000000 ) ) ;
#3010 = FACE_OUTER_BOUND ( 'NONE', #1330, .T. ) ;
#3011 = VERTEX_POINT ( 'NONE', #4351 ) ;
#3012 = CARTESIAN_POINT ( 'NONE',  ( 30.00000000000000000, -10.00000000000000000, 0.000000000000000000 ) ) ;
#3013 = LINE ( 'NONE', #1147, #2738 ) ;
#3014 = EDGE_CURVE ( 'NONE', #4525, #4268, #427, .T. ) ;
#3015 = ORIENTED_EDGE ( 'NONE', *, *, #4063, .T. ) ;
#3016 = EDGE_CURVE ( 'NONE', #1192, #3602, #1666, .T. ) ;
#3017 = CARTESIAN_POINT ( 'NONE',  ( 50.26925813911628893, 11.82992782986672964, -4.000000000000000000 ) ) ;
#3018 = CARTESIAN_POINT ( 'NONE',  ( 37.58238007957315574, -8.533511235727866406, 6.000000000000000000 ) ) ;
#3019 = ORIENTED_EDGE ( 'NONE', *, *, #889, .T. ) ;
#3020 = DIRECTION ( 'NONE',  ( -1.000000000000000000, 0.000000000000000000, 0.000000000000000000 ) ) ;
#3021 = CARTESIAN_POINT ( 'NONE',  ( 92.01937510419998034, -16.91457358424091595, -4.000000000000000000 ) ) ;
#3022 = EDGE_LOOP ( 'NONE', ( #3055, #1948, #224, #833 ) ) ;
#3023 = ADVANCED_FACE ( 'NONE', ( #3195 ), #907, .T. ) ;
#3024 = CARTESIAN_POINT ( 'NONE',  ( 89.45611605494499941, 13.34585498901554423, 0.000000000000000000 ) ) ;
#3025 = CYLINDRICAL_SURFACE ( 'NONE', #4918, 0.5000000000000004441 ) ;
#3026 = EDGE_LOOP ( 'NONE', ( #4062, #424, #2862, #3315 ) ) ;
#3027 = CIRCLE ( 'NONE', #3662, 4.000000000000000000 ) ;
#3028 = AXIS2_PLACEMENT_3D ( 'NONE', #3963, #1244, #4667 ) ;
#3029 = CARTESIAN_POINT ( 'NONE',  ( 59.62031337974367062, -15.50000000000000711, 6.000000000000000000 ) ) ;
#3030 = CARTESIAN_POINT ( 'NONE',  ( 63.03553709219039547, 13.24291577591193558, -4.000000000000000000 ) ) ;
#3031 = ORIENTED_EDGE ( 'NONE', *, *, #359, .T. ) ;
#3032 = ORIENTED_EDGE ( 'NONE', *, *, #3584, .F. ) ;
#3033 = FACE_OUTER_BOUND ( 'NONE', #4647, .T. ) ;
#3034 = CIRCLE ( 'NONE', #371, 4.000000000000003553 ) ;
#3035 = DIRECTION ( 'NONE',  ( 1.000000000000000000, 0.000000000000000000, 0.000000000000000000 ) ) ;
#3036 = CYLINDRICAL_SURFACE ( 'NONE', #507, 0.5000000000000000000 ) ;
#3037 = DIRECTION ( 'NONE',  ( 0.000000000000000000, 0.000000000000000000, 1.000000000000000000 ) ) ;
#3038 = ORIENTED_EDGE ( 'NONE', *, *, #270, .F. ) ;
#3039 = CARTESIAN_POINT ( 'NONE',  ( 27.40000000000000213, -10.00000000000000000, 6.000000000000000000 ) ) ;
#3040 = CARTESIAN_POINT ( 'NONE',  ( 37.75029514435781408, 9.309795607720975141, 6.000000000000000000 ) ) ;
#3041 = LINE ( 'NONE', #3111, #86 ) ;
#3042 = EDGE_CURVE ( 'NONE', #4177, #3948, #2632, .T. ) ;
#3043 = DIRECTION ( 'NONE',  ( 1.000000000000000000, 0.000000000000000000, 0.000000000000000000 ) ) ;
#3044 = EDGE_CURVE ( 'NONE', #559, #4933, #1209, .T. ) ;
#3045 = EDGE_CURVE ( 'NONE', #2021, #2427, #3511, .T. ) ;
#3046 = AXIS2_PLACEMENT_3D ( 'NONE', #4585, #4319, #733 ) ;
#3047 = EDGE_CURVE ( 'NONE', #3644, #3711, #1260, .T. ) ;
#3048 = CARTESIAN_POINT ( 'NONE',  ( 62.16786945021615196, 13.61869912971759966, -4.000000000000000000 ) ) ;
#3049 = VERTEX_POINT ( 'NONE', #1181 ) ;
#3050 = AXIS2_PLACEMENT_3D ( 'NONE', #2063, #4071, #4373 ) ;
#3051 = DIRECTION ( 'NONE',  ( -0.000000000000000000, 0.000000000000000000, 1.000000000000000000 ) ) ;
#3052 = EDGE_CURVE ( 'NONE', #3860, #2839, #778, .T. ) ;
#3053 = DIRECTION ( 'NONE',  ( 0.000000000000000000, 0.000000000000000000, -1.000000000000000000 ) ) ;
#3054 = ORIENTED_EDGE ( 'NONE', *, *, #4007, .T. ) ;
#3055 = ORIENTED_EDGE ( 'NONE', *, *, #4366, .F. ) ;
#3056 = CIRCLE ( 'NONE', #4825, 1.599999999999990319 ) ;
#3057 = ORIENTED_EDGE ( 'NONE', *, *, #2559, .T. ) ;
#3058 = CARTESIAN_POINT ( 'NONE',  ( 74.83524120961040182, -19.50000000000000000, -4.000000000000000000 ) ) ;
#3059 = DIRECTION ( 'NONE',  ( 0.000000000000000000, 0.000000000000000000, -1.000000000000000000 ) ) ;
#3060 = DIRECTION ( 'NONE',  ( -1.000000000000000000, 0.000000000000000000, 0.000000000000000000 ) ) ;
#3061 = CARTESIAN_POINT ( 'NONE',  ( 90.15705971739780011, 17.82501087327789691, -4.000000000000000000 ) ) ;
#3062 = VERTEX_POINT ( 'NONE', #1589 ) ;
#3063 = DIRECTION ( 'NONE',  ( -1.000000000000000000, 0.000000000000000000, 0.000000000000000000 ) ) ;
#3064 = CARTESIAN_POINT ( 'NONE',  ( 53.54664043789694006, -0.7850263380156192738, 0.000000000000000000 ) ) ;
#3065 = DIRECTION ( 'NONE',  ( -0.000000000000000000, -0.000000000000000000, 1.000000000000000000 ) ) ;
#3066 = EDGE_LOOP ( 'NONE', ( #405, #2867, #2835, #1613 ) ) ;
#3067 = CARTESIAN_POINT ( 'NONE',  ( 61.51581468047284318, -14.59607809024561220, 0.000000000000000000 ) ) ;
#3068 = CIRCLE ( 'NONE', #1210, 0.5000000000000004441 ) ;
#3069 = AXIS2_PLACEMENT_3D ( 'NONE', #1697, #3221, #3620 ) ;
#3070 = DIRECTION ( 'NONE',  ( -0.000000000000000000, -0.000000000000000000, -1.000000000000000000 ) ) ;
#3071 = ORIENTED_EDGE ( 'NONE', *, *, #303, .F. ) ;
#3072 = CARTESIAN_POINT ( 'NONE',  ( 63.72738279880919521, 13.81854544699666398, 0.000000000000000000 ) ) ;
#3073 = CIRCLE ( 'NONE', #1546, 0.5000000000000004441 ) ;
#3074 = ORIENTED_EDGE ( 'NONE', *, *, #3164, .T. ) ;
#3075 = EDGE_CURVE ( 'NONE', #3544, #4320, #57, .T. ) ;
#3076 = EDGE_CURVE ( 'NONE', #4497, #2350, #3487, .T. ) ;
#3077 = CARTESIAN_POINT ( 'NONE',  ( 93.36568051412537272, 13.95580200546907612, -4.000000000000000000 ) ) ;
#3078 = DIRECTION ( 'NONE',  ( 1.000000000000000000, 0.000000000000000000, 0.000000000000000000 ) ) ;
#3079 = AXIS2_PLACEMENT_3D ( 'NONE', #20, #3973, #1656 ) ;
#3080 = ORIENTED_EDGE ( 'NONE', *, *, #4748, .T. ) ;
#3081 = VECTOR ( 'NONE', #3227, 999.9999999999998863 ) ;
#3082 = EDGE_CURVE ( 'NONE', #2085, #2047, #877, .T. ) ;
#3083 = DIRECTION ( 'NONE',  ( 0.7993042959343554799, -0.6009264867692921674, 0.000000000000000000 ) ) ;
#3084 = FACE_OUTER_BOUND ( 'NONE', #4600, .T. ) ;
#3085 = CYLINDRICAL_SURFACE ( 'NONE', #249, 13.99999999999999822 ) ;
#3086 = DIRECTION ( 'NONE',  ( 0.9863939238321437486, 0.1643989873053570139, 0.000000000000000000 ) ) ;
#3087 = VERTEX_POINT ( 'NONE', #2045 ) ;
#3088 = VERTEX_POINT ( 'NONE', #3568 ) ;
#3089 = DIRECTION ( 'NONE',  ( 1.000000000000000000, 0.000000000000000000, 0.000000000000000000 ) ) ;
#3090 = PLANE ( 'NONE',  #157 ) ;
#3091 = CARTESIAN_POINT ( 'NONE',  ( 41.99999999999999289, 7.829927829866729638, -4.000000000000000000 ) ) ;
#3092 = CARTESIAN_POINT ( 'NONE',  ( 90.95024120961039671, -20.00000000000000000, 0.000000000000000000 ) ) ;
#3093 = ORIENTED_EDGE ( 'NONE', *, *, #1043, .T. ) ;
#3094 = CYLINDRICAL_SURFACE ( 'NONE', #4601, 0.5000000000000004441 ) ;
#3095 = VERTEX_POINT ( 'NONE', #4661 ) ;
#3096 = EDGE_CURVE ( 'NONE', #2129, #99, #28, .T. ) ;
#3097 = CARTESIAN_POINT ( 'NONE',  ( 50.26925813911628893, 7.829927829866729638, 6.000000000000000000 ) ) ;
#3098 = EDGE_CURVE ( 'NONE', #388, #4697, #4281, .T. ) ;
#3099 = CARTESIAN_POINT ( 'NONE',  ( 2.188935405485896906E-17, -0.2850263380156234927, 0.000000000000000000 ) ) ;
#3100 = ORIENTED_EDGE ( 'NONE', *, *, #2687, .T. ) ;
#3101 = VERTEX_POINT ( 'NONE', #3592 ) ;
#3102 = DIRECTION ( 'NONE',  ( -1.000000000000000000, 0.000000000000000000, 0.000000000000000000 ) ) ;
#3103 = ADVANCED_FACE ( 'NONE', ( #4377 ), #164, .F. ) ;
#3104 = CARTESIAN_POINT ( 'NONE',  ( 74.83524120961040182, -14.56809359218534716, 6.000000000000000000 ) ) ;
#3105 = DIRECTION ( 'NONE',  ( 1.000000000000000000, 0.000000000000000000, 0.000000000000000000 ) ) ;
#3106 = CYLINDRICAL_SURFACE ( 'NONE', #803, 0.5000000000000004441 ) ;
#3107 = EDGE_CURVE ( 'NONE', #1569, #713, #4000, .T. ) ;
#3108 = CIRCLE ( 'NONE', #30, 1.600000000000004086 ) ;
#3109 = CYLINDRICAL_SURFACE ( 'NONE', #4312, 1.600000000000004086 ) ;
#3110 = CYLINDRICAL_SURFACE ( 'NONE', #4264, 0.5000000000000004441 ) ;
#3111 = CARTESIAN_POINT ( 'NONE',  ( 0.000000000000000000, 10.89999999999999503, 6.000000000000000000 ) ) ;
#3112 = DIRECTION ( 'NONE',  ( 1.000000000000000000, -3.122502256758250246E-14, 0.000000000000000000 ) ) ;
#3113 = CIRCLE ( 'NONE', #4397, 0.5000000000000004441 ) ;
#3114 = EDGE_CURVE ( 'NONE', #3537, #4011, #3263, .T. ) ;
#3115 = CARTESIAN_POINT ( 'NONE',  ( 10.00000000000000000, -10.00000000000000000, 0.000000000000000000 ) ) ;
#3116 = DIRECTION ( 'NONE',  ( 1.000000000000000000, 0.000000000000000000, 0.000000000000000000 ) ) ;
#3117 = ORIENTED_EDGE ( 'NONE', *, *, #4512, .T. ) ;
#3118 = CARTESIAN_POINT ( 'NONE',  ( 2.665553796660313779, 14.73989943751933929, 0.000000000000000000 ) ) ;
#3119 = CARTESIAN_POINT ( 'NONE',  ( 61.51581468047284318, -14.59607809024561220, 0.000000000000000000 ) ) ;
#3120 = ORIENTED_EDGE ( 'NONE', *, *, #4401, .T. ) ;
#3121 = ORIENTED_EDGE ( 'NONE', *, *, #3047, .T. ) ;
#3122 = DIRECTION ( 'NONE',  ( 0.000000000000000000, -0.000000000000000000, -1.000000000000000000 ) ) ;
#3123 = DIRECTION ( 'NONE',  ( 0.000000000000000000, -0.000000000000000000, -1.000000000000000000 ) ) ;
#3124 = CARTESIAN_POINT ( 'NONE',  ( 66.94365560287371864, 9.327525159707867886, 6.000000000000000000 ) ) ;
#3125 = DIRECTION ( 'NONE',  ( 0.000000000000000000, -0.000000000000000000, -1.000000000000000000 ) ) ;
#3126 = VECTOR ( 'NONE', #4343, 1000.000000000000000 ) ;
#3127 = ORIENTED_EDGE ( 'NONE', *, *, #110, .F. ) ;
#3128 = VERTEX_POINT ( 'NONE', #1414 ) ;
#3129 = EDGE_CURVE ( 'NONE', #4916, #3485, #1672, .T. ) ;
#3130 = ADVANCED_FACE ( 'NONE', ( #2482 ), #138, .F. ) ;
#3131 = DIRECTION ( 'NONE',  ( -0.000000000000000000, -0.000000000000000000, -1.000000000000000000 ) ) ;
#3132 = AXIS2_PLACEMENT_3D ( 'NONE', #566, #1651, #3575 ) ;
#3133 = LINE ( 'NONE', #2722, #238 ) ;
#3134 = EDGE_LOOP ( 'NONE', ( #1221, #4232, #149, #1756 ) ) ;
#3135 = CARTESIAN_POINT ( 'NONE',  ( 0.000000000000000000, 19.90763939006601291, 6.000000000000000000 ) ) ;
#3136 = AXIS2_PLACEMENT_3D ( 'NONE', #3977, #574, #2858 ) ;
#3137 = LINE ( 'NONE', #656, #645 ) ;
#3138 = CARTESIAN_POINT ( 'NONE',  ( 53.04690553622918259, -0.8013060202950520461, -4.000000000000000000 ) ) ;
#3139 = VECTOR ( 'NONE', #1211, 1000.000000000000000 ) ;
#3140 = EDGE_CURVE ( 'NONE', #1482, #863, #981, .T. ) ;
#3141 = CYLINDRICAL_SURFACE ( 'NONE', #4842, 0.5000000000000004441 ) ;
#3142 = VERTEX_POINT ( 'NONE', #4860 ) ;
#3143 = CIRCLE ( 'NONE', #3069, 29.22992782986673888 ) ;
#3144 = CARTESIAN_POINT ( 'NONE',  ( 66.61098912641027425, 11.09676984375453301, 6.000000000000000000 ) ) ;
#3145 = CARTESIAN_POINT ( 'NONE',  ( 75.73524120961039330, -19.50000000000000000, 0.000000000000000000 ) ) ;
#3146 = AXIS2_PLACEMENT_3D ( 'NONE', #1805, #2589, #4121 ) ;
#3147 = ORIENTED_EDGE ( 'NONE', *, *, #2596, .F. ) ;
#3148 = CARTESIAN_POINT ( 'NONE',  ( 87.03228867700198634, -8.228761542748740609, -4.000000000000000000 ) ) ;
#3149 = AXIS2_PLACEMENT_3D ( 'NONE', #798, #2351, #2703 ) ;
#3150 = CARTESIAN_POINT ( 'NONE',  ( 61.51581468047284318, -14.59607809024561220, 6.000000000000000000 ) ) ;
#3151 = CARTESIAN_POINT ( 'NONE',  ( 6.890893093917676460, 37.41145303867747174, 0.000000000000000000 ) ) ;
#3152 = LINE ( 'NONE', #39, #3970 ) ;
#3153 = CARTESIAN_POINT ( 'NONE',  ( 92.05024120961036260, -15.50000000000000711, 0.000000000000000000 ) ) ;
#3154 = ORIENTED_EDGE ( 'NONE', *, *, #4522, .T. ) ;
#3155 = AXIS2_PLACEMENT_3D ( 'NONE', #2945, #647, #309 ) ;
#3156 = DIRECTION ( 'NONE',  ( 1.000000000000000000, -2.775557561562888827E-14, 0.000000000000000000 ) ) ;
#3157 = CARTESIAN_POINT ( 'NONE',  ( 7.390893093917675571, 38.28833632242575646, 6.000000000000000000 ) ) ;
#3158 = ORIENTED_EDGE ( 'NONE', *, *, #4356, .T. ) ;
#3159 = LINE ( 'NONE', #3606, #1148 ) ;
#3160 = ADVANCED_FACE ( 'NONE', ( #4812 ), #3616, .T. ) ;
#3161 = CYLINDRICAL_SURFACE ( 'NONE', #799, 45.20010206398127650 ) ;
#3162 = DIRECTION ( 'NONE',  ( 1.000000000000000000, -6.245004513516500491E-14, 0.000000000000000000 ) ) ;
#3163 = DIRECTION ( 'NONE',  ( 1.000000000000000000, 0.000000000000000000, 0.000000000000000000 ) ) ;
#3164 = EDGE_CURVE ( 'NONE', #4096, #2350, #1588, .T. ) ;
#3165 = DIRECTION ( 'NONE',  ( 1.000000000000000000, 0.000000000000000000, 0.000000000000000000 ) ) ;
#3166 = ORIENTED_EDGE ( 'NONE', *, *, #2869, .T. ) ;
#3167 = DIRECTION ( 'NONE',  ( 0.000000000000000000, -0.000000000000000000, -1.000000000000000000 ) ) ;
#3168 = EDGE_CURVE ( 'NONE', #1736, #2086, #4885, .T. ) ;
#3169 = DIRECTION ( 'NONE',  ( -0.000000000000000000, 0.000000000000000000, 1.000000000000000000 ) ) ;
#3170 = EDGE_LOOP ( 'NONE', ( #219, #1618, #3408, #2648 ) ) ;
#3171 = ORIENTED_EDGE ( 'NONE', *, *, #4037, .T. ) ;
#3172 = ORIENTED_EDGE ( 'NONE', *, *, #4087, .F. ) ;
#3173 = DIRECTION ( 'NONE',  ( -0.000000000000000000, -0.000000000000000000, -1.000000000000000000 ) ) ;
#3174 = DIRECTION ( 'NONE',  ( 0.000000000000000000, -0.000000000000000000, -1.000000000000000000 ) ) ;
#3175 = CIRCLE ( 'NONE', #1004, 45.20010206398127650 ) ;
#3176 = CARTESIAN_POINT ( 'NONE',  ( 0.000000000000000000, 37.41145303867747174, -9.926209212457735021 ) ) ;
#3177 = DIRECTION ( 'NONE',  ( 1.000000000000000000, 0.000000000000000000, 0.000000000000000000 ) ) ;
#3178 = CIRCLE ( 'NONE', #4791, 0.5000000000000004441 ) ;
#3179 = DIRECTION ( 'NONE',  ( -0.000000000000000000, 0.000000000000000000, 1.000000000000000000 ) ) ;
#3180 = FACE_OUTER_BOUND ( 'NONE', #1353, .T. ) ;
#3181 = VERTEX_POINT ( 'NONE', #3242 ) ;
#3182 = CARTESIAN_POINT ( 'NONE',  ( 30.00000000000000000, 10.00000000000000000, 0.000000000000000000 ) ) ;
#3183 = CARTESIAN_POINT ( 'NONE',  ( 37.50018058592047510, -8.040314273811796753, 0.000000000000000000 ) ) ;
#3184 = SURFACE_STYLE_USAGE ( .BOTH. , #4755 ) ;
#3185 = DIRECTION ( 'NONE',  ( 1.000000000000000000, 0.000000000000000000, 0.000000000000000000 ) ) ;
#3186 = CIRCLE ( 'NONE', #3667, 13.99999999999999822 ) ;
#3187 = AXIS2_PLACEMENT_3D ( 'NONE', #4428, #4785, #579 ) ;
#3188 = ORIENTED_EDGE ( 'NONE', *, *, #4584, .T. ) ;
#3189 = DIRECTION ( 'NONE',  ( 1.000000000000000000, 0.000000000000000000, 0.000000000000000000 ) ) ;
#3190 = ORIENTED_EDGE ( 'NONE', *, *, #4480, .T. ) ;
#3191 = EDGE_LOOP ( 'NONE', ( #1893, #2229, #2036, #277 ) ) ;
#3192 = CIRCLE ( 'NONE', #455, 2.000000000000000000 ) ;
#3193 = ADVANCED_FACE ( 'NONE', ( #556 ), #2860, .T. ) ;
#3194 = ADVANCED_FACE ( 'NONE', ( #2098 ), #4053, .F. ) ;
#3195 = FACE_OUTER_BOUND ( 'NONE', #1157, .T. ) ;
#3196 = CARTESIAN_POINT ( 'NONE',  ( -7.469176867595655288E-16, 11.82992782986672609, 6.000000000000000000 ) ) ;
#3197 = ORIENTED_EDGE ( 'NONE', *, *, #360, .T. ) ;
#3198 = EDGE_LOOP ( 'NONE', ( #921, #4588, #3290, #2818 ) ) ;
#3199 = CARTESIAN_POINT ( 'NONE',  ( 89.45611605494499941, 13.34585498901554423, -4.000000000000000000 ) ) ;
#3200 = EDGE_CURVE ( 'NONE', #4315, #3455, #1288, .T. ) ;
#3201 = CARTESIAN_POINT ( 'NONE',  ( 75.03524120961040467, -0.08500000000000867972, -4.000000000000000000 ) ) ;
#3202 = CARTESIAN_POINT ( 'NONE',  ( 31.04223799036921605, 9.608278383400305600, -4.000000000000000000 ) ) ;
#3203 = CARTESIAN_POINT ( 'NONE',  ( 0.000000000000000000, 34.50000000000000000, -9.926209212457735021 ) ) ;
#3204 = ORIENTED_EDGE ( 'NONE', *, *, #4867, .T. ) ;
#3205 = ORIENTED_EDGE ( 'NONE', *, *, #1270, .T. ) ;
#3206 = CIRCLE ( 'NONE', #3448, 1.600000000000004086 ) ;
#3207 = PLANE ( 'NONE',  #2882 ) ;
#3208 = LINE ( 'NONE', #4752, #4996 ) ;
#3209 = ORIENTED_EDGE ( 'NONE', *, *, #1293, .T. ) ;
#3210 = ORIENTED_EDGE ( 'NONE', *, *, #4919, .T. ) ;
#3211 = CARTESIAN_POINT ( 'NONE',  ( 90.95024120961039671, -16.00000000000000000, 6.000000000000000000 ) ) ;
#3212 = AXIS2_PLACEMENT_3D ( 'NONE', #1250, #2114, #3583 ) ;
#3213 = CARTESIAN_POINT ( 'NONE',  ( 37.64813967449529031, -8.928068805260725327, 6.000000000000000000 ) ) ;
#3214 = DIRECTION ( 'NONE',  ( -1.000000000000000000, 0.000000000000000000, 0.000000000000000000 ) ) ;
#3215 = AXIS2_PLACEMENT_3D ( 'NONE', #1580, #2228, #1839 ) ;
#3216 = CARTESIAN_POINT ( 'NONE',  ( 63.72738279880919521, 13.81854544699666221, -4.000000000000000000 ) ) ;
#3217 = CIRCLE ( 'NONE', #2357, 0.5000000000000000000 ) ;
#3218 = CIRCLE ( 'NONE', #891, 1.599999999999976552 ) ;
#3219 = CARTESIAN_POINT ( 'NONE',  ( 10.00000000000000000, -10.00000000000000000, 6.000000000000000000 ) ) ;
#3220 = EDGE_CURVE ( 'NONE', #2472, #341, #2069, .T. ) ;
#3221 = DIRECTION ( 'NONE',  ( 0.000000000000000000, -0.000000000000000000, -1.000000000000000000 ) ) ;
#3222 = EDGE_CURVE ( 'NONE', #1898, #2593, #532, .T. ) ;
#3223 = ORIENTED_EDGE ( 'NONE', *, *, #487, .F. ) ;
#3224 = PLANE ( 'NONE',  #4725 ) ;
#3225 = VERTEX_POINT ( 'NONE', #952 ) ;
#3226 = DIRECTION ( 'NONE',  ( 0.000000000000000000, 0.000000000000000000, 1.000000000000000000 ) ) ;
#3227 = DIRECTION ( 'NONE',  ( 0.7071085675692152517, 0.7071049947993668372, 0.000000000000000000 ) ) ;
#3228 = DIRECTION ( 'NONE',  ( -1.000000000000000000, 0.000000000000000000, 0.000000000000000000 ) ) ;
#3229 = ORIENTED_EDGE ( 'NONE', *, *, #4007, .F. ) ;
#3230 = EDGE_CURVE ( 'NONE', #4921, #3405, #600, .T. ) ;
#3231 = DIRECTION ( 'NONE',  ( 0.000000000000000000, 0.000000000000000000, 1.000000000000000000 ) ) ;
#3232 = FACE_OUTER_BOUND ( 'NONE', #2778, .T. ) ;
#3233 = ORIENTED_EDGE ( 'NONE', *, *, #361, .T. ) ;
#3234 = ORIENTED_EDGE ( 'NONE', *, *, #1075, .T. ) ;
#3235 = CARTESIAN_POINT ( 'NONE',  ( 90.18648690319045613, -11.47588691394845739, -4.000000000000000000 ) ) ;
#3236 = DIRECTION ( 'NONE',  ( 1.000000000000000000, -6.938893903907222067E-15, 0.000000000000000000 ) ) ;
#3237 = AXIS2_PLACEMENT_3D ( 'NONE', #4308, #3937, #120 ) ;
#3238 =( NAMED_UNIT ( * ) SI_UNIT ( $, .STERADIAN. ) SOLID_ANGLE_UNIT ( ) );
#3239 = AXIS2_PLACEMENT_3D ( 'NONE', #4171, #230, #1464 ) ;
#3240 = DIRECTION ( 'NONE',  ( 0.000000000000000000, 0.000000000000000000, 1.000000000000000000 ) ) ;
#3241 = CARTESIAN_POINT ( 'NONE',  ( 7.033520605161734274, 10.39999999999999680, 6.000000000000000000 ) ) ;
#3242 = CARTESIAN_POINT ( 'NONE',  ( 74.35937914064487586, -14.06867657176516140, 6.000000000000000000 ) ) ;
#3243 = DIRECTION ( 'NONE',  ( 1.000000000000000000, 0.000000000000000000, 0.000000000000000000 ) ) ;
#3244 = EDGE_LOOP ( 'NONE', ( #1020, #4462, #2765, #2337 ) ) ;
#3245 = ORIENTED_EDGE ( 'NONE', *, *, #3042, .T. ) ;
#3246 = ORIENTED_EDGE ( 'NONE', *, *, #800, .F. ) ;
#3247 = CARTESIAN_POINT ( 'NONE',  ( 94.95024120961039671, -16.00000000000000000, 6.000000000000000000 ) ) ;
#3248 = EDGE_CURVE ( 'NONE', #2983, #4998, #2930, .T. ) ;
#3249 = CARTESIAN_POINT ( 'NONE',  ( 86.73182543361734531, -8.628413690715902362, 0.000000000000000000 ) ) ;
#3250 = CARTESIAN_POINT ( 'NONE',  ( 54.26925813911628893, 7.829927829866729638, 6.000000000000000000 ) ) ;
#3251 = ORIENTED_EDGE ( 'NONE', *, *, #392, .F. ) ;
#3252 = ADVANCED_FACE ( 'NONE', ( #239 ), #2744, .T. ) ;
#3253 = DIRECTION ( 'NONE',  ( -0.000000000000000000, 0.000000000000000000, 1.000000000000000000 ) ) ;
#3254 = DIRECTION ( 'NONE',  ( 0.000000000000000000, 0.000000000000000000, -1.000000000000000000 ) ) ;
#3255 = VERTEX_POINT ( 'NONE', #3733 ) ;
#3256 = EDGE_CURVE ( 'NONE', #4237, #3914, #1856, .T. ) ;
#3257 = ORIENTED_EDGE ( 'NONE', *, *, #1163, .F. ) ;
#3258 = CARTESIAN_POINT ( 'NONE',  ( 59.62031337974367062, -15.50000000000000711, 6.000000000000000000 ) ) ;
#3259 = CARTESIAN_POINT ( 'NONE',  ( 88.82242079513810040, -16.77499154467183828, -4.000000000000000000 ) ) ;
#3260 = CARTESIAN_POINT ( 'NONE',  ( 62.16786945021615196, 13.61869912971759966, 0.000000000000000000 ) ) ;
#3261 = EDGE_CURVE ( 'NONE', #3128, #4983, #4652, .T. ) ;
#3262 = DIRECTION ( 'NONE',  ( 0.000000000000000000, 0.000000000000000000, -1.000000000000000000 ) ) ;
#3263 = CIRCLE ( 'NONE', #3187, 0.5000000000000000000 ) ;
#3264 = CARTESIAN_POINT ( 'NONE',  ( 64.30319817247699632, -9.835551381799724879, 6.000000000000000000 ) ) ;
#3265 = VECTOR ( 'NONE', #2668, 1000.000000000000000 ) ;
#3266 = DIRECTION ( 'NONE',  ( -0.000000000000000000, 0.000000000000000000, 1.000000000000000000 ) ) ;
#3267 = ORIENTED_EDGE ( 'NONE', *, *, #653, .T. ) ;
#3268 = ORIENTED_EDGE ( 'NONE', *, *, #1596, .F. ) ;
#3269 = ORIENTED_EDGE ( 'NONE', *, *, #4731, .T. ) ;
#3270 = FACE_OUTER_BOUND ( 'NONE', #512, .T. ) ;
#3271 = LINE ( 'NONE', #173, #4470 ) ;
#3272 = ORIENTED_EDGE ( 'NONE', *, *, #4001, .F. ) ;
#3273 = EDGE_LOOP ( 'NONE', ( #59, #1410, #3268, #2276 ) ) ;
#3274 = VECTOR ( 'NONE', #4036, 1000.000000000000000 ) ;
#3275 = CARTESIAN_POINT ( 'NONE',  ( 85.41778177251133286, 10.01464610566711144, -4.000000000000000000 ) ) ;
#3276 = CARTESIAN_POINT ( 'NONE',  ( -7.469176867595655288E-16, 11.82992782986672609, 0.000000000000000000 ) ) ;
#3277 = DIRECTION ( 'NONE',  ( -1.000000000000000000, 0.000000000000000000, 0.000000000000000000 ) ) ;
#3278 = VECTOR ( 'NONE', #927, 1000.000000000000114 ) ;
#3279 = LINE ( 'NONE', #3061, #635 ) ;
#3280 = EDGE_CURVE ( 'NONE', #4657, #4605, #390, .T. ) ;
#3281 = EDGE_LOOP ( 'NONE', ( #4993, #248, #184, #1496 ) ) ;
#3282 = CIRCLE ( 'NONE', #4737, 13.99999999999999822 ) ;
#3283 = EDGE_CURVE ( 'NONE', #3731, #3255, #3137, .T. ) ;
#3284 = DIRECTION ( 'NONE',  ( 1.000000000000000000, 0.000000000000000000, 0.000000000000000000 ) ) ;
#3285 = CIRCLE ( 'NONE', #1201, 3.999999999999996447 ) ;
#3286 = CYLINDRICAL_SURFACE ( 'NONE', #1537, 0.5000000000000004441 ) ;
#3287 = EDGE_CURVE ( 'NONE', #1981, #170, #3206, .T. ) ;
#3288 = DIRECTION ( 'NONE',  ( -0.000000000000000000, 0.000000000000000000, 1.000000000000000000 ) ) ;
#3289 = CYLINDRICAL_SURFACE ( 'NONE', #1306, 0.5000000000000004441 ) ;
#3290 = ORIENTED_EDGE ( 'NONE', *, *, #524, .F. ) ;
#3291 = ORIENTED_EDGE ( 'NONE', *, *, #800, .T. ) ;
#3292 = CYLINDRICAL_SURFACE ( 'NONE', #862, 0.5000000000000004441 ) ;
#3293 = DIRECTION ( 'NONE',  ( -0.000000000000000000, 0.000000000000000000, 1.000000000000000000 ) ) ;
#3294 = AXIS2_PLACEMENT_3D ( 'NONE', #2534, #2861, #533 ) ;
#3295 = ORIENTED_EDGE ( 'NONE', *, *, #3624, .T. ) ;
#3296 = ORIENTED_EDGE ( 'NONE', *, *, #1418, .F. ) ;
#3297 = CYLINDRICAL_SURFACE ( 'NONE', #3426, 13.99999999999999822 ) ;
#3298 = LINE ( 'NONE', #1042, #3533 ) ;
#3299 = DIRECTION ( 'NONE',  ( 0.000000000000000000, -0.000000000000000000, -1.000000000000000000 ) ) ;
#3300 = CARTESIAN_POINT ( 'NONE',  ( 30.00000000000000000, 10.00000000000000000, 0.000000000000000000 ) ) ;
#3301 = VERTEX_POINT ( 'NONE', #1200 ) ;
#3302 = ORIENTED_EDGE ( 'NONE', *, *, #825, .T. ) ;
#3303 = AXIS2_PLACEMENT_3D ( 'NONE', #2615, #3683, #4145 ) ;
#3304 = CARTESIAN_POINT ( 'NONE',  ( 63.41989581808974918, 13.56271003762566174, 0.000000000000000000 ) ) ;
#3305 = EDGE_CURVE ( 'NONE', #4298, #531, #1081, .T. ) ;
#3306 = CARTESIAN_POINT ( 'NONE',  ( 88.60017512499238990, -11.68472882150054204, 0.000000000000000000 ) ) ;
#3307 = VECTOR ( 'NONE', #2078, 1000.000000000000000 ) ;
#3308 = CARTESIAN_POINT ( 'NONE',  ( 7.390893093917675571, 37.91145303867747174, 6.000000000000000000 ) ) ;
#3309 = EDGE_CURVE ( 'NONE', #406, #816, #869, .T. ) ;
#3310 = EDGE_CURVE ( 'NONE', #1815, #1569, #3898, .T. ) ;
#3311 = DIRECTION ( 'NONE',  ( -1.000000000000000000, 0.000000000000000000, 0.000000000000000000 ) ) ;
#3312 = DIRECTION ( 'NONE',  ( 1.000000000000000000, 0.000000000000000000, 0.000000000000000000 ) ) ;
#3313 = VERTEX_POINT ( 'NONE', #291 ) ;
#3314 = ORIENTED_EDGE ( 'NONE', *, *, #270, .T. ) ;
#3315 = ORIENTED_EDGE ( 'NONE', *, *, #2481, .T. ) ;
#3316 = DIRECTION ( 'NONE',  ( 1.000000000000000000, 0.000000000000000000, 0.000000000000000000 ) ) ;
#3317 = EDGE_CURVE ( 'NONE', #2573, #1897, #3504, .T. ) ;
#3318 = CARTESIAN_POINT ( 'NONE',  ( 88.81370607546952556, 14.69527109164587486, 6.000000000000000000 ) ) ;
#3319 = ORIENTED_EDGE ( 'NONE', *, *, #303, .T. ) ;
#3320 = DIRECTION ( 'NONE',  ( 1.000000000000000000, 0.000000000000000000, 0.000000000000000000 ) ) ;
#3321 =( LENGTH_UNIT ( ) NAMED_UNIT ( * ) SI_UNIT ( .MILLI., .METRE. ) );
#3322 = VERTEX_POINT ( 'NONE', #1230 ) ;
#3323 = DIRECTION ( 'NONE',  ( 0.000000000000000000, -0.000000000000000000, -1.000000000000000000 ) ) ;
#3324 = CARTESIAN_POINT ( 'NONE',  ( 60.52644160397751705, -13.60555241792051362, 0.000000000000000000 ) ) ;
#3325 = ORIENTED_EDGE ( 'NONE', *, *, #644, .F. ) ;
#3326 = CARTESIAN_POINT ( 'NONE',  ( 61.51581468047284318, -14.59607809024561220, 6.000000000000000000 ) ) ;
#3327 = CARTESIAN_POINT ( 'NONE',  ( 62.30731863861241493, 15.21261064666438934, 6.000000000000000000 ) ) ;
#3328 = ORIENTED_EDGE ( 'NONE', *, *, #166, .F. ) ;
#3329 = CARTESIAN_POINT ( 'NONE',  ( 54.07942889716218104, -6.782307692307695035, -4.000000000000000000 ) ) ;
#3330 = CIRCLE ( 'NONE', #27, 0.5000000000000004441 ) ;
#3331 = DIRECTION ( 'NONE',  ( -0.000000000000000000, -0.000000000000000000, -1.000000000000000000 ) ) ;
#3332 = CARTESIAN_POINT ( 'NONE',  ( 32.94596452769482653, -9.306247161040921867, -4.000000000000000000 ) ) ;
#3333 = EDGE_CURVE ( 'NONE', #1203, #4019, #4556, .T. ) ;
#3334 = UNCERTAINTY_MEASURE_WITH_UNIT (LENGTH_MEASURE( 1.000000000000000082E-05 ), #3321, 'distance_accuracy_value', 'NONE');
#3335 = EDGE_CURVE ( 'NONE', #2760, #2757, #4734, .T. ) ;
#3336 = CIRCLE ( 'NONE', #2880, 0.5000000000000004441 ) ;
#3337 = EDGE_LOOP ( 'NONE', ( #557, #4563, #1600, #4883 ) ) ;
#3338 = EDGE_CURVE ( 'NONE', #3746, #3452, #1106, .T. ) ;
#3339 = CARTESIAN_POINT ( 'NONE',  ( 89.10256355754530944, 13.69940927280015686, -4.000000000000000000 ) ) ;
#3340 = CIRCLE ( 'NONE', #36, 13.99999999999999822 ) ;
#3341 = FACE_OUTER_BOUND ( 'NONE', #3766, .T. ) ;
#3342 = ORIENTED_EDGE ( 'NONE', *, *, #4617, .T. ) ;
#3343 = EDGE_LOOP ( 'NONE', ( #1006, #1545, #272, #937 ) ) ;
#3344 = ORIENTED_EDGE ( 'NONE', *, *, #3848, .T. ) ;
#3345 = EDGE_CURVE ( 'NONE', #1226, #3544, #2627, .T. ) ;
#3346 = EDGE_LOOP ( 'NONE', ( #445, #2772, #4592, #996 ) ) ;
#3347 = DIRECTION ( 'NONE',  ( 1.000000000000000000, 0.000000000000000000, 0.000000000000000000 ) ) ;
#3348 = DIRECTION ( 'NONE',  ( 0.7071049947993668372, -0.7071085675692152517, 0.000000000000000000 ) ) ;
#3349 = ORIENTED_EDGE ( 'NONE', *, *, #1850, .T. ) ;
#3350 = LINE ( 'NONE', #182, #1872 ) ;
#3351 = VECTOR ( 'NONE', #3674, 1000.000000000000000 ) ;
#3352 = CARTESIAN_POINT ( 'NONE',  ( 4.000000000000000000, -20.00000000000000000, 6.000000000000000000 ) ) ;
#3353 = VERTEX_POINT ( 'NONE', #316 ) ;
#3354 = DIRECTION ( 'NONE',  ( 0.000000000000000000, 0.000000000000000000, 1.000000000000000000 ) ) ;
#3355 = DIRECTION ( 'NONE',  ( 1.000000000000000000, 0.000000000000000000, 0.000000000000000000 ) ) ;
#3356 = ORIENTED_EDGE ( 'NONE', *, *, #1692, .T. ) ;
#3357 = DIRECTION ( 'NONE',  ( 1.000000000000000000, 0.000000000000000000, 0.000000000000000000 ) ) ;
#3358 = VECTOR ( 'NONE', #2603, 1000.000000000000000 ) ;
#3359 = FACE_OUTER_BOUND ( 'NONE', #2496, .T. ) ;
#3360 = AXIS2_PLACEMENT_3D ( 'NONE', #3478, #3037, #791 ) ;
#3361 = FACE_OUTER_BOUND ( 'NONE', #4940, .T. ) ;
#3362 = ORIENTED_EDGE ( 'NONE', *, *, #2950, .F. ) ;
#3363 = FACE_OUTER_BOUND ( 'NONE', #590, .T. ) ;
#3364 = EDGE_CURVE ( 'NONE', #2567, #4469, #3482, .T. ) ;
#3365 = DIRECTION ( 'NONE',  ( 0.000000000000000000, -0.000000000000000000, -1.000000000000000000 ) ) ;
#3366 = ORIENTED_EDGE ( 'NONE', *, *, #3936, .T. ) ;
#3367 = EDGE_CURVE ( 'NONE', #4426, #2760, #1936, .T. ) ;
#3368 = ORIENTED_EDGE ( 'NONE', *, *, #3488, .T. ) ;
#3369 = ORIENTED_EDGE ( 'NONE', *, *, #2595, .F. ) ;
#3370 = LINE ( 'NONE', #638, #623 ) ;
#3371 = CARTESIAN_POINT ( 'NONE',  ( 38.00000000000000000, -8.000000000000001776, 0.000000000000000000 ) ) ;
#3372 = ORIENTED_EDGE ( 'NONE', *, *, #447, .F. ) ;
#3373 = LINE ( 'NONE', #2670, #4208 ) ;
#3374 = DIRECTION ( 'NONE',  ( 0.000000000000000000, -0.000000000000000000, -1.000000000000000000 ) ) ;
#3375 = EDGE_CURVE ( 'NONE', #1733, #2944, #4136, .T. ) ;
#3376 = VECTOR ( 'NONE', #581, 1000.000000000000000 ) ;
#3377 = CIRCLE ( 'NONE', #162, 13.99999999999999822 ) ;
#3378 = DIRECTION ( 'NONE',  ( 0.000000000000000000, 0.000000000000000000, -1.000000000000000000 ) ) ;
#3379 = DIRECTION ( 'NONE',  ( 1.000000000000000000, 0.000000000000000000, 0.000000000000000000 ) ) ;
#3380 = ORIENTED_EDGE ( 'NONE', *, *, #2226, .T. ) ;
#3381 = DIRECTION ( 'NONE',  ( 0.000000000000000000, 0.000000000000000000, -1.000000000000000000 ) ) ;
#3382 = CIRCLE ( 'NONE', #1058, 0.5000000000000004441 ) ;
#3383 = DIRECTION ( 'NONE',  ( 0.000000000000000000, -0.000000000000000000, 1.000000000000000000 ) ) ;
#3384 = VECTOR ( 'NONE', #4873, 1000.000000000000000 ) ;
#3385 = AXIS2_PLACEMENT_3D ( 'NONE', #4780, #4753, #2793 ) ;
#3386 = DIRECTION ( 'NONE',  ( -0.000000000000000000, -0.000000000000000000, 1.000000000000000000 ) ) ;
#3387 = DIRECTION ( 'NONE',  ( -0.000000000000000000, -0.000000000000000000, 1.000000000000000000 ) ) ;
#3388 = ORIENTED_EDGE ( 'NONE', *, *, #110, .T. ) ;
#3389 = CIRCLE ( 'NONE', #3732, 0.5000000000000004441 ) ;
#3390 = DIRECTION ( 'NONE',  ( 0.000000000000000000, 0.000000000000000000, -1.000000000000000000 ) ) ;
#3391 = DIRECTION ( 'NONE',  ( 0.000000000000000000, 1.000000000000000000, -0.000000000000000000 ) ) ;
#3392 = ORIENTED_EDGE ( 'NONE', *, *, #4127, .F. ) ;
#3393 = ORIENTED_EDGE ( 'NONE', *, *, #1915, .T. ) ;
#3394 = ORIENTED_EDGE ( 'NONE', *, *, #1429, .T. ) ;
#3395 = ADVANCED_FACE ( 'NONE', ( #2655 ), #680, .T. ) ;
#3396 = FACE_OUTER_BOUND ( 'NONE', #2758, .T. ) ;
#3397 = CARTESIAN_POINT ( 'NONE',  ( 37.66131865960664271, 8.817776110992110006, 0.000000000000000000 ) ) ;
#3398 = DIRECTION ( 'NONE',  ( -0.000000000000000000, 0.000000000000000000, 1.000000000000000000 ) ) ;
#3399 = DIRECTION ( 'NONE',  ( -1.000000000000000000, 0.000000000000000000, 0.000000000000000000 ) ) ;
#3400 = ORIENTED_EDGE ( 'NONE', *, *, #1596, .T. ) ;
#3401 = ADVANCED_FACE ( 'NONE', ( #3359 ), #1473, .T. ) ;
#3402 = ADVANCED_FACE ( 'NONE', ( #1657 ), #3161, .F. ) ;
#3403 = DIRECTION ( 'NONE',  ( -0.000000000000000000, 0.000000000000000000, 1.000000000000000000 ) ) ;
#3404 = DIRECTION ( 'NONE',  ( 0.000000000000000000, 0.000000000000000000, 1.000000000000000000 ) ) ;
#3405 = VERTEX_POINT ( 'NONE', #2088 ) ;
#3406 = CYLINDRICAL_SURFACE ( 'NONE', #3961, 1.599999999999990319 ) ;
#3407 = DIRECTION ( 'NONE',  ( 1.000000000000000000, 0.000000000000000000, 0.000000000000000000 ) ) ;
#3408 = ORIENTED_EDGE ( 'NONE', *, *, #636, .F. ) ;
#3409 = ADVANCED_FACE ( 'NONE', ( #4699 ), #522, .T. ) ;
#3410 = VECTOR ( 'NONE', #1189, 1000.000000000000000 ) ;
#3411 = CARTESIAN_POINT ( 'NONE',  ( 2.000000000000001776, 36.91145303867746463, 0.000000000000000000 ) ) ;
#3412 = ORIENTED_EDGE ( 'NONE', *, *, #2653, .F. ) ;
#3413 = VECTOR ( 'NONE', #4959, 1000.000000000000000 ) ;
#3414 = DIRECTION ( 'NONE',  ( -0.000000000000000000, -0.000000000000000000, 1.000000000000000000 ) ) ;
#3415 = CYLINDRICAL_SURFACE ( 'NONE', #2373, 4.000000000000003553 ) ;
#3416 = CARTESIAN_POINT ( 'NONE',  ( 59.62031337974367062, -15.50000000000000711, 6.000000000000000000 ) ) ;
#3417 = EDGE_LOOP ( 'NONE', ( #1370, #4454, #2698, #4875 ) ) ;
#3418 = VERTEX_POINT ( 'NONE', #571 ) ;
#3419 = DIRECTION ( 'NONE',  ( 1.000000000000000000, 0.000000000000000000, 0.000000000000000000 ) ) ;
#3420 = AXIS2_PLACEMENT_3D ( 'NONE', #919, #4044, #2110 ) ;
#3421 = CYLINDRICAL_SURFACE ( 'NONE', #4211, 0.5000000000000004441 ) ;
#3422 = DIRECTION ( 'NONE',  ( 0.000000000000000000, 1.000000000000000000, 0.000000000000000000 ) ) ;
#3423 = DIRECTION ( 'NONE',  ( 1.000000000000000000, 0.000000000000000000, 0.000000000000000000 ) ) ;
#3424 = CARTESIAN_POINT ( 'NONE',  ( 37.66131865960662850, 8.817776110992113558, 6.000000000000000000 ) ) ;
#3425 = VERTEX_POINT ( 'NONE', #3946 ) ;
#3426 = AXIS2_PLACEMENT_3D ( 'NONE', #4486, #714, #2241 ) ;
#3427 = ORIENTED_EDGE ( 'NONE', *, *, #4086, .F. ) ;
#3428 = DIRECTION ( 'NONE',  ( 1.000000000000000000, 0.000000000000000000, 0.000000000000000000 ) ) ;
#3429 = CYLINDRICAL_SURFACE ( 'NONE', #4598, 0.5000000000000004441 ) ;
#3430 = ORIENTED_EDGE ( 'NONE', *, *, #2905, .T. ) ;
#3431 = CYLINDRICAL_SURFACE ( 'NONE', #2117, 4.000000000000003553 ) ;
#3432 = EDGE_CURVE ( 'NONE', #2573, #1320, #4740, .T. ) ;
#3433 = EDGE_CURVE ( 'NONE', #3546, #1585, #493, .T. ) ;
#3434 =( NAMED_UNIT ( * ) PLANE_ANGLE_UNIT ( ) SI_UNIT ( $, .RADIAN. ) );
#3435 = EDGE_CURVE ( 'NONE', #4788, #3610, #2038, .T. ) ;
#3436 = DIRECTION ( 'NONE',  ( -1.000000000000000000, 0.000000000000000000, 0.000000000000000000 ) ) ;
#3437 = ORIENTED_EDGE ( 'NONE', *, *, #1698, .F. ) ;
#3438 = CIRCLE ( 'NONE', #1282, 1.600000000000004086 ) ;
#3439 = DIRECTION ( 'NONE',  ( -0.000000000000000000, 0.000000000000000000, 1.000000000000000000 ) ) ;
#3440 = DIRECTION ( 'NONE',  ( 0.000000000000000000, 0.000000000000000000, -1.000000000000000000 ) ) ;
#3441 = DIRECTION ( 'NONE',  ( 1.000000000000000000, 0.000000000000000000, 0.000000000000000000 ) ) ;
#3442 = EDGE_LOOP ( 'NONE', ( #1297, #4417, #3518, #4955 ) ) ;
#3443 = ORIENTED_EDGE ( 'NONE', *, *, #1293, .F. ) ;
#3444 = DIRECTION ( 'NONE',  ( -0.000000000000000000, 0.000000000000000000, 1.000000000000000000 ) ) ;
#3445 = FACE_OUTER_BOUND ( 'NONE', #82, .T. ) ;
#3446 = DIRECTION ( 'NONE',  ( 1.000000000000000000, 0.000000000000000000, 0.000000000000000000 ) ) ;
#3447 = AXIS2_PLACEMENT_3D ( 'NONE', #1972, #2756, #4283 ) ;
#3448 = AXIS2_PLACEMENT_3D ( 'NONE', #3776, #727, #1608 ) ;
#3449 = FACE_OUTER_BOUND ( 'NONE', #773, .T. ) ;
#3450 = ORIENTED_EDGE ( 'NONE', *, *, #105, .F. ) ;
#3451 = ORIENTED_EDGE ( 'NONE', *, *, #3528, .T. ) ;
#3452 = VERTEX_POINT ( 'NONE', #1311 ) ;
#3453 = CARTESIAN_POINT ( 'NONE',  ( 32.59490367816164280, -10.16271109692697294, 6.000000000000000000 ) ) ;
#3454 = FACE_OUTER_BOUND ( 'NONE', #1487, .T. ) ;
#3455 = VERTEX_POINT ( 'NONE', #3213 ) ;
#3456 = FACE_OUTER_BOUND ( 'NONE', #3636, .T. ) ;
#3457 = AXIS2_PLACEMENT_3D ( 'NONE', #4230, #4205, #3505 ) ;
#3458 = AXIS2_PLACEMENT_3D ( 'NONE', #785, #2336, #8 ) ;
#3459 = CARTESIAN_POINT ( 'NONE',  ( 20.00000000000000000, 34.50000000000000000, 0.000000000000000000 ) ) ;
#3460 = EDGE_CURVE ( 'NONE', #3007, #1719, #2423, .T. ) ;
#3461 = ADVANCED_FACE ( 'NONE', ( #2474 ), #2825, .T. ) ;
#3462 = DIRECTION ( 'NONE',  ( -0.000000000000000000, 0.000000000000000000, 1.000000000000000000 ) ) ;
#3463 = EDGE_LOOP ( 'NONE', ( #4461, #2075, #1724, #2556 ) ) ;
#3464 = EDGE_CURVE ( 'NONE', #810, #730, #471, .T. ) ;
#3465 = EDGE_CURVE ( 'NONE', #1896, #1446, #156, .T. ) ;
#3466 = CARTESIAN_POINT ( 'NONE',  ( 75.03524120961040467, -0.08500000000000867972, -4.000000000000000000 ) ) ;
#3467 = AXIS2_PLACEMENT_3D ( 'NONE', #3211, #49, #2398 ) ;
#3468 = ORIENTED_EDGE ( 'NONE', *, *, #4858, .T. ) ;
#3469 = CARTESIAN_POINT ( 'NONE',  ( 61.01581468047283607, -14.59607809024561220, 6.000000000000000000 ) ) ;
#3470 = ORIENTED_EDGE ( 'NONE', *, *, #4337, .F. ) ;
#3471 = ORIENTED_EDGE ( 'NONE', *, *, #948, .T. ) ;
#3472 = CIRCLE ( 'NONE', #4133, 0.5000000000000004441 ) ;
#3473 = VERTEX_POINT ( 'NONE', #1714 ) ;
#3474 = DIRECTION ( 'NONE',  ( 0.000000000000000000, 0.000000000000000000, 1.000000000000000000 ) ) ;
#3475 = EDGE_CURVE ( 'NONE', #4786, #1538, #2060, .T. ) ;
#3476 = CYLINDRICAL_SURFACE ( 'NONE', #4926, 29.22992782986673888 ) ;
#3477 = DIRECTION ( 'NONE',  ( 1.000000000000000000, 0.000000000000000000, 0.000000000000000000 ) ) ;
#3478 = CARTESIAN_POINT ( 'NONE',  ( 75.03524120961040467, -0.08500000000000867972, 6.000000000000000000 ) ) ;
#3479 = DIRECTION ( 'NONE',  ( 1.000000000000000000, 0.000000000000000000, 0.000000000000000000 ) ) ;
#3480 = CARTESIAN_POINT ( 'NONE',  ( 63.72738279880919521, 13.81854544699666043, 6.000000000000000000 ) ) ;
#3481 = CYLINDRICAL_SURFACE ( 'NONE', #3079, 42.00010206398129498 ) ;
#3482 = LINE ( 'NONE', #2202, #4658 ) ;
#3483 = CARTESIAN_POINT ( 'NONE',  ( 89.02459367784616973, -9.726600164184736386, 6.000000000000000000 ) ) ;
#3484 = DIRECTION ( 'NONE',  ( -0.6395885234274765185, 0.7687174517986828937, -0.000000000000000000 ) ) ;
#3485 = VERTEX_POINT ( 'NONE', #4805 ) ;
#3486 = ORIENTED_EDGE ( 'NONE', *, *, #296, .F. ) ;
#3487 = LINE ( 'NONE', #2806, #4157 ) ;
#3488 = EDGE_CURVE ( 'NONE', #3255, #1203, #2770, .T. ) ;
#3489 = AXIS2_PLACEMENT_3D ( 'NONE', #3202, #4744, #1299 ) ;
#3490 = DIRECTION ( 'NONE',  ( 1.000000000000000000, -3.122502256758250246E-14, 0.000000000000000000 ) ) ;
#3491 = EDGE_CURVE ( 'NONE', #4268, #4951, #3777, .T. ) ;
#3492 = ORIENTED_EDGE ( 'NONE', *, *, #949, .F. ) ;
#3493 = PLANE ( 'NONE',  #1354 ) ;
#3494 = CARTESIAN_POINT ( 'NONE',  ( 39.41891117484782114, 8.499934227345493198, 6.000000000000000000 ) ) ;
#3495 = PLANE ( 'NONE',  #2175 ) ;
#3496 = ORIENTED_EDGE ( 'NONE', *, *, #2624, .T. ) ;
#3497 = AXIS2_PLACEMENT_3D ( 'NONE', #3466, #1562, #2830 ) ;
#3498 = EDGE_CURVE ( 'NONE', #905, #4746, #1204, .T. ) ;
#3499 = VERTEX_POINT ( 'NONE', #2452 ) ;
#3500 = CARTESIAN_POINT ( 'NONE',  ( 88.66024666942186627, -10.99568825836322183, 6.000000000000000000 ) ) ;
#3501 = DIRECTION ( 'NONE',  ( -0.7993042959343554799, 0.6009264867692921674, -0.000000000000000000 ) ) ;
#3502 = ORIENTED_EDGE ( 'NONE', *, *, #3044, .F. ) ;
#3503 = LINE ( 'NONE', #2010, #2527 ) ;
#3504 = LINE ( 'NONE', #2377, #4105 ) ;
#3505 = DIRECTION ( 'NONE',  ( 1.000000000000000000, 0.000000000000000000, 0.000000000000000000 ) ) ;
#3506 = VECTOR ( 'NONE', #2728, 1000.000000000000227 ) ;
#3507 = AXIS2_PLACEMENT_3D ( 'NONE', #4888, #1449, #3316 ) ;
#3508 = DIRECTION ( 'NONE',  ( -0.000000000000000000, -0.000000000000000000, 1.000000000000000000 ) ) ;
#3509 = ORIENTED_EDGE ( 'NONE', *, *, #4748, .F. ) ;
#3510 = DIRECTION ( 'NONE',  ( 1.000000000000000000, 0.000000000000000000, 0.000000000000000000 ) ) ;
#3511 = LINE ( 'NONE', #2364, #4555 ) ;
#3512 = EDGE_LOOP ( 'NONE', ( #4762, #2307, #2613, #2150 ) ) ;
#3513 = LINE ( 'NONE', #2729, #1129 ) ;
#3514 = ORIENTED_EDGE ( 'NONE', *, *, #360, .F. ) ;
#3515 = VERTEX_POINT ( 'NONE', #4781 ) ;
#3516 = ORIENTED_EDGE ( 'NONE', *, *, #3976, .T. ) ;
#3517 = ADVANCED_FACE ( 'NONE', ( #1338 ), #3974, .F. ) ;
#3518 = ORIENTED_EDGE ( 'NONE', *, *, #324, .F. ) ;
#3519 = DIRECTION ( 'NONE',  ( 1.000000000000000000, 0.000000000000000000, 0.000000000000000000 ) ) ;
#3520 = LINE ( 'NONE', #2315, #2032 ) ;
#3521 = EDGE_CURVE ( 'NONE', #2094, #1711, #2874, .T. ) ;
#3522 = PLANE ( 'NONE',  #690 ) ;
#3523 = CYLINDRICAL_SURFACE ( 'NONE', #4977, 0.5000000000000004441 ) ;
#3524 = VERTEX_POINT ( 'NONE', #1778 ) ;
#3525 = CARTESIAN_POINT ( 'NONE',  ( 37.64763166237346326, -37.71509312783173584, 0.000000000000000000 ) ) ;
#3526 = VECTOR ( 'NONE', #3550, 1000.000000000000000 ) ;
#3527 = CARTESIAN_POINT ( 'NONE',  ( 74.35937914064487586, -14.06867657176516140, 0.000000000000000000 ) ) ;
#3528 = EDGE_CURVE ( 'NONE', #4861, #664, #617, .T. ) ;
#3529 = ORIENTED_EDGE ( 'NONE', *, *, #1913, .T. ) ;
#3530 = CARTESIAN_POINT ( 'NONE',  ( 88.72413043446151448, -10.12625231215191413, 6.000000000000000000 ) ) ;
#3531 = DIRECTION ( 'NONE',  ( -0.000000000000000000, 0.000000000000000000, 1.000000000000000000 ) ) ;
#3532 = LINE ( 'NONE', #3849, #4506 ) ;
#3533 = VECTOR ( 'NONE', #4848, 1000.000000000000114 ) ;
#3534 = AXIS2_PLACEMENT_3D ( 'NONE', #4576, #1053, #3357 ) ;
#3535 = DIRECTION ( 'NONE',  ( -0.000000000000000000, -0.000000000000000000, 1.000000000000000000 ) ) ;
#3536 = DIRECTION ( 'NONE',  ( 1.000000000000000000, 0.000000000000000000, 0.000000000000000000 ) ) ;
#3537 = VERTEX_POINT ( 'NONE', #2570 ) ;
#3538 = AXIS2_PLACEMENT_3D ( 'NONE', #1892, #368, #1475 ) ;
#3539 = CARTESIAN_POINT ( 'NONE',  ( 8.898198344412744376, 37.50000000000000711, 0.000000000000000000 ) ) ;
#3540 = CIRCLE ( 'NONE', #2684, 29.22992782986673888 ) ;
#3541 = CARTESIAN_POINT ( 'NONE',  ( 75.03524120961040467, -0.08500000000000867972, 6.000000000000000000 ) ) ;
#3542 = AXIS2_PLACEMENT_3D ( 'NONE', #1571, #4666, #1901 ) ;
#3543 = ORIENTED_EDGE ( 'NONE', *, *, #4867, .F. ) ;
#3544 = VERTEX_POINT ( 'NONE', #1381 ) ;
#3545 = AXIS2_PLACEMENT_3D ( 'NONE', #1070, #4517, #2963 ) ;
#3546 = VERTEX_POINT ( 'NONE', #3352 ) ;
#3547 = DIRECTION ( 'NONE',  ( -1.000000000000000000, -1.734723475976807587E-16, 0.000000000000000000 ) ) ;
#3548 = CARTESIAN_POINT ( 'NONE',  ( 7.434041793159760658, 9.580645161290318512, 6.000000000000000000 ) ) ;
#3549 = DIRECTION ( 'NONE',  ( 1.000000000000000000, 0.000000000000000000, 0.000000000000000000 ) ) ;
#3550 = DIRECTION ( 'NONE',  ( -0.000000000000000000, -0.000000000000000000, -1.000000000000000000 ) ) ;
#3551 = AXIS2_PLACEMENT_3D ( 'NONE', #203, #1754, #1776 ) ;
#3552 = ORIENTED_EDGE ( 'NONE', *, *, #3114, .T. ) ;
#3553 = CARTESIAN_POINT ( 'NONE',  ( 64.80319817247699632, -9.835551381799724879, -4.000000000000000000 ) ) ;
#3554 = CIRCLE ( 'NONE', #4613, 2.599999999999998312 ) ;
#3555 = CARTESIAN_POINT ( 'NONE',  ( 30.00000000000000000, 10.00000000000000000, 6.000000000000000000 ) ) ;
#3556 = ORIENTED_EDGE ( 'NONE', *, *, #209, .T. ) ;
#3557 = CARTESIAN_POINT ( 'NONE',  ( 60.31069678868374240, -14.05661136603467654, 6.000000000000000000 ) ) ;
#3558 = DIRECTION ( 'NONE',  ( -0.000000000000000000, -0.000000000000000000, -1.000000000000000000 ) ) ;
#3559 = ADVANCED_FACE ( 'NONE', ( #1857 ), #2187, .T. ) ;
#3560 = EDGE_CURVE ( 'NONE', #1620, #4983, #4099, .T. ) ;
#3561 = EDGE_CURVE ( 'NONE', #1452, #3881, #4253, .T. ) ;
#3562 = CARTESIAN_POINT ( 'NONE',  ( -2.504042972417701511E-15, 19.82992782986672253, 0.000000000000000000 ) ) ;
#3563 = CARTESIAN_POINT ( 'NONE',  ( 53.04690553622918259, -0.8013060202950520461, 0.000000000000000000 ) ) ;
#3564 = VERTEX_POINT ( 'NONE', #4518 ) ;
#3565 = PLANE ( 'NONE',  #955 ) ;
#3566 = ORIENTED_EDGE ( 'NONE', *, *, #1793, .F. ) ;
#3567 = EDGE_CURVE ( 'NONE', #2333, #562, #1019, .T. ) ;
#3568 = CARTESIAN_POINT ( 'NONE',  ( 32.38794526874199420, 8.971546115038352198, 0.000000000000000000 ) ) ;
#3569 = LINE ( 'NONE', #3469, #4339 ) ;
#3570 = ORIENTED_EDGE ( 'NONE', *, *, #3052, .F. ) ;
#3571 = ORIENTED_EDGE ( 'NONE', *, *, #4624, .T. ) ;
#3572 = DIRECTION ( 'NONE',  ( -0.000000000000000000, 0.000000000000000000, 1.000000000000000000 ) ) ;
#3573 = CARTESIAN_POINT ( 'NONE',  ( 63.68211702801898610, 14.39411850346134436, 0.000000000000000000 ) ) ;
#3574 = PLANE ( 'NONE',  #3489 ) ;
#3575 = DIRECTION ( 'NONE',  ( 1.000000000000000000, 0.000000000000000000, 0.000000000000000000 ) ) ;
#3576 = ORIENTED_EDGE ( 'NONE', *, *, #2900, .F. ) ;
#3577 = VECTOR ( 'NONE', #3053, 1000.000000000000000 ) ;
#3578 = FACE_OUTER_BOUND ( 'NONE', #478, .T. ) ;
#3579 = CARTESIAN_POINT ( 'NONE',  ( 75.03524120961040467, -0.08500000000000867972, 0.000000000000000000 ) ) ;
#3580 = ORIENTED_EDGE ( 'NONE', *, *, #1390, .F. ) ;
#3581 = DIRECTION ( 'NONE',  ( 0.000000000000000000, 0.000000000000000000, 1.000000000000000000 ) ) ;
#3582 = AXIS2_PLACEMENT_3D ( 'NONE', #3539, #3167, #88 ) ;
#3583 = DIRECTION ( 'NONE',  ( 1.000000000000000000, 6.231488700134609697E-15, 0.000000000000000000 ) ) ;
#3584 = EDGE_CURVE ( 'NONE', #4469, #3088, #56, .T. ) ;
#3585 = CYLINDRICAL_SURFACE ( 'NONE', #1602, 1.599999999999976552 ) ;
#3586 = ADVANCED_FACE ( 'NONE', ( #1359 ), #4094, .F. ) ;
#3587 = CARTESIAN_POINT ( 'NONE',  ( 62.30731863861241493, 15.21261064666438934, -4.000000000000000000 ) ) ;
#3588 = ORIENTED_EDGE ( 'NONE', *, *, #51, .T. ) ;
#3589 = AXIS2_PLACEMENT_3D ( 'NONE', #4720, #1332, #1681 ) ;
#3590 = EDGE_LOOP ( 'NONE', ( #1780, #163, #2213, #1012 ) ) ;
#3591 = ADVANCED_FACE ( 'NONE', ( #2943 ), #3720, .T. ) ;
#3592 = CARTESIAN_POINT ( 'NONE',  ( 89.81558267299334375, 13.69339455584050391, 6.000000000000000000 ) ) ;
#3593 = CYLINDRICAL_SURFACE ( 'NONE', #2517, 13.99999999999999822 ) ;
#3594 = ORIENTED_EDGE ( 'NONE', *, *, #4807, .T. ) ;
#3595 = ORIENTED_EDGE ( 'NONE', *, *, #1969, .T. ) ;
#3596 = FACE_OUTER_BOUND ( 'NONE', #4164, .T. ) ;
#3597 = CARTESIAN_POINT ( 'NONE',  ( 0.5000000000000004441, -10.50000000000000533, 0.000000000000000000 ) ) ;
#3598 = DIRECTION ( 'NONE',  ( 1.000000000000000000, 0.000000000000000000, 0.000000000000000000 ) ) ;
#3599 = CIRCLE ( 'NONE', #2089, 0.5000000000000004441 ) ;
#3600 = CARTESIAN_POINT ( 'NONE',  ( 41.99999999999999289, 7.829927829866729638, 6.000000000000000000 ) ) ;
#3601 = VERTEX_POINT ( 'NONE', #4468 ) ;
#3602 = VERTEX_POINT ( 'NONE', #1830 ) ;
#3603 = DIRECTION ( 'NONE',  ( -0.000000000000000000, 0.000000000000000000, -1.000000000000000000 ) ) ;
#3604 = DIRECTION ( 'NONE',  ( 1.000000000000000000, 0.000000000000000000, 0.000000000000000000 ) ) ;
#3605 = ORIENTED_EDGE ( 'NONE', *, *, #264, .F. ) ;
#3606 = CARTESIAN_POINT ( 'NONE',  ( 0.5000000000000004441, 9.999999999999994671, 6.000000000000000000 ) ) ;
#3607 = VECTOR ( 'NONE', #4944, 1000.000000000000000 ) ;
#3608 = CARTESIAN_POINT ( 'NONE',  ( 7.033520605161734274, -9.100000000000001421, 6.000000000000000000 ) ) ;
#3609 = FILL_AREA_STYLE ('',( #2477 ) ) ;
#3610 = VERTEX_POINT ( 'NONE', #4048 ) ;
#3611 = CIRCLE ( 'NONE', #4336, 0.5000000000000004441 ) ;
#3612 = CARTESIAN_POINT ( 'NONE',  ( 59.62031337974367062, -15.50000000000000711, 6.000000000000000000 ) ) ;
#3613 = DIRECTION ( 'NONE',  ( 1.000000000000000000, 0.000000000000000000, 0.000000000000000000 ) ) ;
#3614 = AXIS2_PLACEMENT_3D ( 'NONE', #3115, #1914, #1155 ) ;
#3615 = EDGE_CURVE ( 'NONE', #4697, #1745, #2170, .T. ) ;
#3616 = CYLINDRICAL_SURFACE ( 'NONE', #4244, 0.5000000000000004441 ) ;
#3617 = VECTOR ( 'NONE', #1988, 1000.000000000000000 ) ;
#3618 = VECTOR ( 'NONE', #313, 1000.000000000000000 ) ;
#3619 = ORIENTED_EDGE ( 'NONE', *, *, #4427, .T. ) ;
#3620 = DIRECTION ( 'NONE',  ( 1.000000000000000000, 0.000000000000000000, 0.000000000000000000 ) ) ;
#3621 = CIRCLE ( 'NONE', #1539, 3.999999999999996447 ) ;
#3622 = EDGE_CURVE ( 'NONE', #4746, #2207, #2964, .T. ) ;
#3623 = VECTOR ( 'NONE', #381, 1000.000000000000000 ) ;
#3624 = EDGE_CURVE ( 'NONE', #1854, #1329, #874, .T. ) ;
#3625 = DIRECTION ( 'NONE',  ( 1.000000000000000000, 0.000000000000000000, 0.000000000000000000 ) ) ;
#3626 = DIRECTION ( 'NONE',  ( 0.000000000000000000, 0.000000000000000000, 1.000000000000000000 ) ) ;
#3627 = DIRECTION ( 'NONE',  ( 1.000000000000000000, 0.000000000000000000, 0.000000000000000000 ) ) ;
#3628 = EDGE_LOOP ( 'NONE', ( #1985, #3509, #1128, #285 ) ) ;
#3629 = VERTEX_POINT ( 'NONE', #4415 ) ;
#3630 = VECTOR ( 'NONE', #1631, 1000.000000000000000 ) ;
#3631 = EDGE_CURVE ( 'NONE', #2239, #2333, #394, .T. ) ;
#3632 = AXIS2_PLACEMENT_3D ( 'NONE', #4674, #3581, #3919 ) ;
#3633 = DIRECTION ( 'NONE',  ( 1.000000000000000000, 0.000000000000000000, 0.000000000000000000 ) ) ;
#3634 = CARTESIAN_POINT ( 'NONE',  ( 50.26928120398978450, -8.000000000000000000, 0.000000000000000000 ) ) ;
#3635 = ORIENTED_EDGE ( 'NONE', *, *, #1104, .T. ) ;
#3636 = EDGE_LOOP ( 'NONE', ( #1683, #2421, #4433, #352 ) ) ;
#3637 = FACE_OUTER_BOUND ( 'NONE', #1825, .T. ) ;
#3638 = CARTESIAN_POINT ( 'NONE',  ( 75.03524120961040467, -0.08500000000000867972, 0.000000000000000000 ) ) ;
#3639 = SURFACE_STYLE_FILL_AREA ( #3609 ) ;
#3640 = CARTESIAN_POINT ( 'NONE',  ( 61.22031337974367204, -15.50000000000000711, 6.000000000000000000 ) ) ;
#3641 = CARTESIAN_POINT ( 'NONE',  ( 75.03524120961040467, -0.08500000000000867972, 6.000000000000000000 ) ) ;
#3642 = CARTESIAN_POINT ( 'NONE',  ( 86.61859738502296580, -7.947942179205680802, -4.000000000000000000 ) ) ;
#3643 = FACE_OUTER_BOUND ( 'NONE', #4574, .T. ) ;
#3644 = VERTEX_POINT ( 'NONE', #972 ) ;
#3645 = ORIENTED_EDGE ( 'NONE', *, *, #4679, .T. ) ;
#3646 = ORIENTED_EDGE ( 'NONE', *, *, #1205, .T. ) ;
#3647 = CARTESIAN_POINT ( 'NONE',  ( 7.033520605161734274, 10.89999999999999680, 6.000000000000000000 ) ) ;
#3648 = ORIENTED_EDGE ( 'NONE', *, *, #3652, .F. ) ;
#3649 = EDGE_CURVE ( 'NONE', #2491, #2208, #2521, .T. ) ;
#3650 = DIRECTION ( 'NONE',  ( -1.000000000000000000, 0.000000000000000000, 0.000000000000000000 ) ) ;
#3651 = ORIENTED_EDGE ( 'NONE', *, *, #2740, .F. ) ;
#3652 = EDGE_CURVE ( 'NONE', #531, #4861, #307, .T. ) ;
#3653 = ORIENTED_EDGE ( 'NONE', *, *, #2773, .T. ) ;
#3654 = AXIS2_PLACEMENT_3D ( 'NONE', #435, #1678, #3549 ) ;
#3655 = DIRECTION ( 'NONE',  ( 1.000000000000000000, 1.734723475976805517E-15, 0.000000000000000000 ) ) ;
#3656 = CARTESIAN_POINT ( 'NONE',  ( 50.26928120398978450, -8.000000000000000000, -4.000000000000000000 ) ) ;
#3657 = ORIENTED_EDGE ( 'NONE', *, *, #2221, .F. ) ;
#3658 = DIRECTION ( 'NONE',  ( 1.000000000000000000, 0.000000000000000000, 0.000000000000000000 ) ) ;
#3659 = DIRECTION ( 'NONE',  ( -0.000000000000000000, 0.000000000000000000, 1.000000000000000000 ) ) ;
#3660 = EDGE_CURVE ( 'NONE', #896, #881, #279, .T. ) ;
#3661 = ORIENTED_EDGE ( 'NONE', *, *, #3999, .F. ) ;
#3662 = AXIS2_PLACEMENT_3D ( 'NONE', #1520, #2261, #375 ) ;
#3663 = ORIENTED_EDGE ( 'NONE', *, *, #2191, .F. ) ;
#3664 = AXIS2_PLACEMENT_3D ( 'NONE', #3097, #4685, #4710 ) ;
#3665 = DIRECTION ( 'NONE',  ( 1.000000000000000000, 0.000000000000000000, 0.000000000000000000 ) ) ;
#3666 = DIRECTION ( 'NONE',  ( -1.000000000000000000, 0.000000000000000000, 0.000000000000000000 ) ) ;
#3667 = AXIS2_PLACEMENT_3D ( 'NONE', #1576, #3916, #3089 ) ;
#3668 = DIRECTION ( 'NONE',  ( 2.911840083380578691E-16, -1.000000000000000000, 0.000000000000000000 ) ) ;
#3669 = DIRECTION ( 'NONE',  ( 1.000000000000000000, 0.000000000000000000, 0.000000000000000000 ) ) ;
#3670 = ORIENTED_EDGE ( 'NONE', *, *, #3082, .F. ) ;
#3671 = ORIENTED_EDGE ( 'NONE', *, *, #4092, .T. ) ;
#3672 = ORIENTED_EDGE ( 'NONE', *, *, #3631, .T. ) ;
#3673 = VECTOR ( 'NONE', #3173, 1000.000000000000000 ) ;
#3674 = DIRECTION ( 'NONE',  ( -0.000000000000000000, -0.000000000000000000, 1.000000000000000000 ) ) ;
#3675 = VECTOR ( 'NONE', #4285, 1000.000000000000000 ) ;
#3676 = CARTESIAN_POINT ( 'NONE',  ( 2.000000000000003553, 25.32120260015482316, 0.000000000000000000 ) ) ;
#3677 = VERTEX_POINT ( 'NONE', #1755 ) ;
#3678 = ORIENTED_EDGE ( 'NONE', *, *, #1234, .F. ) ;
#3679 = AXIS2_PLACEMENT_3D ( 'NONE', #2709, #3414, #1638 ) ;
#3680 = EDGE_CURVE ( 'NONE', #3564, #4349, #3279, .T. ) ;
#3681 = ADVANCED_FACE ( 'NONE', ( #4569 ), #2371, .F. ) ;
#3682 = DIRECTION ( 'NONE',  ( -0.000000000000000000, 0.000000000000000000, 1.000000000000000000 ) ) ;
#3683 = DIRECTION ( 'NONE',  ( 0.000000000000000000, -0.000000000000000000, -1.000000000000000000 ) ) ;
#3684 = VECTOR ( 'NONE', #2797, 1000.000000000000000 ) ;
#3685 = ORIENTED_EDGE ( 'NONE', *, *, #1194, .T. ) ;
#3686 = FACE_OUTER_BOUND ( 'NONE', #4400, .T. ) ;
#3687 = CARTESIAN_POINT ( 'NONE',  ( 60.55214889042371595, -0.2850263380156188298, -4.000000000000000000 ) ) ;
#3688 = VECTOR ( 'NONE', #442, 1000.000000000000000 ) ;
#3689 = ORIENTED_EDGE ( 'NONE', *, *, #359, .F. ) ;
#3690 = ORIENTED_EDGE ( 'NONE', *, *, #3789, .F. ) ;
#3691 = ADVANCED_FACE ( 'NONE', ( #3449 ), #4545, .T. ) ;
#3692 = ADVANCED_FACE ( 'NONE', ( #4623 ), #4967, .T. ) ;
#3693 = DIRECTION ( 'NONE',  ( -0.6395885234274765185, 0.7687174517986828937, 0.000000000000000000 ) ) ;
#3694 = AXIS2_PLACEMENT_3D ( 'NONE', #4490, #2592, #2218 ) ;
#3695 = CARTESIAN_POINT ( 'NONE',  ( 0.5000000000000004441, -9.600000000000003197, 6.000000000000000000 ) ) ;
#3696 = FACE_OUTER_BOUND ( 'NONE', #212, .T. ) ;
#3697 = ORIENTED_EDGE ( 'NONE', *, *, #4882, .T. ) ;
#3698 = VERTEX_POINT ( 'NONE', #4644 ) ;
#3699 = EDGE_CURVE ( 'NONE', #2208, #1500, #2643, .T. ) ;
#3700 = CIRCLE ( 'NONE', #4750, 0.5000000000000004441 ) ;
#3701 = CARTESIAN_POINT ( 'NONE',  ( 74.83524120961040182, -23.48519782309973536, 6.000000000000000000 ) ) ;
#3702 = CARTESIAN_POINT ( 'NONE',  ( 75.03524120961040467, -0.08500000000000867972, -4.000000000000000000 ) ) ;
#3703 = ORIENTED_EDGE ( 'NONE', *, *, #4616, .F. ) ;
#3704 = ORIENTED_EDGE ( 'NONE', *, *, #4250, .T. ) ;
#3705 = AXIS2_PLACEMENT_3D ( 'NONE', #2640, #2941, #2961 ) ;
#3706 = ORIENTED_EDGE ( 'NONE', *, *, #524, .T. ) ;
#3707 = DIRECTION ( 'NONE',  ( -0.000000000000000000, -0.000000000000000000, -1.000000000000000000 ) ) ;
#3708 =( GEOMETRIC_REPRESENTATION_CONTEXT ( 3 ) GLOBAL_UNCERTAINTY_ASSIGNED_CONTEXT ( ( #2607 ) ) GLOBAL_UNIT_ASSIGNED_CONTEXT ( ( #550, #106, #2875 ) ) REPRESENTATION_CONTEXT ( 'NONE', 'WORKASPACE' ) );
#3709 = CARTESIAN_POINT ( 'NONE',  ( 89.81558267299334375, 13.69339455584050924, -4.000000000000000000 ) ) ;
#3710 = AXIS2_PLACEMENT_3D ( 'NONE', #2579, #1130, #3003 ) ;
#3711 = VERTEX_POINT ( 'NONE', #335 ) ;
#3712 = MECHANICAL_DESIGN_GEOMETRIC_PRESENTATION_REPRESENTATION (  '', ( #1790 ), #2434 ) ;
#3713 = ORIENTED_EDGE ( 'NONE', *, *, #166, .T. ) ;
#3714 = CIRCLE ( 'NONE', #495, 1.600000000000004086 ) ;
#3715 = VECTOR ( 'NONE', #3508, 1000.000000000000000 ) ;
#3716 = CARTESIAN_POINT ( 'NONE',  ( 59.62031337974367062, -15.50000000000000711, -4.000000000000000000 ) ) ;
#3717 = PRESENTATION_STYLE_ASSIGNMENT (( #1069 ) ) ;
#3718 = ORIENTED_EDGE ( 'NONE', *, *, #4520, .F. ) ;
#3719 = CARTESIAN_POINT ( 'NONE',  ( 6.940588291844330904, -10.50000000000000355, 0.000000000000000000 ) ) ;
#3720 = CYLINDRICAL_SURFACE ( 'NONE', #3855, 5.000000000000000000 ) ;
#3721 = AXIS2_PLACEMENT_3D ( 'NONE', #1434, #2547, #970 ) ;
#3722 = ORIENTED_EDGE ( 'NONE', *, *, #1633, .F. ) ;
#3723 = CARTESIAN_POINT ( 'NONE',  ( 0.000000000000000000, 10.89999999999999503, 6.000000000000000000 ) ) ;
#3724 = AXIS2_PLACEMENT_3D ( 'NONE', #1881, #3398, #3105 ) ;
#3725 = CARTESIAN_POINT ( 'NONE',  ( 3.469446951953617344E-15, -10.00000000000000533, 0.000000000000000000 ) ) ;
#3726 = EDGE_CURVE ( 'NONE', #228, #4315, #2011, .T. ) ;
#3727 = AXIS2_PLACEMENT_3D ( 'NONE', #365, #1494, #3801 ) ;
#3728 = ADVANCED_FACE ( 'NONE', ( #357 ), #3106, .T. ) ;
#3729 = EDGE_CURVE ( 'NONE', #3322, #4820, #3013, .T. ) ;
#3730 = DIRECTION ( 'NONE',  ( 1.000000000000000000, 0.000000000000000000, 0.000000000000000000 ) ) ;
#3731 = VERTEX_POINT ( 'NONE', #2697 ) ;
#3732 = AXIS2_PLACEMENT_3D ( 'NONE', #306, #2343, #4168 ) ;
#3733 = CARTESIAN_POINT ( 'NONE',  ( 7.033520605161734274, -9.600000000000003197, 6.000000000000000000 ) ) ;
#3734 = ADVANCED_FACE ( 'NONE', ( #3840 ), #4223, .F. ) ;
#3735 = CARTESIAN_POINT ( 'NONE',  ( 90.15705971739780011, 17.82501087327789691, 6.000000000000000000 ) ) ;
#3736 = ORIENTED_EDGE ( 'NONE', *, *, #447, .T. ) ;
#3737 = ORIENTED_EDGE ( 'NONE', *, *, #4392, .F. ) ;
#3738 = DIRECTION ( 'NONE',  ( -0.000000000000000000, -0.000000000000000000, 1.000000000000000000 ) ) ;
#3739 = DIRECTION ( 'NONE',  ( 1.000000000000000000, 0.000000000000000000, 0.000000000000000000 ) ) ;
#3740 = EDGE_LOOP ( 'NONE', ( #4840, #1059, #2909, #4905 ) ) ;
#3741 = ORIENTED_EDGE ( 'NONE', *, *, #1758, .F. ) ;
#3742 = ORIENTED_EDGE ( 'NONE', *, *, #1627, .F. ) ;
#3743 = VERTEX_POINT ( 'NONE', #2317 ) ;
#3744 = CARTESIAN_POINT ( 'NONE',  ( 7.434041793159760658, -10.41935483870967971, 0.000000000000000000 ) ) ;
#3745 = CARTESIAN_POINT ( 'NONE',  ( 88.82242079513810040, -16.77499154467183828, 6.000000000000000000 ) ) ;
#3746 = VERTEX_POINT ( 'NONE', #1955 ) ;
#3747 = DIRECTION ( 'NONE',  ( 0.000000000000000000, -0.000000000000000000, -1.000000000000000000 ) ) ;
#3748 = DIRECTION ( 'NONE',  ( 1.000000000000000000, 0.000000000000000000, 0.000000000000000000 ) ) ;
#3749 = ORIENTED_EDGE ( 'NONE', *, *, #4684, .F. ) ;
#3750 = LINE ( 'NONE', #1834, #2068 ) ;
#3751 = CARTESIAN_POINT ( 'NONE',  ( 65.23391854806357060, 10.60069483394731016, -4.000000000000000000 ) ) ;
#3752 = ORIENTED_EDGE ( 'NONE', *, *, #4859, .T. ) ;
#3753 = CYLINDRICAL_SURFACE ( 'NONE', #1382, 0.5000000000000004441 ) ;
#3754 = CIRCLE ( 'NONE', #2395, 2.599999999999998312 ) ;
#3755 = ADVANCED_FACE ( 'NONE', ( #383 ), #1882, .T. ) ;
#3756 = CARTESIAN_POINT ( 'NONE',  ( 6.940588291844330904, 9.499999999999994671, 6.000000000000000000 ) ) ;
#3757 = VECTOR ( 'NONE', #3391, 1000.000000000000000 ) ;
#3758 = DIRECTION ( 'NONE',  ( 1.000000000000000000, 0.000000000000000000, 0.000000000000000000 ) ) ;
#3759 = ORIENTED_EDGE ( 'NONE', *, *, #2383, .F. ) ;
#3760 = VECTOR ( 'NONE', #771, 1000.000000000000000 ) ;
#3761 = DIRECTION ( 'NONE',  ( -1.000000000000000000, -6.313797493116069031E-17, 0.000000000000000000 ) ) ;
#3762 = EDGE_CURVE ( 'NONE', #2839, #4789, #1903, .T. ) ;
#3763 = DIRECTION ( 'NONE',  ( 1.000000000000000000, 0.000000000000000000, 0.000000000000000000 ) ) ;
#3764 = VERTEX_POINT ( 'NONE', #3424 ) ;
#3765 = ORIENTED_EDGE ( 'NONE', *, *, #1392, .T. ) ;
#3766 = EDGE_LOOP ( 'NONE', ( #960, #2775, #2691, #461 ) ) ;
#3767 = CARTESIAN_POINT ( 'NONE',  ( 85.41778177251133286, 10.01464610566711677, 0.000000000000000000 ) ) ;
#3768 = FACE_OUTER_BOUND ( 'NONE', #1730, .T. ) ;
#3769 = DIRECTION ( 'NONE',  ( -0.000000000000000000, -0.000000000000000000, 1.000000000000000000 ) ) ;
#3770 = CIRCLE ( 'NONE', #1757, 13.99999999999999822 ) ;
#3771 = DIRECTION ( 'NONE',  ( -0.000000000000000000, -0.000000000000000000, 1.000000000000000000 ) ) ;
#3772 = CARTESIAN_POINT ( 'NONE',  ( -0.000000000000000000, 9.999999999999994671, 0.000000000000000000 ) ) ;
#3773 = LINE ( 'NONE', #2575, #2748 ) ;
#3774 = VECTOR ( 'NONE', #1158, 1000.000000000000000 ) ;
#3775 = LINE ( 'NONE', #1865, #4425 ) ;
#3776 = CARTESIAN_POINT ( 'NONE',  ( 62.30731863861241493, 15.21261064666438934, 0.000000000000000000 ) ) ;
#3777 = CIRCLE ( 'NONE', #2504, 0.5000000000000000000 ) ;
#3778 = LINE ( 'NONE', #346, #4595 ) ;
#3779 = ORIENTED_EDGE ( 'NONE', *, *, #737, .F. ) ;
#3780 = ADVANCED_FACE ( 'NONE', ( #4263 ), #4241, .F. ) ;
#3781 = DIRECTION ( 'NONE',  ( 1.000000000000000000, 0.000000000000000000, 0.000000000000000000 ) ) ;
#3782 = AXIS2_PLACEMENT_3D ( 'NONE', #2501, #4726, #1281 ) ;
#3783 = DIRECTION ( 'NONE',  ( -0.000000000000000000, 0.000000000000000000, 1.000000000000000000 ) ) ;
#3784 = EDGE_CURVE ( 'NONE', #3957, #3499, #436, .T. ) ;
#3785 = AXIS2_PLACEMENT_3D ( 'NONE', #3978, #4424, #976 ) ;
#3786 = ORIENTED_EDGE ( 'NONE', *, *, #4637, .F. ) ;
#3787 = ORIENTED_EDGE ( 'NONE', *, *, #1842, .T. ) ;
#3788 = ORIENTED_EDGE ( 'NONE', *, *, #1850, .F. ) ;
#3789 = EDGE_CURVE ( 'NONE', #1854, #713, #561, .T. ) ;
#3790 = VERTEX_POINT ( 'NONE', #2344 ) ;
#3791 = CARTESIAN_POINT ( 'NONE',  ( 60.87967836727727899, -13.95942215250303775, 6.000000000000000000 ) ) ;
#3792 = DIRECTION ( 'NONE',  ( 0.000000000000000000, 0.000000000000000000, 1.000000000000000000 ) ) ;
#3793 = DIRECTION ( 'NONE',  ( -0.000000000000000000, -0.000000000000000000, -1.000000000000000000 ) ) ;
#3794 = CARTESIAN_POINT ( 'NONE',  ( 75.23524120961039330, -23.48519782309973536, 6.000000000000000000 ) ) ;
#3795 = EDGE_CURVE ( 'NONE', #1997, #2029, #16, .T. ) ;
#3796 = ORIENTED_EDGE ( 'NONE', *, *, #1563, .T. ) ;
#3797 = VECTOR ( 'NONE', #757, 1000.000000000000000 ) ;
#3798 = DIRECTION ( 'NONE',  ( -0.7071085675692155847, -0.7071049947993663931, 0.000000000000000000 ) ) ;
#3799 = DIRECTION ( 'NONE',  ( 0.000000000000000000, -0.000000000000000000, 1.000000000000000000 ) ) ;
#3800 = ORIENTED_EDGE ( 'NONE', *, *, #3367, .T. ) ;
#3801 = DIRECTION ( 'NONE',  ( 0.000000000000000000, 0.000000000000000000, 1.000000000000000000 ) ) ;
#3802 = AXIS2_PLACEMENT_3D ( 'NONE', #421, #1536, #3851 ) ;
#3803 = CARTESIAN_POINT ( 'NONE',  ( 42.81769502456726428, 19.82992782986672964, 0.000000000000000000 ) ) ;
#3804 = VECTOR ( 'NONE', #4691, 1000.000000000000000 ) ;
#3805 = LINE ( 'NONE', #3048, #3715 ) ;
#3806 = VERTEX_POINT ( 'NONE', #2393 ) ;
#3807 = CARTESIAN_POINT ( 'NONE',  ( 61.06450484696589598, -14.81129759256808676, 0.000000000000000000 ) ) ;
#3808 = CARTESIAN_POINT ( 'NONE',  ( 32.59689649744801443, 10.12699835251773983, 6.000000000000000000 ) ) ;
#3809 = ORIENTED_EDGE ( 'NONE', *, *, #2033, .F. ) ;
#3810 = ORIENTED_EDGE ( 'NONE', *, *, #2717, .T. ) ;
#3811 = EDGE_CURVE ( 'NONE', #628, #4912, #226, .T. ) ;
#3812 = CARTESIAN_POINT ( 'NONE',  ( 75.03524120961040467, -0.08500000000000867972, 0.000000000000000000 ) ) ;
#3813 = FACE_OUTER_BOUND ( 'NONE', #1334, .T. ) ;
#3814 = CARTESIAN_POINT ( 'NONE',  ( 84.44531327486149053, 10.28083540901460324, 6.000000000000000000 ) ) ;
#3815 = EDGE_CURVE ( 'NONE', #4983, #689, #2581, .T. ) ;
#3816 = LINE ( 'NONE', #4544, #2203 ) ;
#3817 = DIRECTION ( 'NONE',  ( -0.000000000000000000, -0.000000000000000000, 1.000000000000000000 ) ) ;
#3818 = EDGE_LOOP ( 'NONE', ( #153, #794, #2054, #308 ) ) ;
#3819 = DIRECTION ( 'NONE',  ( -0.000000000000000000, 0.000000000000000000, 1.000000000000000000 ) ) ;
#3820 = PRODUCT ( 'y bearing +motor holder ender 3v2_alu', 'y bearing +motor holder ender 3v2_alu', '', ( #525 ) ) ;
#3821 = DIRECTION ( 'NONE',  ( 0.000000000000000000, 0.000000000000000000, 1.000000000000000000 ) ) ;
#3822 = ORIENTED_EDGE ( 'NONE', *, *, #477, .F. ) ;
#3823 = ADVANCED_FACE ( 'NONE', ( #2788 ), #2441, .F. ) ;
#3824 = CARTESIAN_POINT ( 'NONE',  ( 38.00000000000000000, 1.106499231684619833E-14, -4.000000000000000000 ) ) ;
#3825 = CARTESIAN_POINT ( 'NONE',  ( 60.87967836727727899, -13.95942215250303420, 0.000000000000000000 ) ) ;
#3826 = VECTOR ( 'NONE', #1218, 1000.000000000000227 ) ;
#3827 = FACE_OUTER_BOUND ( 'NONE', #2101, .T. ) ;
#3828 = CIRCLE ( 'NONE', #1660, 4.000000000000003553 ) ;
#3829 = DIRECTION ( 'NONE',  ( 0.000000000000000000, 1.000000000000000000, 0.000000000000000000 ) ) ;
#3830 = VECTOR ( 'NONE', #3904, 1000.000000000000000 ) ;
#3831 = DIRECTION ( 'NONE',  ( -0.000000000000000000, 0.000000000000000000, 1.000000000000000000 ) ) ;
#3832 = ORIENTED_EDGE ( 'NONE', *, *, #4401, .F. ) ;
#3833 = ORIENTED_EDGE ( 'NONE', *, *, #2013, .T. ) ;
#3834 = EDGE_LOOP ( 'NONE', ( #4084, #3314, #872, #4683 ) ) ;
#3835 = VERTEX_POINT ( 'NONE', #3913 ) ;
#3836 = DIRECTION ( 'NONE',  ( -0.000000000000000000, 0.000000000000000000, -1.000000000000000000 ) ) ;
#3837 = VECTOR ( 'NONE', #3603, 1000.000000000000000 ) ;
#3838 = LINE ( 'NONE', #38, #1139 ) ;
#3839 = CARTESIAN_POINT ( 'NONE',  ( 53.54664043789694006, -0.2850263380156193849, 6.000000000000000000 ) ) ;
#3840 = FACE_OUTER_BOUND ( 'NONE', #3818, .T. ) ;
#3841 = CIRCLE ( 'NONE', #3589, 0.5000000000000004441 ) ;
#3842 = ORIENTED_EDGE ( 'NONE', *, *, #2505, .F. ) ;
#3843 = DIRECTION ( 'NONE',  ( 0.000000000000000000, 0.000000000000000000, -1.000000000000000000 ) ) ;
#3844 = DIRECTION ( 'NONE',  ( 1.000000000000000000, 0.000000000000000000, 0.000000000000000000 ) ) ;
#3845 = ORIENTED_EDGE ( 'NONE', *, *, #4551, .F. ) ;
#3846 = AXIS2_PLACEMENT_3D ( 'NONE', #2050, #3572, #934 ) ;
#3847 = CARTESIAN_POINT ( 'NONE',  ( 32.93614199748203930, 9.265786018505359323, 0.000000000000000000 ) ) ;
#3848 = EDGE_CURVE ( 'NONE', #1132, #559, #3056, .T. ) ;
#3849 = CARTESIAN_POINT ( 'NONE',  ( 88.81971902818841613, 13.98225016840349255, -4.000000000000000000 ) ) ;
#3850 = EDGE_CURVE ( 'NONE', #459, #2085, #4103, .T. ) ;
#3851 = DIRECTION ( 'NONE',  ( 0.000000000000000000, 0.000000000000000000, 1.000000000000000000 ) ) ;
#3852 = AXIS2_PLACEMENT_3D ( 'NONE', #1632, #2498, #467 ) ;
#3853 = ORIENTED_EDGE ( 'NONE', *, *, #4220, .F. ) ;
#3854 = EDGE_CURVE ( 'NONE', #535, #1896, #936, .T. ) ;
#3855 = AXIS2_PLACEMENT_3D ( 'NONE', #2920, #4148, #253 ) ;
#3856 = CARTESIAN_POINT ( 'NONE',  ( 64.11174152470852050, 14.13833970871039369, 6.000000000000000000 ) ) ;
#3857 = LINE ( 'NONE', #3929, #2363 ) ;
#3858 = ORIENTED_EDGE ( 'NONE', *, *, #4224, .T. ) ;
#3859 = AXIS2_PLACEMENT_3D ( 'NONE', #1695, #3288, #2881 ) ;
#3860 = VERTEX_POINT ( 'NONE', #98 ) ;
#3861 = DIRECTION ( 'NONE',  ( -0.000000000000000000, -0.000000000000000000, 1.000000000000000000 ) ) ;
#3862 = CARTESIAN_POINT ( 'NONE',  ( 60.52644160397751705, -13.60555241792051362, 6.000000000000000000 ) ) ;
#3863 = CARTESIAN_POINT ( 'NONE',  ( 86.49145483890961827, -8.948135409089655212, 6.000000000000000000 ) ) ;
#3864 = VECTOR ( 'NONE', #4635, 1000.000000000000000 ) ;
#3865 = CARTESIAN_POINT ( 'NONE',  ( 88.46616653078872616, 14.33580445218809984, -4.000000000000000000 ) ) ;
#3866 = DIRECTION ( 'NONE',  ( -1.000000000000000000, 0.000000000000000000, 0.000000000000000000 ) ) ;
#3867 = VECTOR ( 'NONE', #2677, 1000.000000000000000 ) ;
#3868 = CYLINDRICAL_SURFACE ( 'NONE', #4028, 2.599999999999998312 ) ;
#3869 = DIRECTION ( 'NONE',  ( 0.000000000000000000, -0.000000000000000000, -1.000000000000000000 ) ) ;
#3870 = AXIS2_PLACEMENT_3D ( 'NONE', #4906, #4474, #1026 ) ;
#3871 = CIRCLE ( 'NONE', #323, 0.5000000000000004441 ) ;
#3872 = DIRECTION ( 'NONE',  ( 1.000000000000000000, 0.000000000000000000, 0.000000000000000000 ) ) ;
#3873 = CYLINDRICAL_SURFACE ( 'NONE', #4834, 1.600000000000004086 ) ;
#3874 = ORIENTED_EDGE ( 'NONE', *, *, #2287, .T. ) ;
#3875 = CIRCLE ( 'NONE', #577, 13.50000000000000178 ) ;
#3876 = EDGE_CURVE ( 'NONE', #1652, #2372, #876, .T. ) ;
#3877 = EDGE_CURVE ( 'NONE', #2828, #2472, #3611, .T. ) ;
#3878 = FACE_OUTER_BOUND ( 'NONE', #3922, .T. ) ;
#3879 = EDGE_CURVE ( 'NONE', #251, #1620, #60, .T. ) ;
#3880 = CARTESIAN_POINT ( 'NONE',  ( 74.33524120961040182, -14.56809359218534716, 0.000000000000000000 ) ) ;
#3881 = VERTEX_POINT ( 'NONE', #1328 ) ;
#3882 = FACE_OUTER_BOUND ( 'NONE', #1957, .T. ) ;
#3883 = ADVANCED_FACE ( 'NONE', ( #3964 ), #66, .F. ) ;
#3884 = CARTESIAN_POINT ( 'NONE',  ( 56.79385893247867756, 16.80652216361119855, -4.000000000000000000 ) ) ;
#3885 = AXIS2_PLACEMENT_3D ( 'NONE', #481, #2439, #1298 ) ;
#3886 = LINE ( 'NONE', #4687, #4508 ) ;
#3887 = ORIENTED_EDGE ( 'NONE', *, *, #1915, .F. ) ;
#3888 = VERTEX_POINT ( 'NONE', #3939 ) ;
#3889 = DIRECTION ( 'NONE',  ( 1.000000000000000000, 0.000000000000000000, 0.000000000000000000 ) ) ;
#3890 = DIRECTION ( 'NONE',  ( -0.000000000000000000, -0.000000000000000000, 1.000000000000000000 ) ) ;
#3891 = DIRECTION ( 'NONE',  ( 0.000000000000000000, -0.000000000000000000, -1.000000000000000000 ) ) ;
#3892 = DIRECTION ( 'NONE',  ( 1.000000000000000000, 0.000000000000000000, 0.000000000000000000 ) ) ;
#3893 = EDGE_LOOP ( 'NONE', ( #1423, #437, #4612, #3809 ) ) ;
#3894 = ORIENTED_EDGE ( 'NONE', *, *, #1516, .F. ) ;
#3895 = FACE_OUTER_BOUND ( 'NONE', #2608, .T. ) ;
#3896 = CARTESIAN_POINT ( 'NONE',  ( 2.500000000000001776, 36.91145303867746463, -9.926209212457735021 ) ) ;
#3897 = CARTESIAN_POINT ( 'NONE',  ( 56.79385893247867756, 16.80652216361119144, 0.000000000000000000 ) ) ;
#3898 = LINE ( 'NONE', #1056, #3688 ) ;
#3899 = DIRECTION ( 'NONE',  ( 1.000000000000000000, 1.262759498623213806E-16, 0.000000000000000000 ) ) ;
#3900 = PLANE ( 'NONE',  #3802 ) ;
#3901 = ORIENTED_EDGE ( 'NONE', *, *, #3848, .F. ) ;
#3902 = EDGE_CURVE ( 'NONE', #2690, #251, #1693, .T. ) ;
#3903 = ADVANCED_FACE ( 'NONE', ( #3988 ), #3495, .T. ) ;
#3904 = DIRECTION ( 'NONE',  ( 0.000000000000000000, 1.000000000000000000, -0.000000000000000000 ) ) ;
#3905 = LINE ( 'NONE', #3099, #3864 ) ;
#3906 = ORIENTED_EDGE ( 'NONE', *, *, #2811, .F. ) ;
#3907 = ADVANCED_FACE ( 'NONE', ( #2466 ), #3523, .T. ) ;
#3908 = VERTEX_POINT ( 'NONE', #541 ) ;
#3909 = VECTOR ( 'NONE', #3980, 1000.000000000000000 ) ;
#3910 = CARTESIAN_POINT ( 'NONE',  ( 89.07611538521273076, 16.64536713438168292, 0.000000000000000000 ) ) ;
#3911 = CARTESIAN_POINT ( 'NONE',  ( 89.03524120961040467, -0.08500000000000867972, -4.000000000000000000 ) ) ;
#3912 = CARTESIAN_POINT ( 'NONE',  ( 20.00000000000000000, 34.50000000000000000, 6.000000000000000000 ) ) ;
#3913 = CARTESIAN_POINT ( 'NONE',  ( 61.16257791717306702, -14.24220835566308452, 0.000000000000000000 ) ) ;
#3914 = VERTEX_POINT ( 'NONE', #2080 ) ;
#3915 = EDGE_LOOP ( 'NONE', ( #377, #3713, #2681, #4565 ) ) ;
#3916 = DIRECTION ( 'NONE',  ( -0.000000000000000000, 0.000000000000000000, 1.000000000000000000 ) ) ;
#3917 = CARTESIAN_POINT ( 'NONE',  ( 65.29355725199773985, -10.82509281477550900, -4.000000000000000000 ) ) ;
#3918 = ORIENTED_EDGE ( 'NONE', *, *, #3435, .T. ) ;
#3919 = DIRECTION ( 'NONE',  ( 1.000000000000000000, 0.000000000000000000, 0.000000000000000000 ) ) ;
#3920 = DIRECTION ( 'NONE',  ( -1.000000000000000000, 0.000000000000000000, 0.000000000000000000 ) ) ;
#3921 = AXIS2_PLACEMENT_3D ( 'NONE', #4088, #4513, #2214 ) ;
#3922 = EDGE_LOOP ( 'NONE', ( #345, #1991, #2557, #4294 ) ) ;
#3923 = DIRECTION ( 'NONE',  ( -0.000000000000000000, -0.000000000000000000, 1.000000000000000000 ) ) ;
#3924 = FACE_OUTER_BOUND ( 'NONE', #4354, .T. ) ;
#3925 = DIRECTION ( 'NONE',  ( -0.000000000000000000, 0.000000000000000000, 1.000000000000000000 ) ) ;
#3926 = ORIENTED_EDGE ( 'NONE', *, *, #3283, .F. ) ;
#3927 = CARTESIAN_POINT ( 'NONE',  ( 1.500000000000003553, 25.32120260015482316, -9.926209212457735021 ) ) ;
#3928 = EDGE_CURVE ( 'NONE', #388, #4492, #150, .T. ) ;
#3929 = CARTESIAN_POINT ( 'NONE',  ( 41.56836129112627987, 15.89964331256098262, 6.000000000000000000 ) ) ;
#3930 = VERTEX_POINT ( 'NONE', #3153 ) ;
#3931 = VECTOR ( 'NONE', #2992, 1000.000000000000000 ) ;
#3932 = ORIENTED_EDGE ( 'NONE', *, *, #1167, .F. ) ;
#3933 = DIRECTION ( 'NONE',  ( -0.000000000000000000, -0.000000000000000000, 1.000000000000000000 ) ) ;
#3934 = EDGE_CURVE ( 'NONE', #3601, #4187, #4014, .T. ) ;
#3935 = DIRECTION ( 'NONE',  ( -0.000000000000000000, -0.000000000000000000, -1.000000000000000000 ) ) ;
#3936 = EDGE_CURVE ( 'NONE', #3181, #1561, #4718, .T. ) ;
#3937 = DIRECTION ( 'NONE',  ( 0.000000000000000000, -0.000000000000000000, -1.000000000000000000 ) ) ;
#3938 = CARTESIAN_POINT ( 'NONE',  ( 37.73033916814797095, -9.421265767176798533, 0.000000000000000000 ) ) ;
#3939 = CARTESIAN_POINT ( 'NONE',  ( 63.68211702801898610, 14.39411850346134436, 6.000000000000000000 ) ) ;
#3940 = EDGE_CURVE ( 'NONE', #4998, #2021, #4423, .T. ) ;
#3941 = VERTEX_POINT ( 'NONE', #2106 ) ;
#3942 = DIRECTION ( 'NONE',  ( -0.000000000000000000, 0.000000000000000000, -1.000000000000000000 ) ) ;
#3943 = CARTESIAN_POINT ( 'NONE',  ( 50.26928120398978450, -8.000000000000000000, 6.000000000000000000 ) ) ;
#3944 = VERTEX_POINT ( 'NONE', #1729 ) ;
#3945 = CARTESIAN_POINT ( 'NONE',  ( 61.05156586694739218, -0.7608874987737013207, 6.000000000000000000 ) ) ;
#3946 = CARTESIAN_POINT ( 'NONE',  ( 88.81971902818841613, 13.98225016840350143, 0.000000000000000000 ) ) ;
#3947 = EDGE_CURVE ( 'NONE', #1799, #2048, #568, .T. ) ;
#3948 = VERTEX_POINT ( 'NONE', #3250 ) ;
#3949 = DIRECTION ( 'NONE',  ( -0.000000000000000000, 0.000000000000000000, 1.000000000000000000 ) ) ;
#3950 = CIRCLE ( 'NONE', #1781, 0.5000000000000004441 ) ;
#3951 = ORIENTED_EDGE ( 'NONE', *, *, #4520, .T. ) ;
#3952 = CARTESIAN_POINT ( 'NONE',  ( 32.84716551273083951, 8.773766521776495964, 6.000000000000000000 ) ) ;
#3953 = VERTEX_POINT ( 'NONE', #2889 ) ;
#3954 = VECTOR ( 'NONE', #4910, 1000.000000000000000 ) ;
#3955 = CARTESIAN_POINT ( 'NONE',  ( -6.673529583249645292, 2.552584146061680492, 6.000000000000000000 ) ) ;
#3956 = CARTESIAN_POINT ( 'NONE',  ( 0.5000000000000000000, -9.100000000000001421, 6.000000000000000000 ) ) ;
#3957 = VERTEX_POINT ( 'NONE', #4408 ) ;
#3958 = EDGE_LOOP ( 'NONE', ( #9, #2908, #3412, #1317 ) ) ;
#3959 = ORIENTED_EDGE ( 'NONE', *, *, #1787, .F. ) ;
#3960 = DIRECTION ( 'NONE',  ( -0.000000000000000000, 0.000000000000000000, 1.000000000000000000 ) ) ;
#3961 = AXIS2_PLACEMENT_3D ( 'NONE', #4550, #2277, #4651 ) ;
#3962 = DIRECTION ( 'NONE',  ( -0.000000000000000000, 0.000000000000000000, 1.000000000000000000 ) ) ;
#3963 = CARTESIAN_POINT ( 'NONE',  ( 91.76568051412537841, 13.95580200546907612, -4.000000000000000000 ) ) ;
#3964 = FACE_OUTER_BOUND ( 'NONE', #4872, .T. ) ;
#3965 = VECTOR ( 'NONE', #1091, 1000.000000000000000 ) ;
#3966 = VERTEX_POINT ( 'NONE', #4662 ) ;
#3967 = EDGE_CURVE ( 'NONE', #3602, #922, #3513, .T. ) ;
#3968 = EDGE_CURVE ( 'NONE', #1283, #3835, #3700, .T. ) ;
#3969 = DIRECTION ( 'NONE',  ( 0.000000000000000000, -0.000000000000000000, -1.000000000000000000 ) ) ;
#3970 = VECTOR ( 'NONE', #1597, 1000.000000000000000 ) ;
#3971 = LINE ( 'NONE', #125, #2018 ) ;
#3972 = ORIENTED_EDGE ( 'NONE', *, *, #4901, .T. ) ;
#3973 = DIRECTION ( 'NONE',  ( -0.000000000000000000, -0.000000000000000000, 1.000000000000000000 ) ) ;
#3974 = CYLINDRICAL_SURFACE ( 'NONE', #2578, 1.600000000000004086 ) ;
#3975 = DIRECTION ( 'NONE',  ( 1.000000000000000000, 0.000000000000000000, 0.000000000000000000 ) ) ;
#3976 = EDGE_CURVE ( 'NONE', #1179, #1283, #3569, .T. ) ;
#3977 = CARTESIAN_POINT ( 'NONE',  ( 8.898198344412744376, 37.50000000000000711, 6.000000000000000000 ) ) ;
#3978 = CARTESIAN_POINT ( 'NONE',  ( 91.76568051412537841, 13.95580200546907612, 6.000000000000000000 ) ) ;
#3979 = ORIENTED_EDGE ( 'NONE', *, *, #1877, .F. ) ;
#3980 = DIRECTION ( 'NONE',  ( -0.000000000000000000, -0.000000000000000000, 1.000000000000000000 ) ) ;
#3981 = DIRECTION ( 'NONE',  ( 0.000000000000000000, 1.000000000000000000, 0.000000000000000000 ) ) ;
#3982 = ORIENTED_EDGE ( 'NONE', *, *, #2802, .T. ) ;
#3983 = ORIENTED_EDGE ( 'NONE', *, *, #4026, .T. ) ;
#3984 = DIRECTION ( 'NONE',  ( 0.000000000000000000, 0.000000000000000000, -1.000000000000000000 ) ) ;
#3985 = DIRECTION ( 'NONE',  ( 1.000000000000000000, 0.000000000000000000, 0.000000000000000000 ) ) ;
#3986 = VECTOR ( 'NONE', #65, 1000.000000000000000 ) ;
#3987 = CARTESIAN_POINT ( 'NONE',  ( 0.000000000000000000, 9.499999999999994671, 6.000000000000000000 ) ) ;
#3988 = FACE_OUTER_BOUND ( 'NONE', #958, .T. ) ;
#3989 = ORIENTED_EDGE ( 'NONE', *, *, #1787, .T. ) ;
#3990 = LINE ( 'NONE', #4386, #4318 ) ;
#3991 = DIRECTION ( 'NONE',  ( -0.000000000000000000, -0.000000000000000000, 1.000000000000000000 ) ) ;
#3992 = ORIENTED_EDGE ( 'NONE', *, *, #136, .F. ) ;
#3993 = DIRECTION ( 'NONE',  ( 0.000000000000000000, 0.000000000000000000, -1.000000000000000000 ) ) ;
#3994 = EDGE_CURVE ( 'NONE', #1347, #3062, #4303, .T. ) ;
#3995 = DIRECTION ( 'NONE',  ( 1.000000000000000000, 0.000000000000000000, 0.000000000000000000 ) ) ;
#3996 = AXIS2_PLACEMENT_3D ( 'NONE', #2721, #796, #4969 ) ;
#3997 = CARTESIAN_POINT ( 'NONE',  ( 64.30319817247699632, -9.835551381799724879, 0.000000000000000000 ) ) ;
#3998 = AXIS2_PLACEMENT_3D ( 'NONE', #811, #1900, #3083 ) ;
#3999 = EDGE_CURVE ( 'NONE', #4177, #4492, #4255, .T. ) ;
#4000 = CIRCLE ( 'NONE', #2642, 0.5000000000000004441 ) ;
#4001 = EDGE_CURVE ( 'NONE', #4657, #1267, #1463, .T. ) ;
#4002 = LINE ( 'NONE', #186, #1762 ) ;
#4003 = ORIENTED_EDGE ( 'NONE', *, *, #701, .T. ) ;
#4004 = DIRECTION ( 'NONE',  ( -1.000000000000000000, 0.000000000000000000, 0.000000000000000000 ) ) ;
#4005 = VECTOR ( 'NONE', #3738, 1000.000000000000000 ) ;
#4006 = DIRECTION ( 'NONE',  ( 1.000000000000000000, 0.000000000000000000, 0.000000000000000000 ) ) ;
#4007 = EDGE_CURVE ( 'NONE', #531, #288, #4104, .T. ) ;
#4008 = DIRECTION ( 'NONE',  ( 0.000000000000000000, 0.000000000000000000, 1.000000000000000000 ) ) ;
#4009 = CIRCLE ( 'NONE', #2253, 0.5000000000000004441 ) ;
#4010 = ORIENTED_EDGE ( 'NONE', *, *, #3999, .T. ) ;
#4011 = VERTEX_POINT ( 'NONE', #1947 ) ;
#4012 = DIRECTION ( 'NONE',  ( 0.000000000000000000, 1.000000000000000000, 0.000000000000000000 ) ) ;
#4013 = CARTESIAN_POINT ( 'NONE',  ( 2.736734984461268283, 15.13351503490242678, 0.000000000000000000 ) ) ;
#4014 = LINE ( 'NONE', #4382, #3526 ) ;
#4015 = ORIENTED_EDGE ( 'NONE', *, *, #979, .F. ) ;
#4016 = CIRCLE ( 'NONE', #4416, 13.99999999999999822 ) ;
#4017 = CARTESIAN_POINT ( 'NONE',  ( 63.90731863861241635, 15.21261064666438934, 6.000000000000000000 ) ) ;
#4018 = DIRECTION ( 'NONE',  ( 1.000000000000000000, 0.000000000000000000, 0.000000000000000000 ) ) ;
#4019 = VERTEX_POINT ( 'NONE', #1565 ) ;
#4020 = CARTESIAN_POINT ( 'NONE',  ( 9.999999999999998224, -10.00000000000000178, 6.000000000000000000 ) ) ;
#4021 = AXIS2_PLACEMENT_3D ( 'NONE', #3324, #3374, #1435 ) ;
#4022 = DIRECTION ( 'NONE',  ( -1.000000000000000000, -1.871096872846983915E-16, 0.000000000000000000 ) ) ;
#4023 = DIRECTION ( 'NONE',  ( -0.000000000000000000, -0.000000000000000000, -1.000000000000000000 ) ) ;
#4024 = LINE ( 'NONE', #2552, #2750 ) ;
#4025 = CIRCLE ( 'NONE', #3457, 0.5000000000000004441 ) ;
#4026 = EDGE_CURVE ( 'NONE', #2161, #562, #3905, .T. ) ;
#4027 = EDGE_CURVE ( 'NONE', #191, #3524, #448, .T. ) ;
#4028 = AXIS2_PLACEMENT_3D ( 'NONE', #1984, #2007, #414 ) ;
#4029 = DIRECTION ( 'NONE',  ( -0.000000000000000000, -0.000000000000000000, 1.000000000000000000 ) ) ;
#4030 = LINE ( 'NONE', #929, #3376 ) ;
#4031 = CIRCLE ( 'NONE', #1387, 45.20010206398127650 ) ;
#4032 = AXIS2_PLACEMENT_3D ( 'NONE', #3634, #1710, #3604 ) ;
#4033 = VERTEX_POINT ( 'NONE', #4735 ) ;
#4034 = VECTOR ( 'NONE', #1838, 1000.000000000000000 ) ;
#4035 = ORIENTED_EDGE ( 'NONE', *, *, #2013, .F. ) ;
#4036 = DIRECTION ( 'NONE',  ( 0.000000000000000000, 1.000000000000000000, -0.000000000000000000 ) ) ;
#4037 = EDGE_CURVE ( 'NONE', #4413, #3452, #2508, .T. ) ;
#4038 = DIRECTION ( 'NONE',  ( -0.000000000000000000, 0.000000000000000000, 1.000000000000000000 ) ) ;
#4039 = CARTESIAN_POINT ( 'NONE',  ( 42.81769502456727139, 23.82992782986672964, 6.000000000000000000 ) ) ;
#4040 = EDGE_LOOP ( 'NONE', ( #1522, #1074, #1324, #1448 ) ) ;
#4041 = ORIENTED_EDGE ( 'NONE', *, *, #1141, .T. ) ;
#4042 = AXIS2_PLACEMENT_3D ( 'NONE', #4849, #994, #2113 ) ;
#4043 = AXIS2_PLACEMENT_3D ( 'NONE', #4194, #2716, #1953 ) ;
#4044 = DIRECTION ( 'NONE',  ( 0.000000000000000000, -0.000000000000000000, -1.000000000000000000 ) ) ;
#4045 = DIRECTION ( 'NONE',  ( -0.000000000000000000, -0.000000000000000000, -1.000000000000000000 ) ) ;
#4046 = ORIENTED_EDGE ( 'NONE', *, *, #2747, .T. ) ;
#4047 = CYLINDRICAL_SURFACE ( 'NONE', #3545, 0.5000000000000004441 ) ;
#4048 = CARTESIAN_POINT ( 'NONE',  ( 50.26928120398978450, -12.00000000000000000, 0.000000000000000000 ) ) ;
#4049 = VECTOR ( 'NONE', #4946, 1000.000000000000000 ) ;
#4050 = ORIENTED_EDGE ( 'NONE', *, *, #4369, .T. ) ;
#4051 = DIRECTION ( 'NONE',  ( -0.000000000000000000, -0.000000000000000000, 1.000000000000000000 ) ) ;
#4052 = LINE ( 'NONE', #1689, #44 ) ;
#4053 = CYLINDRICAL_SURFACE ( 'NONE', #4828, 2.600000000000000089 ) ;
#4054 = EDGE_CURVE ( 'NONE', #511, #4315, #852, .T. ) ;
#4055 = ORIENTED_EDGE ( 'NONE', *, *, #297, .T. ) ;
#4056 = CARTESIAN_POINT ( 'NONE',  ( 56.93330812087493342, 15.21261064666438934, 0.000000000000000000 ) ) ;
#4057 = EDGE_CURVE ( 'NONE', #542, #3743, #2912, .T. ) ;
#4058 = VERTEX_POINT ( 'NONE', #809 ) ;
#4059 = LINE ( 'NONE', #986, #1591 ) ;
#4060 = CARTESIAN_POINT ( 'NONE',  ( 62.95888425864877291, 0.1149736619843813590, -4.000000000000000000 ) ) ;
#4061 = ORIENTED_EDGE ( 'NONE', *, *, #763, .T. ) ;
#4062 = ORIENTED_EDGE ( 'NONE', *, *, #3140, .T. ) ;
#4063 = EDGE_CURVE ( 'NONE', #4794, #829, #3886, .T. ) ;
#4064 = AXIS2_PLACEMENT_3D ( 'NONE', #4060, #4817, #2560 ) ;
#4065 = CARTESIAN_POINT ( 'NONE',  ( 75.71110327857591926, -14.06867657176516317, 0.000000000000000000 ) ) ;
#4066 = LINE ( 'NONE', #223, #2848 ) ;
#4067 = DIRECTION ( 'NONE',  ( 1.000000000000000000, 0.000000000000000000, 0.000000000000000000 ) ) ;
#4068 = CARTESIAN_POINT ( 'NONE',  ( 30.00000000000000000, -10.00000000000000000, 6.000000000000000000 ) ) ;
#4069 = ORIENTED_EDGE ( 'NONE', *, *, #1568, .T. ) ;
#4070 = CARTESIAN_POINT ( 'NONE',  ( 91.76568051412537841, 13.95580200546907612, 0.000000000000000000 ) ) ;
#4071 = DIRECTION ( 'NONE',  ( -0.000000000000000000, 0.000000000000000000, 1.000000000000000000 ) ) ;
#4072 = DIRECTION ( 'NONE',  ( -0.000000000000000000, -0.000000000000000000, 1.000000000000000000 ) ) ;
#4073 = VECTOR ( 'NONE', #967, 1000.000000000000000 ) ;
#4074 = DIRECTION ( 'NONE',  ( 1.000000000000000000, 0.000000000000000000, 0.000000000000000000 ) ) ;
#4075 = AXIS2_PLACEMENT_3D ( 'NONE', #3716, #4119, #1430 ) ;
#4076 = DIRECTION ( 'NONE',  ( 0.000000000000000000, -0.000000000000000000, -1.000000000000000000 ) ) ;
#4077 = ORIENTED_EDGE ( 'NONE', *, *, #3200, .T. ) ;
#4078 = ORIENTED_EDGE ( 'NONE', *, *, #397, .T. ) ;
#4079 = ORIENTED_EDGE ( 'NONE', *, *, #3567, .T. ) ;
#4080 = AXIS2_PLACEMENT_3D ( 'NONE', #3148, #2887, #1242 ) ;
#4081 = CARTESIAN_POINT ( 'NONE',  ( 38.00016052081819140, -8.035834910054928670, 0.000000000000000000 ) ) ;
#4082 = CARTESIAN_POINT ( 'NONE',  ( 59.62031337974367062, -15.50000000000000711, 6.000000000000000000 ) ) ;
#4083 = ORIENTED_EDGE ( 'NONE', *, *, #3076, .F. ) ;
#4084 = ORIENTED_EDGE ( 'NONE', *, *, #3560, .F. ) ;
#4085 = ORIENTED_EDGE ( 'NONE', *, *, #4580, .F. ) ;
#4086 = EDGE_CURVE ( 'NONE', #4471, #1203, #2754, .T. ) ;
#4087 = EDGE_CURVE ( 'NONE', #2021, #4786, #3857, .T. ) ;
#4088 = CARTESIAN_POINT ( 'NONE',  ( 20.00000000000000000, 34.50000000000000000, 6.000000000000000000 ) ) ;
#4089 = LINE ( 'NONE', #614, #2428 ) ;
#4090 = AXIS2_PLACEMENT_3D ( 'NONE', #870, #4614, #2286 ) ;
#4091 = ORIENTED_EDGE ( 'NONE', *, *, #2687, .F. ) ;
#4092 = EDGE_CURVE ( 'NONE', #187, #3405, #2594, .T. ) ;
#4093 = DIRECTION ( 'NONE',  ( 1.000000000000000000, 0.000000000000000000, 0.000000000000000000 ) ) ;
#4094 = CYLINDRICAL_SURFACE ( 'NONE', #4660, 13.99999999999999822 ) ;
#4095 = AXIS2_PLACEMENT_3D ( 'NONE', #704, #4179, #1867 ) ;
#4096 = VERTEX_POINT ( 'NONE', #2046 ) ;
#4097 = VECTOR ( 'NONE', #372, 1000.000000000000114 ) ;
#4098 = DIRECTION ( 'NONE',  ( 0.3572523020262907134, 0.9340079189690609907, 0.000000000000000000 ) ) ;
#4099 = CIRCLE ( 'NONE', #1928, 2.599999999999998312 ) ;
#4100 = DIRECTION ( 'NONE',  ( -0.000000000000000000, -0.000000000000000000, 1.000000000000000000 ) ) ;
#4101 = EDGE_CURVE ( 'NONE', #1665, #2022, #3621, .T. ) ;
#4102 = CARTESIAN_POINT ( 'NONE',  ( 37.50018058592047510, -8.040314273811796753, -4.000000000000000000 ) ) ;
#4103 = CIRCLE ( 'NONE', #641, 32.42992782986674882 ) ;
#4104 = CIRCLE ( 'NONE', #2585, 0.5000000000000004441 ) ;
#4105 = VECTOR ( 'NONE', #1818, 1000.000000000000000 ) ;
#4106 = DIRECTION ( 'NONE',  ( 1.000000000000000000, -4.530921496923067049E-14, 0.000000000000000000 ) ) ;
#4107 = ORIENTED_EDGE ( 'NONE', *, *, #3784, .T. ) ;
#4108 = DIRECTION ( 'NONE',  ( 1.000000000000000000, 0.000000000000000000, 0.000000000000000000 ) ) ;
#4109 = ORIENTED_EDGE ( 'NONE', *, *, #526, .F. ) ;
#4110 = ORIENTED_EDGE ( 'NONE', *, *, #3789, .T. ) ;
#4111 = CIRCLE ( 'NONE', #81, 32.42992782986669198 ) ;
#4112 = LINE ( 'NONE', #2210, #1109 ) ;
#4113 = COLOUR_RGB ( '',0.7921568627450980005, 0.8196078431372548767, 0.9333333333333333481 ) ;
#4114 = CARTESIAN_POINT ( 'NONE',  ( 1.967003959484534548, 25.14257644914168210, 0.000000000000000000 ) ) ;
#4115 = VECTOR ( 'NONE', #1395, 1000.000000000000000 ) ;
#4116 = ORIENTED_EDGE ( 'NONE', *, *, #949, .T. ) ;
#4117 = EDGE_LOOP ( 'NONE', ( #2309, #90, #4130, #1278 ) ) ;
#4118 = VECTOR ( 'NONE', #4175, 1000.000000000000000 ) ;
#4119 = DIRECTION ( 'NONE',  ( -0.000000000000000000, -0.000000000000000000, 1.000000000000000000 ) ) ;
#4120 = AXIS2_PLACEMENT_3D ( 'NONE', #456, #1188, #766 ) ;
#4121 = DIRECTION ( 'NONE',  ( -0.7077394691650420455, -0.7064735265995354396, 0.000000000000000000 ) ) ;
#4122 = ORIENTED_EDGE ( 'NONE', *, *, #4703, .F. ) ;
#4123 = DIRECTION ( 'NONE',  ( 1.000000000000000000, 3.469446951953614682E-16, -0.000000000000000000 ) ) ;
#4124 = DIRECTION ( 'NONE',  ( 1.000000000000000000, 0.000000000000000000, 0.000000000000000000 ) ) ;
#4125 = EDGE_CURVE ( 'NONE', #4320, #2048, #2432, .T. ) ;
#4126 = VERTEX_POINT ( 'NONE', #4236 ) ;
#4127 = EDGE_CURVE ( 'NONE', #3353, #26, #2833, .T. ) ;
#4128 = DIRECTION ( 'NONE',  ( 1.000000000000000000, 0.000000000000000000, 0.000000000000000000 ) ) ;
#4129 = DIRECTION ( 'NONE',  ( 0.000000000000000000, 0.000000000000000000, -1.000000000000000000 ) ) ;
#4130 = ORIENTED_EDGE ( 'NONE', *, *, #4617, .F. ) ;
#4131 = AXIS2_PLACEMENT_3D ( 'NONE', #4972, #4248, #4949 ) ;
#4132 = CARTESIAN_POINT ( 'NONE',  ( 10.64477037368624757, 32.84782608695652328, 6.000000000000000000 ) ) ;
#4133 = AXIS2_PLACEMENT_3D ( 'NONE', #2002, #887, #4692 ) ;
#4134 = ORIENTED_EDGE ( 'NONE', *, *, #3305, .F. ) ;
#4135 = EDGE_CURVE ( 'NONE', #2085, #2573, #4759, .T. ) ;
#4136 = LINE ( 'NONE', #822, #2167 ) ;
#4137 = CARTESIAN_POINT ( 'NONE',  ( 0.000000000000000000, 0.000000000000000000, 6.000000000000000000 ) ) ;
#4138 = ORIENTED_EDGE ( 'NONE', *, *, #3811, .T. ) ;
#4139 = VERTEX_POINT ( 'NONE', #4452 ) ;
#4140 = DIRECTION ( 'NONE',  ( 1.000000000000000000, 0.000000000000000000, 0.000000000000000000 ) ) ;
#4141 = DIRECTION ( 'NONE',  ( 1.000000000000000000, 0.000000000000000000, 0.000000000000000000 ) ) ;
#4142 = ORIENTED_EDGE ( 'NONE', *, *, #4092, .F. ) ;
#4143 = ORIENTED_EDGE ( 'NONE', *, *, #4182, .T. ) ;
#4144 = CARTESIAN_POINT ( 'NONE',  ( 92.94532425302156753, 15.03674633765413482, 0.000000000000000000 ) ) ;
#4145 = DIRECTION ( 'NONE',  ( 1.000000000000000000, 0.000000000000000000, 0.000000000000000000 ) ) ;
#4146 = ORIENTED_EDGE ( 'NONE', *, *, #1361, .F. ) ;
#4147 = DIRECTION ( 'NONE',  ( 1.000000000000000000, 0.000000000000000000, 0.000000000000000000 ) ) ;
#4148 = DIRECTION ( 'NONE',  ( -0.000000000000000000, -0.000000000000000000, -1.000000000000000000 ) ) ;
#4149 = DIRECTION ( 'NONE',  ( -1.000000000000000000, -1.734723475976807341E-16, 0.000000000000000000 ) ) ;
#4150 = CARTESIAN_POINT ( 'NONE',  ( 64.67326862203331928, -9.499325472082498223, -4.000000000000000000 ) ) ;
#4151 = ORIENTED_EDGE ( 'NONE', *, *, #2031, .T. ) ;
#4152 = FACE_OUTER_BOUND ( 'NONE', #4484, .T. ) ;
#4153 = EDGE_LOOP ( 'NONE', ( #2409, #931, #4713, #1883 ) ) ;
#4154 = EDGE_CURVE ( 'NONE', #1981, #3888, #4764, .T. ) ;
#4155 = EDGE_CURVE ( 'NONE', #288, #4370, #982, .T. ) ;
#4156 = DIRECTION ( 'NONE',  ( 0.000000000000000000, -0.000000000000000000, -1.000000000000000000 ) ) ;
#4157 = VECTOR ( 'NONE', #4324, 1000.000000000000000 ) ;
#4158 = LINE ( 'NONE', #4477, #4838 ) ;
#4159 = ORIENTED_EDGE ( 'NONE', *, *, #499, .T. ) ;
#4160 = LINE ( 'NONE', #708, #4097 ) ;
#4161 = CIRCLE ( 'NONE', #2245, 4.000000000000003553 ) ;
#4162 = EDGE_CURVE ( 'NONE', #4865, #863, #2994, .T. ) ;
#4163 = DIRECTION ( 'NONE',  ( 1.000000000000000000, 0.000000000000000000, 0.000000000000000000 ) ) ;
#4164 = EDGE_LOOP ( 'NONE', ( #2104, #4227, #2978, #4712 ) ) ;
#4165 = EDGE_LOOP ( 'NONE', ( #484, #2522, #536, #2553 ) ) ;
#4166 = ORIENTED_EDGE ( 'NONE', *, *, #2928, .F. ) ;
#4167 = DIRECTION ( 'NONE',  ( -0.000000000000000000, 0.000000000000000000, -1.000000000000000000 ) ) ;
#4168 = DIRECTION ( 'NONE',  ( 1.000000000000000000, 0.000000000000000000, 0.000000000000000000 ) ) ;
#4169 = CARTESIAN_POINT ( 'NONE',  ( 37.73033916814797095, -9.421265767176798533, -4.000000000000000000 ) ) ;
#4170 = EDGE_LOOP ( 'NONE', ( #4689, #2913, #1028, #2262 ) ) ;
#4171 = CARTESIAN_POINT ( 'NONE',  ( 75.73524120961039330, -19.50000000000000000, 6.000000000000000000 ) ) ;
#4172 = CYLINDRICAL_SURFACE ( 'NONE', #1535, 29.22992782986673888 ) ;
#4173 = ORIENTED_EDGE ( 'NONE', *, *, #4981, .F. ) ;
#4174 = CARTESIAN_POINT ( 'NONE',  ( 2.000000000000001776, 36.00000000000000711, 0.000000000000000000 ) ) ;
#4175 = DIRECTION ( 'NONE',  ( -0.000000000000000000, -0.000000000000000000, -1.000000000000000000 ) ) ;
#4176 = ORIENTED_EDGE ( 'NONE', *, *, #3280, .T. ) ;
#4177 = VERTEX_POINT ( 'NONE', #627 ) ;
#4178 = VECTOR ( 'NONE', #3748, 1000.000000000000000 ) ;
#4179 = DIRECTION ( 'NONE',  ( -0.000000000000000000, 0.000000000000000000, 1.000000000000000000 ) ) ;
#4180 = LINE ( 'NONE', #3332, #3954 ) ;
#4181 = ORIENTED_EDGE ( 'NONE', *, *, #2095, .F. ) ;
#4182 = EDGE_CURVE ( 'NONE', #1347, #3322, #1055, .T. ) ;
#4183 = ADVANCED_FACE ( 'NONE', ( #3643 ), #3289, .T. ) ;
#4184 = FACE_OUTER_BOUND ( 'NONE', #2986, .T. ) ;
#4185 = AXIS2_PLACEMENT_3D ( 'NONE', #185, #1741, #1362 ) ;
#4186 = DIRECTION ( 'NONE',  ( 1.000000000000000000, 0.000000000000000000, 0.000000000000000000 ) ) ;
#4187 = VERTEX_POINT ( 'NONE', #4378 ) ;
#4188 = EDGE_LOOP ( 'NONE', ( #1093, #3468, #2621, #3842 ) ) ;
#4189 = ORIENTED_EDGE ( 'NONE', *, *, #3762, .F. ) ;
#4190 = EDGE_CURVE ( 'NONE', #2303, #2174, #575, .T. ) ;
#4191 = VECTOR ( 'NONE', #4653, 1000.000000000000000 ) ;
#4192 = ORIENTED_EDGE ( 'NONE', *, *, #4190, .F. ) ;
#4193 = LINE ( 'NONE', #4985, #1180 ) ;
#4194 = CARTESIAN_POINT ( 'NONE',  ( 59.62031337974367062, -15.50000000000000711, 0.000000000000000000 ) ) ;
#4195 = DIRECTION ( 'NONE',  ( 0.000000000000000000, 0.000000000000000000, 1.000000000000000000 ) ) ;
#4196 = CARTESIAN_POINT ( 'NONE',  ( 89.48565017400510158, -10.69877191953679940, 6.000000000000000000 ) ) ;
#4197 = ORIENTED_EDGE ( 'NONE', *, *, #3433, .T. ) ;
#4198 = ORIENTED_EDGE ( 'NONE', *, *, #4919, .F. ) ;
#4199 = CIRCLE ( 'NONE', #3710, 4.000000000000003553 ) ;
#4200 = CARTESIAN_POINT ( 'NONE',  ( 63.03553709219039547, 13.24291577591193558, 6.000000000000000000 ) ) ;
#4201 = CARTESIAN_POINT ( 'NONE',  ( 62.30731863861241493, 15.21261064666438934, 6.000000000000000000 ) ) ;
#4202 = ORIENTED_EDGE ( 'NONE', *, *, #3465, .T. ) ;
#4203 = DIRECTION ( 'NONE',  ( 1.000000000000000000, 7.679765388438987687E-17, -0.000000000000000000 ) ) ;
#4204 = VERTEX_POINT ( 'NONE', #2172 ) ;
#4205 = DIRECTION ( 'NONE',  ( 0.000000000000000000, -0.000000000000000000, -1.000000000000000000 ) ) ;
#4206 = ORIENTED_EDGE ( 'NONE', *, *, #490, .T. ) ;
#4207 = VECTOR ( 'NONE', #3226, 1000.000000000000000 ) ;
#4208 = VECTOR ( 'NONE', #717, 1000.000000000000000 ) ;
#4209 = ORIENTED_EDGE ( 'NONE', *, *, #136, .T. ) ;
#4210 = DIRECTION ( 'NONE',  ( 1.000000000000000000, 0.000000000000000000, 0.000000000000000000 ) ) ;
#4211 = AXIS2_PLACEMENT_3D ( 'NONE', #3150, #3935, #95 ) ;
#4212 = ORIENTED_EDGE ( 'NONE', *, *, #610, .T. ) ;
#4213 = LINE ( 'NONE', #498, #3684 ) ;
#4214 = CYLINDRICAL_SURFACE ( 'NONE', #2141, 13.99999999999999822 ) ;
#4215 = ORIENTED_EDGE ( 'NONE', *, *, #1290, .F. ) ;
#4216 = ORIENTED_EDGE ( 'NONE', *, *, #2320, .F. ) ;
#4217 = VERTEX_POINT ( 'NONE', #2507 ) ;
#4218 = ORIENTED_EDGE ( 'NONE', *, *, #1331, .T. ) ;
#4219 = DIRECTION ( 'NONE',  ( -0.000000000000000000, -0.000000000000000000, -1.000000000000000000 ) ) ;
#4220 = EDGE_CURVE ( 'NONE', #288, #3957, #4030, .T. ) ;
#4221 = DIRECTION ( 'NONE',  ( 1.000000000000000000, 0.000000000000000000, 0.000000000000000000 ) ) ;
#4222 = CARTESIAN_POINT ( 'NONE',  ( 86.61859738502296580, -7.947942179205680802, 0.000000000000000000 ) ) ;
#4223 = PLANE ( 'NONE',  #2661 ) ;
#4224 = EDGE_CURVE ( 'NONE', #559, #3564, #4031, .T. ) ;
#4225 = CARTESIAN_POINT ( 'NONE',  ( 59.62031337974367062, -15.50000000000000711, 6.000000000000000000 ) ) ;
#4226 = DIRECTION ( 'NONE',  ( -0.000000000000000000, -0.000000000000000000, 1.000000000000000000 ) ) ;
#4227 = ORIENTED_EDGE ( 'NONE', *, *, #4782, .T. ) ;
#4228 = PLANE ( 'NONE',  #418 ) ;
#4229 = EDGE_CURVE ( 'NONE', #341, #720, #1134, .T. ) ;
#4230 = CARTESIAN_POINT ( 'NONE',  ( 53.54663872195364149, 0.6149736619843803043, 0.000000000000000000 ) ) ;
#4231 = FACE_OUTER_BOUND ( 'NONE', #1797, .T. ) ;
#4232 = ORIENTED_EDGE ( 'NONE', *, *, #297, .F. ) ;
#4233 = CARTESIAN_POINT ( 'NONE',  ( 75.03524120961040467, -0.08500000000000867972, 6.000000000000000000 ) ) ;
#4234 = DIRECTION ( 'NONE',  ( -1.000000000000000000, 0.000000000000000000, 0.000000000000000000 ) ) ;
#4235 = AXIS2_PLACEMENT_3D ( 'NONE', #1150, #1196, #1170 ) ;
#4236 = CARTESIAN_POINT ( 'NONE',  ( 75.71110327857591926, -14.06867657176516317, 6.000000000000000000 ) ) ;
#4237 = VERTEX_POINT ( 'NONE', #601 ) ;
#4238 = DIRECTION ( 'NONE',  ( 1.000000000000000000, 0.000000000000000000, 0.000000000000000000 ) ) ;
#4239 = CARTESIAN_POINT ( 'NONE',  ( 0.5000000000000000000, 19.90763939006601291, 6.000000000000000000 ) ) ;
#4240 = DIRECTION ( 'NONE',  ( 1.000000000000000000, 0.000000000000000000, 0.000000000000000000 ) ) ;
#4241 = CYLINDRICAL_SURFACE ( 'NONE', #4579, 1.599999999999990319 ) ;
#4242 = EDGE_CURVE ( 'NONE', #2663, #3088, #2906, .T. ) ;
#4243 = ADVANCED_FACE ( 'NONE', ( #2142 ), #3593, .F. ) ;
#4244 = AXIS2_PLACEMENT_3D ( 'NONE', #2949, #1721, #2531 ) ;
#4245 = EDGE_CURVE ( 'NONE', #1329, #3515, #494, .T. ) ;
#4246 = CARTESIAN_POINT ( 'NONE',  ( 86.61859738502296580, -7.947942179205680802, 6.000000000000000000 ) ) ;
#4247 = DIRECTION ( 'NONE',  ( -0.000000000000000000, -0.000000000000000000, -1.000000000000000000 ) ) ;
#4248 = DIRECTION ( 'NONE',  ( -0.000000000000000000, -0.000000000000000000, 1.000000000000000000 ) ) ;
#4249 = CARTESIAN_POINT ( 'NONE',  ( 8.675248347093877044, 34.50000000000000000, 0.000000000000000000 ) ) ;
#4250 = EDGE_CURVE ( 'NONE', #2864, #990, #213, .T. ) ;
#4251 = DIRECTION ( 'NONE',  ( 1.000000000000000000, 0.000000000000000000, 0.000000000000000000 ) ) ;
#4252 = ORIENTED_EDGE ( 'NONE', *, *, #2354, .T. ) ;
#4253 = CIRCLE ( 'NONE', #4021, 0.5000000000000004441 ) ;
#4254 = DIRECTION ( 'NONE',  ( -0.000000000000000000, -0.000000000000000000, -1.000000000000000000 ) ) ;
#4255 = LINE ( 'NONE', #3196, #2907 ) ;
#4256 = ORIENTED_EDGE ( 'NONE', *, *, #2188, .F. ) ;
#4257 = VERTEX_POINT ( 'NONE', #2931 ) ;
#4258 = VECTOR ( 'NONE', #4029, 1000.000000000000000 ) ;
#4259 = ORIENTED_EDGE ( 'NONE', *, *, #3460, .F. ) ;
#4260 = DIRECTION ( 'NONE',  ( 0.000000000000000000, -1.000000000000000000, -0.000000000000000000 ) ) ;
#4261 = LINE ( 'NONE', #4986, #1391 ) ;
#4262 = FACE_OUTER_BOUND ( 'NONE', #2442, .T. ) ;
#4263 = FACE_OUTER_BOUND ( 'NONE', #4040, .T. ) ;
#4264 = AXIS2_PLACEMENT_3D ( 'NONE', #3917, #2702, #772 ) ;
#4265 = VECTOR ( 'NONE', #3923, 1000.000000000000000 ) ;
#4266 = LINE ( 'NONE', #3039, #1349 ) ;
#4267 = DIRECTION ( 'NONE',  ( -0.000000000000000000, -0.000000000000000000, 1.000000000000000000 ) ) ;
#4268 = VERTEX_POINT ( 'NONE', #240 ) ;
#4269 = DIRECTION ( 'NONE',  ( 1.000000000000000000, 0.000000000000000000, 0.000000000000000000 ) ) ;
#4270 = EDGE_CURVE ( 'NONE', #4257, #2795, #326, .T. ) ;
#4271 = CARTESIAN_POINT ( 'NONE',  ( 60.24986572178892885, -15.15328797116645809, 6.000000000000000000 ) ) ;
#4272 = VECTOR ( 'NONE', #2711, 1000.000000000000000 ) ;
#4273 = EDGE_CURVE ( 'NONE', #2712, #990, #2072, .T. ) ;
#4274 = CARTESIAN_POINT ( 'NONE',  ( -2.504042972417701511E-15, 19.82992782986672253, 6.000000000000000000 ) ) ;
#4275 = AXIS2_PLACEMENT_3D ( 'NONE', #3896, #4649, #3844 ) ;
#4276 = AXIS2_PLACEMENT_3D ( 'NONE', #3656, #3991, #1753 ) ;
#4277 = EDGE_CURVE ( 'NONE', #3322, #3007, #3143, .T. ) ;
#4278 = CARTESIAN_POINT ( 'NONE',  ( 74.33524120961040182, -19.50000000000000000, 6.000000000000000000 ) ) ;
#4279 = ORIENTED_EDGE ( 'NONE', *, *, #3699, .F. ) ;
#4280 = AXIS2_PLACEMENT_3D ( 'NONE', #3597, #146, #886 ) ;
#4281 = LINE ( 'NONE', #114, #544 ) ;
#4282 = AXIS2_PLACEMENT_3D ( 'NONE', #23, #1584, #4004 ) ;
#4283 = DIRECTION ( 'NONE',  ( 1.000000000000000000, 0.000000000000000000, 0.000000000000000000 ) ) ;
#4284 = ORIENTED_EDGE ( 'NONE', *, *, #1877, .T. ) ;
#4285 = DIRECTION ( 'NONE',  ( -0.000000000000000000, -0.000000000000000000, -1.000000000000000000 ) ) ;
#4286 = DIRECTION ( 'NONE',  ( -0.000000000000000000, -0.000000000000000000, 1.000000000000000000 ) ) ;
#4287 = DIRECTION ( 'NONE',  ( -0.000000000000000000, 0.000000000000000000, 1.000000000000000000 ) ) ;
#4288 = DIRECTION ( 'NONE',  ( 0.000000000000000000, -1.000000000000000000, 0.000000000000000000 ) ) ;
#4289 = ORIENTED_EDGE ( 'NONE', *, *, #736, .T. ) ;
#4290 = CARTESIAN_POINT ( 'NONE',  ( 10.64477037368624757, 32.84782608695652328, 6.000000000000000000 ) ) ;
#4291 = LINE ( 'NONE', #2397, #1624 ) ;
#4292 = CYLINDRICAL_SURFACE ( 'NONE', #3385, 0.5000000000000004441 ) ;
#4293 = DIRECTION ( 'NONE',  ( 1.871096872846983915E-16, -1.000000000000000000, 0.000000000000000000 ) ) ;
#4294 = ORIENTED_EDGE ( 'NONE', *, *, #2713, .F. ) ;
#4295 = CARTESIAN_POINT ( 'NONE',  ( 42.81769502456726428, 19.82992782986672964, 6.000000000000000000 ) ) ;
#4296 = FACE_OUTER_BOUND ( 'NONE', #1097, .T. ) ;
#4297 = ORIENTED_EDGE ( 'NONE', *, *, #2407, .T. ) ;
#4298 = VERTEX_POINT ( 'NONE', #1344 ) ;
#4299 = EDGE_CURVE ( 'NONE', #243, #2637, #2025, .T. ) ;
#4300 = EDGE_CURVE ( 'NONE', #34, #2705, #1499, .T. ) ;
#4301 = CARTESIAN_POINT ( 'NONE',  ( 0.000000000000000000, 0.000000000000000000, 0.000000000000000000 ) ) ;
#4302 = AXIS2_PLACEMENT_3D ( 'NONE', #1770, #3293, #1728 ) ;
#4303 = LINE ( 'NONE', #2365, #3139 ) ;
#4304 = ORIENTED_EDGE ( 'NONE', *, *, #4768, .T. ) ;
#4305 = ORIENTED_EDGE ( 'NONE', *, *, #4557, .T. ) ;
#4306 = DIRECTION ( 'NONE',  ( -1.734723475976807587E-16, 1.000000000000000000, 0.000000000000000000 ) ) ;
#4307 = EDGE_CURVE ( 'NONE', #3455, #4573, #4158, .T. ) ;
#4308 = CARTESIAN_POINT ( 'NONE',  ( 60.55214889042371595, -0.7850263380156187187, 0.000000000000000000 ) ) ;
#4309 = LINE ( 'NONE', #2465, #3986 ) ;
#4310 = CARTESIAN_POINT ( 'NONE',  ( 91.76568051412537841, 13.95580200546907612, 0.000000000000000000 ) ) ;
#4311 = ORIENTED_EDGE ( 'NONE', *, *, #4063, .F. ) ;
#4312 = AXIS2_PLACEMENT_3D ( 'NONE', #4225, #3131, #3866 ) ;
#4313 = DIRECTION ( 'NONE',  ( 1.000000000000000000, 0.000000000000000000, 0.000000000000000000 ) ) ;
#4314 = DIRECTION ( 'NONE',  ( -0.000000000000000000, -0.000000000000000000, 1.000000000000000000 ) ) ;
#4315 = VERTEX_POINT ( 'NONE', #705 ) ;
#4316 = DIRECTION ( 'NONE',  ( 0.000000000000000000, 0.000000000000000000, 1.000000000000000000 ) ) ;
#4317 = CARTESIAN_POINT ( 'NONE',  ( 0.5000000000000004441, 9.499999999999994671, 0.000000000000000000 ) ) ;
#4318 = VECTOR ( 'NONE', #3942, 1000.000000000000000 ) ;
#4319 = DIRECTION ( 'NONE',  ( 0.000000000000000000, -0.000000000000000000, -1.000000000000000000 ) ) ;
#4320 = VERTEX_POINT ( 'NONE', #3411 ) ;
#4321 = DIRECTION ( 'NONE',  ( 1.000000000000000000, 0.000000000000000000, 0.000000000000000000 ) ) ;
#4322 = ORIENTED_EDGE ( 'NONE', *, *, #3854, .F. ) ;
#4323 = VECTOR ( 'NONE', #2260, 1000.000000000000000 ) ;
#4324 = DIRECTION ( 'NONE',  ( 1.000000000000000000, 0.000000000000000000, 0.000000000000000000 ) ) ;
#4325 = VECTOR ( 'NONE', #4909, 1000.000000000000000 ) ;
#4326 = ADVANCED_FACE ( 'NONE', ( #3361 ), #2255, .T. ) ;
#4327 = DIRECTION ( 'NONE',  ( -0.000000000000000000, 0.000000000000000000, 1.000000000000000000 ) ) ;
#4328 = EDGE_CURVE ( 'NONE', #154, #2495, #735, .T. ) ;
#4329 = ORIENTED_EDGE ( 'NONE', *, *, #3082, .T. ) ;
#4330 = VECTOR ( 'NONE', #227, 1000.000000000000000 ) ;
#4331 = ORIENTED_EDGE ( 'NONE', *, *, #4836, .T. ) ;
#4332 = FACE_OUTER_BOUND ( 'NONE', #4117, .T. ) ;
#4333 = LINE ( 'NONE', #538, #3307 ) ;
#4334 = FACE_OUTER_BOUND ( 'NONE', #2537, .T. ) ;
#4335 = CARTESIAN_POINT ( 'NONE',  ( 89.40951800472774380, 14.57204616489689997, 6.000000000000000000 ) ) ;
#4336 = AXIS2_PLACEMENT_3D ( 'NONE', #4745, #2866, #888 ) ;
#4337 = EDGE_CURVE ( 'NONE', #181, #2938, #892, .T. ) ;
#4338 = DIRECTION ( 'NONE',  ( -1.000000000000000000, 0.000000000000000000, -0.000000000000000000 ) ) ;
#4339 = VECTOR ( 'NONE', #1182, 1000.000000000000000 ) ;
#4340 = CARTESIAN_POINT ( 'NONE',  ( 6.890893093917676460, 37.91145303867747174, -4.000000000000000000 ) ) ;
#4341 = ORIENTED_EDGE ( 'NONE', *, *, #4619, .T. ) ;
#4342 = FACE_OUTER_BOUND ( 'NONE', #597, .T. ) ;
#4343 = DIRECTION ( 'NONE',  ( 0.000000000000000000, -0.000000000000000000, -1.000000000000000000 ) ) ;
#4344 = AXIS2_PLACEMENT_3D ( 'NONE', #2457, #210, #4729 ) ;
#4345 = AXIS2_PLACEMENT_3D ( 'NONE', #2453, #2796, #3975 ) ;
#4346 = DIRECTION ( 'NONE',  ( -0.000000000000000000, 0.000000000000000000, 1.000000000000000000 ) ) ;
#4347 = VECTOR ( 'NONE', #3890, 1000.000000000000000 ) ;
#4348 = DIRECTION ( 'NONE',  ( 0.000000000000000000, -0.000000000000000000, -1.000000000000000000 ) ) ;
#4349 = VERTEX_POINT ( 'NONE', #3735 ) ;
#4350 = CIRCLE ( 'NONE', #4680, 22.00000000000000711 ) ;
#4351 = CARTESIAN_POINT ( 'NONE',  ( 33.01172412261696110, -9.700804730573779011, 0.000000000000000000 ) ) ;
#4352 = CIRCLE ( 'NONE', #2199, 0.5000000000000004441 ) ;
#4353 = DIRECTION ( 'NONE',  ( -0.000000000000000000, -0.000000000000000000, -1.000000000000000000 ) ) ;
#4354 = EDGE_LOOP ( 'NONE', ( #2379, #659, #2204, #963 ) ) ;
#4355 = AXIS2_PLACEMENT_3D ( 'NONE', #1507, #4622, #4643 ) ;
#4356 = EDGE_CURVE ( 'NONE', #2851, #2983, #4199, .T. ) ;
#4357 = EDGE_LOOP ( 'NONE', ( #503, #2784, #3736, #3556 ) ) ;
#4358 = DIRECTION ( 'NONE',  ( 1.000000000000000000, 0.000000000000000000, 0.000000000000000000 ) ) ;
#4359 = AXIS2_PLACEMENT_3D ( 'NONE', #1525, #434, #2762 ) ;
#4360 = CARTESIAN_POINT ( 'NONE',  ( 84.78138727719188239, 10.65104381647940457, 0.000000000000000000 ) ) ;
#4361 = LINE ( 'NONE', #2736, #2209 ) ;
#4362 = CARTESIAN_POINT ( 'NONE',  ( 33.09392361626964174, -10.19400169248985222, 6.000000000000000000 ) ) ;
#4363 = ORIENTED_EDGE ( 'NONE', *, *, #3345, .T. ) ;
#4364 = ORIENTED_EDGE ( 'NONE', *, *, #4453, .T. ) ;
#4365 = CIRCLE ( 'NONE', #4686, 1.599999999999990319 ) ;
#4366 = EDGE_CURVE ( 'NONE', #1898, #3181, #3950, .T. ) ;
#4367 = CARTESIAN_POINT ( 'NONE',  ( -0.000000000000000000, -9.600000000000003197, 0.000000000000000000 ) ) ;
#4368 = DIRECTION ( 'NONE',  ( 0.000000000000000000, -0.000000000000000000, -1.000000000000000000 ) ) ;
#4369 = EDGE_CURVE ( 'NONE', #658, #2809, #3778, .T. ) ;
#4370 = VERTEX_POINT ( 'NONE', #2952 ) ;
#4371 = DIRECTION ( 'NONE',  ( 2.911840083380578691E-16, -1.000000000000000000, 0.000000000000000000 ) ) ;
#4372 = CARTESIAN_POINT ( 'NONE',  ( 0.000000000000000000, -20.00000000000000000, 6.000000000000000000 ) ) ;
#4373 = DIRECTION ( 'NONE',  ( 1.000000000000000000, 0.000000000000000000, 0.000000000000000000 ) ) ;
#4374 = ADVANCED_FACE ( 'NONE', ( #2683 ), #4862, .F. ) ;
#4375 = CARTESIAN_POINT ( 'NONE',  ( 38.22248457276249667, 9.145365854626058777, 0.000000000000000000 ) ) ;
#4376 = ORIENTED_EDGE ( 'NONE', *, *, #3947, .T. ) ;
#4377 = FACE_OUTER_BOUND ( 'NONE', #1027, .T. ) ;
#4378 = CARTESIAN_POINT ( 'NONE',  ( 7.511985023684036200, -9.245161290322581493, 0.000000000000000000 ) ) ;
#4379 = CARTESIAN_POINT ( 'NONE',  ( 37.66131865960662850, 8.817776110992113558, -4.000000000000000000 ) ) ;
#4380 = ORIENTED_EDGE ( 'NONE', *, *, #3815, .F. ) ;
#4381 = CARTESIAN_POINT ( 'NONE',  ( 20.00000000000000000, 34.50000000000000000, 6.000000000000000000 ) ) ;
#4382 = CARTESIAN_POINT ( 'NONE',  ( 7.511985023684036200, -9.245161290322581493, 6.000000000000000000 ) ) ;
#4383 = ORIENTED_EDGE ( 'NONE', *, *, #701, .F. ) ;
#4384 = ORIENTED_EDGE ( 'NONE', *, *, #4328, .F. ) ;
#4385 = VECTOR ( 'NONE', #2105, 1000.000000000000000 ) ;
#4386 = CARTESIAN_POINT ( 'NONE',  ( 0.5000000000000001110, 10.39999999999999503, 0.000000000000000000 ) ) ;
#4387 = DIRECTION ( 'NONE',  ( -0.000000000000000000, 0.000000000000000000, 1.000000000000000000 ) ) ;
#4388 = ORIENTED_EDGE ( 'NONE', *, *, #1385, .F. ) ;
#4389 = ORIENTED_EDGE ( 'NONE', *, *, #391, .T. ) ;
#4390 = CARTESIAN_POINT ( 'NONE',  ( 32.94596452769483363, -9.306247161040918314, 0.000000000000000000 ) ) ;
#4391 = CARTESIAN_POINT ( 'NONE',  ( 65.92576425468236323, 11.17632450503204211, -4.000000000000000000 ) ) ;
#4392 = EDGE_CURVE ( 'NONE', #591, #4426, #317, .T. ) ;
#4393 = ADVANCED_FACE ( 'NONE', ( #1057 ), #682, .T. ) ;
#4394 = CIRCLE ( 'NONE', #1912, 0.5000000000000000000 ) ;
#4395 = ADVANCED_FACE ( 'NONE', ( #3827 ), #3025, .T. ) ;
#4396 = DIRECTION ( 'NONE',  ( 1.000000000000000000, 0.000000000000000000, 0.000000000000000000 ) ) ;
#4397 = AXIS2_PLACEMENT_3D ( 'NONE', #613, #3682, #4541 ) ;
#4398 = AXIS2_PLACEMENT_3D ( 'NONE', #626, #1367, #188 ) ;
#4399 = CARTESIAN_POINT ( 'NONE',  ( 61.05156586694739218, -0.7608874987737013207, 0.000000000000000000 ) ) ;
#4400 = EDGE_LOOP ( 'NONE', ( #3038, #2896, #1647, #1968 ) ) ;
#4401 = EDGE_CURVE ( 'NONE', #542, #4126, #267, .T. ) ;
#4402 = CIRCLE ( 'NONE', #2652, 0.5000000000000004441 ) ;
#4403 = DIRECTION ( 'NONE',  ( 0.000000000000000000, -0.000000000000000000, -1.000000000000000000 ) ) ;
#4404 = CARTESIAN_POINT ( 'NONE',  ( 0.5000000000000000000, 19.90763939006601291, 6.000000000000000000 ) ) ;
#4405 = ORIENTED_EDGE ( 'NONE', *, *, #1633, .T. ) ;
#4406 = CARTESIAN_POINT ( 'NONE',  ( 7.390893093917675571, 38.28833632242575646, -4.000000000000000000 ) ) ;
#4407 = DIRECTION ( 'NONE',  ( 0.000000000000000000, -0.000000000000000000, -1.000000000000000000 ) ) ;
#4408 = CARTESIAN_POINT ( 'NONE',  ( 75.23524120961039330, -19.50000000000000000, 6.000000000000000000 ) ) ;
#4409 = ORIENTED_EDGE ( 'NONE', *, *, #1326, .T. ) ;
#4410 = ORIENTED_EDGE ( 'NONE', *, *, #740, .T. ) ;
#4411 = DIRECTION ( 'NONE',  ( -0.000000000000000000, -0.000000000000000000, 1.000000000000000000 ) ) ;
#4412 = CARTESIAN_POINT ( 'NONE',  ( 0.000000000000000000, 35.50000000000000711, -9.926209212457735021 ) ) ;
#4413 = VERTEX_POINT ( 'NONE', #1819 ) ;
#4414 = CARTESIAN_POINT ( 'NONE',  ( 33.09392361626964174, -10.19400169248985222, 0.000000000000000000 ) ) ;
#4415 = CARTESIAN_POINT ( 'NONE',  ( 7.033520605161734274, 10.39999999999999680, 6.000000000000000000 ) ) ;
#4416 = AXIS2_PLACEMENT_3D ( 'NONE', #2091, #3240, #4396 ) ;
#4417 = ORIENTED_EDGE ( 'NONE', *, *, #582, .T. ) ;
#4418 = APPLICATION_CONTEXT ( 'automotive_design' ) ;
#4419 = EDGE_CURVE ( 'NONE', #689, #2207, #4180, .T. ) ;
#4420 = CIRCLE ( 'NONE', #4185, 0.5000000000000004441 ) ;
#4421 = DIRECTION ( 'NONE',  ( -0.000000000000000000, 0.000000000000000000, 1.000000000000000000 ) ) ;
#4422 = EDGE_CURVE ( 'NONE', #4863, #1561, #2600, .T. ) ;
#4423 = CIRCLE ( 'NONE', #4908, 3.999999999999996447 ) ;
#4424 = DIRECTION ( 'NONE',  ( 0.000000000000000000, 0.000000000000000000, 1.000000000000000000 ) ) ;
#4425 = VECTOR ( 'NONE', #2651, 1000.000000000000000 ) ;
#4426 = VERTEX_POINT ( 'NONE', #2282 ) ;
#4427 = EDGE_CURVE ( 'NONE', #1320, #3644, #3805, .T. ) ;
#4428 = CARTESIAN_POINT ( 'NONE',  ( 1.500000000000003553, 25.32120260015482316, 6.000000000000000000 ) ) ;
#4429 = AXIS2_PLACEMENT_3D ( 'NONE', #4102, #287, #4856 ) ;
#4430 = CARTESIAN_POINT ( 'NONE',  ( 65.23391854806357060, 10.60069483394731016, 6.000000000000000000 ) ) ;
#4431 = CIRCLE ( 'NONE', #1949, 29.22992782986673888 ) ;
#4432 = EDGE_LOOP ( 'NONE', ( #4329, #3356, #1658, #2266 ) ) ;
#4433 = ORIENTED_EDGE ( 'NONE', *, *, #294, .F. ) ;
#4434 = CYLINDRICAL_SURFACE ( 'NONE', #1996, 3.999999999999996447 ) ;
#4435 = ADVANCED_BREP_SHAPE_REPRESENTATION ( 'y bearing +motor holder ender 3v2_alu', ( #1810, #4345 ), #1131 ) ;
#4436 = DIRECTION ( 'NONE',  ( 0.000000000000000000, 0.000000000000000000, 1.000000000000000000 ) ) ;
#4437 = CIRCLE ( 'NONE', #1549, 1.600000000000004086 ) ;
#4438 = ORIENTED_EDGE ( 'NONE', *, *, #2628, .F. ) ;
#4439 = ORIENTED_EDGE ( 'NONE', *, *, #1099, .F. ) ;
#4440 = FACE_OUTER_BOUND ( 'NONE', #2312, .T. ) ;
#4441 = CARTESIAN_POINT ( 'NONE',  ( 59.62031337974367062, -15.50000000000000711, 0.000000000000000000 ) ) ;
#4442 = EDGE_LOOP ( 'NONE', ( #131, #3204, #2130, #3670 ) ) ;
#4443 = DIRECTION ( 'NONE',  ( -0.000000000000000000, -0.000000000000000000, 1.000000000000000000 ) ) ;
#4444 = CARTESIAN_POINT ( 'NONE',  ( 88.72413043446151448, -10.12625231215191413, -4.000000000000000000 ) ) ;
#4445 = EDGE_LOOP ( 'NONE', ( #1239, #48, #761, #1875 ) ) ;
#4446 = ORIENTED_EDGE ( 'NONE', *, *, #257, .T. ) ;
#4447 = LINE ( 'NONE', #3017, #4878 ) ;
#4448 = CARTESIAN_POINT ( 'NONE',  ( 2.000000000000001776, 36.00000000000000711, 6.000000000000000000 ) ) ;
#4449 = CARTESIAN_POINT ( 'NONE',  ( 65.23391854806357060, 10.60069483394731016, 0.000000000000000000 ) ) ;
#4450 = DIRECTION ( 'NONE',  ( 1.000000000000000000, 0.000000000000000000, 0.000000000000000000 ) ) ;
#4451 = LINE ( 'NONE', #997, #2120 ) ;
#4452 = CARTESIAN_POINT ( 'NONE',  ( 93.36568051412537272, 13.95580200546907612, 6.000000000000000000 ) ) ;
#4453 = EDGE_CURVE ( 'NONE', #3101, #2792, #978, .T. ) ;
#4454 = ORIENTED_EDGE ( 'NONE', *, *, #1513, .F. ) ;
#4455 = EDGE_CURVE ( 'NONE', #1711, #1504, #2380, .T. ) ;
#4456 = ORIENTED_EDGE ( 'NONE', *, *, #2950, .T. ) ;
#4457 = ADVANCED_FACE ( 'NONE', ( #2402 ), #3094, .T. ) ;
#4458 = VERTEX_POINT ( 'NONE', #3072 ) ;
#4459 = LINE ( 'NONE', #1400, #1185 ) ;
#4460 = LINE ( 'NONE', #1033, #1581 ) ;
#4461 = ORIENTED_EDGE ( 'NONE', *, *, #4775, .F. ) ;
#4462 = ORIENTED_EDGE ( 'NONE', *, *, #3044, .T. ) ;
#4463 = EDGE_CURVE ( 'NONE', #2173, #2663, #3382, .T. ) ;
#4464 = DIRECTION ( 'NONE',  ( 1.000000000000000000, 0.000000000000000000, 0.000000000000000000 ) ) ;
#4465 = SURFACE_STYLE_FILL_AREA ( #1827 ) ;
#4466 = ORIENTED_EDGE ( 'NONE', *, *, #2064, .F. ) ;
#4467 = LINE ( 'NONE', #1829, #1228 ) ;
#4468 = CARTESIAN_POINT ( 'NONE',  ( 7.511985023684036200, -9.245161290322581493, 6.000000000000000000 ) ) ;
#4469 = VERTEX_POINT ( 'NONE', #873 ) ;
#4470 = VECTOR ( 'NONE', #4868, 1000.000000000000000 ) ;
#4471 = VERTEX_POINT ( 'NONE', #828 ) ;
#4472 = DIRECTION ( 'NONE',  ( -0.7071049947993665041, 0.7071085675692156958, 0.000000000000000000 ) ) ;
#4473 = DIRECTION ( 'NONE',  ( -0.000000000000000000, -0.000000000000000000, 1.000000000000000000 ) ) ;
#4474 = DIRECTION ( 'NONE',  ( 0.000000000000000000, 0.000000000000000000, 1.000000000000000000 ) ) ;
#4475 = DIRECTION ( 'NONE',  ( -0.000000000000000000, 0.000000000000000000, 1.000000000000000000 ) ) ;
#4476 = CIRCLE ( 'NONE', #1750, 13.99999999999999822 ) ;
#4477 = CARTESIAN_POINT ( 'NONE',  ( 37.64813967449529031, -8.928068805260725327, -4.000000000000000000 ) ) ;
#4478 = ORIENTED_EDGE ( 'NONE', *, *, #4037, .F. ) ;
#4479 = DIRECTION ( 'NONE',  ( 0.000000000000000000, -0.000000000000000000, -1.000000000000000000 ) ) ;
#4480 = EDGE_CURVE ( 'NONE', #1561, #602, #1544, .T. ) ;
#4481 = CARTESIAN_POINT ( 'NONE',  ( 88.46616653078872616, 14.33580445218809984, 0.000000000000000000 ) ) ;
#4482 = ORIENTED_EDGE ( 'NONE', *, *, #1740, .T. ) ;
#4483 = ADVANCED_FACE ( 'NONE', ( #1235 ), #3900, .T. ) ;
#4484 = EDGE_LOOP ( 'NONE', ( #1922, #4564, #376, #4085 ) ) ;
#4485 = ORIENTED_EDGE ( 'NONE', *, *, #1751, .T. ) ;
#4486 = CARTESIAN_POINT ( 'NONE',  ( 75.03524120961040467, -0.08500000000000867972, -4.000000000000000000 ) ) ;
#4487 = DIRECTION ( 'NONE',  ( 0.7071085675692152517, 0.7071049947993668372, 0.000000000000000000 ) ) ;
#4488 = ORIENTED_EDGE ( 'NONE', *, *, #4027, .F. ) ;
#4489 = CARTESIAN_POINT ( 'NONE',  ( 0.03299604051546986550, 20.08626554107915752, 6.000000000000000000 ) ) ;
#4490 = CARTESIAN_POINT ( 'NONE',  ( 65.23391854806357060, 10.60069483394731016, 6.000000000000000000 ) ) ;
#4491 = EDGE_CURVE ( 'NONE', #4786, #4033, #3875, .T. ) ;
#4492 = VERTEX_POINT ( 'NONE', #4682 ) ;
#4493 = AXIS2_PLACEMENT_3D ( 'NONE', #3029, #1501, #759 ) ;
#4494 = CARTESIAN_POINT ( 'NONE',  ( 61.16257791717307413, -14.24220835566309162, 6.000000000000000000 ) ) ;
#4495 = AXIS2_PLACEMENT_3D ( 'NONE', #410, #745, #815 ) ;
#4496 = CARTESIAN_POINT ( 'NONE',  ( 61.06450484696589598, -14.81129759256808676, 6.000000000000000000 ) ) ;
#4497 = VERTEX_POINT ( 'NONE', #502 ) ;
#4498 = ORIENTED_EDGE ( 'NONE', *, *, #169, .F. ) ;
#4499 = CARTESIAN_POINT ( 'NONE',  ( 58.02031337974366210, -15.50000000000000711, 6.000000000000000000 ) ) ;
#4500 = VECTOR ( 'NONE', #2020, 1000.000000000000000 ) ;
#4501 = DIRECTION ( 'NONE',  ( 0.000000000000000000, 0.000000000000000000, -1.000000000000000000 ) ) ;
#4502 = DIRECTION ( 'NONE',  ( 0.7071085675692152517, 0.7071049947993668372, 0.000000000000000000 ) ) ;
#4503 = ORIENTED_EDGE ( 'NONE', *, *, #4057, .F. ) ;
#4504 = ORIENTED_EDGE ( 'NONE', *, *, #3976, .F. ) ;
#4505 = CARTESIAN_POINT ( 'NONE',  ( 64.30319817247699632, -9.835551381799724879, 6.000000000000000000 ) ) ;
#4506 = VECTOR ( 'NONE', #2725, 1000.000000000000000 ) ;
#4507 = CARTESIAN_POINT ( 'NONE',  ( 2.000000000000001776, 34.00000000000000000, 6.000000000000000000 ) ) ;
#4508 = VECTOR ( 'NONE', #1238, 1000.000000000000000 ) ;
#4509 = ORIENTED_EDGE ( 'NONE', *, *, #2586, .T. ) ;
#4510 = ORIENTED_EDGE ( 'NONE', *, *, #2410, .T. ) ;
#4511 = ORIENTED_EDGE ( 'NONE', *, *, #610, .F. ) ;
#4512 = EDGE_CURVE ( 'NONE', #4, #3418, #4350, .T. ) ;
#4513 = DIRECTION ( 'NONE',  ( -0.000000000000000000, -0.000000000000000000, -1.000000000000000000 ) ) ;
#4514 = VECTOR ( 'NONE', #569, 1000.000000000000000 ) ;
#4515 =( NAMED_UNIT ( * ) PLANE_ANGLE_UNIT ( ) SI_UNIT ( $, .RADIAN. ) );
#4516 = ORIENTED_EDGE ( 'NONE', *, *, #4182, .F. ) ;
#4517 = DIRECTION ( 'NONE',  ( -0.000000000000000000, -0.000000000000000000, 1.000000000000000000 ) ) ;
#4518 = CARTESIAN_POINT ( 'NONE',  ( 90.15705971739780011, 17.82501087327789691, 0.000000000000000000 ) ) ;
#4519 = ORIENTED_EDGE ( 'NONE', *, *, #979, .T. ) ;
#4520 = EDGE_CURVE ( 'NONE', #535, #2029, #1389, .T. ) ;
#4521 = AXIS2_PLACEMENT_3D ( 'NONE', #3235, #127, #4723 ) ;
#4522 = EDGE_CURVE ( 'NONE', #2372, #3944, #1966, .T. ) ;
#4523 = FACE_OUTER_BOUND ( 'NONE', #4533, .T. ) ;
#4524 = CARTESIAN_POINT ( 'NONE',  ( 90.18648690319045613, -11.47588691394845739, 6.000000000000000000 ) ) ;
#4525 = VERTEX_POINT ( 'NONE', #2016 ) ;
#4526 = ORIENTED_EDGE ( 'NONE', *, *, #3729, .F. ) ;
#4527 = AXIS2_PLACEMENT_3D ( 'NONE', #339, #3378, #621 ) ;
#4528 = CARTESIAN_POINT ( 'NONE',  ( 74.33524120961040182, -20.00000000000000000, 6.000000000000000000 ) ) ;
#4529 = VERTEX_POINT ( 'NONE', #53 ) ;
#4530 = AXIS2_PLACEMENT_3D ( 'NONE', #4602, #2321, #3063 ) ;
#4531 = ADVANCED_FACE ( 'NONE', ( #4296 ), #779, .T. ) ;
#4532 = DIRECTION ( 'NONE',  ( -0.000000000000000000, -0.000000000000000000, 1.000000000000000000 ) ) ;
#4533 = EDGE_LOOP ( 'NONE', ( #2727, #4109, #2425, #2433 ) ) ;
#4534 = CARTESIAN_POINT ( 'NONE',  ( 59.62031337974367062, -15.50000000000000711, -4.000000000000000000 ) ) ;
#4535 = ORIENTED_EDGE ( 'NONE', *, *, #1642, .T. ) ;
#4536 = ORIENTED_EDGE ( 'NONE', *, *, #2595, .T. ) ;
#4537 = FACE_OUTER_BOUND ( 'NONE', #3170, .T. ) ;
#4538 = CARTESIAN_POINT ( 'NONE',  ( 62.30731863861241493, 15.21261064666438934, -4.000000000000000000 ) ) ;
#4539 = ORIENTED_EDGE ( 'NONE', *, *, #4831, .T. ) ;
#4540 = EDGE_LOOP ( 'NONE', ( #369, #684, #2492, #4446 ) ) ;
#4541 = DIRECTION ( 'NONE',  ( 1.000000000000000000, 0.000000000000000000, 0.000000000000000000 ) ) ;
#4542 = PLANE ( 'NONE',  #332 ) ;
#4543 = ORIENTED_EDGE ( 'NONE', *, *, #2158, .T. ) ;
#4544 = CARTESIAN_POINT ( 'NONE',  ( 0.000000000000000000, 35.50000000000000711, 0.000000000000000000 ) ) ;
#4545 = CYLINDRICAL_SURFACE ( 'NONE', #4495, 22.00000000000000711 ) ;
#4546 = LINE ( 'NONE', #1437, #1962 ) ;
#4547 = CARTESIAN_POINT ( 'NONE',  ( 92.05024120961036260, -15.50000000000000711, 6.000000000000000000 ) ) ;
#4548 = EDGE_LOOP ( 'NONE', ( #1161, #433, #4765, #4795 ) ) ;
#4549 = ORIENTED_EDGE ( 'NONE', *, *, #2929, .F. ) ;
#4550 = CARTESIAN_POINT ( 'NONE',  ( 91.76568051412537841, 13.95580200546907612, -4.000000000000000000 ) ) ;
#4551 = EDGE_CURVE ( 'NONE', #881, #1910, #3, .T. ) ;
#4552 = VECTOR ( 'NONE', #3739, 1000.000000000000000 ) ;
#4553 = ADVANCED_FACE ( 'NONE', ( #2360 ), #3141, .T. ) ;
#4554 = DIRECTION ( 'NONE',  ( 1.000000000000000000, 0.000000000000000000, 0.000000000000000000 ) ) ;
#4555 = VECTOR ( 'NONE', #1946, 1000.000000000000000 ) ;
#4556 = LINE ( 'NONE', #4934, #3358 ) ;
#4557 = EDGE_CURVE ( 'NONE', #3062, #4820, #3540, .T. ) ;
#4558 = DIRECTION ( 'NONE',  ( -0.000000000000000000, -0.000000000000000000, 1.000000000000000000 ) ) ;
#4559 = ORIENTED_EDGE ( 'NONE', *, *, #4922, .F. ) ;
#4560 = CARTESIAN_POINT ( 'NONE',  ( 37.50116098705447598, 7.932141016880168038, 0.000000000000000000 ) ) ;
#4561 = CIRCLE ( 'NONE', #1025, 0.5000000000000004441 ) ;
#4562 = CYLINDRICAL_SURFACE ( 'NONE', #607, 0.5000000000000004441 ) ;
#4563 = ORIENTED_EDGE ( 'NONE', *, *, #1574, .T. ) ;
#4564 = ORIENTED_EDGE ( 'NONE', *, *, #3016, .F. ) ;
#4565 = ORIENTED_EDGE ( 'NONE', *, *, #3762, .T. ) ;
#4566 = CYLINDRICAL_SURFACE ( 'NONE', #625, 0.5000000000000004441 ) ;
#4567 = DIRECTION ( 'NONE',  ( -0.000000000000000000, -0.000000000000000000, 1.000000000000000000 ) ) ;
#4568 = CARTESIAN_POINT ( 'NONE',  ( 61.22031337974367204, -15.50000000000000711, 0.000000000000000000 ) ) ;
#4569 = FACE_OUTER_BOUND ( 'NONE', #4839, .T. ) ;
#4570 = ORIENTED_EDGE ( 'NONE', *, *, #3129, .F. ) ;
#4571 = CARTESIAN_POINT ( 'NONE',  ( 85.40112416438340404, 9.325019690093446556, 6.000000000000000000 ) ) ;
#4572 = CARTESIAN_POINT ( 'NONE',  ( 59.62031337974367062, -15.50000000000000711, -4.000000000000000000 ) ) ;
#4573 = VERTEX_POINT ( 'NONE', #83 ) ;
#4574 = EDGE_LOOP ( 'NONE', ( #1352, #2563, #1397, #384 ) ) ;
#4575 = CYLINDRICAL_SURFACE ( 'NONE', #4769, 4.000000000000003553 ) ;
#4576 = CARTESIAN_POINT ( 'NONE',  ( 90.42089794966905458, -16.84478256445628830, 6.000000000000000000 ) ) ;
#4577 = EDGE_LOOP ( 'NONE', ( #3368, #966, #699, #1671 ) ) ;
#4578 = VECTOR ( 'NONE', #1341, 1000.000000000000000 ) ;
#4579 = AXIS2_PLACEMENT_3D ( 'NONE', #4989, #718, #1166 ) ;
#4580 = EDGE_CURVE ( 'NONE', #922, #2561, #497, .T. ) ;
#4581 = ADVANCED_FACE ( 'NONE', ( #4231 ), #2726, .F. ) ;
#4582 = DIRECTION ( 'NONE',  ( 0.000000000000000000, 0.000000000000000000, -1.000000000000000000 ) ) ;
#4583 = ORIENTED_EDGE ( 'NONE', *, *, #2352, .T. ) ;
#4584 = EDGE_CURVE ( 'NONE', #1815, #3095, #4052, .T. ) ;
#4585 = CARTESIAN_POINT ( 'NONE',  ( 7.033520605161734274, -9.100000000000001421, 0.000000000000000000 ) ) ;
#4586 = EDGE_CURVE ( 'NONE', #2471, #2561, #1742, .T. ) ;
#4587 = DIRECTION ( 'NONE',  ( 1.000000000000000000, 0.000000000000000000, 0.000000000000000000 ) ) ;
#4588 = ORIENTED_EDGE ( 'NONE', *, *, #854, .T. ) ;
#4589 = ORIENTED_EDGE ( 'NONE', *, *, #2306, .T. ) ;
#4590 = AXIS2_PLACEMENT_3D ( 'NONE', #3555, #2056, #101 ) ;
#4591 = AXIS2_PLACEMENT_3D ( 'NONE', #3751, #4473, #2302 ) ;
#4592 = ORIENTED_EDGE ( 'NONE', *, *, #1847, .F. ) ;
#4593 = FACE_OUTER_BOUND ( 'NONE', #2200, .T. ) ;
#4594 = EDGE_CURVE ( 'NONE', #4529, #3629, #904, .T. ) ;
#4595 = VECTOR ( 'NONE', #2605, 1000.000000000000000 ) ;
#4596 = CARTESIAN_POINT ( 'NONE',  ( 59.62031337974367062, -15.50000000000000711, -4.000000000000000000 ) ) ;
#4597 = DIRECTION ( 'NONE',  ( 1.000000000000000000, 0.000000000000000000, 0.000000000000000000 ) ) ;
#4598 = AXIS2_PLACEMENT_3D ( 'NONE', #797, #4267, #387 ) ;
#4599 = DIRECTION ( 'NONE',  ( 1.000000000000000000, 0.000000000000000000, 0.000000000000000000 ) ) ;
#4600 = EDGE_LOOP ( 'NONE', ( #2783, #2176, #3394, #112 ) ) ;
#4601 = AXIS2_PLACEMENT_3D ( 'NONE', #4278, #2332, #4321 ) ;
#4602 = CARTESIAN_POINT ( 'NONE',  ( 0.5000000000000000000, 10.89999999999999503, 6.000000000000000000 ) ) ;
#4603 = DIRECTION ( 'NONE',  ( -0.000000000000000000, 0.000000000000000000, 1.000000000000000000 ) ) ;
#4604 = DIRECTION ( 'NONE',  ( -0.000000000000000000, 0.000000000000000000, 1.000000000000000000 ) ) ;
#4605 = VERTEX_POINT ( 'NONE', #4784 ) ;
#4606 = LINE ( 'NONE', #4994, #665 ) ;
#4607 = LINE ( 'NONE', #22, #3617 ) ;
#4608 = CIRCLE ( 'NONE', #4280, 0.5000000000000000000 ) ;
#4609 = CIRCLE ( 'NONE', #3724, 1.599999999999976552 ) ;
#4610 = DIRECTION ( 'NONE',  ( 1.000000000000000000, 0.000000000000000000, 0.000000000000000000 ) ) ;
#4611 = AXIS2_PLACEMENT_3D ( 'NONE', #2162, #4854, #2273 ) ;
#4612 = ORIENTED_EDGE ( 'NONE', *, *, #1667, .F. ) ;
#4613 = AXIS2_PLACEMENT_3D ( 'NONE', #3012, #2718, #4240 ) ;
#4614 = DIRECTION ( 'NONE',  ( 0.000000000000000000, -0.000000000000000000, -1.000000000000000000 ) ) ;
#4615 = DIRECTION ( 'NONE',  ( 0.000000000000000000, -0.000000000000000000, -1.000000000000000000 ) ) ;
#4616 = EDGE_CURVE ( 'NONE', #3914, #406, #629, .T. ) ;
#4617 = EDGE_CURVE ( 'NONE', #43, #1815, #4898, .T. ) ;
#4618 = ORIENTED_EDGE ( 'NONE', *, *, #2418, .F. ) ;
#4619 = EDGE_CURVE ( 'NONE', #3881, #2291, #4002, .T. ) ;
#4620 = DIRECTION ( 'NONE',  ( 0.000000000000000000, 0.000000000000000000, -1.000000000000000000 ) ) ;
#4621 = DIRECTION ( 'NONE',  ( 1.000000000000000000, 0.000000000000000000, 0.000000000000000000 ) ) ;
#4622 = DIRECTION ( 'NONE',  ( -0.000000000000000000, -0.000000000000000000, -1.000000000000000000 ) ) ;
#4623 = FACE_OUTER_BOUND ( 'NONE', #4979, .T. ) ;
#4624 = EDGE_CURVE ( 'NONE', #3953, #1149, #1763, .T. ) ;
#4625 = CARTESIAN_POINT ( 'NONE',  ( 6.890893093917676460, 37.91145303867747174, 0.000000000000000000 ) ) ;
#4626 = CARTESIAN_POINT ( 'NONE',  ( 86.73182543361733110, -8.628413690715913020, 6.000000000000000000 ) ) ;
#4627 = DIRECTION ( 'NONE',  ( 0.000000000000000000, 0.000000000000000000, -1.000000000000000000 ) ) ;
#4628 = LINE ( 'NONE', #3825, #1942 ) ;
#4629 = ORIENTED_EDGE ( 'NONE', *, *, #3815, .T. ) ;
#4630 = CIRCLE ( 'NONE', #3654, 0.5000000000000004441 ) ;
#4631 = DIRECTION ( 'NONE',  ( -0.000000000000000000, -0.000000000000000000, -1.000000000000000000 ) ) ;
#4632 = ORIENTED_EDGE ( 'NONE', *, *, #135, .F. ) ;
#4633 = DIRECTION ( 'NONE',  ( 0.000000000000000000, 0.000000000000000000, 1.000000000000000000 ) ) ;
#4634 = VECTOR ( 'NONE', #3843, 1000.000000000000000 ) ;
#4635 = DIRECTION ( 'NONE',  ( 1.000000000000000000, 7.679765388438987687E-17, 0.000000000000000000 ) ) ;
#4636 = ORIENTED_EDGE ( 'NONE', *, *, #2929, .T. ) ;
#4637 = EDGE_CURVE ( 'NONE', #1504, #4458, #4810, .T. ) ;
#4638 = EDGE_LOOP ( 'NONE', ( #2630, #1266, #4256, #662 ) ) ;
#4639 = CARTESIAN_POINT ( 'NONE',  ( 64.80319817247699632, -9.835551381799724879, 0.000000000000000000 ) ) ;
#4640 = VECTOR ( 'NONE', #4338, 1000.000000000000000 ) ;
#4641 = CARTESIAN_POINT ( 'NONE',  ( 94.95024120961039671, 15.82992782986673141, 0.000000000000000000 ) ) ;
#4642 = ADVANCED_FACE ( 'NONE', ( #2138 ), #2878, .F. ) ;
#4643 = DIRECTION ( 'NONE',  ( -1.000000000000000000, 0.000000000000000000, 0.000000000000000000 ) ) ;
#4644 = CARTESIAN_POINT ( 'NONE',  ( 86.49145483890963249, -8.948135409089646330, 0.000000000000000000 ) ) ;
#4645 = ORIENTED_EDGE ( 'NONE', *, *, #1205, .F. ) ;
#4646 = ORIENTED_EDGE ( 'NONE', *, *, #2259, .T. ) ;
#4647 = EDGE_LOOP ( 'NONE', ( #2886, #4311, #3605, #379 ) ) ;
#4648 = CARTESIAN_POINT ( 'NONE',  ( 6.940588291844330904, -10.50000000000000355, 6.000000000000000000 ) ) ;
#4649 = DIRECTION ( 'NONE',  ( 0.000000000000000000, 0.000000000000000000, 1.000000000000000000 ) ) ;
#4650 = EDGE_CURVE ( 'NONE', #3698, #2471, #2092, .T. ) ;
#4651 = DIRECTION ( 'NONE',  ( 1.000000000000000000, 0.000000000000000000, 0.000000000000000000 ) ) ;
#4652 = LINE ( 'NONE', #2975, #216 ) ;
#4653 = DIRECTION ( 'NONE',  ( 0.000000000000000000, 0.000000000000000000, -1.000000000000000000 ) ) ;
#4654 = AXIS2_PLACEMENT_3D ( 'NONE', #599, #4348, #2480 ) ;
#4655 = VECTOR ( 'NONE', #1315, 1000.000000000000000 ) ;
#4656 = CARTESIAN_POINT ( 'NONE',  ( 0.000000000000000000, 0.000000000000000000, 0.000000000000000000 ) ) ;
#4657 = VERTEX_POINT ( 'NONE', #1363 ) ;
#4658 = VECTOR ( 'NONE', #3331, 1000.000000000000000 ) ;
#4659 = EDGE_LOOP ( 'NONE', ( #1806, #615, #4405, #4259 ) ) ;
#4660 = AXIS2_PLACEMENT_3D ( 'NONE', #669, #1071, #2895 ) ;
#4661 = CARTESIAN_POINT ( 'NONE',  ( 53.54663872195364149, 0.1149736619843802071, 0.000000000000000000 ) ) ;
#4662 = CARTESIAN_POINT ( 'NONE',  ( 85.80631054773481026, -9.028381089572123486, 6.000000000000000000 ) ) ;
#4663 = VERTEX_POINT ( 'NONE', #4399 ) ;
#4664 = ORIENTED_EDGE ( 'NONE', *, *, #3309, .F. ) ;
#4665 = LINE ( 'NONE', #765, #1360 ) ;
#4666 = DIRECTION ( 'NONE',  ( -0.000000000000000000, 0.000000000000000000, 1.000000000000000000 ) ) ;
#4667 = DIRECTION ( 'NONE',  ( 1.000000000000000000, 0.000000000000000000, 0.000000000000000000 ) ) ;
#4668 = CARTESIAN_POINT ( 'NONE',  ( 30.00000000000000000, -10.00000000000000000, 6.000000000000000000 ) ) ;
#4669 = ORIENTED_EDGE ( 'NONE', *, *, #606, .F. ) ;
#4670 = AXIS2_PLACEMENT_3D ( 'NONE', #4904, #1465, #284 ) ;
#4671 = CYLINDRICAL_SURFACE ( 'NONE', #3996, 0.5000000000000000000 ) ;
#4672 = DIRECTION ( 'NONE',  ( 0.3572523020262909355, -0.9340079189690608796, 0.000000000000000000 ) ) ;
#4673 = ORIENTED_EDGE ( 'NONE', *, *, #1416, .T. ) ;
#4674 = CARTESIAN_POINT ( 'NONE',  ( 75.03524120961040467, -0.08500000000000867972, 6.000000000000000000 ) ) ;
#4675 = CARTESIAN_POINT ( 'NONE',  ( 50.26928120398978450, -8.000000000000000000, 6.000000000000000000 ) ) ;
#4676 = VECTOR ( 'NONE', #4353, 1000.000000000000000 ) ;
#4677 = ADVANCED_FACE ( 'NONE', ( #2066 ), #3565, .F. ) ;
#4678 = CARTESIAN_POINT ( 'NONE',  ( 32.40186744790631934, -9.004493715395035736, 6.000000000000000000 ) ) ;
#4679 = EDGE_CURVE ( 'NONE', #3313, #42, #1771, .T. ) ;
#4680 = AXIS2_PLACEMENT_3D ( 'NONE', #1206, #2776, #3165 ) ;
#4681 = AXIS2_PLACEMENT_3D ( 'NONE', #993, #519, #2893 ) ;
#4682 = CARTESIAN_POINT ( 'NONE',  ( 41.99999999999999289, 11.82992782986672964, 6.000000000000000000 ) ) ;
#4683 = ORIENTED_EDGE ( 'NONE', *, *, #3261, .T. ) ;
#4684 = EDGE_CURVE ( 'NONE', #4019, #4525, #3217, .T. ) ;
#4685 = DIRECTION ( 'NONE',  ( 0.000000000000000000, -0.000000000000000000, -1.000000000000000000 ) ) ;
#4686 = AXIS2_PLACEMENT_3D ( 'NONE', #4070, #1411, #2193 ) ;
#4687 = CARTESIAN_POINT ( 'NONE',  ( 6.940588291844330904, -10.00000000000000355, -4.000000000000000000 ) ) ;
#4688 = ORIENTED_EDGE ( 'NONE', *, *, #2064, .T. ) ;
#4689 = ORIENTED_EDGE ( 'NONE', *, *, #592, .F. ) ;
#4690 = DIRECTION ( 'NONE',  ( 1.000000000000000000, 0.000000000000000000, 0.000000000000000000 ) ) ;
#4691 = DIRECTION ( 'NONE',  ( 0.000000000000000000, 0.000000000000000000, -1.000000000000000000 ) ) ;
#4692 = DIRECTION ( 'NONE',  ( 1.000000000000000000, 0.000000000000000000, 0.000000000000000000 ) ) ;
#4693 = CARTESIAN_POINT ( 'NONE',  ( 32.86376503404214588, -8.813050199124850437, 6.000000000000000000 ) ) ;
#4694 = ORIENTED_EDGE ( 'NONE', *, *, #3498, .F. ) ;
#4695 = FACE_OUTER_BOUND ( 'NONE', #2381, .T. ) ;
#4696 = CARTESIAN_POINT ( 'NONE',  ( 63.90731863861241635, 15.21261064666438934, -4.000000000000000000 ) ) ;
#4697 = VERTEX_POINT ( 'NONE', #4375 ) ;
#4698 = DIRECTION ( 'NONE',  ( -0.000000000000000000, 0.000000000000000000, 1.000000000000000000 ) ) ;
#4699 = FACE_OUTER_BOUND ( 'NONE', #2178, .T. ) ;
#4700 = DIRECTION ( 'NONE',  ( 1.000000000000000000, 0.000000000000000000, 0.000000000000000000 ) ) ;
#4701 = EDGE_CURVE ( 'NONE', #863, #1761, #4024, .T. ) ;
#4702 = CARTESIAN_POINT ( 'NONE',  ( 61.01581468047283607, -14.59607809024561220, 6.000000000000000000 ) ) ;
#4703 = EDGE_CURVE ( 'NONE', #4139, #4933, #319, .T. ) ;
#4704 = VERTEX_POINT ( 'NONE', #576 ) ;
#4705 = DIRECTION ( 'NONE',  ( 0.000000000000000000, 1.000000000000000000, -0.000000000000000000 ) ) ;
#4706 = ORIENTED_EDGE ( 'NONE', *, *, #2259, .F. ) ;
#4707 = VECTOR ( 'NONE', #3626, 1000.000000000000000 ) ;
#4708 = CIRCLE ( 'NONE', #1251, 0.5000000000000004441 ) ;
#4709 = ADVANCED_FACE ( 'NONE', ( #1284 ), #3286, .T. ) ;
#4710 = DIRECTION ( 'NONE',  ( 1.000000000000000000, 0.000000000000000000, 0.000000000000000000 ) ) ;
#4711 = DIRECTION ( 'NONE',  ( 0.000000000000000000, -0.000000000000000000, -1.000000000000000000 ) ) ;
#4712 = ORIENTED_EDGE ( 'NONE', *, *, #1039, .T. ) ;
#4713 = ORIENTED_EDGE ( 'NONE', *, *, #4901, .F. ) ;
#4714 = ORIENTED_EDGE ( 'NONE', *, *, #1513, .T. ) ;
#4715 = CARTESIAN_POINT ( 'NONE',  ( 38.00000000000000000, -8.000000000000001776, 6.000000000000000000 ) ) ;
#4716 = CARTESIAN_POINT ( 'NONE',  ( 39.08166334869103054, 22.40091862176156567, 6.000000000000000000 ) ) ;
#4717 = DIRECTION ( 'NONE',  ( 0.000000000000000000, -1.000000000000000000, 0.000000000000000000 ) ) ;
#4718 = LINE ( 'NONE', #1273, #2666 ) ;
#4719 = ORIENTED_EDGE ( 'NONE', *, *, #530, .T. ) ;
#4720 = CARTESIAN_POINT ( 'NONE',  ( 88.46616653078872616, 14.33580445218809984, 0.000000000000000000 ) ) ;
#4721 = DIRECTION ( 'NONE',  ( 0.000000000000000000, 0.000000000000000000, 1.000000000000000000 ) ) ;
#4722 = ORIENTED_EDGE ( 'NONE', *, *, #4356, .F. ) ;
#4723 = DIRECTION ( 'NONE',  ( 1.000000000000000000, 0.000000000000000000, 0.000000000000000000 ) ) ;
#4724 = DIRECTION ( 'NONE',  ( 1.000000000000000000, 0.000000000000000000, 0.000000000000000000 ) ) ;
#4725 = AXIS2_PLACEMENT_3D ( 'NONE', #4767, #4012, #1621 ) ;
#4726 = DIRECTION ( 'NONE',  ( 0.000000000000000000, -0.000000000000000000, -1.000000000000000000 ) ) ;
#4727 = CIRCLE ( 'NONE', #378, 1.599999999999990319 ) ;
#4728 = ORIENTED_EDGE ( 'NONE', *, *, #3364, .F. ) ;
#4729 = DIRECTION ( 'NONE',  ( 1.000000000000000000, 4.163336342344336238E-15, 0.000000000000000000 ) ) ;
#4730 = ORIENTED_EDGE ( 'NONE', *, *, #2535, .F. ) ;
#4731 = EDGE_CURVE ( 'NONE', #3255, #3601, #2272, .T. ) ;
#4732 = EDGE_CURVE ( 'NONE', #1404, #4096, #1100, .T. ) ;
#4733 = DIRECTION ( 'NONE',  ( -0.000000000000000000, -0.000000000000000000, 1.000000000000000000 ) ) ;
#4734 = CIRCLE ( 'NONE', #1845, 42.00010206398129498 ) ;
#4735 = CARTESIAN_POINT ( 'NONE',  ( 7.914947855045721958, 40.51676945326443047, 6.000000000000000000 ) ) ;
#4736 = ADVANCED_FACE ( 'NONE', ( #1468 ), #650, .T. ) ;
#4737 = AXIS2_PLACEMENT_3D ( 'NONE', #4233, #783, #2334 ) ;
#4738 = VERTEX_POINT ( 'NONE', #1413 ) ;
#4739 = EDGE_CURVE ( 'NONE', #3301, #1022, #3871, .T. ) ;
#4740 = CIRCLE ( 'NONE', #3212, 29.22992782986673888 ) ;
#4741 = ORIENTED_EDGE ( 'NONE', *, *, #3345, .F. ) ;
#4742 = LINE ( 'NONE', #4379, #2879 ) ;
#4743 = CYLINDRICAL_SURFACE ( 'NONE', #2606, 13.99999999999999822 ) ;
#4744 = DIRECTION ( 'NONE',  ( -0.1779529695023797375, -0.9840389934577212783, 0.000000000000000000 ) ) ;
#4745 = CARTESIAN_POINT ( 'NONE',  ( 87.03228867700198634, -8.228761542748740609, 0.000000000000000000 ) ) ;
#4746 = VERTEX_POINT ( 'NONE', #4879 ) ;
#4747 = ORIENTED_EDGE ( 'NONE', *, *, #3045, .T. ) ;
#4748 = EDGE_CURVE ( 'NONE', #42, #4033, #3775, .T. ) ;
#4749 = CARTESIAN_POINT ( 'NONE',  ( 65.63841601707704854, -9.209196517097581136, 6.000000000000000000 ) ) ;
#4750 = AXIS2_PLACEMENT_3D ( 'NONE', #3119, #832, #3490 ) ;
#4751 = AXIS2_PLACEMENT_3D ( 'NONE', #3024, #4881, #3112 ) ;
#4752 = CARTESIAN_POINT ( 'NONE',  ( 1.967003959484531883, 25.14257644914167855, 0.000000000000000000 ) ) ;
#4753 = DIRECTION ( 'NONE',  ( -0.000000000000000000, -0.000000000000000000, 1.000000000000000000 ) ) ;
#4754 = CARTESIAN_POINT ( 'NONE',  ( 32.60910690608231732, 39.32290607735492927, 6.000000000000000000 ) ) ;
#4755 = SURFACE_SIDE_STYLE ('',( #3639 ) ) ;
#4756 = AXIS2_PLACEMENT_3D ( 'NONE', #672, #2247, #648 ) ;
#4757 = AXIS2_PLACEMENT_3D ( 'NONE', #3459, #2328, #1252 ) ;
#4758 = CARTESIAN_POINT ( 'NONE',  ( 0.5000000000000004441, -10.50000000000000533, -4.000000000000000000 ) ) ;
#4759 = CIRCLE ( 'NONE', #160, 1.600000000000004086 ) ;
#4760 = DIRECTION ( 'NONE',  ( 1.000000000000000000, 6.938893903907222067E-14, 0.000000000000000000 ) ) ;
#4761 = AXIS2_PLACEMENT_3D ( 'NONE', #2230, #2656, #657 ) ;
#4762 = ORIENTED_EDGE ( 'NONE', *, *, #391, .F. ) ;
#4763 = DIRECTION ( 'NONE',  ( -0.000000000000000000, -1.000000000000000000, -0.000000000000000000 ) ) ;
#4764 = LINE ( 'NONE', #1794, #2280 ) ;
#4765 = ORIENTED_EDGE ( 'NONE', *, *, #1193, .F. ) ;
#4766 = EDGE_LOOP ( 'NONE', ( #1848, #17, #1951, #673 ) ) ;
#4767 = CARTESIAN_POINT ( 'NONE',  ( 0.000000000000000000, -20.00000000000000000, 6.000000000000000000 ) ) ;
#4768 = EDGE_CURVE ( 'NONE', #4529, #1436, #2999, .T. ) ;
#4769 = AXIS2_PLACEMENT_3D ( 'NONE', #3091, #4627, #724 ) ;
#4770 = EDGE_CURVE ( 'NONE', #3941, #991, #1441, .T. ) ;
#4771 = CARTESIAN_POINT ( 'NONE',  ( 0.000000000000000000, 10.89999999999999503, 0.000000000000000000 ) ) ;
#4772 = LINE ( 'NONE', #2541, #846 ) ;
#4773 = DIRECTION ( 'NONE',  ( 0.000000000000000000, 1.000000000000000000, -0.000000000000000000 ) ) ;
#4774 = ORIENTED_EDGE ( 'NONE', *, *, #1418, .T. ) ;
#4775 = EDGE_CURVE ( 'NONE', #1404, #3313, #2196, .T. ) ;
#4776 = ORIENTED_EDGE ( 'NONE', *, *, #1163, .T. ) ;
#4777 = DIRECTION ( 'NONE',  ( 1.000000000000000000, 0.000000000000000000, 0.000000000000000000 ) ) ;
#4778 = CARTESIAN_POINT ( 'NONE',  ( 74.33524120961040182, -20.00000000000000000, 6.000000000000000000 ) ) ;
#4779 = ORIENTED_EDGE ( 'NONE', *, *, #2191, .T. ) ;
#4780 = CARTESIAN_POINT ( 'NONE',  ( 60.55214889042371595, -0.7850263380156187187, -4.000000000000000000 ) ) ;
#4781 = CARTESIAN_POINT ( 'NONE',  ( 65.61827727396291721, 10.92048909566104342, 6.000000000000000000 ) ) ;
#4782 = EDGE_CURVE ( 'NONE', #26, #1585, #2250, .T. ) ;
#4783 = FACE_OUTER_BOUND ( 'NONE', #2256, .T. ) ;
#4784 = CARTESIAN_POINT ( 'NONE',  ( 6.940588291844330904, 9.999999999999994671, 6.000000000000000000 ) ) ;
#4785 = DIRECTION ( 'NONE',  ( 0.000000000000000000, -0.000000000000000000, -1.000000000000000000 ) ) ;
#4786 = VERTEX_POINT ( 'NONE', #1078 ) ;
#4787 = DIRECTION ( 'NONE',  ( -1.871096872846983915E-16, 1.000000000000000000, -0.000000000000000000 ) ) ;
#4788 = VERTEX_POINT ( 'NONE', #2625 ) ;
#4789 = VERTEX_POINT ( 'NONE', #1788 ) ;
#4790 = LINE ( 'NONE', #537, #3673 ) ;
#4791 = AXIS2_PLACEMENT_3D ( 'NONE', #784, #3831, #1085 ) ;
#4792 = CARTESIAN_POINT ( 'NONE',  ( 2.000000000000003553, 25.32120260015482316, 6.000000000000000000 ) ) ;
#4793 = DIRECTION ( 'NONE',  ( 0.000000000000000000, 0.000000000000000000, -1.000000000000000000 ) ) ;
#4794 = VERTEX_POINT ( 'NONE', #4932 ) ;
#4795 = ORIENTED_EDGE ( 'NONE', *, *, #3220, .F. ) ;
#4796 = VERTEX_POINT ( 'NONE', #3803 ) ;
#4797 = EDGE_CURVE ( 'NONE', #3418, #406, #677, .T. ) ;
#4798 = AXIS2_PLACEMENT_3D ( 'NONE', #446, #7, #808 ) ;
#4799 = ADVANCED_FACE ( 'NONE', ( #3696 ), #2279, .T. ) ;
#4800 = DIRECTION ( 'NONE',  ( 0.000000000000000000, -0.000000000000000000, -1.000000000000000000 ) ) ;
#4801 = DIRECTION ( 'NONE',  ( -1.000000000000000000, 0.000000000000000000, 0.000000000000000000 ) ) ;
#4802 = ORIENTED_EDGE ( 'NONE', *, *, #4580, .T. ) ;
#4803 = ORIENTED_EDGE ( 'NONE', *, *, #1847, .T. ) ;
#4804 = DIRECTION ( 'NONE',  ( 0.000000000000000000, 0.000000000000000000, 1.000000000000000000 ) ) ;
#4805 = CARTESIAN_POINT ( 'NONE',  ( 10.64477037368624757, 32.84782608695652328, 0.000000000000000000 ) ) ;
#4806 = ORIENTED_EDGE ( 'NONE', *, *, #4299, .T. ) ;
#4807 = EDGE_CURVE ( 'NONE', #320, #2216, #2971, .T. ) ;
#4808 = CYLINDRICAL_SURFACE ( 'NONE', #3136, 2.000000000000000000 ) ;
#4809 = CIRCLE ( 'NONE', #2483, 0.5000000000000004441 ) ;
#4810 = LINE ( 'NONE', #3216, #4578 ) ;
#4811 = ORIENTED_EDGE ( 'NONE', *, *, #3333, .F. ) ;
#4812 = FACE_OUTER_BOUND ( 'NONE', #3022, .T. ) ;
#4813 = CARTESIAN_POINT ( 'NONE',  ( 32.38794526874199420, 8.971546115038353975, 6.000000000000000000 ) ) ;
#4814 = ORIENTED_EDGE ( 'NONE', *, *, #4893, .T. ) ;
#4815 = ORIENTED_EDGE ( 'NONE', *, *, #1073, .T. ) ;
#4816 = DIRECTION ( 'NONE',  ( -6.313797493116069031E-17, 1.000000000000000000, 0.000000000000000000 ) ) ;
#4817 = DIRECTION ( 'NONE',  ( -1.219727444046192242E-16, 1.000000000000000000, 0.000000000000000000 ) ) ;
#4818 = ORIENTED_EDGE ( 'NONE', *, *, #2320, .T. ) ;
#4819 = ORIENTED_EDGE ( 'NONE', *, *, #4616, .T. ) ;
#4820 = VERTEX_POINT ( 'NONE', #2166 ) ;
#4821 = CARTESIAN_POINT ( 'NONE',  ( 0.000000000000000000, 9.499999999999994671, 0.000000000000000000 ) ) ;
#4822 = CARTESIAN_POINT ( 'NONE',  ( 59.62031337974367062, -15.50000000000000711, 6.000000000000000000 ) ) ;
#4823 = EDGE_LOOP ( 'NONE', ( #453, #2822, #2284, #3543 ) ) ;
#4824 = LINE ( 'NONE', #1379, #1398 ) ;
#4825 = AXIS2_PLACEMENT_3D ( 'NONE', #4310, #40, #2490 ) ;
#4826 = DIRECTION ( 'NONE',  ( 0.000000000000000000, -0.000000000000000000, -1.000000000000000000 ) ) ;
#4827 = ORIENTED_EDGE ( 'NONE', *, *, #1974, .F. ) ;
#4828 = AXIS2_PLACEMENT_3D ( 'NONE', #3219, #1764, #1343 ) ;
#4829 = CARTESIAN_POINT ( 'NONE',  ( 74.83524120961040182, 0.000000000000000000, 0.000000000000000000 ) ) ;
#4830 = ADVANCED_FACE ( 'NONE', ( #4152 ), #3753, .T. ) ;
#4831 = EDGE_CURVE ( 'NONE', #3948, #187, #158, .T. ) ;
#4832 = EDGE_CURVE ( 'NONE', #3087, #4217, #2431, .T. ) ;
#4833 = CARTESIAN_POINT ( 'NONE',  ( 65.23391854806357060, 10.60069483394731016, -4.000000000000000000 ) ) ;
#4834 = AXIS2_PLACEMENT_3D ( 'NONE', #417, #2771, #1533 ) ;
#4835 = DIRECTION ( 'NONE',  ( -0.000000000000000000, 0.000000000000000000, 1.000000000000000000 ) ) ;
#4836 = EDGE_CURVE ( 'NONE', #4126, #3499, #4984, .T. ) ;
#4837 = DIRECTION ( 'NONE',  ( -0.000000000000000000, -0.000000000000000000, 1.000000000000000000 ) ) ;
#4838 = VECTOR ( 'NONE', #4582, 1000.000000000000000 ) ;
#4839 = EDGE_LOOP ( 'NONE', ( #3349, #2731, #4216, #4151 ) ) ;
#4840 = ORIENTED_EDGE ( 'NONE', *, *, #1970, .F. ) ;
#4841 = CARTESIAN_POINT ( 'NONE',  ( 37.59013747180566867, 8.424160513609029621, 6.000000000000000000 ) ) ;
#4842 = AXIS2_PLACEMENT_3D ( 'NONE', #470, #848, #3436 ) ;
#4843 = DIRECTION ( 'NONE',  ( 0.000000000000000000, -0.000000000000000000, -1.000000000000000000 ) ) ;
#4844 = DIRECTION ( 'NONE',  ( -1.000000000000000000, 0.000000000000000000, 0.000000000000000000 ) ) ;
#4845 = ORIENTED_EDGE ( 'NONE', *, *, #740, .F. ) ;
#4846 = VERTEX_POINT ( 'NONE', #4132 ) ;
#4847 = CYLINDRICAL_SURFACE ( 'NONE', #3921, 13.50000000000000000 ) ;
#4848 = DIRECTION ( 'NONE',  ( -0.7077394691650420455, -0.7064735265995354396, 0.000000000000000000 ) ) ;
#4849 = CARTESIAN_POINT ( 'NONE',  ( 59.62031337974367062, -15.50000000000000711, -4.000000000000000000 ) ) ;
#4850 = DIRECTION ( 'NONE',  ( -0.000000000000000000, 0.000000000000000000, 1.000000000000000000 ) ) ;
#4851 = CIRCLE ( 'NONE', #2529, 4.000000000000003553 ) ;
#4852 = ORIENTED_EDGE ( 'NONE', *, *, #4836, .F. ) ;
#4853 = ORIENTED_EDGE ( 'NONE', *, *, #807, .T. ) ;
#4854 = DIRECTION ( 'NONE',  ( -0.000000000000000000, -0.000000000000000000, -1.000000000000000000 ) ) ;
#4855 = CARTESIAN_POINT ( 'NONE',  ( 59.62031337974367062, -15.50000000000000711, 6.000000000000000000 ) ) ;
#4856 = DIRECTION ( 'NONE',  ( -1.000000000000000000, 0.000000000000000000, 0.000000000000000000 ) ) ;
#4857 = ORIENTED_EDGE ( 'NONE', *, *, #3726, .T. ) ;
#4858 = EDGE_CURVE ( 'NONE', #1719, #2216, #2278, .T. ) ;
#4859 = EDGE_CURVE ( 'NONE', #187, #2958, #2355, .T. ) ;
#4860 = CARTESIAN_POINT ( 'NONE',  ( 2.500000000000001776, 35.50000000000000711, 6.000000000000000000 ) ) ;
#4861 = VERTEX_POINT ( 'NONE', #3092 ) ;
#4862 = CYLINDRICAL_SURFACE ( 'NONE', #817, 32.42992782986669198 ) ;
#4863 = VERTEX_POINT ( 'NONE', #1935 ) ;
#4864 = ORIENTED_EDGE ( 'NONE', *, *, #1112, .T. ) ;
#4865 = VERTEX_POINT ( 'NONE', #2704 ) ;
#4866 = CARTESIAN_POINT ( 'NONE',  ( 75.03524120961040467, -0.08500000000000867972, 6.000000000000000000 ) ) ;
#4867 = EDGE_CURVE ( 'NONE', #459, #1626, #52, .T. ) ;
#4868 = DIRECTION ( 'NONE',  ( -0.000000000000000000, -0.000000000000000000, 1.000000000000000000 ) ) ;
#4869 = ORIENTED_EDGE ( 'NONE', *, *, #1462, .F. ) ;
#4870 = EDGE_LOOP ( 'NONE', ( #3749, #4811, #3427, #33 ) ) ;
#4871 = CARTESIAN_POINT ( 'NONE',  ( 0.000000000000000000, 0.000000000000000000, 0.000000000000000000 ) ) ;
#4872 = EDGE_LOOP ( 'NONE', ( #134, #4079, #1108, #1433 ) ) ;
#4873 = DIRECTION ( 'NONE',  ( 0.9863939238321437486, 0.1643989873053570139, 0.000000000000000000 ) ) ;
#4874 = DIRECTION ( 'NONE',  ( 1.000000000000000000, 3.469446951953611033E-15, 0.000000000000000000 ) ) ;
#4875 = ORIENTED_EDGE ( 'NONE', *, *, #1039, .F. ) ;
#4876 = CARTESIAN_POINT ( 'NONE',  ( 87.99517105302770403, 15.46572339548547426, 0.000000000000000000 ) ) ;
#4877 = DIRECTION ( 'NONE',  ( 1.000000000000000000, 0.000000000000000000, 0.000000000000000000 ) ) ;
#4878 = VECTOR ( 'NONE', #2995, 1000.000000000000000 ) ;
#4879 = CARTESIAN_POINT ( 'NONE',  ( 37.58238007957315574, -8.533511235727862854, 0.000000000000000000 ) ) ;
#4880 = VECTOR ( 'NONE', #1804, 1000.000000000000114 ) ;
#4881 = DIRECTION ( 'NONE',  ( 0.000000000000000000, -0.000000000000000000, -1.000000000000000000 ) ) ;
#4882 = EDGE_CURVE ( 'NONE', #1403, #1114, #4607, .T. ) ;
#4883 = ORIENTED_EDGE ( 'NONE', *, *, #4650, .T. ) ;
#4884 = CARTESIAN_POINT ( 'NONE',  ( 75.03524120961040467, -0.08500000000000867972, 0.000000000000000000 ) ) ;
#4885 = CIRCLE ( 'NONE', #2650, 0.5000000000000004441 ) ;
#4886 = ORIENTED_EDGE ( 'NONE', *, *, #3248, .T. ) ;
#4887 = VECTOR ( 'NONE', #2540, 1000.000000000000000 ) ;
#4888 = CARTESIAN_POINT ( 'NONE',  ( 42.81769502456727139, 23.82992782986672964, 0.000000000000000000 ) ) ;
#4889 = LINE ( 'NONE', #1113, #3413 ) ;
#4890 = EDGE_LOOP ( 'NONE', ( #4728, #4046, #739, #3032 ) ) ;
#4891 = ORIENTED_EDGE ( 'NONE', *, *, #2096, .F. ) ;
#4892 = ORIENTED_EDGE ( 'NONE', *, *, #367, .F. ) ;
#4893 = EDGE_CURVE ( 'NONE', #3425, #535, #3532, .T. ) ;
#4894 = DIRECTION ( 'NONE',  ( -0.000000000000000000, 0.000000000000000000, 1.000000000000000000 ) ) ;
#4895 = CARTESIAN_POINT ( 'NONE',  ( 64.65643493577675827, -10.18942111638224368, 6.000000000000000000 ) ) ;
#4896 = VERTEX_POINT ( 'NONE', #1582 ) ;
#4897 = DIRECTION ( 'NONE',  ( 1.000000000000000000, -0.000000000000000000, -0.000000000000000000 ) ) ;
#4898 = CIRCLE ( 'NONE', #4654, 0.5000000000000004441 ) ;
#4899 = DIRECTION ( 'NONE',  ( 0.000000000000000000, -0.000000000000000000, -1.000000000000000000 ) ) ;
#4900 = AXIS2_PLACEMENT_3D ( 'NONE', #3756, #3002, #2254 ) ;
#4901 = EDGE_CURVE ( 'NONE', #2944, #4704, #2831, .T. ) ;
#4902 = CARTESIAN_POINT ( 'NONE',  ( 62.14985946672261719, 15.71456088751147284, -4.000000000000000000 ) ) ;
#4903 = AXIS2_PLACEMENT_3D ( 'NONE', #1461, #3659, #204 ) ;
#4904 = CARTESIAN_POINT ( 'NONE',  ( 59.62031337974367062, -15.50000000000000711, 6.000000000000000000 ) ) ;
#4905 = ORIENTED_EDGE ( 'NONE', *, *, #675, .F. ) ;
#4906 = CARTESIAN_POINT ( 'NONE',  ( 90.18648690319045613, -11.47588691394845739, 6.000000000000000000 ) ) ;
#4907 = VECTOR ( 'NONE', #2169, 1000.000000000000000 ) ;
#4908 = AXIS2_PLACEMENT_3D ( 'NONE', #4039, #962, #174 ) ;
#4909 = DIRECTION ( 'NONE',  ( 0.000000000000000000, 1.000000000000000000, -0.000000000000000000 ) ) ;
#4910 = DIRECTION ( 'NONE',  ( 0.000000000000000000, 0.000000000000000000, -1.000000000000000000 ) ) ;
#4911 = STYLED_ITEM ( 'NONE', ( #867 ), #4435 ) ;
#4912 = VERTEX_POINT ( 'NONE', #777 ) ;
#4913 = CARTESIAN_POINT ( 'NONE',  ( 94.95024120961039671, 0.000000000000000000, 6.000000000000000000 ) ) ;
#4914 = PRODUCT_DEFINITION_FORMATION_WITH_SPECIFIED_SOURCE ( 'ANY', '', #3820, .NOT_KNOWN. ) ;
#4915 = DIRECTION ( 'NONE',  ( 1.000000000000000000, -3.469446951953611033E-15, 0.000000000000000000 ) ) ;
#4916 = VERTEX_POINT ( 'NONE', #4249 ) ;
#4917 = ORIENTED_EDGE ( 'NONE', *, *, #3367, .F. ) ;
#4918 = AXIS2_PLACEMENT_3D ( 'NONE', #2205, #4558, #3758 ) ;
#4919 = EDGE_CURVE ( 'NONE', #1538, #42, #1779, .T. ) ;
#4920 = CARTESIAN_POINT ( 'NONE',  ( 0.000000000000000000, 34.50000000000000000, 6.000000000000000000 ) ) ;
#4921 = VERTEX_POINT ( 'NONE', #1233 ) ;
#4922 = EDGE_CURVE ( 'NONE', #712, #1452, #4628, .T. ) ;
#4923 = CARTESIAN_POINT ( 'NONE',  ( 0.5000000000000004441, 10.39999999999999503, 6.000000000000000000 ) ) ;
#4924 = DIRECTION ( 'NONE',  ( 1.000000000000000000, -1.734723475976805517E-15, 0.000000000000000000 ) ) ;
#4925 = AXIS2_PLACEMENT_3D ( 'NONE', #923, #2873, #492 ) ;
#4926 = AXIS2_PLACEMENT_3D ( 'NONE', #4596, #2695, #4621 ) ;
#4927 = LINE ( 'NONE', #1509, #1319 ) ;
#4928 = CARTESIAN_POINT ( 'NONE',  ( 85.13493977459157236, 10.29748953269479728, 0.000000000000000000 ) ) ;
#4929 = EDGE_CURVE ( 'NONE', #510, #4863, #3068, .T. ) ;
#4930 = ORIENTED_EDGE ( 'NONE', *, *, #3309, .T. ) ;
#4931 = CARTESIAN_POINT ( 'NONE',  ( 85.80631054773481026, -9.028381089572121709, -4.000000000000000000 ) ) ;
#4932 = CARTESIAN_POINT ( 'NONE',  ( 6.940588291844330904, -10.00000000000000355, 6.000000000000000000 ) ) ;
#4933 = VERTEX_POINT ( 'NONE', #1558 ) ;
#4934 = CARTESIAN_POINT ( 'NONE',  ( 0.5000000000000000000, -9.600000000000003197, 0.000000000000000000 ) ) ;
#4935 = DIRECTION ( 'NONE',  ( -0.000000000000000000, -0.000000000000000000, 1.000000000000000000 ) ) ;
#4936 = ORIENTED_EDGE ( 'NONE', *, *, #4419, .T. ) ;
#4937 = CARTESIAN_POINT ( 'NONE',  ( 12.39089309391767557, 38.28833632242575646, 6.000000000000000000 ) ) ;
#4938 = CARTESIAN_POINT ( 'NONE',  ( 94.95024120961039671, 15.82992782986673141, 6.000000000000000000 ) ) ;
#4939 = ORIENTED_EDGE ( 'NONE', *, *, #4220, .T. ) ;
#4940 = EDGE_LOOP ( 'NONE', ( #4741, #4284, #3437, #4003, #94, #295, #4961, #350, #4509, #3552, #3450, #412, #1052, #32, #2223, #3496, #3272, #4176, #1673, #4806, #670, #910, #2752, #3269, #2151, #1375, #2387, #1687, #1684, #2144, #4197, #3057, #2136, #1036, #3663, #3171, #2304, #2293, #4209, #1312, #3296, #2664, #2884, #3223, #4962, #2249, #2042, #3672, #364, #2252, #4819, #4930, #4535, #915, #4857, #4077, #3788, #2403, #1286, #2017, #4629, #2979, #2667, #1874, #196, #2810, #2219, #649, #1116, #1768, #4166, #4409, #1399, #1442, #1087, #3661, #3245, #4539, #3671, #4864, #3657, #853, #3690, #3295, #2412, #3147, #476, #1309, #820, #1207, #2543, #4388, #1168, #4456, #855, #3166, #1035, #2417, #4322, #3951, #3529, #2538, #1222, #2616, #4122, #2612, #3127, #4364, #3369, #347, #3372, #449, #1007, #4279, #2635, #1421, #4618, #4632, #1518, #3722, #1712, #4869, #1645, #4802, #2993, #3430, #3932, #4331, #758, #92, #1841, #4543, #4116, #3158, #4886, #302, #2584, #1346, #1680, #1186, #3074, #4083, #1322 ) ) ;
#4941 = CARTESIAN_POINT ( 'NONE',  ( 2.500000000000001776, 37.41145303867747174, -9.926209212457735021 ) ) ;
#4942 = DIRECTION ( 'NONE',  ( 1.000000000000000000, 0.000000000000000000, 0.000000000000000000 ) ) ;
#4943 = FACE_OUTER_BOUND ( 'NONE', #4638, .T. ) ;
#4944 = DIRECTION ( 'NONE',  ( 0.000000000000000000, 1.000000000000000000, 0.000000000000000000 ) ) ;
#4945 = ADVANCED_FACE ( 'NONE', ( #801 ), #3873, .F. ) ;
#4946 = DIRECTION ( 'NONE',  ( 1.000000000000000000, 0.000000000000000000, 0.000000000000000000 ) ) ;
#4947 = CARTESIAN_POINT ( 'NONE',  ( 60.24986572178892885, -15.15328797116645809, -4.000000000000000000 ) ) ;
#4948 = EDGE_LOOP ( 'NONE', ( #4107, #1000, #840, #4939 ) ) ;
#4949 = DIRECTION ( 'NONE',  ( 1.000000000000000000, 0.000000000000000000, 0.000000000000000000 ) ) ;
#4950 = AXIS2_PLACEMENT_3D ( 'NONE', #2981, #1921, #4163 ) ;
#4951 = VERTEX_POINT ( 'NONE', #1964 ) ;
#4952 = CARTESIAN_POINT ( 'NONE',  ( 50.26925813911628893, 7.829927829866729638, 6.000000000000000000 ) ) ;
#4953 = EDGE_CURVE ( 'NONE', #2208, #4217, #236, .T. ) ;
#4954 = DIRECTION ( 'NONE',  ( 0.000000000000000000, -0.000000000000000000, -1.000000000000000000 ) ) ;
#4955 = ORIENTED_EDGE ( 'NONE', *, *, #202, .T. ) ;
#4956 = VECTOR ( 'NONE', #1529, 1000.000000000000000 ) ;
#4957 = CARTESIAN_POINT ( 'NONE',  ( 53.54663872195364149, 0.6149736619843803043, 6.000000000000000000 ) ) ;
#4958 = VECTOR ( 'NONE', #151, 1000.000000000000114 ) ;
#4959 = DIRECTION ( 'NONE',  ( 0.000000000000000000, -0.000000000000000000, -1.000000000000000000 ) ) ;
#4960 = EDGE_LOOP ( 'NONE', ( #3257, #327, #2197, #4853 ) ) ;
#4961 = ORIENTED_EDGE ( 'NONE', *, *, #644, .T. ) ;
#4962 = ORIENTED_EDGE ( 'NONE', *, *, #3168, .T. ) ;
#4963 = VECTOR ( 'NONE', #3474, 1000.000000000000000 ) ;
#4964 = DIRECTION ( 'NONE',  ( 0.000000000000000000, 0.000000000000000000, -1.000000000000000000 ) ) ;
#4965 = DIRECTION ( 'NONE',  ( -1.000000000000000000, 0.000000000000000000, 0.000000000000000000 ) ) ;
#4966 = FACE_OUTER_BOUND ( 'NONE', #2933, .T. ) ;
#4967 = CYLINDRICAL_SURFACE ( 'NONE', #2345, 22.00000000000000711 ) ;
#4968 = ORIENTED_EDGE ( 'NONE', *, *, #3222, .T. ) ;
#4969 = DIRECTION ( 'NONE',  ( -1.000000000000000000, 0.000000000000000000, 0.000000000000000000 ) ) ;
#4970 = CARTESIAN_POINT ( 'NONE',  ( 0.000000000000000000, -16.00000000000000000, 6.000000000000000000 ) ) ;
#4971 = ORIENTED_EDGE ( 'NONE', *, *, #1462, .T. ) ;
#4972 = CARTESIAN_POINT ( 'NONE',  ( 59.62031337974367062, -15.50000000000000711, -4.000000000000000000 ) ) ;
#4973 = VECTOR ( 'NONE', #1280, 1000.000000000000000 ) ;
#4974 = EDGE_CURVE ( 'NONE', #4187, #634, #652, .T. ) ;
#4975 = ADVANCED_FACE ( 'NONE', ( #1202 ), #2746, .F. ) ;
#4976 = EDGE_CURVE ( 'NONE', #3095, #4921, #4025, .T. ) ;
#4977 = AXIS2_PLACEMENT_3D ( 'NONE', #2053, #2028, #3228 ) ;
#4978 = DIRECTION ( 'NONE',  ( -0.000000000000000000, 0.000000000000000000, 1.000000000000000000 ) ) ;
#4979 = EDGE_LOOP ( 'NONE', ( #3302, #1454, #4142, #3752 ) ) ;
#4980 = DIRECTION ( 'NONE',  ( 1.000000000000000000, 0.000000000000000000, 0.000000000000000000 ) ) ;
#4981 = EDGE_CURVE ( 'NONE', #3914, #4, #1610, .T. ) ;
#4982 = FACE_OUTER_BOUND ( 'NONE', #2468, .T. ) ;
#4983 = VERTEX_POINT ( 'NONE', #4678 ) ;
#4984 = CIRCLE ( 'NONE', #1707, 0.5000000000000004441 ) ;
#4985 = CARTESIAN_POINT ( 'NONE',  ( 8.675248347093877044, 34.50000000000000000, -9.926209212457735021 ) ) ;
#4986 = CARTESIAN_POINT ( 'NONE',  ( 2.000000000000001776, 36.00000000000000711, -9.926209212457735021 ) ) ;
#4987 = CYLINDRICAL_SURFACE ( 'NONE', #827, 0.5000000000000004441 ) ;
#4988 = CIRCLE ( 'NONE', #2834, 0.5000000000000000000 ) ;
#4989 = CARTESIAN_POINT ( 'NONE',  ( 89.07611538521273076, 16.64536713438168292, -4.000000000000000000 ) ) ;
#4990 = AXIS2_PLACEMENT_3D ( 'NONE', #2426, #2800, #2707 ) ;
#4991 = CARTESIAN_POINT ( 'NONE',  ( 41.99999999999999289, -12.00000000000000000, 6.000000000000000000 ) ) ;
#4992 = CARTESIAN_POINT ( 'NONE',  ( 59.62031337974367062, -15.50000000000000711, 6.000000000000000000 ) ) ;
#4993 = ORIENTED_EDGE ( 'NONE', *, *, #3940, .F. ) ;
#4994 = CARTESIAN_POINT ( 'NONE',  ( 0.000000000000000000, -9.100000000000001421, 6.000000000000000000 ) ) ;
#4995 = CIRCLE ( 'NONE', #1063, 0.5000000000000004441 ) ;
#4996 = VECTOR ( 'NONE', #1308, 1000.000000000000000 ) ;
#4997 = DIRECTION ( 'NONE',  ( 0.000000000000000000, -0.000000000000000000, -1.000000000000000000 ) ) ;
#4998 = VERTEX_POINT ( 'NONE', #4295 ) ;
#4999 = CIRCLE ( 'NONE', #4043, 32.42992782986669198 ) ;
ENDSEC;
END-ISO-10303-21;
