ISO-10303-21;
HEADER;
FILE_DESCRIPTION (( 'STEP AP214' ),
    '1' );
FILE_NAME ('plastic framev5.STEP',
    '2026-08-28T09:07:09',
    ( '' ),
    ( '' ),
    'SwSTEP 2.0',
    'SolidWorks 2021',
    '' );
FILE_SCHEMA (( 'AUTOMOTIVE_DESIGN' ));
ENDSEC;

DATA;
#1 = DIRECTION ( 'NONE',  ( -0.000000000000000000, -0.000000000000000000, -1.000000000000000000 ) ) ;
#2 = EDGE_LOOP ( 'NONE', ( #1400, #1102, #423, #2194 ) ) ;
#3 = ADVANCED_FACE ( 'NONE', ( #1725 ), #437, .F. ) ;
#4 = VERTEX_POINT ( 'NONE', #1946 ) ;
#5 = AXIS2_PLACEMENT_3D ( 'NONE', #2989, #680, #2732 ) ;
#6 = DIRECTION ( 'NONE',  ( 1.000000000000000000, 0.000000000000000000, 0.000000000000000000 ) ) ;
#7 = CARTESIAN_POINT ( 'NONE',  ( 84.24999999999998579, 164.4999999999999716, 0.000000000000000000 ) ) ;
#8 = CIRCLE ( 'NONE', #3024, 3.000000000000002665 ) ;
#9 = MECHANICAL_DESIGN_GEOMETRIC_PRESENTATION_REPRESENTATION (  '', ( #1746 ), #2706 ) ;
#10 = EDGE_LOOP ( 'NONE', ( #1838, #1278, #1402, #2443 ) ) ;
#11 = CARTESIAN_POINT ( 'NONE',  ( 115.2500000000000000, 164.4999999999999716, 8.000000000000000000 ) ) ;
#12 = LINE ( 'NONE', #803, #1059 ) ;
#13 = CARTESIAN_POINT ( 'NONE',  ( 9.999999999999998224, 133.4999999999999432, 5.000000000000000000 ) ) ;
#14 = CARTESIAN_POINT ( 'NONE',  ( 38.00000000000000000, 133.4999999999999432, 8.000000000000000000 ) ) ;
#15 = LINE ( 'NONE', #243, #1409 ) ;
#16 = ORIENTED_EDGE ( 'NONE', *, *, #731, .F. ) ;
#17 = EDGE_CURVE ( 'NONE', #204, #2593, #3057, .T. ) ;
#18 = ORIENTED_EDGE ( 'NONE', *, *, #1015, .T. ) ;
#19 = CARTESIAN_POINT ( 'NONE',  ( 8.750000000000003553, 133.4999999999999432, 0.000000000000000000 ) ) ;
#20 = FACE_OUTER_BOUND ( 'NONE', #888, .T. ) ;
#21 = EDGE_CURVE ( 'NONE', #2336, #3195, #1172, .T. ) ;
#22 = VERTEX_POINT ( 'NONE', #2482 ) ;
#23 = EDGE_LOOP ( 'NONE', ( #934, #86, #1972, #1041 ) ) ;
#24 = AXIS2_PLACEMENT_3D ( 'NONE', #1319, #2607, #2839 ) ;
#25 = FACE_OUTER_BOUND ( 'NONE', #23, .T. ) ;
#26 = EDGE_CURVE ( 'NONE', #1982, #436, #1991, .T. ) ;
#27 = VECTOR ( 'NONE', #2250, 1000.000000000000000 ) ;
#28 = EDGE_CURVE ( 'NONE', #481, #2659, #2574, .T. ) ;
#29 = EDGE_CURVE ( 'NONE', #231, #1169, #1144, .T. ) ;
#30 = AXIS2_PLACEMENT_3D ( 'NONE', #106, #1115, #2981 ) ;
#31 = DIRECTION ( 'NONE',  ( 0.000000000000000000, 0.000000000000000000, 1.000000000000000000 ) ) ;
#32 = EDGE_LOOP ( 'NONE', ( #303, #3156 ) ) ;
#33 = EDGE_CURVE ( 'NONE', #629, #3327, #2469, .T. ) ;
#34 = FILL_AREA_STYLE_COLOUR ( '', #1342 ) ;
#35 = LINE ( 'NONE', #1590, #2034 ) ;
#36 = ORIENTED_EDGE ( 'NONE', *, *, #2922, .F. ) ;
#37 = ORIENTED_EDGE ( 'NONE', *, *, #956, .T. ) ;
#38 = CARTESIAN_POINT ( 'NONE',  ( 91.89999999999992042, 94.49999999999997158, 0.000000000000000000 ) ) ;
#39 = FILL_AREA_STYLE ('',( #2611 ) ) ;
#40 = ORIENTED_EDGE ( 'NONE', *, *, #1665, .F. ) ;
#41 = VERTEX_POINT ( 'NONE', #190 ) ;
#42 = ADVANCED_FACE ( 'NONE', ( #653 ), #1360, .F. ) ;
#43 = CARTESIAN_POINT ( 'NONE',  ( 107.9999999999999858, 94.99999999999998579, -2.000000000000000000 ) ) ;
#44 = CIRCLE ( 'NONE', #1784, 1.599999999999990319 ) ;
#45 = CARTESIAN_POINT ( 'NONE',  ( 113.9999999999999858, 99.99999999999997158, 0.000000000000000000 ) ) ;
#46 = ORIENTED_EDGE ( 'NONE', *, *, #2109, .F. ) ;
#47 = CIRCLE ( 'NONE', #486, 1.250000000000015099 ) ;
#48 = DIRECTION ( 'NONE',  ( 1.000000000000000000, 0.000000000000000000, 0.000000000000000000 ) ) ;
#49 = VECTOR ( 'NONE', #509, 1000.000000000000000 ) ;
#50 = CARTESIAN_POINT ( 'NONE',  ( 7.000000000000000888, 133.4999999999999432, 0.000000000000000000 ) ) ;
#51 = ORIENTED_EDGE ( 'NONE', *, *, #29, .T. ) ;
#52 = DIRECTION ( 'NONE',  ( -1.000000000000000000, 0.000000000000000000, 0.000000000000000000 ) ) ;
#53 = APPLICATION_CONTEXT ( 'automotive_design' ) ;
#54 = DIRECTION ( 'NONE',  ( 1.000000000000000000, 0.000000000000000000, 0.000000000000000000 ) ) ;
#55 = VERTEX_POINT ( 'NONE', #2381 ) ;
#56 = VERTEX_POINT ( 'NONE', #375 ) ;
#57 = CARTESIAN_POINT ( 'NONE',  ( 100.7499999999999574, 109.9999999999999716, 8.000000000000000000 ) ) ;
#58 = CARTESIAN_POINT ( 'NONE',  ( 96.89999999999993463, 0.000000000000000000, 8.000000000000000000 ) ) ;
#59 = VECTOR ( 'NONE', #1505, 1000.000000000000000 ) ;
#60 = CARTESIAN_POINT ( 'NONE',  ( 62.90000000000020464, 101.4999999999999574, 0.000000000000000000 ) ) ;
#61 = CARTESIAN_POINT ( 'NONE',  ( 36.00000000000027711, 94.49999999999992895, -2.000000000000000000 ) ) ;
#62 = EDGE_CURVE ( 'NONE', #2657, #75, #1279, .T. ) ;
#63 = VERTEX_POINT ( 'NONE', #2689 ) ;
#64 = ADVANCED_FACE ( 'NONE', ( #670 ), #2399, .F. ) ;
#65 = ORIENTED_EDGE ( 'NONE', *, *, #1166, .F. ) ;
#66 = FACE_OUTER_BOUND ( 'NONE', #1894, .T. ) ;
#67 = ORIENTED_EDGE ( 'NONE', *, *, #1794, .T. ) ;
#68 = DIRECTION ( 'NONE',  ( 1.000000000000000000, 0.000000000000000000, 0.000000000000000000 ) ) ;
#69 = LINE ( 'NONE', #107, #440 ) ;
#70 = CYLINDRICAL_SURFACE ( 'NONE', #2511, 4.000000000000000000 ) ;
#71 = EDGE_CURVE ( 'NONE', #41, #3239, #838, .T. ) ;
#72 = CARTESIAN_POINT ( 'NONE',  ( 56.50000000000027001, 94.49999999999995737, 0.000000000000000000 ) ) ;
#73 = ORIENTED_EDGE ( 'NONE', *, *, #1232, .T. ) ;
#74 = AXIS2_PLACEMENT_3D ( 'NONE', #1415, #3155, #1901 ) ;
#75 = VERTEX_POINT ( 'NONE', #89 ) ;
#76 = ORIENTED_EDGE ( 'NONE', *, *, #1945, .T. ) ;
#77 = DIRECTION ( 'NONE',  ( -1.000000000000000000, 0.000000000000000000, 0.000000000000000000 ) ) ;
#78 = DIRECTION ( 'NONE',  ( 1.000000000000000000, 0.000000000000000000, 0.000000000000000000 ) ) ;
#79 = AXIS2_PLACEMENT_3D ( 'NONE', #1357, #1079, #354 ) ;
#80 = DIRECTION ( 'NONE',  ( 1.000000000000000000, 0.000000000000000000, 0.000000000000000000 ) ) ;
#81 = LINE ( 'NONE', #99, #3055 ) ;
#82 = EDGE_LOOP ( 'NONE', ( #1710, #1328, #1533, #1773 ) ) ;
#83 = CIRCLE ( 'NONE', #1277, 1.600000000000004086 ) ;
#84 = VERTEX_POINT ( 'NONE', #856 ) ;
#85 = DIRECTION ( 'NONE',  ( 0.000000000000000000, 0.000000000000000000, 1.000000000000000000 ) ) ;
#86 = ORIENTED_EDGE ( 'NONE', *, *, #3203, .F. ) ;
#87 = CIRCLE ( 'NONE', #958, 1.750000000000001554 ) ;
#88 = ADVANCED_FACE ( 'NONE', ( #3153, #2191, #2901, #920, #1175, #2129, #358 ), #2148, .T. ) ;
#89 = CARTESIAN_POINT ( 'NONE',  ( 116.4999999999999858, 133.4999999999999432, 8.000000000000000000 ) ) ;
#90 = FACE_OUTER_BOUND ( 'NONE', #1598, .T. ) ;
#91 = DIRECTION ( 'NONE',  ( -2.322642310931290223E-16, 1.000000000000000000, 0.000000000000000000 ) ) ;
#92 = VERTEX_POINT ( 'NONE', #1413 ) ;
#93 = ORIENTED_EDGE ( 'NONE', *, *, #2419, .T. ) ;
#94 = EDGE_LOOP ( 'NONE', ( #1417, #2890, #2959, #1557 ) ) ;
#95 = ORIENTED_EDGE ( 'NONE', *, *, #2470, .T. ) ;
#96 = DIRECTION ( 'NONE',  ( 1.000000000000000000, 0.000000000000000000, 0.000000000000000000 ) ) ;
#97 = DIRECTION ( 'NONE',  ( 1.000000000000000000, 0.000000000000000000, 0.000000000000000000 ) ) ;
#98 = FACE_BOUND ( 'NONE', #1067, .T. ) ;
#99 = CARTESIAN_POINT ( 'NONE',  ( 100.7499999999999716, 99.99999999999997158, -2.000000000000000000 ) ) ;
#100 = ORIENTED_EDGE ( 'NONE', *, *, #520, .F. ) ;
#101 = ADVANCED_FACE ( 'NONE', ( #612 ), #3170, .F. ) ;
#102 = EDGE_LOOP ( 'NONE', ( #1756, #1215, #2412, #685 ) ) ;
#103 = ADVANCED_FACE ( 'NONE', ( #1938, #1880 ), #2943, .T. ) ;
#104 = CARTESIAN_POINT ( 'NONE',  ( -3.983331563247162445E-14, 171.5000000000000000, 0.000000000000000000 ) ) ;
#105 = ORIENTED_EDGE ( 'NONE', *, *, #986, .T. ) ;
#106 = CARTESIAN_POINT ( 'NONE',  ( 113.4999999999999858, 164.4999999999999716, 0.000000000000000000 ) ) ;
#107 = CARTESIAN_POINT ( 'NONE',  ( 96.89999999999993463, 0.000000000000000000, 4.000000000000000000 ) ) ;
#108 = CARTESIAN_POINT ( 'NONE',  ( 0.000000000000000000, 89.99999999999998579, 8.000000000000000000 ) ) ;
#109 = ORIENTED_EDGE ( 'NONE', *, *, #2509, .T. ) ;
#110 = CIRCLE ( 'NONE', #1464, 11.25000000000001776 ) ;
#111 = ORIENTED_EDGE ( 'NONE', *, *, #1539, .F. ) ;
#112 = VECTOR ( 'NONE', #1410, 1000.000000000000000 ) ;
#113 = EDGE_CURVE ( 'NONE', #905, #2550, #1718, .T. ) ;
#114 = DIRECTION ( 'NONE',  ( 1.000000000000000000, 0.000000000000000000, 0.000000000000000000 ) ) ;
#115 = ORIENTED_EDGE ( 'NONE', *, *, #426, .F. ) ;
#116 = CARTESIAN_POINT ( 'NONE',  ( 115.4999999999999858, 171.5000000000000000, 0.000000000000000000 ) ) ;
#117 = FACE_OUTER_BOUND ( 'NONE', #3198, .T. ) ;
#118 = AXIS2_PLACEMENT_3D ( 'NONE', #867, #1908, #2682 ) ;
#119 = FACE_OUTER_BOUND ( 'NONE', #1896, .T. ) ;
#120 = DIRECTION ( 'NONE',  ( -0.000000000000000000, -0.000000000000000000, -1.000000000000000000 ) ) ;
#121 = ORIENTED_EDGE ( 'NONE', *, *, #1346, .F. ) ;
#122 = CIRCLE ( 'NONE', #2917, 1.750000000000003331 ) ;
#123 = AXIS2_PLACEMENT_3D ( 'NONE', #1864, #2225, #1936 ) ;
#124 = EDGE_LOOP ( 'NONE', ( #2929, #1365 ) ) ;
#125 = CARTESIAN_POINT ( 'NONE',  ( 112.9000000000000057, 156.9999999999999716, 0.000000000000000000 ) ) ;
#126 = DIRECTION ( 'NONE',  ( 1.000000000000000000, 0.000000000000000000, -0.000000000000000000 ) ) ;
#127 = CARTESIAN_POINT ( 'NONE',  ( 97.99999999999997158, 148.9999999999999716, 0.000000000000000000 ) ) ;
#128 = CARTESIAN_POINT ( 'NONE',  ( 47.90000000000021885, 101.4999999999999574, -2.000000000000000000 ) ) ;
#129 = EDGE_LOOP ( 'NONE', ( #2332, #2249 ) ) ;
#130 = VERTEX_POINT ( 'NONE', #2417 ) ;
#131 = EDGE_CURVE ( 'NONE', #2692, #249, #2525, .T. ) ;
#132 = EDGE_LOOP ( 'NONE', ( #3206, #1428, #2103, #834 ) ) ;
#133 = ORIENTED_EDGE ( 'NONE', *, *, #2128, .F. ) ;
#134 = LINE ( 'NONE', #1163, #136 ) ;
#135 = CARTESIAN_POINT ( 'NONE',  ( 113.4999999999999858, 133.4999999999999432, 8.000000000000000000 ) ) ;
#136 = VECTOR ( 'NONE', #1692, 1000.000000000000000 ) ;
#137 = FACE_OUTER_BOUND ( 'NONE', #2642, .T. ) ;
#138 = CARTESIAN_POINT ( 'NONE',  ( 115.2500000000000000, 99.99999999999997158, -2.000000000000000000 ) ) ;
#139 = EDGE_CURVE ( 'NONE', #1292, #607, #2364, .T. ) ;
#140 = ORIENTED_EDGE ( 'NONE', *, *, #1213, .F. ) ;
#141 = EDGE_CURVE ( 'NONE', #1643, #1384, #901, .T. ) ;
#142 = EDGE_LOOP ( 'NONE', ( #2118, #2516 ) ) ;
#143 = CYLINDRICAL_SURFACE ( 'NONE', #1745, 1.600000000000004086 ) ;
#144 = EDGE_CURVE ( 'NONE', #3247, #1416, #2803, .T. ) ;
#145 = AXIS2_PLACEMENT_3D ( 'NONE', #809, #302, #1847 ) ;
#146 = EDGE_CURVE ( 'NONE', #2984, #1603, #1071, .T. ) ;
#147 = CARTESIAN_POINT ( 'NONE',  ( 27.60000000000000497, 94.49999999999994316, 4.000000000000000000 ) ) ;
#148 = DIRECTION ( 'NONE',  ( -0.000000000000000000, -0.000000000000000000, 1.000000000000000000 ) ) ;
#149 = FACE_BOUND ( 'NONE', #1690, .T. ) ;
#150 = CIRCLE ( 'NONE', #1444, 1.750000000000001554 ) ;
#151 = DIRECTION ( 'NONE',  ( 1.000000000000000000, 0.000000000000000000, 0.000000000000000000 ) ) ;
#152 = ORIENTED_EDGE ( 'NONE', *, *, #2011, .F. ) ;
#153 = ORIENTED_EDGE ( 'NONE', *, *, #2419, .F. ) ;
#154 = CARTESIAN_POINT ( 'NONE',  ( 22.50000000000000000, 148.9999999999999716, 8.000000000000000000 ) ) ;
#155 = ORIENTED_EDGE ( 'NONE', *, *, #144, .F. ) ;
#156 = FACE_OUTER_BOUND ( 'NONE', #1914, .T. ) ;
#157 = CARTESIAN_POINT ( 'NONE',  ( 39.75000000000000000, 133.4999999999999432, 8.000000000000000000 ) ) ;
#158 = EDGE_CURVE ( 'NONE', #1906, #3173, #1918, .T. ) ;
#159 = DIRECTION ( 'NONE',  ( 1.000000000000000000, 0.000000000000000000, 0.000000000000000000 ) ) ;
#160 = CYLINDRICAL_SURFACE ( 'NONE', #3150, 1.649999999999998579 ) ;
#161 = VECTOR ( 'NONE', #1797, 1000.000000000000000 ) ;
#162 = CIRCLE ( 'NONE', #1459, 1.600000000000004086 ) ;
#163 = VERTEX_POINT ( 'NONE', #2227 ) ;
#164 = DIRECTION ( 'NONE',  ( 0.000000000000000000, 0.000000000000000000, 1.000000000000000000 ) ) ;
#165 = CARTESIAN_POINT ( 'NONE',  ( 109.6499999999999773, 94.99999999999998579, 8.000000000000000000 ) ) ;
#166 = CARTESIAN_POINT ( 'NONE',  ( 34.00000000000014921, 94.49999999999992895, -2.000000000000000000 ) ) ;
#167 = FACE_BOUND ( 'NONE', #1159, .T. ) ;
#168 = DIRECTION ( 'NONE',  ( 0.000000000000000000, 0.000000000000000000, 1.000000000000000000 ) ) ;
#169 = ORIENTED_EDGE ( 'NONE', *, *, #1520, .T. ) ;
#170 = ORIENTED_EDGE ( 'NONE', *, *, #2429, .F. ) ;
#171 = CARTESIAN_POINT ( 'NONE',  ( 82.49999999999998579, 133.4999999999999432, 8.000000000000000000 ) ) ;
#172 = ORIENTED_EDGE ( 'NONE', *, *, #357, .T. ) ;
#173 = DIRECTION ( 'NONE',  ( -1.000000000000000000, 0.000000000000000000, 0.000000000000000000 ) ) ;
#174 = AXIS2_PLACEMENT_3D ( 'NONE', #3253, #1212, #937 ) ;
#175 = DIRECTION ( 'NONE',  ( -0.000000000000000000, 0.000000000000000000, 1.000000000000000000 ) ) ;
#176 = CIRCLE ( 'NONE', #2799, 1.600000000000004086 ) ;
#177 = CIRCLE ( 'NONE', #2371, 1.600000000000004086 ) ;
#178 = DIRECTION ( 'NONE',  ( -0.000000000000000000, -0.000000000000000000, 1.000000000000000000 ) ) ;
#179 = DIRECTION ( 'NONE',  ( -1.000000000000000000, 0.000000000000000000, 0.000000000000000000 ) ) ;
#180 = EDGE_LOOP ( 'NONE', ( #627, #611 ) ) ;
#181 = VECTOR ( 'NONE', #1368, 1000.000000000000000 ) ;
#182 = ADVANCED_FACE ( 'NONE', ( #2477 ), #2023, .F. ) ;
#183 = CARTESIAN_POINT ( 'NONE',  ( 85.49999999999998579, 164.4999999999999716, 5.000000000000000000 ) ) ;
#184 = CIRCLE ( 'NONE', #2064, 2.000000000000001776 ) ;
#185 = COLOUR_RGB ( '',0.5490196078431373028, 0.1803921568627450955, 0.1803921568627450955 ) ;
#186 = FACE_OUTER_BOUND ( 'NONE', #2214, .T. ) ;
#187 = FACE_BOUND ( 'NONE', #1827, .T. ) ;
#188 = CARTESIAN_POINT ( 'NONE',  ( 113.4999999999999858, 164.4999999999999716, 5.000000000000000000 ) ) ;
#189 = ORIENTED_EDGE ( 'NONE', *, *, #1842, .F. ) ;
#190 = CARTESIAN_POINT ( 'NONE',  ( 24.39999999999999858, 94.49999999999994316, 0.000000000000000000 ) ) ;
#191 = EDGE_LOOP ( 'NONE', ( #2404, #844 ) ) ;
#192 = ADVANCED_FACE ( 'NONE', ( #720, #3046 ), #2496, .T. ) ;
#193 = CARTESIAN_POINT ( 'NONE',  ( 85.49999999999998579, 164.4999999999999716, 8.000000000000000000 ) ) ;
#194 = DIRECTION ( 'NONE',  ( 1.000000000000000000, 0.000000000000000000, 0.000000000000000000 ) ) ;
#195 = ADVANCED_FACE ( 'NONE', ( #186 ), #1481, .F. ) ;
#196 = LINE ( 'NONE', #1221, #320 ) ;
#197 = CIRCLE ( 'NONE', #2934, 1.649999999999998579 ) ;
#198 = CARTESIAN_POINT ( 'NONE',  ( 79.00000000000029843, 94.49999999999994316, 0.000000000000000000 ) ) ;
#199 = CIRCLE ( 'NONE', #779, 2.000000000000001776 ) ;
#200 = CARTESIAN_POINT ( 'NONE',  ( 26.00000000000000355, 94.49999999999994316, 0.000000000000000000 ) ) ;
#201 = DIRECTION ( 'NONE',  ( -1.000000000000000000, 0.000000000000000000, 0.000000000000000000 ) ) ;
#202 = DIRECTION ( 'NONE',  ( 0.000000000000000000, 0.000000000000000000, 1.000000000000000000 ) ) ;
#203 = DIRECTION ( 'NONE',  ( 1.000000000000000000, 0.000000000000000000, 0.000000000000000000 ) ) ;
#204 = VERTEX_POINT ( 'NONE', #1975 ) ;
#205 = CIRCLE ( 'NONE', #2622, 2.999999999999995559 ) ;
#206 = ORIENTED_EDGE ( 'NONE', *, *, #3094, .T. ) ;
#207 = AXIS2_PLACEMENT_3D ( 'NONE', #1645, #1377, #68 ) ;
#208 = LINE ( 'NONE', #3258, #1588 ) ;
#209 = DIRECTION ( 'NONE',  ( -1.000000000000000000, 0.000000000000000000, 0.000000000000000000 ) ) ;
#210 = AXIS2_PLACEMENT_3D ( 'NONE', #2833, #1299, #2062 ) ;
#211 = DIRECTION ( 'NONE',  ( 0.000000000000000000, 0.000000000000000000, 1.000000000000000000 ) ) ;
#212 = LINE ( 'NONE', #1698, #1865 ) ;
#213 = FACE_BOUND ( 'NONE', #2354, .T. ) ;
#214 = EDGE_CURVE ( 'NONE', #3147, #708, #1510, .T. ) ;
#215 = DIRECTION ( 'NONE',  ( 1.000000000000000000, 0.000000000000000000, 0.000000000000000000 ) ) ;
#216 = FACE_BOUND ( 'NONE', #2727, .T. ) ;
#217 = CYLINDRICAL_SURFACE ( 'NONE', #2773, 1.600000000000004086 ) ;
#218 = ORIENTED_EDGE ( 'NONE', *, *, #357, .F. ) ;
#219 = ORIENTED_EDGE ( 'NONE', *, *, #3279, .T. ) ;
#220 = DIRECTION ( 'NONE',  ( 1.000000000000000000, 0.000000000000000000, 0.000000000000000000 ) ) ;
#221 = DIRECTION ( 'NONE',  ( -1.000000000000000000, 0.000000000000000000, 0.000000000000000000 ) ) ;
#222 = ADVANCED_FACE ( 'NONE', ( #3252 ), #3060, .F. ) ;
#223 = DIRECTION ( 'NONE',  ( 0.000000000000000000, 0.000000000000000000, 1.000000000000000000 ) ) ;
#224 = DIRECTION ( 'NONE',  ( -0.000000000000000000, -0.000000000000000000, -1.000000000000000000 ) ) ;
#225 = CIRCLE ( 'NONE', #1252, 1.750000000000001554 ) ;
#226 = DIRECTION ( 'NONE',  ( -0.000000000000000000, -0.000000000000000000, 1.000000000000000000 ) ) ;
#227 = DIRECTION ( 'NONE',  ( -0.000000000000000000, 0.000000000000000000, 1.000000000000000000 ) ) ;
#228 = CARTESIAN_POINT ( 'NONE',  ( 113.4999999999999858, 133.4999999999999432, 5.000000000000000000 ) ) ;
#229 = DIRECTION ( 'NONE',  ( 0.000000000000000000, -0.000000000000000000, -1.000000000000000000 ) ) ;
#230 = AXIS2_PLACEMENT_3D ( 'NONE', #815, #328, #564 ) ;
#231 = VERTEX_POINT ( 'NONE', #2791 ) ;
#232 = ORIENTED_EDGE ( 'NONE', *, *, #2514, .T. ) ;
#233 = CARTESIAN_POINT ( 'NONE',  ( 4.000000000000002665, 133.4999999999999432, 5.000000000000000000 ) ) ;
#234 = CARTESIAN_POINT ( 'NONE',  ( 80.74999999999998579, 164.4999999999999716, 8.000000000000000000 ) ) ;
#235 = ORIENTED_EDGE ( 'NONE', *, *, #596, .T. ) ;
#236 = DIRECTION ( 'NONE',  ( 1.000000000000000000, 0.000000000000000000, 0.000000000000000000 ) ) ;
#237 = DIRECTION ( 'NONE',  ( 1.000000000000000000, 0.000000000000000000, 0.000000000000000000 ) ) ;
#238 = CARTESIAN_POINT ( 'NONE',  ( 8.750000000000003553, 133.4999999999999432, 8.000000000000000000 ) ) ;
#239 = AXIS2_PLACEMENT_3D ( 'NONE', #1118, #615, #2946 ) ;
#240 = ADVANCED_FACE ( 'NONE', ( #748, #1001 ), #936, .T. ) ;
#241 = CARTESIAN_POINT ( 'NONE',  ( 34.00000000000014921, 94.49999999999992895, 4.000000000000000000 ) ) ;
#242 = EDGE_CURVE ( 'NONE', #130, #1997, #47, .T. ) ;
#243 = CARTESIAN_POINT ( 'NONE',  ( 112.9000000000000057, 156.9999999999999716, 8.000000000000000000 ) ) ;
#244 = ORIENTED_EDGE ( 'NONE', *, *, #1792, .T. ) ;
#245 = ORIENTED_EDGE ( 'NONE', *, *, #3114, .T. ) ;
#246 = CARTESIAN_POINT ( 'NONE',  ( 10.00000000000000178, 164.4999999999999716, 5.000000000000000000 ) ) ;
#247 = CARTESIAN_POINT ( 'NONE',  ( -3.409459138976043712E-30, 89.99999999999998579, 0.000000000000000000 ) ) ;
#248 = AXIS2_PLACEMENT_3D ( 'NONE', #2473, #1461, #933 ) ;
#249 = VERTEX_POINT ( 'NONE', #1509 ) ;
#250 = CARTESIAN_POINT ( 'NONE',  ( 38.00000000000000000, 164.4999999999999716, 5.000000000000000000 ) ) ;
#251 = AXIS2_PLACEMENT_3D ( 'NONE', #1730, #1222, #730 ) ;
#252 = DIRECTION ( 'NONE',  ( -0.000000000000000000, -0.000000000000000000, -1.000000000000000000 ) ) ;
#253 = FACE_BOUND ( 'NONE', #2028, .T. ) ;
#254 = ORIENTED_EDGE ( 'NONE', *, *, #3152, .T. ) ;
#255 = CARTESIAN_POINT ( 'NONE',  ( 69.50000000000019895, 101.4999999999999574, 0.000000000000000000 ) ) ;
#256 = CARTESIAN_POINT ( 'NONE',  ( 22.50000000000000000, 148.9999999999999716, 0.000000000000000000 ) ) ;
#257 = ORIENTED_EDGE ( 'NONE', *, *, #3330, .F. ) ;
#258 = VECTOR ( 'NONE', #3077, 1000.000000000000000 ) ;
#259 = ORIENTED_EDGE ( 'NONE', *, *, #636, .F. ) ;
#260 = DIRECTION ( 'NONE',  ( 1.000000000000000000, 0.000000000000000000, 0.000000000000000000 ) ) ;
#261 = DIRECTION ( 'NONE',  ( 0.000000000000000000, 0.000000000000000000, -1.000000000000000000 ) ) ;
#262 = VERTEX_POINT ( 'NONE', #2774 ) ;
#263 = DIRECTION ( 'NONE',  ( 1.000000000000000000, 0.000000000000000000, 0.000000000000000000 ) ) ;
#264 = DIRECTION ( 'NONE',  ( -0.000000000000000000, -0.000000000000000000, -1.000000000000000000 ) ) ;
#265 = FACE_BOUND ( 'NONE', #1293, .T. ) ;
#266 = AXIS2_PLACEMENT_3D ( 'NONE', #1594, #1378, #613 ) ;
#267 = CIRCLE ( 'NONE', #2167, 2.999999999999988898 ) ;
#268 = DIRECTION ( 'NONE',  ( 1.000000000000000000, 0.000000000000000000, 0.000000000000000000 ) ) ;
#269 = LINE ( 'NONE', #3296, #1495 ) ;
#270 = ORIENTED_EDGE ( 'NONE', *, *, #716, .F. ) ;
#271 = EDGE_CURVE ( 'NONE', #1364, #403, #2679, .T. ) ;
#272 = EDGE_LOOP ( 'NONE', ( #1385, #2564, #2098, #861 ) ) ;
#273 = CIRCLE ( 'NONE', #118, 1.599999999999990319 ) ;
#274 = DIRECTION ( 'NONE',  ( -0.000000000000000000, 0.000000000000000000, 1.000000000000000000 ) ) ;
#275 = EDGE_CURVE ( 'NONE', #2632, #991, #2099, .T. ) ;
#276 = CARTESIAN_POINT ( 'NONE',  ( 70.99999999999998579, 143.9999999999999716, 0.000000000000000000 ) ) ;
#277 = AXIS2_PLACEMENT_3D ( 'NONE', #2572, #777, #1809 ) ;
#278 = AXIS2_PLACEMENT_3D ( 'NONE', #917, #2979, #1086 ) ;
#279 = EDGE_CURVE ( 'NONE', #1292, #3017, #955, .T. ) ;
#280 = EDGE_CURVE ( 'NONE', #851, #3287, #1192, .T. ) ;
#281 = VERTEX_POINT ( 'NONE', #703 ) ;
#282 = ORIENTED_EDGE ( 'NONE', *, *, #3094, .F. ) ;
#283 = EDGE_CURVE ( 'NONE', #2910, #1563, #1780, .T. ) ;
#284 = CYLINDRICAL_SURFACE ( 'NONE', #1329, 1.750000000000001554 ) ;
#285 = LINE ( 'NONE', #1091, #2501 ) ;
#286 = EDGE_LOOP ( 'NONE', ( #2447, #1247 ) ) ;
#287 = CARTESIAN_POINT ( 'NONE',  ( 39.75000000000000000, 164.4999999999999716, 5.000000000000000000 ) ) ;
#288 = CARTESIAN_POINT ( 'NONE',  ( 34.99999999999999289, 164.4999999999999716, 8.000000000000000000 ) ) ;
#289 = ORIENTED_EDGE ( 'NONE', *, *, #986, .F. ) ;
#290 = AXIS2_PLACEMENT_3D ( 'NONE', #188, #2245, #480 ) ;
#291 = EDGE_CURVE ( 'NONE', #1921, #1049, #3328, .T. ) ;
#292 = AXIS2_PLACEMENT_3D ( 'NONE', #424, #726, #709 ) ;
#293 = EDGE_LOOP ( 'NONE', ( #1902, #438 ) ) ;
#294 = VERTEX_POINT ( 'NONE', #1244 ) ;
#295 = ORIENTED_EDGE ( 'NONE', *, *, #2298, .T. ) ;
#296 = AXIS2_PLACEMENT_3D ( 'NONE', #2126, #3148, #819 ) ;
#297 = DIRECTION ( 'NONE',  ( -0.000000000000000000, -0.000000000000000000, 1.000000000000000000 ) ) ;
#298 = AXIS2_PLACEMENT_3D ( 'NONE', #1892, #2975, #1353 ) ;
#299 = DIRECTION ( 'NONE',  ( 1.000000000000000000, 0.000000000000000000, 0.000000000000000000 ) ) ;
#300 = ORIENTED_EDGE ( 'NONE', *, *, #558, .T. ) ;
#301 = CARTESIAN_POINT ( 'NONE',  ( 67.90000000000001990, 121.4999999999999574, -2.000000000000000000 ) ) ;
#302 = DIRECTION ( 'NONE',  ( -0.000000000000000000, -0.000000000000000000, -1.000000000000000000 ) ) ;
#303 = ORIENTED_EDGE ( 'NONE', *, *, #1623, .F. ) ;
#304 = CYLINDRICAL_SURFACE ( 'NONE', #3075, 1.750000000000004219 ) ;
#305 = AXIS2_PLACEMENT_3D ( 'NONE', #2321, #1559, #6 ) ;
#306 = EDGE_LOOP ( 'NONE', ( #3113, #2349 ) ) ;
#307 = ADVANCED_FACE ( 'NONE', ( #1450 ), #417, .F. ) ;
#308 = VERTEX_POINT ( 'NONE', #2083 ) ;
#309 = CARTESIAN_POINT ( 'NONE',  ( 108.0999999999999801, 167.0000000000000000, 0.000000000000000000 ) ) ;
#310 = ADVANCED_FACE ( 'NONE', ( #3090 ), #1589, .F. ) ;
#311 = VECTOR ( 'NONE', #839, 1000.000000000000000 ) ;
#312 = PLANE ( 'NONE',  #1475 ) ;
#313 = DIRECTION ( 'NONE',  ( 0.000000000000000000, 0.000000000000000000, 1.000000000000000000 ) ) ;
#314 = VERTEX_POINT ( 'NONE', #1337 ) ;
#315 = VERTEX_POINT ( 'NONE', #1304 ) ;
#316 = EDGE_CURVE ( 'NONE', #2818, #1416, #780, .T. ) ;
#317 = CIRCLE ( 'NONE', #1617, 1.750000000000015543 ) ;
#318 = DIRECTION ( 'NONE',  ( 1.000000000000000000, 0.000000000000000000, 0.000000000000000000 ) ) ;
#319 = ORIENTED_EDGE ( 'NONE', *, *, #1933, .F. ) ;
#320 = VECTOR ( 'NONE', #2252, 1000.000000000000000 ) ;
#321 = CARTESIAN_POINT ( 'NONE',  ( 4.000000000000000000, 106.4999999999999858, -2.000000000000000000 ) ) ;
#322 = DIRECTION ( 'NONE',  ( 0.000000000000000000, 0.000000000000000000, 1.000000000000000000 ) ) ;
#323 = CARTESIAN_POINT ( 'NONE',  ( 96.89999999999993463, 89.99999999999998579, 4.000000000000000000 ) ) ;
#324 = ORIENTED_EDGE ( 'NONE', *, *, #1241, .T. ) ;
#325 = ORIENTED_EDGE ( 'NONE', *, *, #778, .T. ) ;
#326 = ORIENTED_EDGE ( 'NONE', *, *, #2750, .F. ) ;
#327 = DIRECTION ( 'NONE',  ( 1.000000000000000000, 0.000000000000000000, 0.000000000000000000 ) ) ;
#328 = DIRECTION ( 'NONE',  ( -0.000000000000000000, -0.000000000000000000, 1.000000000000000000 ) ) ;
#329 = AXIS2_PLACEMENT_3D ( 'NONE', #3200, #890, #1927 ) ;
#330 = DIRECTION ( 'NONE',  ( 1.000000000000000000, 0.000000000000000000, 0.000000000000000000 ) ) ;
#331 = DIRECTION ( 'NONE',  ( -0.000000000000000000, 0.000000000000000000, 1.000000000000000000 ) ) ;
#332 = EDGE_CURVE ( 'NONE', #1454, #3004, #1014, .T. ) ;
#333 = VERTEX_POINT ( 'NONE', #2315 ) ;
#334 = VERTEX_POINT ( 'NONE', #2096 ) ;
#335 = DIRECTION ( 'NONE',  ( 1.000000000000000000, 0.000000000000000000, 0.000000000000000000 ) ) ;
#336 = VERTEX_POINT ( 'NONE', #1273 ) ;
#337 = CARTESIAN_POINT ( 'NONE',  ( 115.4999999999999858, 89.99999999999998579, 8.000000000000000000 ) ) ;
#338 = DIRECTION ( 'NONE',  ( 0.000000000000000000, -1.000000000000000000, 0.000000000000000000 ) ) ;
#339 = FACE_OUTER_BOUND ( 'NONE', #2041, .T. ) ;
#340 = ORIENTED_EDGE ( 'NONE', *, *, #3043, .F. ) ;
#341 = ORIENTED_EDGE ( 'NONE', *, *, #829, .T. ) ;
#342 = CIRCLE ( 'NONE', #2244, 4.000000000000000000 ) ;
#343 = ORIENTED_EDGE ( 'NONE', *, *, #1050, .F. ) ;
#344 = ORIENTED_EDGE ( 'NONE', *, *, #1998, .F. ) ;
#345 = CARTESIAN_POINT ( 'NONE',  ( 7.000000000000000888, 164.4999999999999716, 5.000000000000000000 ) ) ;
#346 = DIRECTION ( 'NONE',  ( 0.000000000000000000, 0.000000000000000000, 1.000000000000000000 ) ) ;
#347 = ADVANCED_FACE ( 'NONE', ( #764 ), #2302, .F. ) ;
#348 = AXIS2_PLACEMENT_3D ( 'NONE', #1429, #1958, #1154 ) ;
#349 = CARTESIAN_POINT ( 'NONE',  ( 69.50000000000000000, 121.4999999999999574, -2.000000000000000000 ) ) ;
#350 = DIRECTION ( 'NONE',  ( 1.000000000000000000, 0.000000000000000000, 0.000000000000000000 ) ) ;
#351 = ORIENTED_EDGE ( 'NONE', *, *, #2298, .F. ) ;
#352 = AXIS2_PLACEMENT_3D ( 'NONE', #1110, #3021, #428 ) ;
#353 = ORIENTED_EDGE ( 'NONE', *, *, #707, .F. ) ;
#354 = DIRECTION ( 'NONE',  ( 1.000000000000000000, 0.000000000000000000, 0.000000000000000000 ) ) ;
#355 = VERTEX_POINT ( 'NONE', #1016 ) ;
#356 = VECTOR ( 'NONE', #645, 1000.000000000000000 ) ;
#357 = EDGE_CURVE ( 'NONE', #231, #2952, #2894, .T. ) ;
#358 = FACE_BOUND ( 'NONE', #2289, .T. ) ;
#359 = DIRECTION ( 'NONE',  ( 1.000000000000000000, 0.000000000000000000, 0.000000000000000000 ) ) ;
#360 = LINE ( 'NONE', #3172, #1705 ) ;
#361 = VERTEX_POINT ( 'NONE', #1828 ) ;
#362 = EDGE_LOOP ( 'NONE', ( #801, #2500, #379, #2264 ) ) ;
#363 = ORIENTED_EDGE ( 'NONE', *, *, #2257, .T. ) ;
#364 = ORIENTED_EDGE ( 'NONE', *, *, #1696, .T. ) ;
#365 = DIRECTION ( 'NONE',  ( -7.608612125974258381E-32, 1.000000000000000000, 0.000000000000000000 ) ) ;
#366 = LINE ( 'NONE', #1090, #356 ) ;
#367 = DIRECTION ( 'NONE',  ( 1.000000000000000000, 0.000000000000000000, 0.000000000000000000 ) ) ;
#368 = DIRECTION ( 'NONE',  ( 0.000000000000000000, 0.000000000000000000, 1.000000000000000000 ) ) ;
#369 = UNCERTAINTY_MEASURE_WITH_UNIT (LENGTH_MEASURE( 1.000000000000000082E-05 ), #1310, 'distance_accuracy_value', 'NONE');
#370 = EDGE_LOOP ( 'NONE', ( #2688, #850, #1597, #2462 ) ) ;
#371 = ORIENTED_EDGE ( 'NONE', *, *, #1929, .F. ) ;
#372 = DIRECTION ( 'NONE',  ( -0.000000000000000000, -0.000000000000000000, 1.000000000000000000 ) ) ;
#373 = ORIENTED_EDGE ( 'NONE', *, *, #1038, .T. ) ;
#374 = EDGE_CURVE ( 'NONE', #308, #488, #2852, .T. ) ;
#375 = CARTESIAN_POINT ( 'NONE',  ( 111.7499999999999716, 133.4999999999999432, 0.000000000000000000 ) ) ;
#376 = DIRECTION ( 'NONE',  ( 1.000000000000000000, 0.000000000000000000, 0.000000000000000000 ) ) ;
#377 = EDGE_CURVE ( 'NONE', #2695, #2657, #1078, .T. ) ;
#378 = CARTESIAN_POINT ( 'NONE',  ( 4.000000000000000000, 167.4999999999999716, 8.000000000000000000 ) ) ;
#379 = ORIENTED_EDGE ( 'NONE', *, *, #2223, .T. ) ;
#380 = ORIENTED_EDGE ( 'NONE', *, *, #3124, .T. ) ;
#381 = AXIS2_PLACEMENT_3D ( 'NONE', #1790, #211, #236 ) ;
#382 = VERTEX_POINT ( 'NONE', #2867 ) ;
#383 = VERTEX_POINT ( 'NONE', #287 ) ;
#384 = ADVANCED_FACE ( 'NONE', ( #1047 ), #522, .F. ) ;
#385 = DIRECTION ( 'NONE',  ( 0.000000000000000000, 0.000000000000000000, -1.000000000000000000 ) ) ;
#386 = CARTESIAN_POINT ( 'NONE',  ( 56.50000000000027001, 94.49999999999995737, 0.000000000000000000 ) ) ;
#387 = EDGE_CURVE ( 'NONE', #3185, #2859, #44, .T. ) ;
#388 = EDGE_CURVE ( 'NONE', #421, #361, #1949, .T. ) ;
#389 = EDGE_CURVE ( 'NONE', #810, #1169, #2491, .T. ) ;
#390 = AXIS2_PLACEMENT_3D ( 'NONE', #2014, #1457, #930 ) ;
#391 = FACE_OUTER_BOUND ( 'NONE', #2949, .T. ) ;
#392 = DIRECTION ( 'NONE',  ( 1.000000000000000000, 0.000000000000000000, -0.000000000000000000 ) ) ;
#393 = ORIENTED_EDGE ( 'NONE', *, *, #2223, .F. ) ;
#394 = VERTEX_POINT ( 'NONE', #2333 ) ;
#395 = DIRECTION ( 'NONE',  ( 1.000000000000000000, 0.000000000000000000, 0.000000000000000000 ) ) ;
#396 = CARTESIAN_POINT ( 'NONE',  ( 113.4999999999999858, 164.4999999999999716, 5.000000000000000000 ) ) ;
#397 = DIRECTION ( 'NONE',  ( -0.000000000000000000, -0.000000000000000000, 1.000000000000000000 ) ) ;
#398 = FACE_BOUND ( 'NONE', #2958, .T. ) ;
#399 = DIRECTION ( 'NONE',  ( 0.000000000000000000, 0.000000000000000000, -1.000000000000000000 ) ) ;
#400 = EDGE_LOOP ( 'NONE', ( #2133, #2618, #37, #2905 ) ) ;
#401 = ORIENTED_EDGE ( 'NONE', *, *, #1691, .F. ) ;
#402 = ADVANCED_FACE ( 'NONE', ( #1845 ), #2560, .F. ) ;
#403 = VERTEX_POINT ( 'NONE', #241 ) ;
#404 = ORIENTED_EDGE ( 'NONE', *, *, #291, .T. ) ;
#405 = DIRECTION ( 'NONE',  ( 0.000000000000000000, 0.000000000000000000, 1.000000000000000000 ) ) ;
#406 = CARTESIAN_POINT ( 'NONE',  ( 93.49999999999992895, 94.49999999999997158, 4.000000000000000000 ) ) ;
#407 = AXIS2_PLACEMENT_3D ( 'NONE', #2794, #1706, #1246 ) ;
#408 = MANIFOLD_SOLID_BREP ( 'Cut-Extrude10', #3322 ) ;
#409 = AXIS2_PLACEMENT_3D ( 'NONE', #1386, #1907, #1635 ) ;
#410 = CARTESIAN_POINT ( 'NONE',  ( 93.49999999999992895, 94.49999999999997158, 0.000000000000000000 ) ) ;
#411 = CARTESIAN_POINT ( 'NONE',  ( 36.25000000000000000, 133.4999999999999432, 5.000000000000000000 ) ) ;
#412 = ORIENTED_EDGE ( 'NONE', *, *, #2046, .F. ) ;
#413 = VERTEX_POINT ( 'NONE', #19 ) ;
#414 = CARTESIAN_POINT ( 'NONE',  ( 112.7499999999999716, 99.99999999999997158, -2.000000000000000000 ) ) ;
#415 = VECTOR ( 'NONE', #1604, 1000.000000000000000 ) ;
#416 =( NAMED_UNIT ( * ) SI_UNIT ( $, .STERADIAN. ) SOLID_ANGLE_UNIT ( ) );
#417 = CYLINDRICAL_SURFACE ( 'NONE', #1605, 3.000000000000000888 ) ;
#418 = CYLINDRICAL_SURFACE ( 'NONE', #1133, 1.599999999999990319 ) ;
#419 = DIRECTION ( 'NONE',  ( -0.000000000000000000, -0.000000000000000000, 1.000000000000000000 ) ) ;
#420 = ORIENTED_EDGE ( 'NONE', *, *, #1957, .T. ) ;
#421 = VERTEX_POINT ( 'NONE', #785 ) ;
#422 = EDGE_LOOP ( 'NONE', ( #648, #528, #2176, #2010 ) ) ;
#423 = ORIENTED_EDGE ( 'NONE', *, *, #3161, .F. ) ;
#424 = CARTESIAN_POINT ( 'NONE',  ( 6.000000000000003553, 94.49999999999995737, 4.000000000000000000 ) ) ;
#425 = CARTESIAN_POINT ( 'NONE',  ( 109.2499999999999858, 148.9999999999999716, 0.000000000000000000 ) ) ;
#426 = EDGE_CURVE ( 'NONE', #3238, #2840, #176, .T. ) ;
#427 = CARTESIAN_POINT ( 'NONE',  ( 38.00000000000000000, 164.4999999999999716, 5.000000000000000000 ) ) ;
#428 = DIRECTION ( 'NONE',  ( 1.000000000000000000, 0.000000000000000000, 0.000000000000000000 ) ) ;
#429 = CIRCLE ( 'NONE', #1184, 2.100000000000004530 ) ;
#430 = ORIENTED_EDGE ( 'NONE', *, *, #374, .F. ) ;
#431 = CARTESIAN_POINT ( 'NONE',  ( 0.000000000000000000, 89.99999999999998579, 4.000000000000000000 ) ) ;
#432 = EDGE_CURVE ( 'NONE', #753, #1339, #2055, .T. ) ;
#433 = DIRECTION ( 'NONE',  ( -0.000000000000000000, -0.000000000000000000, 1.000000000000000000 ) ) ;
#434 = FACE_OUTER_BOUND ( 'NONE', #2295, .T. ) ;
#435 = LINE ( 'NONE', #2212, #1044 ) ;
#436 = VERTEX_POINT ( 'NONE', #2057 ) ;
#437 = CYLINDRICAL_SURFACE ( 'NONE', #2623, 11.25000000000001421 ) ;
#438 = ORIENTED_EDGE ( 'NONE', *, *, #3059, .T. ) ;
#439 = DIRECTION ( 'NONE',  ( 1.000000000000000000, 0.000000000000000000, 0.000000000000000000 ) ) ;
#440 = VECTOR ( 'NONE', #338, 1000.000000000000000 ) ;
#441 = CARTESIAN_POINT ( 'NONE',  ( 64.50000000000000000, 121.4999999999999574, 8.000000000000000000 ) ) ;
#442 = AXIS2_PLACEMENT_3D ( 'NONE', #3293, #2066, #793 ) ;
#443 = CARTESIAN_POINT ( 'NONE',  ( 6.000000000000001776, 106.4999999999999858, 8.000000000000000000 ) ) ;
#444 = CARTESIAN_POINT ( 'NONE',  ( 40.99999999999999289, 133.4999999999999432, 5.000000000000000000 ) ) ;
#445 = CIRCLE ( 'NONE', #2499, 2.999999999999995559 ) ;
#446 = EDGE_CURVE ( 'NONE', #361, #421, #429, .T. ) ;
#447 = LINE ( 'NONE', #898, #892 ) ;
#448 = AXIS2_PLACEMENT_3D ( 'NONE', #2895, #3131, #299 ) ;
#449 = CIRCLE ( 'NONE', #547, 1.599999999999997202 ) ;
#450 = CARTESIAN_POINT ( 'NONE',  ( 103.2499999999999574, 109.9999999999999716, -2.000000000000000000 ) ) ;
#451 = FACE_BOUND ( 'NONE', #1723, .T. ) ;
#452 = DIRECTION ( 'NONE',  ( 0.000000000000000000, 1.000000000000000000, -0.000000000000000000 ) ) ;
#453 = VERTEX_POINT ( 'NONE', #529 ) ;
#454 = EDGE_LOOP ( 'NONE', ( #660, #1120 ) ) ;
#455 = DIRECTION ( 'NONE',  ( -0.000000000000000000, -0.000000000000000000, 1.000000000000000000 ) ) ;
#456 = FACE_OUTER_BOUND ( 'NONE', #1801, .T. ) ;
#457 = DIRECTION ( 'NONE',  ( -0.000000000000000000, 0.000000000000000000, 1.000000000000000000 ) ) ;
#458 = VECTOR ( 'NONE', #3232, 1000.000000000000000 ) ;
#459 = CARTESIAN_POINT ( 'NONE',  ( 82.49999999999998579, 164.4999999999999716, 0.000000000000000000 ) ) ;
#460 = EDGE_CURVE ( 'NONE', #421, #336, #2551, .T. ) ;
#461 = CIRCLE ( 'NONE', #3202, 3.000000000000000888 ) ;
#462 = DIRECTION ( 'NONE',  ( 1.000000000000000000, 0.000000000000000000, 0.000000000000000000 ) ) ;
#463 = CARTESIAN_POINT ( 'NONE',  ( 8.750000000000003553, 164.4999999999999716, 8.000000000000000000 ) ) ;
#464 = CIRCLE ( 'NONE', #563, 2.000000000000126565 ) ;
#465 = CARTESIAN_POINT ( 'NONE',  ( 115.2500000000000000, 133.4999999999999432, 8.000000000000000000 ) ) ;
#466 = ADVANCED_FACE ( 'NONE', ( #1324 ), #770, .F. ) ;
#467 = DIRECTION ( 'NONE',  ( 1.000000000000000000, 0.000000000000000000, 0.000000000000000000 ) ) ;
#468 = ORIENTED_EDGE ( 'NONE', *, *, #684, .F. ) ;
#469 = ORIENTED_EDGE ( 'NONE', *, *, #2257, .F. ) ;
#470 = ORIENTED_EDGE ( 'NONE', *, *, #1862, .F. ) ;
#471 = DIRECTION ( 'NONE',  ( 1.000000000000000000, 0.000000000000000000, 0.000000000000000000 ) ) ;
#472 = DIRECTION ( 'NONE',  ( -1.000000000000000000, 0.000000000000000000, 0.000000000000000000 ) ) ;
#473 = AXIS2_PLACEMENT_3D ( 'NONE', #1027, #2558, #1012 ) ;
#474 = DIRECTION ( 'NONE',  ( 1.000000000000000000, 0.000000000000000000, 0.000000000000000000 ) ) ;
#475 = CARTESIAN_POINT ( 'NONE',  ( 80.74999999999998579, 164.4999999999999716, 5.000000000000000000 ) ) ;
#476 = FACE_BOUND ( 'NONE', #180, .T. ) ;
#477 = DIRECTION ( 'NONE',  ( 0.000000000000000000, 0.000000000000000000, 1.000000000000000000 ) ) ;
#478 = DIRECTION ( 'NONE',  ( -1.000000000000000000, 0.000000000000000000, 0.000000000000000000 ) ) ;
#479 = EDGE_CURVE ( 'NONE', #1296, #63, #2628, .T. ) ;
#480 = DIRECTION ( 'NONE',  ( 1.000000000000000000, 0.000000000000000000, 0.000000000000000000 ) ) ;
#481 = VERTEX_POINT ( 'NONE', #1020 ) ;
#482 = AXIS2_PLACEMENT_3D ( 'NONE', #553, #2346, #3119 ) ;
#483 = VERTEX_POINT ( 'NONE', #246 ) ;
#484 = DIRECTION ( 'NONE',  ( 0.000000000000000000, 0.000000000000000000, 1.000000000000000000 ) ) ;
#485 = FACE_OUTER_BOUND ( 'NONE', #362, .T. ) ;
#486 = AXIS2_PLACEMENT_3D ( 'NONE', #3283, #969, #2006 ) ;
#487 = CIRCLE ( 'NONE', #2855, 1.600000000000004086 ) ;
#488 = VERTEX_POINT ( 'NONE', #1836 ) ;
#489 = DIRECTION ( 'NONE',  ( -0.000000000000000000, 0.000000000000000000, 1.000000000000000000 ) ) ;
#490 = DIRECTION ( 'NONE',  ( -0.000000000000000000, -0.000000000000000000, 1.000000000000000000 ) ) ;
#491 = EDGE_CURVE ( 'NONE', #2593, #204, #1288, .T. ) ;
#492 = EDGE_CURVE ( 'NONE', #1076, #1707, #1606, .T. ) ;
#493 = CIRCLE ( 'NONE', #925, 2.100000000000004530 ) ;
#494 = CARTESIAN_POINT ( 'NONE',  ( 0.000000000000000000, 0.000000000000000000, 8.000000000000000000 ) ) ;
#495 = AXIS2_PLACEMENT_3D ( 'NONE', #2400, #1099, #857 ) ;
#496 = CARTESIAN_POINT ( 'NONE',  ( 69.50000000000019895, 101.4999999999999574, 8.000000000000000000 ) ) ;
#497 = CARTESIAN_POINT ( 'NONE',  ( 62.89999999999999858, 121.4999999999999574, -2.000000000000000000 ) ) ;
#498 = VECTOR ( 'NONE', #1693, 1000.000000000000000 ) ;
#499 = ORIENTED_EDGE ( 'NONE', *, *, #1548, .F. ) ;
#500 = ORIENTED_EDGE ( 'NONE', *, *, #2002, .T. ) ;
#501 = DIRECTION ( 'NONE',  ( 0.000000000000000000, 0.000000000000000000, 1.000000000000000000 ) ) ;
#502 = DIRECTION ( 'NONE',  ( 0.000000000000000000, 0.000000000000000000, 1.000000000000000000 ) ) ;
#503 = ORIENTED_EDGE ( 'NONE', *, *, #1081, .T. ) ;
#504 = CYLINDRICAL_SURFACE ( 'NONE', #1077, 1.600000000000004086 ) ;
#505 = DIRECTION ( 'NONE',  ( 1.000000000000000000, 0.000000000000000000, 0.000000000000000000 ) ) ;
#506 = FACE_OUTER_BOUND ( 'NONE', #700, .T. ) ;
#507 = AXIS2_PLACEMENT_3D ( 'NONE', #990, #1962, #3297 ) ;
#508 = SURFACE_SIDE_STYLE ('',( #2619 ) ) ;
#509 = DIRECTION ( 'NONE',  ( -0.000000000000000000, -0.000000000000000000, 1.000000000000000000 ) ) ;
#510 = ORIENTED_EDGE ( 'NONE', *, *, #2756, .T. ) ;
#511 = VECTOR ( 'NONE', #935, 1000.000000000000000 ) ;
#512 = EDGE_LOOP ( 'NONE', ( #1094, #1625, #1652, #2335 ) ) ;
#513 = DIRECTION ( 'NONE',  ( 1.000000000000000000, 0.000000000000000000, 0.000000000000000000 ) ) ;
#514 = CARTESIAN_POINT ( 'NONE',  ( 82.49999999999998579, 133.4999999999999432, 8.000000000000000000 ) ) ;
#515 = CIRCLE ( 'NONE', #1006, 1.599999999999990319 ) ;
#516 = ORIENTED_EDGE ( 'NONE', *, *, #527, .T. ) ;
#517 = DIRECTION ( 'NONE',  ( 0.000000000000000000, 0.000000000000000000, 1.000000000000000000 ) ) ;
#518 = AXIS2_PLACEMENT_3D ( 'NONE', #1778, #490, #2297 ) ;
#519 = CARTESIAN_POINT ( 'NONE',  ( 101.9999999999999858, 99.99999999999997158, -2.000000000000000000 ) ) ;
#520 = EDGE_CURVE ( 'NONE', #22, #41, #162, .T. ) ;
#521 = FACE_BOUND ( 'NONE', #2388, .T. ) ;
#522 = CYLINDRICAL_SURFACE ( 'NONE', #2907, 1.750000000000001554 ) ;
#523 = DIRECTION ( 'NONE',  ( 1.000000000000000000, 0.000000000000000000, 0.000000000000000000 ) ) ;
#524 = ORIENTED_EDGE ( 'NONE', *, *, #2876, .F. ) ;
#525 = EDGE_CURVE ( 'NONE', #1851, #2818, #1824, .T. ) ;
#526 = EDGE_CURVE ( 'NONE', #3238, #1772, #2565, .T. ) ;
#527 = EDGE_CURVE ( 'NONE', #1542, #394, #2263, .T. ) ;
#528 = ORIENTED_EDGE ( 'NONE', *, *, #1871, .T. ) ;
#529 = CARTESIAN_POINT ( 'NONE',  ( 39.75000000000000000, 164.4999999999999716, 0.000000000000000000 ) ) ;
#530 = CARTESIAN_POINT ( 'NONE',  ( 47.90000000000021885, 101.4999999999999574, 8.000000000000000000 ) ) ;
#531 = ORIENTED_EDGE ( 'NONE', *, *, #878, .T. ) ;
#532 = VERTEX_POINT ( 'NONE', #233 ) ;
#533 = CYLINDRICAL_SURFACE ( 'NONE', #2662, 2.999999999999995559 ) ;
#534 = CARTESIAN_POINT ( 'NONE',  ( -1.274442531100688235E-29, 167.4999999999999716, 8.000000000000000000 ) ) ;
#535 = DIRECTION ( 'NONE',  ( 1.000000000000000000, 0.000000000000000000, 0.000000000000000000 ) ) ;
#536 = AXIS2_PLACEMENT_3D ( 'NONE', #1048, #1571, #1291 ) ;
#537 = VERTEX_POINT ( 'NONE', #1263 ) ;
#538 = AXIS2_PLACEMENT_3D ( 'NONE', #2757, #916, #2510 ) ;
#539 = CARTESIAN_POINT ( 'NONE',  ( 38.00000000000040501, 94.49999999999992895, -2.000000000000000000 ) ) ;
#540 = DIRECTION ( 'NONE',  ( 0.000000000000000000, 0.000000000000000000, 1.000000000000000000 ) ) ;
#541 = VERTEX_POINT ( 'NONE', #2292 ) ;
#542 = ORIENTED_EDGE ( 'NONE', *, *, #2678, .T. ) ;
#543 = VECTOR ( 'NONE', #1183, 1000.000000000000000 ) ;
#544 = DIRECTION ( 'NONE',  ( -0.000000000000000000, -0.000000000000000000, 1.000000000000000000 ) ) ;
#545 = DIRECTION ( 'NONE',  ( -0.000000000000000000, -0.000000000000000000, -1.000000000000000000 ) ) ;
#546 = CIRCLE ( 'NONE', #448, 11.25000000000001776 ) ;
#547 = AXIS2_PLACEMENT_3D ( 'NONE', #72, #1325, #2704 ) ;
#548 = ORIENTED_EDGE ( 'NONE', *, *, #988, .T. ) ;
#549 = ORIENTED_EDGE ( 'NONE', *, *, #2428, .F. ) ;
#550 = DIRECTION ( 'NONE',  ( 0.000000000000000000, 0.000000000000000000, 1.000000000000000000 ) ) ;
#551 = CARTESIAN_POINT ( 'NONE',  ( 5.249999999999996447, 164.4999999999999716, 0.000000000000000000 ) ) ;
#552 = EDGE_LOOP ( 'NONE', ( #1111, #2155, #2951, #1275 ) ) ;
#553 = CARTESIAN_POINT ( 'NONE',  ( 113.4999999999999858, 133.4999999999999432, 8.000000000000000000 ) ) ;
#554 = CARTESIAN_POINT ( 'NONE',  ( 75.00000000000025580, 94.49999999999994316, 0.000000000000000000 ) ) ;
#555 = ORIENTED_EDGE ( 'NONE', *, *, #1448, .F. ) ;
#556 = AXIS2_PLACEMENT_3D ( 'NONE', #2480, #168, #203 ) ;
#557 = AXIS2_PLACEMENT_3D ( 'NONE', #1089, #2660, #2199 ) ;
#558 = EDGE_CURVE ( 'NONE', #2183, #835, #1879, .T. ) ;
#559 = DIRECTION ( 'NONE',  ( -0.000000000000000000, -0.000000000000000000, -1.000000000000000000 ) ) ;
#560 = FACE_OUTER_BOUND ( 'NONE', #943, .T. ) ;
#561 = EDGE_LOOP ( 'NONE', ( #841, #1875, #587, #3038 ) ) ;
#562 = ORIENTED_EDGE ( 'NONE', *, *, #2756, .F. ) ;
#563 = AXIS2_PLACEMENT_3D ( 'NONE', #2112, #1095, #2378 ) ;
#564 = DIRECTION ( 'NONE',  ( 1.000000000000000000, 0.000000000000000000, 0.000000000000000000 ) ) ;
#565 = ADVANCED_FACE ( 'NONE', ( #2044 ), #1280, .F. ) ;
#566 = CIRCLE ( 'NONE', #2571, 2.999999999999995559 ) ;
#567 = AXIS2_PLACEMENT_3D ( 'NONE', #942, #1671, #3197 ) ;
#568 = FACE_OUTER_BOUND ( 'NONE', #2368, .T. ) ;
#569 = ORIENTED_EDGE ( 'NONE', *, *, #2202, .T. ) ;
#570 = ORIENTED_EDGE ( 'NONE', *, *, #1825, .T. ) ;
#571 = DIRECTION ( 'NONE',  ( 1.000000000000000000, 2.322642310931290223E-16, 0.000000000000000000 ) ) ;
#572 = ORIENTED_EDGE ( 'NONE', *, *, #1072, .F. ) ;
#573 = DIRECTION ( 'NONE',  ( -1.000000000000000000, 0.000000000000000000, 0.000000000000000000 ) ) ;
#574 = CARTESIAN_POINT ( 'NONE',  ( 77.00000000000027001, 94.49999999999994316, -2.000000000000000000 ) ) ;
#575 = AXIS2_PLACEMENT_3D ( 'NONE', #688, #2741, #2528 ) ;
#576 = VERTEX_POINT ( 'NONE', #2149 ) ;
#577 = ORIENTED_EDGE ( 'NONE', *, *, #638, .F. ) ;
#578 = EDGE_CURVE ( 'NONE', #1024, #1906, #608, .T. ) ;
#579 = CARTESIAN_POINT ( 'NONE',  ( 115.2500000000000284, 109.9999999999999716, 8.000000000000000000 ) ) ;
#580 = CARTESIAN_POINT ( 'NONE',  ( 82.49999999999998579, 133.4999999999999432, 5.000000000000000000 ) ) ;
#581 = ADVANCED_FACE ( 'NONE', ( #90 ), #1881, .F. ) ;
#582 = LINE ( 'NONE', #1600, #765 ) ;
#583 = FACE_BOUND ( 'NONE', #2198, .T. ) ;
#584 = ORIENTED_EDGE ( 'NONE', *, *, #742, .F. ) ;
#585 = ADVANCED_FACE ( 'NONE', ( #593 ), #1414, .F. ) ;
#586 = VECTOR ( 'NONE', #3265, 1000.000000000000000 ) ;
#587 = ORIENTED_EDGE ( 'NONE', *, *, #33, .T. ) ;
#588 = AXIS2_PLACEMENT_3D ( 'NONE', #2529, #1500, #689 ) ;
#589 = DIRECTION ( 'NONE',  ( -0.000000000000000000, -0.000000000000000000, 1.000000000000000000 ) ) ;
#590 = ORIENTED_EDGE ( 'NONE', *, *, #876, .F. ) ;
#591 = DIRECTION ( 'NONE',  ( 0.000000000000000000, 0.000000000000000000, 1.000000000000000000 ) ) ;
#592 = CIRCLE ( 'NONE', #1028, 1.250000000000001110 ) ;
#593 = FACE_OUTER_BOUND ( 'NONE', #3331, .T. ) ;
#594 = DIRECTION ( 'NONE',  ( 0.000000000000000000, -0.000000000000000000, -1.000000000000000000 ) ) ;
#595 = ORIENTED_EDGE ( 'NONE', *, *, #1980, .F. ) ;
#596 = EDGE_CURVE ( 'NONE', #3017, #863, #860, .T. ) ;
#597 = AXIS2_PLACEMENT_3D ( 'NONE', #3096, #2030, #2581 ) ;
#598 = VERTEX_POINT ( 'NONE', #2902 ) ;
#599 = ORIENTED_EDGE ( 'NONE', *, *, #426, .T. ) ;
#600 = DIRECTION ( 'NONE',  ( -0.000000000000000000, -0.000000000000000000, 1.000000000000000000 ) ) ;
#601 = AXIS2_PLACEMENT_3D ( 'NONE', #2978, #952, #668 ) ;
#602 = CARTESIAN_POINT ( 'NONE',  ( 38.00000000000000000, 133.4999999999999432, 5.000000000000000000 ) ) ;
#603 = AXIS2_PLACEMENT_3D ( 'NONE', #2293, #545, #221 ) ;
#604 = EDGE_CURVE ( 'NONE', #1573, #1231, #3154, .T. ) ;
#605 = CARTESIAN_POINT ( 'NONE',  ( 103.2499999999999858, 99.99999999999997158, -2.000000000000000000 ) ) ;
#606 = DIRECTION ( 'NONE',  ( 0.000000000000000000, 0.000000000000000000, 1.000000000000000000 ) ) ;
#607 = VERTEX_POINT ( 'NONE', #2888 ) ;
#608 = CIRCLE ( 'NONE', #2925, 1.250000000000001110 ) ;
#609 = ORIENTED_EDGE ( 'NONE', *, *, #2286, .T. ) ;
#610 = CARTESIAN_POINT ( 'NONE',  ( 85.49999999999998579, 133.4999999999999432, 5.000000000000000000 ) ) ;
#611 = ORIENTED_EDGE ( 'NONE', *, *, #2471, .F. ) ;
#612 = FACE_OUTER_BOUND ( 'NONE', #1990, .T. ) ;
#613 = DIRECTION ( 'NONE',  ( 1.000000000000000000, 0.000000000000000000, 0.000000000000000000 ) ) ;
#614 = AXIS2_PLACEMENT_3D ( 'NONE', #2847, #1158, #2150 ) ;
#615 = DIRECTION ( 'NONE',  ( 0.000000000000000000, 0.000000000000000000, 1.000000000000000000 ) ) ;
#616 = VERTEX_POINT ( 'NONE', #2114 ) ;
#617 = EDGE_LOOP ( 'NONE', ( #639, #2375, #549, #326 ) ) ;
#618 = AXIS2_PLACEMENT_3D ( 'NONE', #2536, #455, #1489 ) ;
#619 = ORIENTED_EDGE ( 'NONE', *, *, #1346, .T. ) ;
#620 = VERTEX_POINT ( 'NONE', #2383 ) ;
#621 = LINE ( 'NONE', #2953, #2190 ) ;
#622 = DIRECTION ( 'NONE',  ( 0.000000000000000000, 1.000000000000000000, -0.000000000000000000 ) ) ;
#623 = CIRCLE ( 'NONE', #2196, 2.999999999999997335 ) ;
#624 = EDGE_CURVE ( 'NONE', #1772, #3086, #847, .T. ) ;
#625 = DIRECTION ( 'NONE',  ( 0.000000000000000000, 0.000000000000000000, 1.000000000000000000 ) ) ;
#626 = CARTESIAN_POINT ( 'NONE',  ( 66.10000000000000853, 121.4999999999999574, 8.000000000000000000 ) ) ;
#627 = ORIENTED_EDGE ( 'NONE', *, *, #479, .F. ) ;
#628 = EDGE_CURVE ( 'NONE', #92, #3287, #69, .T. ) ;
#629 = VERTEX_POINT ( 'NONE', #3192 ) ;
#630 = CARTESIAN_POINT ( 'NONE',  ( 100.7499999999999574, 109.9999999999999716, 0.000000000000000000 ) ) ;
#631 = ORIENTED_EDGE ( 'NONE', *, *, #146, .F. ) ;
#632 = AXIS2_PLACEMENT_3D ( 'NONE', #1268, #3056, #2820 ) ;
#633 = EDGE_CURVE ( 'NONE', #1664, #1925, #2640, .T. ) ;
#634 = CARTESIAN_POINT ( 'NONE',  ( 96.89999999999993463, 0.000000000000000000, 8.000012000000001677 ) ) ;
#635 = DIRECTION ( 'NONE',  ( 0.000000000000000000, -0.000000000000000000, -1.000000000000000000 ) ) ;
#636 = EDGE_CURVE ( 'NONE', #333, #2686, #2318, .T. ) ;
#637 = CARTESIAN_POINT ( 'NONE',  ( 4.000000000000002665, 133.4999999999999432, 5.000000000000000000 ) ) ;
#638 = EDGE_CURVE ( 'NONE', #1687, #2088, #852, .T. ) ;
#639 = ORIENTED_EDGE ( 'NONE', *, *, #2738, .T. ) ;
#640 = ORIENTED_EDGE ( 'NONE', *, *, #3279, .F. ) ;
#641 = EDGE_CURVE ( 'NONE', #1427, #1563, #1350, .T. ) ;
#642 = CARTESIAN_POINT ( 'NONE',  ( 82.49999999999998579, 164.4999999999999716, 8.000000000000000000 ) ) ;
#643 = ORIENTED_EDGE ( 'NONE', *, *, #807, .T. ) ;
#644 = DIRECTION ( 'NONE',  ( 0.000000000000000000, -0.000000000000000000, 1.000000000000000000 ) ) ;
#645 = DIRECTION ( 'NONE',  ( -0.000000000000000000, -0.000000000000000000, -1.000000000000000000 ) ) ;
#646 = CARTESIAN_POINT ( 'NONE',  ( 112.7500000000000000, 109.9999999999999716, -2.000000000000000000 ) ) ;
#647 = DIRECTION ( 'NONE',  ( 1.000000000000000000, 0.000000000000000000, 0.000000000000000000 ) ) ;
#648 = ORIENTED_EDGE ( 'NONE', *, *, #491, .F. ) ;
#649 = ORIENTED_EDGE ( 'NONE', *, *, #1792, .F. ) ;
#650 = EDGE_CURVE ( 'NONE', #2205, #1248, #1919, .T. ) ;
#651 = DIRECTION ( 'NONE',  ( -0.000000000000000000, -0.000000000000000000, 1.000000000000000000 ) ) ;
#652 = DIRECTION ( 'NONE',  ( 0.000000000000000000, 0.000000000000000000, 1.000000000000000000 ) ) ;
#653 = FACE_OUTER_BOUND ( 'NONE', #1069, .T. ) ;
#654 = FACE_BOUND ( 'NONE', #293, .T. ) ;
#655 = FACE_OUTER_BOUND ( 'NONE', #94, .T. ) ;
#656 = ORIENTED_EDGE ( 'NONE', *, *, #2347, .F. ) ;
#657 = ORIENTED_EDGE ( 'NONE', *, *, #998, .T. ) ;
#658 = AXIS2_PLACEMENT_3D ( 'NONE', #1675, #1970, #2487 ) ;
#659 = ORIENTED_EDGE ( 'NONE', *, *, #2174, .F. ) ;
#660 = ORIENTED_EDGE ( 'NONE', *, *, #1694, .T. ) ;
#661 = CARTESIAN_POINT ( 'NONE',  ( 66.10000000000020748, 101.4999999999999574, 8.000000000000000000 ) ) ;
#662 = DIRECTION ( 'NONE',  ( 0.000000000000000000, 0.000000000000000000, 1.000000000000000000 ) ) ;
#663 = AXIS2_PLACEMENT_3D ( 'NONE', #3275, #472, #727 ) ;
#664 = CARTESIAN_POINT ( 'NONE',  ( 22.50000000000000000, 148.9999999999999716, 8.000000000000000000 ) ) ;
#665 = CARTESIAN_POINT ( 'NONE',  ( 107.9999999999999858, 94.99999999999998579, -2.000000000000000000 ) ) ;
#666 = ORIENTED_EDGE ( 'NONE', *, *, #3059, .F. ) ;
#667 = ORIENTED_EDGE ( 'NONE', *, *, #29, .F. ) ;
#668 = DIRECTION ( 'NONE',  ( 1.000000000000000000, 0.000000000000000000, 0.000000000000000000 ) ) ;
#669 =( NAMED_UNIT ( * ) PLANE_ANGLE_UNIT ( ) SI_UNIT ( $, .RADIAN. ) );
#670 = FACE_OUTER_BOUND ( 'NONE', #2966, .T. ) ;
#671 = DIRECTION ( 'NONE',  ( -0.000000000000000000, -0.000000000000000000, -1.000000000000000000 ) ) ;
#672 = CARTESIAN_POINT ( 'NONE',  ( 115.2500000000000000, 133.4999999999999432, 0.000000000000000000 ) ) ;
#673 = ORIENTED_EDGE ( 'NONE', *, *, #2347, .T. ) ;
#674 = ORIENTED_EDGE ( 'NONE', *, *, #2750, .T. ) ;
#675 = EDGE_CURVE ( 'NONE', #814, #843, #1889, .T. ) ;
#676 = ADVANCED_FACE ( 'NONE', ( #2870 ), #304, .F. ) ;
#677 = ORIENTED_EDGE ( 'NONE', *, *, #1061, .T. ) ;
#678 = ORIENTED_EDGE ( 'NONE', *, *, #158, .T. ) ;
#679 = FACE_OUTER_BOUND ( 'NONE', #1503, .T. ) ;
#680 = DIRECTION ( 'NONE',  ( 0.000000000000000000, 0.000000000000000000, 1.000000000000000000 ) ) ;
#681 = VECTOR ( 'NONE', #1042, 1000.000000000000000 ) ;
#682 = DIRECTION ( 'NONE',  ( 7.608612125974258381E-32, -1.000000000000000000, 0.000000000000000000 ) ) ;
#683 = CARTESIAN_POINT ( 'NONE',  ( 4.000000000000000000, 106.4999999999999858, 0.000000000000000000 ) ) ;
#684 = EDGE_CURVE ( 'NONE', #2659, #84, #1085, .T. ) ;
#685 = ORIENTED_EDGE ( 'NONE', *, *, #2876, .T. ) ;
#686 = DIRECTION ( 'NONE',  ( 1.000000000000000000, 0.000000000000000000, 0.000000000000000000 ) ) ;
#687 = CIRCLE ( 'NONE', #1055, 1.750000000000001554 ) ;
#688 = CARTESIAN_POINT ( 'NONE',  ( 6.000000000000003553, 94.49999999999995737, 0.000000000000000000 ) ) ;
#689 = DIRECTION ( 'NONE',  ( 1.000000000000000000, 0.000000000000000000, 0.000000000000000000 ) ) ;
#690 = CARTESIAN_POINT ( 'NONE',  ( 6.000000000000003553, 94.49999999999995737, 0.000000000000000000 ) ) ;
#691 = EDGE_LOOP ( 'NONE', ( #1007, #2454, #2424, #46 ) ) ;
#692 = EDGE_LOOP ( 'NONE', ( #619, #1066 ) ) ;
#693 = ORIENTED_EDGE ( 'NONE', *, *, #3179, .T. ) ;
#694 = CARTESIAN_POINT ( 'NONE',  ( 26.00000000000000355, 94.49999999999994316, 0.000000000000000000 ) ) ;
#695 = CARTESIAN_POINT ( 'NONE',  ( 115.4999999999999858, 93.99999999999998579, 0.000000000000000000 ) ) ;
#696 = EDGE_CURVE ( 'NONE', #1641, #2710, #317, .T. ) ;
#697 = PLANE ( 'NONE',  #1519 ) ;
#698 = CYLINDRICAL_SURFACE ( 'NONE', #251, 1.250000000000001110 ) ;
#699 = AXIS2_PLACEMENT_3D ( 'NONE', #1555, #2838, #3324 ) ;
#700 = EDGE_LOOP ( 'NONE', ( #2596, #2676, #992, #590 ) ) ;
#701 = DIRECTION ( 'NONE',  ( 1.000000000000000000, 0.000000000000000000, 0.000000000000000000 ) ) ;
#702 = DIRECTION ( 'NONE',  ( 1.000000000000000000, 0.000000000000000000, 0.000000000000000000 ) ) ;
#703 = CARTESIAN_POINT ( 'NONE',  ( 58.10000000000027143, 94.49999999999995737, 4.000000000000000000 ) ) ;
#704 = FACE_BOUND ( 'NONE', #1313, .T. ) ;
#705 = DIRECTION ( 'NONE',  ( 1.000000000000000000, 0.000000000000000000, 0.000000000000000000 ) ) ;
#706 = ORIENTED_EDGE ( 'NONE', *, *, #2771, .T. ) ;
#707 = EDGE_CURVE ( 'NONE', #3327, #629, #1295, .T. ) ;
#708 = VERTEX_POINT ( 'NONE', #902 ) ;
#709 = DIRECTION ( 'NONE',  ( 1.000000000000000000, 0.000000000000000000, 0.000000000000000000 ) ) ;
#710 = AXIS2_PLACEMENT_3D ( 'NONE', #3061, #1305, #1274 ) ;
#711 = ADVANCED_FACE ( 'NONE', ( #970 ), #1939, .F. ) ;
#712 = DIRECTION ( 'NONE',  ( 0.000000000000000000, -0.000000000000000000, -1.000000000000000000 ) ) ;
#713 = AXIS2_PLACEMENT_3D ( 'NONE', #2603, #2107, #1333 ) ;
#714 = CARTESIAN_POINT ( 'NONE',  ( 41.00000000000000000, 164.4999999999999716, 5.000000000000000000 ) ) ;
#715 = DIRECTION ( 'NONE',  ( 1.000000000000000000, 0.000000000000000000, 0.000000000000000000 ) ) ;
#716 = EDGE_CURVE ( 'NONE', #2550, #1942, #1751, .T. ) ;
#717 = CIRCLE ( 'NONE', #2016, 2.100000000000004530 ) ;
#718 = CARTESIAN_POINT ( 'NONE',  ( 36.00000000000027711, 94.49999999999992895, 4.000000000000000000 ) ) ;
#719 = VECTOR ( 'NONE', #1272, 1000.000000000000000 ) ;
#720 = FACE_BOUND ( 'NONE', #1058, .T. ) ;
#721 = CARTESIAN_POINT ( 'NONE',  ( 38.00000000000000000, 164.4999999999999716, 8.000000000000000000 ) ) ;
#722 = FACE_OUTER_BOUND ( 'NONE', #3000, .T. ) ;
#723 = ORIENTED_EDGE ( 'NONE', *, *, #829, .F. ) ;
#724 = ORIENTED_EDGE ( 'NONE', *, *, #2179, .F. ) ;
#725 = VERTEX_POINT ( 'NONE', #2964 ) ;
#726 = DIRECTION ( 'NONE',  ( 0.000000000000000000, 0.000000000000000000, 1.000000000000000000 ) ) ;
#727 = DIRECTION ( 'NONE',  ( 0.000000000000000000, 0.000000000000000000, 1.000000000000000000 ) ) ;
#728 = CARTESIAN_POINT ( 'NONE',  ( 51.09999999999999432, 121.4999999999999574, 8.000000000000000000 ) ) ;
#729 = CIRCLE ( 'NONE', #1485, 2.999999999999988898 ) ;
#730 = DIRECTION ( 'NONE',  ( 1.000000000000000000, 0.000000000000000000, 0.000000000000000000 ) ) ;
#731 = EDGE_CURVE ( 'NONE', #308, #1364, #1734, .T. ) ;
#732 = VECTOR ( 'NONE', #385, 1000.000000000000000 ) ;
#733 = FACE_BOUND ( 'NONE', #1265, .T. ) ;
#734 = DIRECTION ( 'NONE',  ( 1.000000000000000000, 0.000000000000000000, 0.000000000000000000 ) ) ;
#735 = CARTESIAN_POINT ( 'NONE',  ( 82.49999999999998579, 133.4999999999999432, 8.000000000000000000 ) ) ;
#736 = CYLINDRICAL_SURFACE ( 'NONE', #507, 4.000000000000003553 ) ;
#737 = ORIENTED_EDGE ( 'NONE', *, *, #1336, .T. ) ;
#738 = EDGE_CURVE ( 'NONE', #2104, #3173, #1561, .T. ) ;
#739 = ADVANCED_FACE ( 'NONE', ( #2497 ), #3284, .F. ) ;
#740 = EDGE_LOOP ( 'NONE', ( #2085, #1438 ) ) ;
#741 = LINE ( 'NONE', #2783, #1270 ) ;
#742 = EDGE_CURVE ( 'NONE', #2952, #231, #2591, .T. ) ;
#743 = DIRECTION ( 'NONE',  ( -0.000000000000000000, -0.000000000000000000, -1.000000000000000000 ) ) ;
#744 = ADVANCED_FACE ( 'NONE', ( #2513 ), #418, .F. ) ;
#745 = DIRECTION ( 'NONE',  ( 7.608612125974258381E-32, -1.000000000000000000, 0.000000000000000000 ) ) ;
#746 = FACE_OUTER_BOUND ( 'NONE', #2812, .T. ) ;
#747 = FACE_BOUND ( 'NONE', #1607, .T. ) ;
#748 = FACE_BOUND ( 'NONE', #1096, .T. ) ;
#749 = ADVANCED_FACE ( 'NONE', ( #1994, #398, #3031, #2707, #957, #2260, #216, #1451, #1227, #654, #2211, #167, #1976, #1721, #704, #1684, #2725, #451, #1432, #1737, #2998, #1482, #2459, #149, #1176, #3230, #187, #921, #1961, #2982, #2743, #434 ), #1466, .F. ) ;
#750 = CARTESIAN_POINT ( 'NONE',  ( 64.50000000000000000, 121.4999999999999574, 0.000000000000000000 ) ) ;
#751 = CARTESIAN_POINT ( 'NONE',  ( 84.24999999999998579, 133.4999999999999432, 5.000000000000000000 ) ) ;
#752 = ORIENTED_EDGE ( 'NONE', *, *, #2530, .T. ) ;
#753 = VERTEX_POINT ( 'NONE', #2024 ) ;
#754 =( NAMED_UNIT ( * ) PLANE_ANGLE_UNIT ( ) SI_UNIT ( $, .RADIAN. ) );
#755 = DIRECTION ( 'NONE',  ( 1.000000000000000000, 0.000000000000000000, 0.000000000000000000 ) ) ;
#756 = PRODUCT_DEFINITION_CONTEXT ( 'detailed design', #2015, 'design' ) ;
#757 = AXIS2_PLACEMENT_3D ( 'NONE', #1211, #1258, #215 ) ;
#758 = AXIS2_PLACEMENT_3D ( 'NONE', #2228, #1704, #2272 ) ;
#759 = ORIENTED_EDGE ( 'NONE', *, *, #1448, .T. ) ;
#760 = CARTESIAN_POINT ( 'NONE',  ( 38.00000000000000000, 164.4999999999999716, 5.000000000000000000 ) ) ;
#761 = DIRECTION ( 'NONE',  ( 0.000000000000000000, 1.000000000000000000, -0.000000000000000000 ) ) ;
#762 = AXIS2_PLACEMENT_3D ( 'NONE', #2568, #1283, #2786 ) ;
#763 = CARTESIAN_POINT ( 'NONE',  ( 114.9999999999999858, 156.9999999999999716, 8.000000000000000000 ) ) ;
#764 = FACE_OUTER_BOUND ( 'NONE', #1455, .T. ) ;
#765 = VECTOR ( 'NONE', #2630, 1000.000000000000000 ) ;
#766 = CARTESIAN_POINT ( 'NONE',  ( 64.50000000000021316, 101.4999999999999574, 8.000000000000000000 ) ) ;
#767 = CIRCLE ( 'NONE', #1965, 1.600000000000004086 ) ;
#768 = VERTEX_POINT ( 'NONE', #2053 ) ;
#769 = ORIENTED_EDGE ( 'NONE', *, *, #2021, .F. ) ;
#770 = CYLINDRICAL_SURFACE ( 'NONE', #842, 1.599999999999990319 ) ;
#771 = EDGE_CURVE ( 'NONE', #1375, #3256, #2824, .T. ) ;
#772 = CYLINDRICAL_SURFACE ( 'NONE', #597, 1.250000000000015099 ) ;
#773 = ORIENTED_EDGE ( 'NONE', *, *, #1822, .T. ) ;
#774 = DIRECTION ( 'NONE',  ( -0.000000000000000000, 0.000000000000000000, 1.000000000000000000 ) ) ;
#775 = CARTESIAN_POINT ( 'NONE',  ( 82.49999999999998579, 164.4999999999999716, 8.000000000000000000 ) ) ;
#776 = ADVANCED_FACE ( 'NONE', ( #796 ), #3078, .F. ) ;
#777 = DIRECTION ( 'NONE',  ( -0.000000000000000000, 0.000000000000000000, 1.000000000000000000 ) ) ;
#778 = EDGE_CURVE ( 'NONE', #314, #1462, #487, .T. ) ;
#779 = AXIS2_PLACEMENT_3D ( 'NONE', #2761, #2498, #3015 ) ;
#780 = LINE ( 'NONE', #301, #258 ) ;
#781 = CARTESIAN_POINT ( 'NONE',  ( 5.249999999999996447, 164.4999999999999716, 8.000000000000000000 ) ) ;
#782 = EDGE_LOOP ( 'NONE', ( #1356, #324, #3216, #2666 ) ) ;
#783 = CIRCLE ( 'NONE', #3209, 2.000000000000015543 ) ;
#784 = EDGE_LOOP ( 'NONE', ( #3080, #2923, #864, #3263 ) ) ;
#785 = CARTESIAN_POINT ( 'NONE',  ( 103.8999999999999631, 167.0000000000000000, 8.000000000000000000 ) ) ;
#786 = DIRECTION ( 'NONE',  ( -1.000000000000000000, 0.000000000000000000, 0.000000000000000000 ) ) ;
#787 = CIRCLE ( 'NONE', #2733, 3.000000000000000888 ) ;
#788 = EDGE_LOOP ( 'NONE', ( #2100, #599 ) ) ;
#789 = ORIENTED_EDGE ( 'NONE', *, *, #2851, .F. ) ;
#790 = FACE_OUTER_BOUND ( 'NONE', #512, .T. ) ;
#791 = AXIS2_PLACEMENT_3D ( 'NONE', #1599, #846, #78 ) ;
#792 = FACE_OUTER_BOUND ( 'NONE', #1562, .T. ) ;
#793 = DIRECTION ( 'NONE',  ( 1.000000000000000000, 0.000000000000000000, 0.000000000000000000 ) ) ;
#794 = EDGE_LOOP ( 'NONE', ( #3095, #640 ) ) ;
#795 = CARTESIAN_POINT ( 'NONE',  ( 69.50000000000019895, 101.4999999999999574, -2.000000000000000000 ) ) ;
#796 = FACE_OUTER_BOUND ( 'NONE', #1392, .T. ) ;
#797 = ORIENTED_EDGE ( 'NONE', *, *, #492, .T. ) ;
#798 = ORIENTED_EDGE ( 'NONE', *, *, #242, .T. ) ;
#799 = DIRECTION ( 'NONE',  ( 1.000000000000000000, 0.000000000000000000, 0.000000000000000000 ) ) ;
#800 = LINE ( 'NONE', #3068, #1149 ) ;
#801 = ORIENTED_EDGE ( 'NONE', *, *, #1770, .F. ) ;
#802 = ORIENTED_EDGE ( 'NONE', *, *, #1998, .T. ) ;
#803 = CARTESIAN_POINT ( 'NONE',  ( 36.25000000000000000, 133.4999999999999432, 8.000000000000000000 ) ) ;
#804 = DIRECTION ( 'NONE',  ( -0.000000000000000000, -0.000000000000000000, 1.000000000000000000 ) ) ;
#805 = EDGE_LOOP ( 'NONE', ( #1855, #3098, #1101, #2407 ) ) ;
#806 = AXIS2_PLACEMENT_3D ( 'NONE', #1460, #178, #2507 ) ;
#807 = EDGE_CURVE ( 'NONE', #1454, #1093, #15, .T. ) ;
#808 = CARTESIAN_POINT ( 'NONE',  ( 110.4999999999999858, 133.4999999999999432, 5.000000000000000000 ) ) ;
#809 = CARTESIAN_POINT ( 'NONE',  ( 38.00000000000000000, 133.4999999999999432, 8.000000000000000000 ) ) ;
#810 = VERTEX_POINT ( 'NONE', #1017 ) ;
#811 = AXIS2_PLACEMENT_3D ( 'NONE', #135, #2879, #2157 ) ;
#812 = DIRECTION ( 'NONE',  ( -0.000000000000000000, -0.000000000000000000, 1.000000000000000000 ) ) ;
#813 = ORIENTED_EDGE ( 'NONE', *, *, #1335, .F. ) ;
#814 = VERTEX_POINT ( 'NONE', #2853 ) ;
#815 = CARTESIAN_POINT ( 'NONE',  ( 91.89999999999992042, 94.49999999999997158, 0.000000000000000000 ) ) ;
#816 = DIRECTION ( 'NONE',  ( 1.000000000000000000, 0.000000000000000000, 0.000000000000000000 ) ) ;
#817 = ORIENTED_EDGE ( 'NONE', *, *, #1525, .T. ) ;
#818 = DIRECTION ( 'NONE',  ( 0.000000000000000000, 0.000000000000000000, 1.000000000000000000 ) ) ;
#819 = DIRECTION ( 'NONE',  ( 1.000000000000000000, 0.000000000000000000, 0.000000000000000000 ) ) ;
#820 = ORIENTED_EDGE ( 'NONE', *, *, #964, .T. ) ;
#821 = AXIS2_PLACEMENT_3D ( 'NONE', #108, #2639, #594 ) ;
#822 = CIRCLE ( 'NONE', #557, 3.000000000000002665 ) ;
#823 = DIRECTION ( 'NONE',  ( 1.000000000000000000, 0.000000000000000000, 0.000000000000000000 ) ) ;
#824 = SURFACE_STYLE_USAGE ( .BOTH. , #3127 ) ;
#825 = EDGE_CURVE ( 'NONE', #725, #2626, #110, .T. ) ;
#826 = ORIENTED_EDGE ( 'NONE', *, *, #3231, .F. ) ;
#827 = ORIENTED_EDGE ( 'NONE', *, *, #2267, .F. ) ;
#828 = CARTESIAN_POINT ( 'NONE',  ( 100.7499999999999716, 99.99999999999997158, 0.000000000000000000 ) ) ;
#829 = EDGE_CURVE ( 'NONE', #1462, #598, #2793, .T. ) ;
#830 = CYLINDRICAL_SURFACE ( 'NONE', #3033, 1.599999999999997202 ) ;
#831 = VECTOR ( 'NONE', #2770, 1000.000000000000000 ) ;
#832 = CARTESIAN_POINT ( 'NONE',  ( 38.00000000000000000, 164.4999999999999716, 8.000000000000000000 ) ) ;
#833 = CARTESIAN_POINT ( 'NONE',  ( 56.50000000000027001, 94.49999999999995737, 0.000000000000000000 ) ) ;
#834 = ORIENTED_EDGE ( 'NONE', *, *, #1937, .F. ) ;
#835 = VERTEX_POINT ( 'NONE', #1528 ) ;
#836 = DIRECTION ( 'NONE',  ( -0.000000000000000000, 0.000000000000000000, 1.000000000000000000 ) ) ;
#837 = ORIENTED_EDGE ( 'NONE', *, *, #1579, .T. ) ;
#838 = LINE ( 'NONE', #2458, #1056 ) ;
#839 = DIRECTION ( 'NONE',  ( 0.000000000000000000, 0.000000000000000000, -1.000000000000000000 ) ) ;
#840 = LINE ( 'NONE', #1100, #2027 ) ;
#841 = ORIENTED_EDGE ( 'NONE', *, *, #1945, .F. ) ;
#842 = AXIS2_PLACEMENT_3D ( 'NONE', #3126, #544, #2337 ) ;
#843 = VERTEX_POINT ( 'NONE', #1556 ) ;
#844 = ORIENTED_EDGE ( 'NONE', *, *, #2570, .T. ) ;
#845 = CARTESIAN_POINT ( 'NONE',  ( 79.50000000000000000, 164.4999999999999716, 5.000000000000000000 ) ) ;
#846 = DIRECTION ( 'NONE',  ( -0.000000000000000000, 0.000000000000000000, 1.000000000000000000 ) ) ;
#847 = CIRCLE ( 'NONE', #1877, 1.600000000000004086 ) ;
#848 = CARTESIAN_POINT ( 'NONE',  ( 101.9999999999999858, 99.99999999999997158, -2.000000000000000000 ) ) ;
#849 = DIRECTION ( 'NONE',  ( 1.000000000000000000, 0.000000000000000000, -0.000000000000000000 ) ) ;
#850 = ORIENTED_EDGE ( 'NONE', *, *, #3043, .T. ) ;
#851 = VERTEX_POINT ( 'NONE', #1541 ) ;
#852 = CIRCLE ( 'NONE', #1955, 2.000000000000001776 ) ;
#853 = CARTESIAN_POINT ( 'NONE',  ( 7.000000000000000888, 133.4999999999999432, 5.000000000000000000 ) ) ;
#854 = ORIENTED_EDGE ( 'NONE', *, *, #3235, .T. ) ;
#855 = CIRCLE ( 'NONE', #1570, 2.999999999999988898 ) ;
#856 = CARTESIAN_POINT ( 'NONE',  ( 4.000000000000000000, 106.4999999999999858, 8.000000000000000000 ) ) ;
#857 = DIRECTION ( 'NONE',  ( 1.000000000000000000, 0.000000000000000000, 0.000000000000000000 ) ) ;
#858 = DIRECTION ( 'NONE',  ( -1.000000000000000000, 0.000000000000000000, 0.000000000000000000 ) ) ;
#859 = ORIENTED_EDGE ( 'NONE', *, *, #3203, .T. ) ;
#860 = CIRCLE ( 'NONE', #2313, 11.25000000000001066 ) ;
#861 = ORIENTED_EDGE ( 'NONE', *, *, #2493, .T. ) ;
#862 = CIRCLE ( 'NONE', #5, 1.599999999999997202 ) ;
#863 = VERTEX_POINT ( 'NONE', #3326 ) ;
#864 = ORIENTED_EDGE ( 'NONE', *, *, #1539, .T. ) ;
#865 = CARTESIAN_POINT ( 'NONE',  ( 0.000000000000000000, 0.000000000000000000, 8.000000000000000000 ) ) ;
#866 = VECTOR ( 'NONE', #2050, 1000.000000000000000 ) ;
#867 = CARTESIAN_POINT ( 'NONE',  ( 49.50000000000021316, 101.4999999999999574, 8.000000000000000000 ) ) ;
#868 = EDGE_CURVE ( 'NONE', #3256, #2213, #1514, .T. ) ;
#869 = CARTESIAN_POINT ( 'NONE',  ( 115.4999999999999858, 89.99999999999998579, 8.000000000000000000 ) ) ;
#870 = DIRECTION ( 'NONE',  ( -0.000000000000000000, 0.000000000000000000, 1.000000000000000000 ) ) ;
#871 = ADVANCED_FACE ( 'NONE', ( #2303 ), #1798, .F. ) ;
#872 = UNCERTAINTY_MEASURE_WITH_UNIT (LENGTH_MEASURE( 1.000000000000000082E-05 ), #2116, 'distance_accuracy_value', 'NONE');
#873 = ORIENTED_EDGE ( 'NONE', *, *, #525, .F. ) ;
#874 = EDGE_CURVE ( 'NONE', #2461, #598, #2430, .T. ) ;
#875 = ORIENTED_EDGE ( 'NONE', *, *, #825, .T. ) ;
#876 = EDGE_CURVE ( 'NONE', #163, #1427, #3092, .T. ) ;
#877 = DIRECTION ( 'NONE',  ( 1.000000000000000000, 0.000000000000000000, 0.000000000000000000 ) ) ;
#878 = EDGE_CURVE ( 'NONE', #315, #2162, #975, .T. ) ;
#879 = ORIENTED_EDGE ( 'NONE', *, *, #389, .F. ) ;
#880 = DIRECTION ( 'NONE',  ( 1.000000000000000000, 0.000000000000000000, 0.000000000000000000 ) ) ;
#881 = DIRECTION ( 'NONE',  ( -0.000000000000000000, 0.000000000000000000, 1.000000000000000000 ) ) ;
#882 = AXIS2_PLACEMENT_3D ( 'NONE', #2402, #91, #2744 ) ;
#883 = DIRECTION ( 'NONE',  ( 1.000000000000000000, 0.000000000000000000, 0.000000000000000000 ) ) ;
#884 = VERTEX_POINT ( 'NONE', #288 ) ;
#885 = ORIENTED_EDGE ( 'NONE', *, *, #1081, .F. ) ;
#886 = CIRCLE ( 'NONE', #2776, 1.600000000000004086 ) ;
#887 = ORIENTED_EDGE ( 'NONE', *, *, #377, .T. ) ;
#888 = EDGE_LOOP ( 'NONE', ( #789, #3207, #2465, #666 ) ) ;
#889 = FACE_OUTER_BOUND ( 'NONE', #10, .T. ) ;
#890 = DIRECTION ( 'NONE',  ( 0.000000000000000000, 0.000000000000000000, 1.000000000000000000 ) ) ;
#891 = EDGE_CURVE ( 'NONE', #843, #2070, #269, .T. ) ;
#892 = VECTOR ( 'NONE', #1479, 1000.000000000000000 ) ;
#893 = DIRECTION ( 'NONE',  ( -0.000000000000000000, -0.000000000000000000, -1.000000000000000000 ) ) ;
#894 = DIRECTION ( 'NONE',  ( 1.000000000000000000, 0.000000000000000000, 0.000000000000000000 ) ) ;
#895 = ORIENTED_EDGE ( 'NONE', *, *, #2846, .F. ) ;
#896 = AXIS2_PLACEMENT_3D ( 'NONE', #1911, #2915, #3165 ) ;
#897 = ORIENTED_EDGE ( 'NONE', *, *, #771, .F. ) ;
#898 = CARTESIAN_POINT ( 'NONE',  ( 100.7499999999999574, 109.9999999999999716, -2.000000000000000000 ) ) ;
#899 = CYLINDRICAL_SURFACE ( 'NONE', #123, 2.000000000000015543 ) ;
#900 = AXIS2_PLACEMENT_3D ( 'NONE', #1564, #2327, #3088 ) ;
#901 = LINE ( 'NONE', #337, #3073 ) ;
#902 = CARTESIAN_POINT ( 'NONE',  ( 33.75000000000001421, 148.9999999999999716, 8.000000000000000000 ) ) ;
#903 = CARTESIAN_POINT ( 'NONE',  ( 39.75000000000000000, 133.4999999999999432, 5.000000000000000000 ) ) ;
#904 = ORIENTED_EDGE ( 'NONE', *, *, #2109, .T. ) ;
#905 = VERTEX_POINT ( 'NONE', #3107 ) ;
#906 = DIRECTION ( 'NONE',  ( -0.000000000000000000, -0.000000000000000000, -1.000000000000000000 ) ) ;
#907 = EDGE_LOOP ( 'NONE', ( #2881, #659, #2262, #1366 ) ) ;
#908 = LINE ( 'NONE', #845, #2878 ) ;
#909 = DIRECTION ( 'NONE',  ( 1.000000000000000000, 0.000000000000000000, 0.000000000000000000 ) ) ;
#910 = DIRECTION ( 'NONE',  ( 0.000000000000000000, 0.000000000000000000, 1.000000000000000000 ) ) ;
#911 = DIRECTION ( 'NONE',  ( -0.000000000000000000, -0.000000000000000000, 1.000000000000000000 ) ) ;
#912 = ORIENTED_EDGE ( 'NONE', *, *, #291, .F. ) ;
#913 = PRESENTATION_LAYER_ASSIGNMENT (  '', '', ( #2361 ) ) ;
#914 = ORIENTED_EDGE ( 'NONE', *, *, #3190, .T. ) ;
#915 = ADVANCED_FACE ( 'NONE', ( #989 ), #3047, .F. ) ;
#916 = DIRECTION ( 'NONE',  ( 0.000000000000000000, 0.000000000000000000, 1.000000000000000000 ) ) ;
#917 = CARTESIAN_POINT ( 'NONE',  ( 6.000000000000001776, 106.4999999999999858, -2.000000000000000000 ) ) ;
#918 = ADVANCED_FACE ( 'NONE', ( #1511 ), #2547, .F. ) ;
#919 = AXIS2_PLACEMENT_3D ( 'NONE', #2287, #1033, #2068 ) ;
#920 = FACE_BOUND ( 'NONE', #1484, .T. ) ;
#921 = FACE_BOUND ( 'NONE', #129, .T. ) ;
#922 = CARTESIAN_POINT ( 'NONE',  ( 7.600000000000006750, 94.49999999999995737, 0.000000000000000000 ) ) ;
#923 = ORIENTED_EDGE ( 'NONE', *, *, #3124, .F. ) ;
#924 = VERTEX_POINT ( 'NONE', #1003 ) ;
#925 = AXIS2_PLACEMENT_3D ( 'NONE', #3277, #1659, #2683 ) ;
#926 = ORIENTED_EDGE ( 'NONE', *, *, #1696, .F. ) ;
#927 = ORIENTED_EDGE ( 'NONE', *, *, #71, .T. ) ;
#928 = ADVANCED_FACE ( 'NONE', ( #1065 ), #1113, .F. ) ;
#929 = DIRECTION ( 'NONE',  ( -0.000000000000000000, 0.000000000000000000, 1.000000000000000000 ) ) ;
#930 = DIRECTION ( 'NONE',  ( 1.000000000000000000, 0.000000000000000000, 0.000000000000000000 ) ) ;
#931 = AXIS2_PLACEMENT_3D ( 'NONE', #514, #502, #755 ) ;
#932 = CARTESIAN_POINT ( 'NONE',  ( 38.00000000000000000, 164.4999999999999716, 8.000000000000000000 ) ) ;
#933 = DIRECTION ( 'NONE',  ( 1.000000000000000000, 0.000000000000000000, 0.000000000000000000 ) ) ;
#934 = ORIENTED_EDGE ( 'NONE', *, *, #1302, .F. ) ;
#935 = DIRECTION ( 'NONE',  ( -0.000000000000000000, -0.000000000000000000, 1.000000000000000000 ) ) ;
#936 = PLANE ( 'NONE',  #2052 ) ;
#937 = DIRECTION ( 'NONE',  ( 1.000000000000000000, 0.000000000000000000, 0.000000000000000000 ) ) ;
#938 = CARTESIAN_POINT ( 'NONE',  ( 103.2499999999999574, 109.9999999999999716, 0.000000000000000000 ) ) ;
#939 = ORIENTED_EDGE ( 'NONE', *, *, #2279, .T. ) ;
#940 = VERTEX_POINT ( 'NONE', #2899 ) ;
#941 = EDGE_CURVE ( 'NONE', #532, #1112, #623, .T. ) ;
#942 = CARTESIAN_POINT ( 'NONE',  ( 49.50000000000021316, 101.4999999999999574, 0.000000000000000000 ) ) ;
#943 = EDGE_LOOP ( 'NONE', ( #2246, #244, #2854, #3112 ) ) ;
#944 = DIRECTION ( 'NONE',  ( 1.000000000000000000, 0.000000000000000000, 0.000000000000000000 ) ) ;
#945 = DIRECTION ( 'NONE',  ( 0.000000000000000000, 0.000000000000000000, 1.000000000000000000 ) ) ;
#946 = AXIS2_PLACEMENT_3D ( 'NONE', #690, #1483, #2515 ) ;
#947 = ADVANCED_FACE ( 'NONE', ( #66 ), #1876, .F. ) ;
#948 = CARTESIAN_POINT ( 'NONE',  ( 113.4999999999999858, 133.4999999999999432, 5.000000000000000000 ) ) ;
#949 = DIRECTION ( 'NONE',  ( -0.000000000000000000, 0.000000000000000000, 1.000000000000000000 ) ) ;
#950 = AXIS2_PLACEMENT_3D ( 'NONE', #2362, #85, #335 ) ;
#951 = ORIENTED_EDGE ( 'NONE', *, *, #1240, .F. ) ;
#952 = DIRECTION ( 'NONE',  ( -0.000000000000000000, -0.000000000000000000, 1.000000000000000000 ) ) ;
#953 = ADVANCED_FACE ( 'NONE', ( #1394 ), #2396, .F. ) ;
#954 = CIRCLE ( 'NONE', #2835, 2.000000000000015543 ) ;
#955 = LINE ( 'NONE', #1993, #1287 ) ;
#956 = EDGE_CURVE ( 'NONE', #1885, #436, #3168, .T. ) ;
#957 = FACE_BOUND ( 'NONE', #1162, .T. ) ;
#958 = AXIS2_PLACEMENT_3D ( 'NONE', #580, #2661, #2955 ) ;
#959 = CARTESIAN_POINT ( 'NONE',  ( 107.9999999999999858, 94.99999999999998579, 0.000000000000000000 ) ) ;
#960 = ORIENTED_EDGE ( 'NONE', *, *, #628, .F. ) ;
#961 = ORIENTED_EDGE ( 'NONE', *, *, #1083, .T. ) ;
#962 = DIRECTION ( 'NONE',  ( -0.000000000000000000, -0.000000000000000000, 1.000000000000000000 ) ) ;
#963 = DIRECTION ( 'NONE',  ( 1.000000000000000000, 0.000000000000000000, 0.000000000000000000 ) ) ;
#964 = EDGE_CURVE ( 'NONE', #334, #2653, #783, .T. ) ;
#965 = CARTESIAN_POINT ( 'NONE',  ( 91.89999999999992042, 94.49999999999997158, 4.000000000000000000 ) ) ;
#966 = CARTESIAN_POINT ( 'NONE',  ( 119.5000000000000000, 167.5000000000000000, 8.000000000000000000 ) ) ;
#967 = DIRECTION ( 'NONE',  ( -0.000000000000000000, -0.000000000000000000, 1.000000000000000000 ) ) ;
#968 = DIRECTION ( 'NONE',  ( 0.000000000000000000, 0.000000000000000000, 1.000000000000000000 ) ) ;
#969 = DIRECTION ( 'NONE',  ( 0.000000000000000000, 0.000000000000000000, 1.000000000000000000 ) ) ;
#970 = FACE_OUTER_BOUND ( 'NONE', #3177, .T. ) ;
#971 = CARTESIAN_POINT ( 'NONE',  ( 51.09999999999999432, 121.4999999999999574, -2.000000000000000000 ) ) ;
#972 = EDGE_LOOP ( 'NONE', ( #2634, #499 ) ) ;
#973 = ORIENTED_EDGE ( 'NONE', *, *, #2866, .F. ) ;
#974 = DIRECTION ( 'NONE',  ( 0.000000000000000000, 0.000000000000000000, 1.000000000000000000 ) ) ;
#975 = CIRCLE ( 'NONE', #24, 1.250000000000001110 ) ;
#976 = LINE ( 'NONE', #2537, #1524 ) ;
#977 = EDGE_CURVE ( 'NONE', #1112, #532, #1810, .T. ) ;
#978 = AXIS2_PLACEMENT_3D ( 'NONE', #1075, #1854, #535 ) ;
#979 = DIRECTION ( 'NONE',  ( 0.000000000000000000, 0.000000000000000000, 1.000000000000000000 ) ) ;
#980 = CARTESIAN_POINT ( 'NONE',  ( 47.90000000000021885, 101.4999999999999574, 0.000000000000000000 ) ) ;
#981 = ADVANCED_FACE ( 'NONE', ( #2097 ), #1895, .F. ) ;
#982 = AXIS2_PLACEMENT_3D ( 'NONE', #3040, #662, #2251 ) ;
#983 = EDGE_CURVE ( 'NONE', #1169, #810, #2081, .T. ) ;
#984 = CYLINDRICAL_SURFACE ( 'NONE', #1298, 1.750000000000004219 ) ;
#985 = EDGE_CURVE ( 'NONE', #413, #541, #2521, .T. ) ;
#986 = EDGE_CURVE ( 'NONE', #1942, #56, #1165, .T. ) ;
#987 = DIRECTION ( 'NONE',  ( -0.000000000000000000, -0.000000000000000000, 1.000000000000000000 ) ) ;
#988 = EDGE_CURVE ( 'NONE', #843, #2976, #2414, .T. ) ;
#989 = FACE_OUTER_BOUND ( 'NONE', #1132, .T. ) ;
#990 = CARTESIAN_POINT ( 'NONE',  ( 115.4999999999999858, 93.99999999999998579, 8.000000000000000000 ) ) ;
#991 = VERTEX_POINT ( 'NONE', #554 ) ;
#992 = ORIENTED_EDGE ( 'NONE', *, *, #641, .F. ) ;
#993 = DIRECTION ( 'NONE',  ( -0.000000000000000000, 0.000000000000000000, 1.000000000000000000 ) ) ;
#994 = CARTESIAN_POINT ( 'NONE',  ( 113.4999999999999858, 133.4999999999999432, 5.000000000000000000 ) ) ;
#995 = CARTESIAN_POINT ( 'NONE',  ( 113.4999999999999858, 164.4999999999999716, 0.000000000000000000 ) ) ;
#996 = CIRCLE ( 'NONE', #239, 3.000000000000000888 ) ;
#997 = CYLINDRICAL_SURFACE ( 'NONE', #1388, 1.599999999999990319 ) ;
#998 = EDGE_CURVE ( 'NONE', #1364, #308, #464, .T. ) ;
#999 = CIRCLE ( 'NONE', #292, 1.600000000000003419 ) ;
#1000 = FACE_BOUND ( 'NONE', #2856, .T. ) ;
#1001 = FACE_OUTER_BOUND ( 'NONE', #3035, .T. ) ;
#1002 = AXIS2_PLACEMENT_3D ( 'NONE', #2635, #1642, #2940 ) ;
#1003 = CARTESIAN_POINT ( 'NONE',  ( 36.25000000000000000, 164.4999999999999716, 5.000000000000000000 ) ) ;
#1004 = CARTESIAN_POINT ( 'NONE',  ( 3.999999999999999112, 171.5000000000000000, 8.000000000000000000 ) ) ;
#1005 = ORIENTED_EDGE ( 'NONE', *, *, #2189, .F. ) ;
#1006 = AXIS2_PLACEMENT_3D ( 'NONE', #2957, #1370, #1092 ) ;
#1007 = ORIENTED_EDGE ( 'NONE', *, *, #2771, .F. ) ;
#1008 = DIRECTION ( 'NONE',  ( -1.000000000000000000, 0.000000000000000000, 0.000000000000000000 ) ) ;
#1009 = DIRECTION ( 'NONE',  ( -0.000000000000000000, -0.000000000000000000, 1.000000000000000000 ) ) ;
#1010 = VERTEX_POINT ( 'NONE', #1134 ) ;
#1011 = CARTESIAN_POINT ( 'NONE',  ( 7.000000000000000888, 133.4999999999999432, 0.000000000000000000 ) ) ;
#1012 = DIRECTION ( 'NONE',  ( 1.000000000000000000, 0.000000000000000000, 0.000000000000000000 ) ) ;
#1013 = LINE ( 'NONE', #1301, #866 ) ;
#1014 = CIRCLE ( 'NONE', #2478, 2.099999999999990763 ) ;
#1015 = EDGE_CURVE ( 'NONE', #281, #768, #1763, .T. ) ;
#1016 = CARTESIAN_POINT ( 'NONE',  ( 7.600000000000006750, 94.49999999999995737, 4.000000000000000000 ) ) ;
#1017 = CARTESIAN_POINT ( 'NONE',  ( 67.90000000000020464, 101.4999999999999574, 8.000000000000000000 ) ) ;
#1018 = EDGE_LOOP ( 'NONE', ( #3129, #2276, #674, #1640 ) ) ;
#1019 = ORIENTED_EDGE ( 'NONE', *, *, #1834, .T. ) ;
#1020 = CARTESIAN_POINT ( 'NONE',  ( 8.000000000000003553, 106.4999999999999858, 0.000000000000000000 ) ) ;
#1021 = CYLINDRICAL_SURFACE ( 'NONE', #1629, 1.750000000000015543 ) ;
#1022 = EDGE_CURVE ( 'NONE', #2649, #3066, #3317, .T. ) ;
#1023 = AXIS2_PLACEMENT_3D ( 'NONE', #2039, #2316, #523 ) ;
#1024 = VERTEX_POINT ( 'NONE', #630 ) ;
#1025 = CARTESIAN_POINT ( 'NONE',  ( 64.50000000000021316, 101.4999999999999574, 8.000000000000000000 ) ) ;
#1026 = VECTOR ( 'NONE', #1256, 1000.000000000000000 ) ;
#1027 = CARTESIAN_POINT ( 'NONE',  ( 113.9999999999999858, 99.99999999999997158, -2.000000000000000000 ) ) ;
#1028 = AXIS2_PLACEMENT_3D ( 'NONE', #1761, #3319, #263 ) ;
#1029 = DIRECTION ( 'NONE',  ( -1.000000000000000000, 0.000000000000000000, 0.000000000000000000 ) ) ;
#1030 = ORIENTED_EDGE ( 'NONE', *, *, #807, .F. ) ;
#1031 = CIRCLE ( 'NONE', #329, 1.250000000000001110 ) ;
#1032 = CIRCLE ( 'NONE', #277, 2.099999999999990763 ) ;
#1033 = DIRECTION ( 'NONE',  ( 0.000000000000000000, 0.000000000000000000, 1.000000000000000000 ) ) ;
#1034 = AXIS2_PLACEMENT_3D ( 'NONE', #396, #2889, #3250 ) ;
#1035 = EDGE_LOOP ( 'NONE', ( #2395, #2610, #245, #282 ) ) ;
#1036 = ORIENTED_EDGE ( 'NONE', *, *, #2909, .T. ) ;
#1037 = DIRECTION ( 'NONE',  ( -0.000000000000000000, 0.000000000000000000, 1.000000000000000000 ) ) ;
#1038 = EDGE_CURVE ( 'NONE', #2632, #2653, #1663, .T. ) ;
#1039 = DIRECTION ( 'NONE',  ( 1.000000000000000000, 0.000000000000000000, 0.000000000000000000 ) ) ;
#1040 = AXIS2_PLACEMENT_3D ( 'NONE', #2671, #559, #573 ) ;
#1041 = ORIENTED_EDGE ( 'NONE', *, *, #707, .T. ) ;
#1042 = DIRECTION ( 'NONE',  ( -0.000000000000000000, -0.000000000000000000, 1.000000000000000000 ) ) ;
#1043 = CARTESIAN_POINT ( 'NONE',  ( 69.50000000000000000, 121.4999999999999574, 0.000000000000000000 ) ) ;
#1044 = VECTOR ( 'NONE', #2726, 1000.000000000000000 ) ;
#1045 = CARTESIAN_POINT ( 'NONE',  ( 7.000000000000000888, 164.4999999999999716, 8.000000000000000000 ) ) ;
#1046 = CIRCLE ( 'NONE', #3142, 2.999999999999997335 ) ;
#1047 = FACE_OUTER_BOUND ( 'NONE', #1018, .T. ) ;
#1048 = CARTESIAN_POINT ( 'NONE',  ( 114.9999999999999858, 156.9999999999999716, 8.000000000000000000 ) ) ;
#1049 = VERTEX_POINT ( 'NONE', #2348 ) ;
#1050 = EDGE_CURVE ( 'NONE', #1699, #92, #35, .T. ) ;
#1051 = AXIS2_PLACEMENT_3D ( 'NONE', #2164, #3188, #877 ) ;
#1052 = VERTEX_POINT ( 'NONE', #1679 ) ;
#1053 = DIRECTION ( 'NONE',  ( 0.000000000000000000, 0.000000000000000000, 1.000000000000000000 ) ) ;
#1054 = DIRECTION ( 'NONE',  ( -0.000000000000000000, 0.000000000000000000, 1.000000000000000000 ) ) ;
#1055 = AXIS2_PLACEMENT_3D ( 'NONE', #1873, #331, #1391 ) ;
#1056 = VECTOR ( 'NONE', #148, 1000.000000000000000 ) ;
#1057 = ORIENTED_EDGE ( 'NONE', *, *, #1537, .T. ) ;
#1058 = EDGE_LOOP ( 'NONE', ( #595, #2702 ) ) ;
#1059 = VECTOR ( 'NONE', #264, 1000.000000000000000 ) ;
#1060 = CYLINDRICAL_SURFACE ( 'NONE', #3007, 1.649999999999998579 ) ;
#1061 = EDGE_CURVE ( 'NONE', #488, #403, #2463, .T. ) ;
#1062 = DIRECTION ( 'NONE',  ( -0.000000000000000000, -0.000000000000000000, -1.000000000000000000 ) ) ;
#1063 = ORIENTED_EDGE ( 'NONE', *, *, #2429, .T. ) ;
#1064 = DIRECTION ( 'NONE',  ( 1.000000000000000000, 0.000000000000000000, 0.000000000000000000 ) ) ;
#1065 = FACE_OUTER_BOUND ( 'NONE', #617, .T. ) ;
#1066 = ORIENTED_EDGE ( 'NONE', *, *, #2588, .T. ) ;
#1067 = EDGE_LOOP ( 'NONE', ( #259, #470 ) ) ;
#1068 =( NAMED_UNIT ( * ) SI_UNIT ( $, .STERADIAN. ) SOLID_ANGLE_UNIT ( ) );
#1069 = EDGE_LOOP ( 'NONE', ( #1903, #2869, #2827, #1521 ) ) ;
#1070 = ORIENTED_EDGE ( 'NONE', *, *, #1308, .T. ) ;
#1071 = CIRCLE ( 'NONE', #1348, 1.599999999999990319 ) ;
#1072 = EDGE_CURVE ( 'NONE', #483, #2446, #2494, .T. ) ;
#1073 = DIRECTION ( 'NONE',  ( 1.000000000000000000, 0.000000000000000000, 0.000000000000000000 ) ) ;
#1074 = AXIS2_PLACEMENT_3D ( 'NONE', #2192, #1646, #359 ) ;
#1075 = CARTESIAN_POINT ( 'NONE',  ( 82.49999999999998579, 164.4999999999999716, 0.000000000000000000 ) ) ;
#1076 = VERTEX_POINT ( 'NONE', #1992 ) ;
#1077 = AXIS2_PLACEMENT_3D ( 'NONE', #2769, #1266, #2557 ) ;
#1078 = LINE ( 'NONE', #808, #161 ) ;
#1079 = DIRECTION ( 'NONE',  ( -0.000000000000000000, 0.000000000000000000, 1.000000000000000000 ) ) ;
#1080 = ORIENTED_EDGE ( 'NONE', *, *, #3091, .T. ) ;
#1081 = EDGE_CURVE ( 'NONE', #3157, #576, #2740, .T. ) ;
#1082 = EDGE_CURVE ( 'NONE', #1024, #2104, #447, .T. ) ;
#1083 = EDGE_CURVE ( 'NONE', #1925, #1664, #1861, .T. ) ;
#1084 = CIRCLE ( 'NONE', #2166, 1.750000000000015543 ) ;
#1085 = LINE ( 'NONE', #321, #2489 ) ;
#1086 = DIRECTION ( 'NONE',  ( 1.000000000000000000, 0.000000000000000000, 0.000000000000000000 ) ) ;
#1087 = ORIENTED_EDGE ( 'NONE', *, *, #868, .T. ) ;
#1088 = EDGE_LOOP ( 'NONE', ( #3194, #341, #2811, #2047 ) ) ;
#1089 = CARTESIAN_POINT ( 'NONE',  ( 113.4999999999999858, 133.4999999999999432, 5.000000000000000000 ) ) ;
#1090 = CARTESIAN_POINT ( 'NONE',  ( 108.0999999999999801, 167.0000000000000000, 8.000000000000000000 ) ) ;
#1091 = CARTESIAN_POINT ( 'NONE',  ( 119.5000000000000000, 167.5000000000000000, 8.000000000000000000 ) ) ;
#1092 = DIRECTION ( 'NONE',  ( 1.000000000000000000, 0.000000000000000000, 0.000000000000000000 ) ) ;
#1093 = VERTEX_POINT ( 'NONE', #125 ) ;
#1094 = ORIENTED_EDGE ( 'NONE', *, *, #2042, .F. ) ;
#1095 = DIRECTION ( 'NONE',  ( -0.000000000000000000, 0.000000000000000000, 1.000000000000000000 ) ) ;
#1096 = EDGE_LOOP ( 'NONE', ( #2579, #36 ) ) ;
#1097 = CIRCLE ( 'NONE', #2121, 2.999999999999988898 ) ;
#1098 = DIRECTION ( 'NONE',  ( 0.000000000000000000, 0.000000000000000000, -1.000000000000000000 ) ) ;
#1099 = DIRECTION ( 'NONE',  ( -0.000000000000000000, -0.000000000000000000, 1.000000000000000000 ) ) ;
#1100 = CARTESIAN_POINT ( 'NONE',  ( 39.75000000000000000, 164.4999999999999716, 8.000000000000000000 ) ) ;
#1101 = ORIENTED_EDGE ( 'NONE', *, *, #1577, .T. ) ;
#1102 = ORIENTED_EDGE ( 'NONE', *, *, #279, .T. ) ;
#1103 = ORIENTED_EDGE ( 'NONE', *, *, #2425, .T. ) ;
#1104 = FACE_OUTER_BOUND ( 'NONE', #2518, .T. ) ;
#1105 = DIRECTION ( 'NONE',  ( -0.000000000000000000, 0.000000000000000000, 1.000000000000000000 ) ) ;
#1106 = VECTOR ( 'NONE', #3224, 1000.000000000000000 ) ;
#1107 = CIRCLE ( 'NONE', #1815, 1.250000000000015099 ) ;
#1108 = AXIS2_PLACEMENT_3D ( 'NONE', #3211, #1899, #1156 ) ;
#1109 = CARTESIAN_POINT ( 'NONE',  ( 109.2499999999999858, 148.9999999999999716, 8.000000000000000000 ) ) ;
#1110 = CARTESIAN_POINT ( 'NONE',  ( 69.50000000000019895, 101.4999999999999574, -2.000000000000000000 ) ) ;
#1111 = ORIENTED_EDGE ( 'NONE', *, *, #283, .F. ) ;
#1112 = VERTEX_POINT ( 'NONE', #2703 ) ;
#1113 = CYLINDRICAL_SURFACE ( 'NONE', #145, 1.750000000000001554 ) ;
#1114 = EDGE_LOOP ( 'NONE', ( #2651, #3255 ) ) ;
#1115 = DIRECTION ( 'NONE',  ( -0.000000000000000000, 0.000000000000000000, 1.000000000000000000 ) ) ;
#1116 = DIRECTION ( 'NONE',  ( -1.000000000000000000, 0.000000000000000000, 0.000000000000000000 ) ) ;
#1117 = EDGE_CURVE ( 'NONE', #2976, #2043, #2299, .T. ) ;
#1118 = CARTESIAN_POINT ( 'NONE',  ( 7.000000000000000888, 164.4999999999999716, 5.000000000000000000 ) ) ;
#1119 = ORIENTED_EDGE ( 'NONE', *, *, #131, .F. ) ;
#1120 = ORIENTED_EDGE ( 'NONE', *, *, #985, .T. ) ;
#1121 = ORIENTED_EDGE ( 'NONE', *, *, #2416, .T. ) ;
#1122 = ORIENTED_EDGE ( 'NONE', *, *, #2785, .T. ) ;
#1123 = PRODUCT_DEFINITION_FORMATION_WITH_SPECIFIED_SOURCE ( 'ANY', '', #2206, .NOT_KNOWN. ) ;
#1124 = CYLINDRICAL_SURFACE ( 'NONE', #1492, 1.600000000000004086 ) ;
#1125 = CARTESIAN_POINT ( 'NONE',  ( 67.90000000000020464, 101.4999999999999574, 0.000000000000000000 ) ) ;
#1126 = ADVANCED_FACE ( 'NONE', ( #2208 ), #2241, .F. ) ;
#1127 = EDGE_CURVE ( 'NONE', #314, #2461, #3264, .T. ) ;
#1128 = ADVANCED_FACE ( 'NONE', ( #1189 ), #1749, .F. ) ;
#1129 = CARTESIAN_POINT ( 'NONE',  ( 112.9000000000000057, 156.9999999999999716, 8.000000000000000000 ) ) ;
#1130 = DIRECTION ( 'NONE',  ( 0.000000000000000000, 0.000000000000000000, 1.000000000000000000 ) ) ;
#1131 = ORIENTED_EDGE ( 'NONE', *, *, #446, .F. ) ;
#1132 = EDGE_LOOP ( 'NONE', ( #2608, #773, #1566, #3122 ) ) ;
#1133 = AXIS2_PLACEMENT_3D ( 'NONE', #2479, #2243, #3267 ) ;
#1134 = CARTESIAN_POINT ( 'NONE',  ( 47.90000000000001279, 121.4999999999999574, 0.000000000000000000 ) ) ;
#1135 = ORIENTED_EDGE ( 'NONE', *, *, #675, .T. ) ;
#1136 = AXIS2_PLACEMENT_3D ( 'NONE', #45, #1565, #816 ) ;
#1137 = CARTESIAN_POINT ( 'NONE',  ( 69.50000000000000000, 121.4999999999999574, 8.000000000000000000 ) ) ;
#1138 = EDGE_CURVE ( 'NONE', #1542, #2336, #1701, .T. ) ;
#1139 = CARTESIAN_POINT ( 'NONE',  ( 7.000000000000000888, 164.4999999999999716, 0.000000000000000000 ) ) ;
#1140 = DIRECTION ( 'NONE',  ( -0.000000000000000000, -0.000000000000000000, -1.000000000000000000 ) ) ;
#1141 = ORIENTED_EDGE ( 'NONE', *, *, #141, .F. ) ;
#1142 = ORIENTED_EDGE ( 'NONE', *, *, #520, .T. ) ;
#1143 = AXIS2_PLACEMENT_3D ( 'NONE', #1636, #1870, #2697 ) ;
#1144 = LINE ( 'NONE', #1216, #2947 ) ;
#1145 = ORIENTED_EDGE ( 'NONE', *, *, #2153, .T. ) ;
#1146 = CYLINDRICAL_SURFACE ( 'NONE', #2290, 1.750000000000015543 ) ;
#1147 = AXIS2_PLACEMENT_3D ( 'NONE', #848, #804, #1891 ) ;
#1148 = DIRECTION ( 'NONE',  ( -0.000000000000000000, -0.000000000000000000, 1.000000000000000000 ) ) ;
#1149 = VECTOR ( 'NONE', #1837, 1000.000000000000000 ) ;
#1150 = CYLINDRICAL_SURFACE ( 'NONE', #2809, 3.000000000000002665 ) ;
#1151 = DIRECTION ( 'NONE',  ( 0.000000000000000000, 0.000000000000000000, 1.000000000000000000 ) ) ;
#1152 = ORIENTED_EDGE ( 'NONE', *, *, #1082, .F. ) ;
#1153 = ORIENTED_EDGE ( 'NONE', *, *, #2834, .F. ) ;
#1154 = DIRECTION ( 'NONE',  ( 1.000000000000000000, 0.000000000000000000, 0.000000000000000000 ) ) ;
#1155 = CYLINDRICAL_SURFACE ( 'NONE', #1034, 2.999999999999988898 ) ;
#1156 = DIRECTION ( 'NONE',  ( 1.000000000000000000, 0.000000000000000000, 0.000000000000000000 ) ) ;
#1157 = CARTESIAN_POINT ( 'NONE',  ( 68.99999999999997158, 143.9999999999999716, 8.000000000000000000 ) ) ;
#1158 = DIRECTION ( 'NONE',  ( -0.000000000000000000, -0.000000000000000000, 1.000000000000000000 ) ) ;
#1159 = EDGE_LOOP ( 'NONE', ( #1979, #817 ) ) ;
#1160 = ORIENTED_EDGE ( 'NONE', *, *, #2814, .F. ) ;
#1161 = ORIENTED_EDGE ( 'NONE', *, *, #271, .F. ) ;
#1162 = EDGE_LOOP ( 'NONE', ( #875, #1036 ) ) ;
#1163 = CARTESIAN_POINT ( 'NONE',  ( 111.7499999999999716, 164.4999999999999716, 8.000000000000000000 ) ) ;
#1164 = DIRECTION ( 'NONE',  ( -0.000000000000000000, -0.000000000000000000, 1.000000000000000000 ) ) ;
#1165 = CIRCLE ( 'NONE', #79, 1.750000000000015543 ) ;
#1166 = EDGE_CURVE ( 'NONE', #1643, #3157, #2722, .T. ) ;
#1167 = DIRECTION ( 'NONE',  ( -0.000000000000000000, -0.000000000000000000, 1.000000000000000000 ) ) ;
#1168 = DIRECTION ( 'NONE',  ( 1.000000000000000000, 0.000000000000000000, 0.000000000000000000 ) ) ;
#1169 = VERTEX_POINT ( 'NONE', #2960 ) ;
#1170 = CIRCLE ( 'NONE', #2401, 1.599999999999997202 ) ;
#1171 = EDGE_LOOP ( 'NONE', ( #897, #1286, #500, #2125 ) ) ;
#1172 = CIRCLE ( 'NONE', #1866, 2.999999999999988898 ) ;
#1173 = CYLINDRICAL_SURFACE ( 'NONE', #1890, 2.999999999999995559 ) ;
#1174 = DIRECTION ( 'NONE',  ( 0.000000000000000000, 0.000000000000000000, 1.000000000000000000 ) ) ;
#1175 = FACE_OUTER_BOUND ( 'NONE', #1943, .T. ) ;
#1176 = FACE_BOUND ( 'NONE', #1996, .T. ) ;
#1177 = CARTESIAN_POINT ( 'NONE',  ( 64.50000000000021316, 101.4999999999999574, -2.000000000000000000 ) ) ;
#1178 = VERTEX_POINT ( 'NONE', #1935 ) ;
#1179 = EDGE_LOOP ( 'NONE', ( #2352, #1813, #219, #2665 ) ) ;
#1180 = DIRECTION ( 'NONE',  ( -1.000000000000000000, 0.000000000000000000, 0.000000000000000000 ) ) ;
#1181 = ORIENTED_EDGE ( 'NONE', *, *, #874, .F. ) ;
#1182 = CARTESIAN_POINT ( 'NONE',  ( 51.10000000000020037, 101.4999999999999574, -2.000000000000000000 ) ) ;
#1183 = DIRECTION ( 'NONE',  ( -0.000000000000000000, -0.000000000000000000, -1.000000000000000000 ) ) ;
#1184 = AXIS2_PLACEMENT_3D ( 'NONE', #1817, #274, #3082 ) ;
#1185 = DIRECTION ( 'NONE',  ( 1.000000000000000000, 0.000000000000000000, 0.000000000000000000 ) ) ;
#1186 = CYLINDRICAL_SURFACE ( 'NONE', #248, 1.599999999999990319 ) ;
#1187 = ORIENTED_EDGE ( 'NONE', *, *, #2990, .F. ) ;
#1188 = EDGE_CURVE ( 'NONE', #1052, #130, #2256, .T. ) ;
#1189 = FACE_OUTER_BOUND ( 'NONE', #784, .T. ) ;
#1190 = AXIS2_PLACEMENT_3D ( 'NONE', #1720, #1767, #734 ) ;
#1191 = AXIS2_PLACEMENT_3D ( 'NONE', #1863, #202, #3014 ) ;
#1192 = LINE ( 'NONE', #1750, #1458 ) ;
#1193 = CARTESIAN_POINT ( 'NONE',  ( 68.99999999999997158, 143.9999999999999716, 8.000000000000000000 ) ) ;
#1194 = ADVANCED_FACE ( 'NONE', ( #3248 ), #1173, .F. ) ;
#1195 =( GEOMETRIC_REPRESENTATION_CONTEXT ( 3 ) GLOBAL_UNCERTAINTY_ASSIGNED_CONTEXT ( ( #369 ) ) GLOBAL_UNIT_ASSIGNED_CONTEXT ( ( #1310, #754, #1068 ) ) REPRESENTATION_CONTEXT ( 'NONE', 'WORKASPACE' ) );
#1196 = CARTESIAN_POINT ( 'NONE',  ( 82.49999999999998579, 133.4999999999999432, 5.000000000000000000 ) ) ;
#1197 = ORIENTED_EDGE ( 'NONE', *, *, #33, .F. ) ;
#1198 = EDGE_CURVE ( 'NONE', #22, #3300, #1224, .T. ) ;
#1199 = AXIS2_PLACEMENT_3D ( 'NONE', #2280, #1506, #1237 ) ;
#1200 = EDGE_LOOP ( 'NONE', ( #2117, #1407, #2845, #1544 ) ) ;
#1201 = ORIENTED_EDGE ( 'NONE', *, *, #3272, .F. ) ;
#1202 = CARTESIAN_POINT ( 'NONE',  ( 105.9999999999999716, 167.0000000000000000, 8.000000000000000000 ) ) ;
#1203 = CYLINDRICAL_SURFACE ( 'NONE', #1255, 11.25000000000001066 ) ;
#1204 = CIRCLE ( 'NONE', #978, 1.750000000000001554 ) ;
#1205 = AXIS2_PLACEMENT_3D ( 'NONE', #695, #712, #1728 ) ;
#1206 = CARTESIAN_POINT ( 'NONE',  ( 119.5000000000000000, 93.99999999999998579, 8.000000000000000000 ) ) ;
#1207 = DIRECTION ( 'NONE',  ( 1.000000000000000000, 0.000000000000000000, 0.000000000000000000 ) ) ;
#1208 = EDGE_CURVE ( 'NONE', #576, #3287, #2996, .T. ) ;
#1209 = ORIENTED_EDGE ( 'NONE', *, *, #1250, .T. ) ;
#1210 = DIRECTION ( 'NONE',  ( -1.000000000000000000, 0.000000000000000000, 0.000000000000000000 ) ) ;
#1211 = CARTESIAN_POINT ( 'NONE',  ( 22.50000000000000000, 148.9999999999999716, 8.000000000000000000 ) ) ;
#1212 = DIRECTION ( 'NONE',  ( 0.000000000000000000, 0.000000000000000000, 1.000000000000000000 ) ) ;
#1213 = EDGE_CURVE ( 'NONE', #383, #924, #1793, .T. ) ;
#1214 = DIRECTION ( 'NONE',  ( 1.000000000000000000, 0.000000000000000000, 0.000000000000000000 ) ) ;
#1215 = ORIENTED_EDGE ( 'NONE', *, *, #3179, .F. ) ;
#1216 = CARTESIAN_POINT ( 'NONE',  ( 71.10000000000019327, 101.4999999999999574, -2.000000000000000000 ) ) ;
#1217 = EDGE_LOOP ( 'NONE', ( #1152, #3314, #678, #1502 ) ) ;
#1218 = CARTESIAN_POINT ( 'NONE',  ( 115.2500000000000000, 99.99999999999997158, 0.000000000000000000 ) ) ;
#1219 = CARTESIAN_POINT ( 'NONE',  ( 115.4999999999999858, 171.5000000000000000, 0.000000000000000000 ) ) ;
#1220 = AXIS2_PLACEMENT_3D ( 'NONE', #2691, #2442, #2075 ) ;
#1221 = CARTESIAN_POINT ( 'NONE',  ( 36.25000000000000000, 164.4999999999999716, 8.000000000000000000 ) ) ;
#1222 = DIRECTION ( 'NONE',  ( -0.000000000000000000, -0.000000000000000000, 1.000000000000000000 ) ) ;
#1223 = CIRCLE ( 'NONE', #1806, 1.600000000000004086 ) ;
#1224 = LINE ( 'NONE', #2772, #112 ) ;
#1225 = CIRCLE ( 'NONE', #2886, 1.600000000000004086 ) ;
#1226 = CARTESIAN_POINT ( 'NONE',  ( 113.4999999999999858, 164.4999999999999716, 5.000000000000000000 ) ) ;
#1227 = FACE_BOUND ( 'NONE', #3003, .T. ) ;
#1228 = ADVANCED_FACE ( 'NONE', ( #2455 ), #143, .F. ) ;
#1229 = CIRCLE ( 'NONE', #210, 1.750000000000001554 ) ;
#1230 = LINE ( 'NONE', #2261, #458 ) ;
#1231 = VERTEX_POINT ( 'NONE', #2526 ) ;
#1232 = EDGE_CURVE ( 'NONE', #3066, #3128, #1013, .T. ) ;
#1233 = VERTEX_POINT ( 'NONE', #1508 ) ;
#1234 = CARTESIAN_POINT ( 'NONE',  ( 26.00000000000000355, 94.49999999999994316, 0.000000000000000000 ) ) ;
#1235 = LINE ( 'NONE', #157, #543 ) ;
#1236 = ADVANCED_FACE ( 'NONE', ( #2300 ), #2331, .F. ) ;
#1237 = DIRECTION ( 'NONE',  ( 1.000000000000000000, 0.000000000000000000, 0.000000000000000000 ) ) ;
#1238 = AXIS2_PLACEMENT_3D ( 'NONE', #2797, #484, #1516 ) ;
#1239 = CARTESIAN_POINT ( 'NONE',  ( 115.4999999999999858, 167.5000000000000000, 8.000000000000000000 ) ) ;
#1240 = EDGE_CURVE ( 'NONE', #1049, #1921, #2008, .T. ) ;
#1241 = EDGE_CURVE ( 'NONE', #2686, #413, #1796, .T. ) ;
#1242 = EDGE_CURVE ( 'NONE', #1384, #851, #2559, .T. ) ;
#1243 = FACE_BOUND ( 'NONE', #2621, .T. ) ;
#1244 = CARTESIAN_POINT ( 'NONE',  ( 4.000000000000002665, 133.4999999999999432, 8.000000000000000000 ) ) ;
#1245 = DIRECTION ( 'NONE',  ( -1.000000000000000000, 0.000000000000000000, 0.000000000000000000 ) ) ;
#1246 = DIRECTION ( 'NONE',  ( -1.000000000000000000, 0.000000000000000000, 0.000000000000000000 ) ) ;
#1247 = ORIENTED_EDGE ( 'NONE', *, *, #2425, .F. ) ;
#1248 = VERTEX_POINT ( 'NONE', #2789 ) ;
#1249 = DIRECTION ( 'NONE',  ( 1.000000000000000000, 0.000000000000000000, 0.000000000000000000 ) ) ;
#1250 = EDGE_CURVE ( 'NONE', #1112, #1859, #2022, .T. ) ;
#1251 = CARTESIAN_POINT ( 'NONE',  ( 90.29999999999992610, 94.49999999999997158, 0.000000000000000000 ) ) ;
#1252 = AXIS2_PLACEMENT_3D ( 'NONE', #760, #223, #3290 ) ;
#1253 = CARTESIAN_POINT ( 'NONE',  ( 47.90000000000001279, 121.4999999999999574, -2.000000000000000000 ) ) ;
#1254 = FACE_OUTER_BOUND ( 'NONE', #132, .T. ) ;
#1255 = AXIS2_PLACEMENT_3D ( 'NONE', #2237, #2520, #209 ) ;
#1256 = DIRECTION ( 'NONE',  ( -0.000000000000000000, -0.000000000000000000, -1.000000000000000000 ) ) ;
#1257 = AXIS2_PLACEMENT_3D ( 'NONE', #1765, #968, #702 ) ;
#1258 = DIRECTION ( 'NONE',  ( -0.000000000000000000, 0.000000000000000000, 1.000000000000000000 ) ) ;
#1259 = DIRECTION ( 'NONE',  ( -0.000000000000000000, -0.000000000000000000, 1.000000000000000000 ) ) ;
#1260 = DIRECTION ( 'NONE',  ( 1.000000000000000000, 0.000000000000000000, 0.000000000000000000 ) ) ;
#1261 = ORIENTED_EDGE ( 'NONE', *, *, #1322, .F. ) ;
#1262 = VERTEX_POINT ( 'NONE', #1496 ) ;
#1263 = CARTESIAN_POINT ( 'NONE',  ( 110.5000000000000000, 164.4999999999999716, 5.000000000000000000 ) ) ;
#1264 = DIRECTION ( 'NONE',  ( -0.000000000000000000, -0.000000000000000000, -1.000000000000000000 ) ) ;
#1265 = EDGE_LOOP ( 'NONE', ( #2970, #111 ) ) ;
#1266 = DIRECTION ( 'NONE',  ( -0.000000000000000000, -0.000000000000000000, 1.000000000000000000 ) ) ;
#1267 = VECTOR ( 'NONE', #452, 1000.000000000000000 ) ;
#1268 = CARTESIAN_POINT ( 'NONE',  ( 82.49999999999998579, 133.4999999999999432, 5.000000000000000000 ) ) ;
#1269 = EDGE_CURVE ( 'NONE', #2739, #1885, #855, .T. ) ;
#1270 = VECTOR ( 'NONE', #2519, 1000.000000000000000 ) ;
#1271 = ADVANCED_FACE ( 'NONE', ( #506 ), #984, .F. ) ;
#1272 = DIRECTION ( 'NONE',  ( -1.000000000000000000, 0.000000000000000000, 0.000000000000000000 ) ) ;
#1273 = CARTESIAN_POINT ( 'NONE',  ( 103.8999999999999631, 167.0000000000000000, 0.000000000000000000 ) ) ;
#1274 = DIRECTION ( 'NONE',  ( 1.000000000000000000, 0.000000000000000000, 0.000000000000000000 ) ) ;
#1275 = ORIENTED_EDGE ( 'NONE', *, *, #2678, .F. ) ;
#1276 = EDGE_CURVE ( 'NONE', #1547, #1093, #1032, .T. ) ;
#1277 = AXIS2_PLACEMENT_3D ( 'NONE', #2393, #870, #647 ) ;
#1278 = ORIENTED_EDGE ( 'NONE', *, *, #1548, .T. ) ;
#1279 = CIRCLE ( 'NONE', #207, 3.000000000000002665 ) ;
#1280 = CYLINDRICAL_SURFACE ( 'NONE', #1040, 2.100000000000004530 ) ;
#1281 = CARTESIAN_POINT ( 'NONE',  ( 107.9999999999999858, 94.99999999999998579, 0.000000000000000000 ) ) ;
#1282 = ORIENTED_EDGE ( 'NONE', *, *, #1276, .F. ) ;
#1283 = DIRECTION ( 'NONE',  ( -0.000000000000000000, 0.000000000000000000, 1.000000000000000000 ) ) ;
#1284 = CYLINDRICAL_SURFACE ( 'NONE', #632, 2.999999999999988898 ) ;
#1285 = FACE_BOUND ( 'NONE', #2341, .T. ) ;
#1286 = ORIENTED_EDGE ( 'NONE', *, *, #2416, .F. ) ;
#1287 = VECTOR ( 'NONE', #3029, 1000.000000000000000 ) ;
#1288 = CIRCLE ( 'NONE', #2742, 1.599999999999990319 ) ;
#1289 = FILL_AREA_STYLE ('',( #34 ) ) ;
#1290 = ADVANCED_FACE ( 'NONE', ( #476, #733, #2586, #521, #3306, #253, #1285, #3044, #2283, #1551, #2312, #747, #1764, #2079, #3104, #3336, #3058, #265, #213, #2545, #1826, #1000, #1243, #2035, #3323, #1779 ), #2804, .T. ) ;
#1291 = DIRECTION ( 'NONE',  ( -1.000000000000000000, 0.000000000000000000, 0.000000000000000000 ) ) ;
#1292 = VERTEX_POINT ( 'NONE', #1109 ) ;
#1293 = EDGE_LOOP ( 'NONE', ( #1670, #401 ) ) ;
#1294 = LINE ( 'NONE', #2045, #1795 ) ;
#1295 = CIRCLE ( 'NONE', #1191, 1.649999999999998579 ) ;
#1296 = VERTEX_POINT ( 'NONE', #2344 ) ;
#1297 = CARTESIAN_POINT ( 'NONE',  ( 36.25000000000000000, 133.4999999999999432, 0.000000000000000000 ) ) ;
#1298 = AXIS2_PLACEMENT_3D ( 'NONE', #1045, #2822, #1538 ) ;
#1299 = DIRECTION ( 'NONE',  ( 0.000000000000000000, 0.000000000000000000, 1.000000000000000000 ) ) ;
#1300 = EDGE_CURVE ( 'NONE', #2205, #537, #267, .T. ) ;
#1301 = CARTESIAN_POINT ( 'NONE',  ( 84.24999999999998579, 164.4999999999999716, 8.000000000000000000 ) ) ;
#1302 = EDGE_CURVE ( 'NONE', #2355, #629, #582, .T. ) ;
#1303 = AXIS2_PLACEMENT_3D ( 'NONE', #2409, #1105, #2139 ) ;
#1304 = CARTESIAN_POINT ( 'NONE',  ( 103.2499999999999858, 99.99999999999997158, 0.000000000000000000 ) ) ;
#1305 = DIRECTION ( 'NONE',  ( -0.000000000000000000, 0.000000000000000000, 1.000000000000000000 ) ) ;
#1306 = CIRCLE ( 'NONE', #1572, 2.999999999999997335 ) ;
#1307 = ORIENTED_EDGE ( 'NONE', *, *, #374, .T. ) ;
#1308 = EDGE_CURVE ( 'NONE', #607, #863, #2358, .T. ) ;
#1309 = EDGE_LOOP ( 'NONE', ( #1893, #837 ) ) ;
#1310 =( LENGTH_UNIT ( ) NAMED_UNIT ( * ) SI_UNIT ( .MILLI., .METRE. ) );
#1311 = DIRECTION ( 'NONE',  ( -0.000000000000000000, 0.000000000000000000, 1.000000000000000000 ) ) ;
#1312 = ORIENTED_EDGE ( 'NONE', *, *, #1770, .T. ) ;
#1313 = EDGE_LOOP ( 'NONE', ( #2535, #105 ) ) ;
#1314 = CARTESIAN_POINT ( 'NONE',  ( 114.0000000000000142, 109.9999999999999716, 0.000000000000000000 ) ) ;
#1315 = VECTOR ( 'NONE', #2040, 1000.000000000000000 ) ;
#1316 = DIRECTION ( 'NONE',  ( -0.000000000000000000, 0.000000000000000000, 1.000000000000000000 ) ) ;
#1317 = ORIENTED_EDGE ( 'NONE', *, *, #2002, .F. ) ;
#1318 = DIRECTION ( 'NONE',  ( -0.000000000000000000, 0.000000000000000000, 1.000000000000000000 ) ) ;
#1319 = CARTESIAN_POINT ( 'NONE',  ( 101.9999999999999858, 99.99999999999997158, 0.000000000000000000 ) ) ;
#1320 = EDGE_LOOP ( 'NONE', ( #859, #76 ) ) ;
#1321 = AXIS2_PLACEMENT_3D ( 'NONE', #2884, #1858, #1624 ) ;
#1322 = EDGE_CURVE ( 'NONE', #382, #2446, #1359, .T. ) ;
#1323 = ORIENTED_EDGE ( 'NONE', *, *, #1639, .T. ) ;
#1324 = FACE_OUTER_BOUND ( 'NONE', #1883, .T. ) ;
#1325 = DIRECTION ( 'NONE',  ( 0.000000000000000000, 0.000000000000000000, 1.000000000000000000 ) ) ;
#1326 = AXIS2_PLACEMENT_3D ( 'NONE', #2937, #606, #1619 ) ;
#1327 = EDGE_LOOP ( 'NONE', ( #1181, #1187 ) ) ;
#1328 = ORIENTED_EDGE ( 'NONE', *, *, #1300, .F. ) ;
#1329 = AXIS2_PLACEMENT_3D ( 'NONE', #1823, #2848, #2802 ) ;
#1330 = CARTESIAN_POINT ( 'NONE',  ( 119.5000000000000000, 0.000000000000000000, 8.000000000000000000 ) ) ;
#1331 = EDGE_CURVE ( 'NONE', #163, #2910, #122, .T. ) ;
#1332 = EDGE_CURVE ( 'NONE', #708, #3147, #546, .T. ) ;
#1333 = DIRECTION ( 'NONE',  ( 1.000000000000000000, 0.000000000000000000, 0.000000000000000000 ) ) ;
#1334 = ORIENTED_EDGE ( 'NONE', *, *, #558, .F. ) ;
#1335 = EDGE_CURVE ( 'NONE', #394, #1542, #2159, .T. ) ;
#1336 = EDGE_CURVE ( 'NONE', #2345, #1052, #2592, .T. ) ;
#1337 = CARTESIAN_POINT ( 'NONE',  ( 66.10000000000000853, 121.4999999999999574, 0.000000000000000000 ) ) ;
#1338 = DIRECTION ( 'NONE',  ( 1.000000000000000000, 0.000000000000000000, 0.000000000000000000 ) ) ;
#1339 = VERTEX_POINT ( 'NONE', #1618 ) ;
#1340 = AXIS2_PLACEMENT_3D ( 'NONE', #2089, #3110, #2857 ) ;
#1341 = CARTESIAN_POINT ( 'NONE',  ( 7.000000000000000888, 133.4999999999999432, 8.000000000000000000 ) ) ;
#1342 = COLOUR_RGB ( '',0.5490196078431373028, 0.1803921568627450955, 0.1803921568627450955 ) ;
#1343 =( NAMED_UNIT ( * ) PLANE_ANGLE_UNIT ( ) SI_UNIT ( $, .RADIAN. ) );
#1344 = ORIENTED_EDGE ( 'NONE', *, *, #2530, .F. ) ;
#1345 = EDGE_LOOP ( 'NONE', ( #693, #1145 ) ) ;
#1346 = EDGE_CURVE ( 'NONE', #2900, #3128, #1204, .T. ) ;
#1347 = DIRECTION ( 'NONE',  ( -0.000000000000000000, 0.000000000000000000, 1.000000000000000000 ) ) ;
#1348 = AXIS2_PLACEMENT_3D ( 'NONE', #1703, #3191, #880 ) ;
#1349 = CYLINDRICAL_SURFACE ( 'NONE', #1143, 2.000000000000126565 ) ;
#1350 = CIRCLE ( 'NONE', #2754, 1.750000000000003331 ) ;
#1351 = AXIS2_PLACEMENT_3D ( 'NONE', #496, #1527, #268 ) ;
#1352 = CARTESIAN_POINT ( 'NONE',  ( 86.74999999999997158, 148.9999999999999716, 8.000000000000000000 ) ) ;
#1353 = DIRECTION ( 'NONE',  ( 1.000000000000000000, 0.000000000000000000, 0.000000000000000000 ) ) ;
#1354 = EDGE_LOOP ( 'NONE', ( #826, #656, #914, #3333 ) ) ;
#1355 = AXIS2_PLACEMENT_3D ( 'NONE', #2522, #489, #3071 ) ;
#1356 = ORIENTED_EDGE ( 'NONE', *, *, #636, .T. ) ;
#1357 = CARTESIAN_POINT ( 'NONE',  ( 113.4999999999999858, 133.4999999999999432, 0.000000000000000000 ) ) ;
#1358 = EDGE_LOOP ( 'NONE', ( #1611, #562 ) ) ;
#1359 = CIRCLE ( 'NONE', #2490, 3.000000000000000888 ) ;
#1360 = CYLINDRICAL_SURFACE ( 'NONE', #3215, 1.599999999999990319 ) ;
#1361 = AXIS2_PLACEMENT_3D ( 'NONE', #2307, #1054, #2815 ) ;
#1362 = DIRECTION ( 'NONE',  ( -0.000000000000000000, 0.000000000000000000, 1.000000000000000000 ) ) ;
#1363 = CARTESIAN_POINT ( 'NONE',  ( 110.5000000000000000, 164.4999999999999716, 8.000000000000000000 ) ) ;
#1364 = VERTEX_POINT ( 'NONE', #3183 ) ;
#1365 = ORIENTED_EDGE ( 'NONE', *, *, #738, .F. ) ;
#1366 = ORIENTED_EDGE ( 'NONE', *, *, #2382, .T. ) ;
#1367 = CARTESIAN_POINT ( 'NONE',  ( 0.000000000000000000, 98.99999999999997158, 8.000012000000001677 ) ) ;
#1368 = DIRECTION ( 'NONE',  ( -0.000000000000000000, -0.000000000000000000, 1.000000000000000000 ) ) ;
#1369 = CARTESIAN_POINT ( 'NONE',  ( 7.000000000000000888, 133.4999999999999432, 5.000000000000000000 ) ) ;
#1370 = DIRECTION ( 'NONE',  ( -0.000000000000000000, 0.000000000000000000, 1.000000000000000000 ) ) ;
#1371 = ADVANCED_FACE ( 'NONE', ( #98, #568 ), #312, .T. ) ;
#1372 = EDGE_LOOP ( 'NONE', ( #939, #1581, #3257, #827 ) ) ;
#1373 = ORIENTED_EDGE ( 'NONE', *, *, #1554, .F. ) ;
#1374 = CARTESIAN_POINT ( 'NONE',  ( 69.50000000000019895, 101.4999999999999574, 8.000000000000000000 ) ) ;
#1375 = VERTEX_POINT ( 'NONE', #60 ) ;
#1376 = CIRCLE ( 'NONE', #556, 1.599999999999990319 ) ;
#1377 = DIRECTION ( 'NONE',  ( 0.000000000000000000, 0.000000000000000000, 1.000000000000000000 ) ) ;
#1378 = DIRECTION ( 'NONE',  ( 0.000000000000000000, 0.000000000000000000, 1.000000000000000000 ) ) ;
#1379 = PLANE ( 'NONE',  #882 ) ;
#1380 = EDGE_CURVE ( 'NONE', #2043, #2567, #285, .T. ) ;
#1381 = ORIENTED_EDGE ( 'NONE', *, *, #242, .F. ) ;
#1382 = EDGE_LOOP ( 'NONE', ( #404, #2746 ) ) ;
#1383 = AXIS2_PLACEMENT_3D ( 'NONE', #3012, #2475, #686 ) ;
#1384 = VERTEX_POINT ( 'NONE', #869 ) ;
#1385 = ORIENTED_EDGE ( 'NONE', *, *, #1188, .F. ) ;
#1386 = CARTESIAN_POINT ( 'NONE',  ( 82.49999999999998579, 164.4999999999999716, 8.000000000000000000 ) ) ;
#1387 = DIRECTION ( 'NONE',  ( 1.000000000000000000, 0.000000000000000000, 0.000000000000000000 ) ) ;
#1388 = AXIS2_PLACEMENT_3D ( 'NONE', #1494, #2020, #2717 ) ;
#1389 = CIRCLE ( 'NONE', #791, 1.750000000000015543 ) ;
#1390 = DIRECTION ( 'NONE',  ( 1.000000000000000000, 0.000000000000000000, -0.000000000000000000 ) ) ;
#1391 = DIRECTION ( 'NONE',  ( 1.000000000000000000, 0.000000000000000000, 0.000000000000000000 ) ) ;
#1392 = EDGE_LOOP ( 'NONE', ( #1717, #887, #2796, #3034 ) ) ;
#1393 = ORIENTED_EDGE ( 'NONE', *, *, #2282, .F. ) ;
#1394 = FACE_OUTER_BOUND ( 'NONE', #1708, .T. ) ;
#1395 = ORIENTED_EDGE ( 'NONE', *, *, #1691, .T. ) ;
#1396 = DIRECTION ( 'NONE',  ( 1.000000000000000000, 0.000000000000000000, 0.000000000000000000 ) ) ;
#1397 = DIRECTION ( 'NONE',  ( 1.000000000000000000, 0.000000000000000000, 0.000000000000000000 ) ) ;
#1398 = LINE ( 'NONE', #11, #2453 ) ;
#1399 = ORIENTED_EDGE ( 'NONE', *, *, #2604, .T. ) ;
#1400 = ORIENTED_EDGE ( 'NONE', *, *, #1665, .T. ) ;
#1401 = ORIENTED_EDGE ( 'NONE', *, *, #1639, .F. ) ;
#1402 = ORIENTED_EDGE ( 'NONE', *, *, #3272, .T. ) ;
#1403 = LINE ( 'NONE', #865, #1709 ) ;
#1404 = DIRECTION ( 'NONE',  ( 1.000000000000000000, 0.000000000000000000, 0.000000000000000000 ) ) ;
#1405 = CARTESIAN_POINT ( 'NONE',  ( 82.49999999999998579, 133.4999999999999432, 0.000000000000000000 ) ) ;
#1406 = DIRECTION ( 'NONE',  ( -1.000000000000000000, 0.000000000000000000, 0.000000000000000000 ) ) ;
#1407 = ORIENTED_EDGE ( 'NONE', *, *, #1380, .F. ) ;
#1408 = ORIENTED_EDGE ( 'NONE', *, *, #271, .T. ) ;
#1409 = VECTOR ( 'NONE', #1, 1000.000000000000000 ) ;
#1410 = DIRECTION ( 'NONE',  ( -0.000000000000000000, -0.000000000000000000, 1.000000000000000000 ) ) ;
#1411 = VERTEX_POINT ( 'NONE', #2122 ) ;
#1412 = AXIS2_PLACEMENT_3D ( 'NONE', #427, #910, #2956 ) ;
#1413 = CARTESIAN_POINT ( 'NONE',  ( 96.89999999999993463, 98.99999999999997158, 4.000000000000000000 ) ) ;
#1414 = CYLINDRICAL_SURFACE ( 'NONE', #2758, 1.750000000000015543 ) ;
#1415 = CARTESIAN_POINT ( 'NONE',  ( 7.000000000000000888, 133.4999999999999432, 5.000000000000000000 ) ) ;
#1416 = VERTEX_POINT ( 'NONE', #3164 ) ;
#1417 = ORIENTED_EDGE ( 'NONE', *, *, #2920, .F. ) ;
#1418 = EDGE_CURVE ( 'NONE', #2562, #884, #8, .T. ) ;
#1419 = AXIS2_PLACEMENT_3D ( 'NONE', #2485, #175, #3259 ) ;
#1420 = ORIENTED_EDGE ( 'NONE', *, *, #1188, .T. ) ;
#1421 = ORIENTED_EDGE ( 'NONE', *, *, #650, .F. ) ;
#1422 = CARTESIAN_POINT ( 'NONE',  ( 116.4999999999999716, 164.4999999999999716, 5.000000000000000000 ) ) ;
#1423 = DIRECTION ( 'NONE',  ( 1.000000000000000000, 0.000000000000000000, 0.000000000000000000 ) ) ;
#1424 = AXIS2_PLACEMENT_3D ( 'NONE', #574, #1430, #2353 ) ;
#1425 = DIRECTION ( 'NONE',  ( 0.000000000000000000, 0.000000000000000000, 1.000000000000000000 ) ) ;
#1426 = LINE ( 'NONE', #138, #1106 ) ;
#1427 = VERTEX_POINT ( 'NONE', #551 ) ;
#1428 = ORIENTED_EDGE ( 'NONE', *, *, #1583, .T. ) ;
#1429 = CARTESIAN_POINT ( 'NONE',  ( 115.4999999999999858, 167.5000000000000000, 0.000000000000000000 ) ) ;
#1430 = DIRECTION ( 'NONE',  ( -0.000000000000000000, -0.000000000000000000, 1.000000000000000000 ) ) ;
#1431 = CARTESIAN_POINT ( 'NONE',  ( 49.50000000000021316, 101.4999999999999574, -2.000000000000000000 ) ) ;
#1432 = FACE_BOUND ( 'NONE', #1613, .T. ) ;
#1433 = LINE ( 'NONE', #128, #1977 ) ;
#1434 = ORIENTED_EDGE ( 'NONE', *, *, #2115, .F. ) ;
#1435 = ORIENTED_EDGE ( 'NONE', *, *, #2514, .F. ) ;
#1436 = CIRCLE ( 'NONE', #2723, 4.000000000000003553 ) ;
#1437 = DIRECTION ( 'NONE',  ( 0.000000000000000000, 0.000000000000000000, 1.000000000000000000 ) ) ;
#1438 = ORIENTED_EDGE ( 'NONE', *, *, #387, .F. ) ;
#1439 = CARTESIAN_POINT ( 'NONE',  ( 7.000000000000000888, 133.4999999999999432, 8.000000000000000000 ) ) ;
#1440 = DIRECTION ( 'NONE',  ( -0.000000000000000000, -0.000000000000000000, 1.000000000000000000 ) ) ;
#1441 = AXIS2_PLACEMENT_3D ( 'NONE', #735, #1768, #478 ) ;
#1442 = CARTESIAN_POINT ( 'NONE',  ( 0.000000000000000000, 0.000000000000000000, 4.000000000000000000 ) ) ;
#1443 = CARTESIAN_POINT ( 'NONE',  ( 79.00000000000029843, 94.49999999999994316, 4.000000000000000000 ) ) ;
#1444 = AXIS2_PLACEMENT_3D ( 'NONE', #459, #949, #1207 ) ;
#1445 = ADVANCED_FACE ( 'NONE', ( #1872 ), #2392, .F. ) ;
#1446 = EDGE_LOOP ( 'NONE', ( #2669, #706 ) ) ;
#1447 = DIRECTION ( 'NONE',  ( -0.000000000000000000, -0.000000000000000000, 1.000000000000000000 ) ) ;
#1448 = EDGE_CURVE ( 'NONE', #315, #55, #2914, .T. ) ;
#1449 = DIRECTION ( 'NONE',  ( 1.000000000000000000, 0.000000000000000000, 0.000000000000000000 ) ) ;
#1450 = FACE_OUTER_BOUND ( 'NONE', #907, .T. ) ;
#1451 = FACE_BOUND ( 'NONE', #2215, .T. ) ;
#1452 = DIRECTION ( 'NONE',  ( -0.000000000000000000, -0.000000000000000000, 1.000000000000000000 ) ) ;
#1453 = ORIENTED_EDGE ( 'NONE', *, *, #113, .F. ) ;
#1454 = VERTEX_POINT ( 'NONE', #1129 ) ;
#1455 = EDGE_LOOP ( 'NONE', ( #2549, #2677, #2092, #3136 ) ) ;
#1456 = CARTESIAN_POINT ( 'NONE',  ( 66.99999999999997158, 143.9999999999999716, 0.000000000000000000 ) ) ;
#1457 = DIRECTION ( 'NONE',  ( 0.000000000000000000, 0.000000000000000000, 1.000000000000000000 ) ) ;
#1458 = VECTOR ( 'NONE', #3013, 1000.000000000000000 ) ;
#1459 = AXIS2_PLACEMENT_3D ( 'NONE', #2594, #1053, #2813 ) ;
#1460 = CARTESIAN_POINT ( 'NONE',  ( 7.000000000000000888, 133.4999999999999432, 5.000000000000000000 ) ) ;
#1461 = DIRECTION ( 'NONE',  ( -0.000000000000000000, -0.000000000000000000, 1.000000000000000000 ) ) ;
#1462 = VERTEX_POINT ( 'NONE', #2864 ) ;
#1463 = CARTESIAN_POINT ( 'NONE',  ( 66.10000000000000853, 121.4999999999999574, -2.000000000000000000 ) ) ;
#1464 = AXIS2_PLACEMENT_3D ( 'NONE', #256, #1781, #2589 ) ;
#1465 = DIRECTION ( 'NONE',  ( 1.000000000000000000, 0.000000000000000000, 0.000000000000000000 ) ) ;
#1466 = PLANE ( 'NONE',  #710 ) ;
#1467 = LINE ( 'NONE', #971, #1585 ) ;
#1468 = ORIENTED_EDGE ( 'NONE', *, *, #446, .T. ) ;
#1469 = ORIENTED_EDGE ( 'NONE', *, *, #1904, .T. ) ;
#1470 = DIRECTION ( 'NONE',  ( 0.000000000000000000, 0.000000000000000000, 1.000000000000000000 ) ) ;
#1471 = EDGE_LOOP ( 'NONE', ( #270, #1924, #1956, #289 ) ) ;
#1472 = DIRECTION ( 'NONE',  ( 1.000000000000000000, 0.000000000000000000, 0.000000000000000000 ) ) ;
#1473 = DIRECTION ( 'NONE',  ( 0.000000000000000000, 0.000000000000000000, 1.000000000000000000 ) ) ;
#1474 = CIRCLE ( 'NONE', #1205, 4.000000000000003553 ) ;
#1475 = AXIS2_PLACEMENT_3D ( 'NONE', #1369, #31, #1390 ) ;
#1476 = PRESENTATION_LAYER_ASSIGNMENT (  '', '', ( #1746 ) ) ;
#1477 = CYLINDRICAL_SURFACE ( 'NONE', #3249, 11.25000000000001421 ) ;
#1478 = FACE_OUTER_BOUND ( 'NONE', #422, .T. ) ;
#1479 = DIRECTION ( 'NONE',  ( -0.000000000000000000, -0.000000000000000000, 1.000000000000000000 ) ) ;
#1480 = ADVANCED_FACE ( 'NONE', ( #1637 ), #2663, .F. ) ;
#1481 = CYLINDRICAL_SURFACE ( 'NONE', #1190, 1.599999999999997202 ) ;
#1482 = FACE_BOUND ( 'NONE', #191, .T. ) ;
#1483 = DIRECTION ( 'NONE',  ( -0.000000000000000000, -0.000000000000000000, 1.000000000000000000 ) ) ;
#1484 = EDGE_LOOP ( 'NONE', ( #1530, #2582 ) ) ;
#1485 = AXIS2_PLACEMENT_3D ( 'NONE', #1196, #3048, #1214 ) ;
#1486 = ADVANCED_FACE ( 'NONE', ( #1930, #391 ), #3223, .T. ) ;
#1487 = ORIENTED_EDGE ( 'NONE', *, *, #1022, .T. ) ;
#1488 = EDGE_CURVE ( 'NONE', #1262, #835, #2699, .T. ) ;
#1489 = DIRECTION ( 'NONE',  ( 1.000000000000000000, 0.000000000000000000, 0.000000000000000000 ) ) ;
#1490 = CARTESIAN_POINT ( 'NONE',  ( 84.24999999999998579, 164.4999999999999716, 5.000000000000000000 ) ) ;
#1491 = ADVANCED_FACE ( 'NONE', ( #2974 ), #1477, .F. ) ;
#1492 = AXIS2_PLACEMENT_3D ( 'NONE', #2932, #600, #1948 ) ;
#1493 = DIRECTION ( 'NONE',  ( -0.000000000000000000, 0.000000000000000000, 1.000000000000000000 ) ) ;
#1494 = CARTESIAN_POINT ( 'NONE',  ( 49.50000000000000000, 121.4999999999999574, -2.000000000000000000 ) ) ;
#1495 = VECTOR ( 'NONE', #2084, 1000.000000000000000 ) ;
#1496 = CARTESIAN_POINT ( 'NONE',  ( 112.7500000000000000, 109.9999999999999716, 0.000000000000000000 ) ) ;
#1497 = AXIS2_PLACEMENT_3D ( 'NONE', #2141, #1638, #2664 ) ;
#1498 = DIRECTION ( 'NONE',  ( -0.000000000000000000, -0.000000000000000000, -1.000000000000000000 ) ) ;
#1499 = ADVANCED_FACE ( 'NONE', ( #137 ), #1952, .F. ) ;
#1500 = DIRECTION ( 'NONE',  ( -0.000000000000000000, 0.000000000000000000, 1.000000000000000000 ) ) ;
#1501 = FACE_OUTER_BOUND ( 'NONE', #1171, .T. ) ;
#1502 = ORIENTED_EDGE ( 'NONE', *, *, #2962, .T. ) ;
#1503 = EDGE_LOOP ( 'NONE', ( #1393, #927, #1122, #1981 ) ) ;
#1504 = CYLINDRICAL_SURFACE ( 'NONE', #2615, 1.600000000000004086 ) ;
#1505 = DIRECTION ( 'NONE',  ( -0.000000000000000000, -0.000000000000000000, 1.000000000000000000 ) ) ;
#1506 = DIRECTION ( 'NONE',  ( -0.000000000000000000, -0.000000000000000000, 1.000000000000000000 ) ) ;
#1507 = CARTESIAN_POINT ( 'NONE',  ( 110.4999999999999858, 133.4999999999999432, 8.000000000000000000 ) ) ;
#1508 = CARTESIAN_POINT ( 'NONE',  ( 115.2500000000000284, 109.9999999999999716, 0.000000000000000000 ) ) ;
#1509 = CARTESIAN_POINT ( 'NONE',  ( 115.2500000000000000, 164.4999999999999716, 0.000000000000000000 ) ) ;
#1510 = CIRCLE ( 'NONE', #757, 11.25000000000001776 ) ;
#1511 = FACE_OUTER_BOUND ( 'NONE', #102, .T. ) ;
#1512 = CARTESIAN_POINT ( 'NONE',  ( 77.00000000000027001, 94.49999999999994316, 4.000000000000000000 ) ) ;
#1513 = EDGE_LOOP ( 'NONE', ( #584, #2154, #1711, #667 ) ) ;
#1514 = CIRCLE ( 'NONE', #2904, 1.600000000000004086 ) ;
#1515 = ORIENTED_EDGE ( 'NONE', *, *, #742, .T. ) ;
#1516 = DIRECTION ( 'NONE',  ( 1.000000000000000000, 0.000000000000000000, 0.000000000000000000 ) ) ;
#1517 = EDGE_CURVE ( 'NONE', #55, #620, #2231, .T. ) ;
#1518 = CARTESIAN_POINT ( 'NONE',  ( 62.90000000000020464, 101.4999999999999574, 8.000000000000000000 ) ) ;
#1519 = AXIS2_PLACEMENT_3D ( 'NONE', #948, #1985, #1729 ) ;
#1520 = EDGE_CURVE ( 'NONE', #2197, #84, #184, .T. ) ;
#1521 = ORIENTED_EDGE ( 'NONE', *, *, #2954, .T. ) ;
#1522 = CYLINDRICAL_SURFACE ( 'NONE', #381, 4.000000000000003553 ) ;
#1523 = CARTESIAN_POINT ( 'NONE',  ( 111.7499999999999716, 164.4999999999999716, 0.000000000000000000 ) ) ;
#1524 = VECTOR ( 'NONE', #1164, 1000.000000000000000 ) ;
#1525 = EDGE_CURVE ( 'NONE', #1339, #753, #1898, .T. ) ;
#1526 = DIRECTION ( 'NONE',  ( 0.000000000000000000, 0.000000000000000000, 1.000000000000000000 ) ) ;
#1527 = DIRECTION ( 'NONE',  ( 0.000000000000000000, 0.000000000000000000, 1.000000000000000000 ) ) ;
#1528 = CARTESIAN_POINT ( 'NONE',  ( 112.7500000000000000, 109.9999999999999716, 8.000000000000000000 ) ) ;
#1529 = EDGE_LOOP ( 'NONE', ( #524, #1634 ) ) ;
#1530 = ORIENTED_EDGE ( 'NONE', *, *, #1015, .F. ) ;
#1531 = DIRECTION ( 'NONE',  ( -0.000000000000000000, 0.000000000000000000, 1.000000000000000000 ) ) ;
#1532 = DIRECTION ( 'NONE',  ( 1.000000000000000000, 0.000000000000000000, 0.000000000000000000 ) ) ;
#1533 = ORIENTED_EDGE ( 'NONE', *, *, #650, .T. ) ;
#1534 = LINE ( 'NONE', #1253, #1788 ) ;
#1535 = VECTOR ( 'NONE', #1941, 1000.000000000000000 ) ;
#1536 = DIRECTION ( 'NONE',  ( 1.000000000000000000, 0.000000000000000000, 0.000000000000000000 ) ) ;
#1537 = EDGE_CURVE ( 'NONE', #2840, #3086, #2716, .T. ) ;
#1538 = DIRECTION ( 'NONE',  ( -1.000000000000000000, 0.000000000000000000, 0.000000000000000000 ) ) ;
#1539 = EDGE_CURVE ( 'NONE', #884, #2562, #2059, .T. ) ;
#1540 = SURFACE_STYLE_USAGE ( .BOTH. , #508 ) ;
#1541 = CARTESIAN_POINT ( 'NONE',  ( 96.89999999999993463, 89.99999999999998579, 8.000000000000000000 ) ) ;
#1542 = VERTEX_POINT ( 'NONE', #1910 ) ;
#1543 = VECTOR ( 'NONE', #962, 1000.000000000000000 ) ;
#1544 = ORIENTED_EDGE ( 'NONE', *, *, #2202, .F. ) ;
#1545 = DIRECTION ( 'NONE',  ( 1.000000000000000000, 0.000000000000000000, 0.000000000000000000 ) ) ;
#1546 = FACE_OUTER_BOUND ( 'NONE', #691, .T. ) ;
#1547 = VERTEX_POINT ( 'NONE', #2203 ) ;
#1548 = EDGE_CURVE ( 'NONE', #3066, #2649, #1959, .T. ) ;
#1549 = DIRECTION ( 'NONE',  ( -0.000000000000000000, -0.000000000000000000, 1.000000000000000000 ) ) ;
#1550 = LINE ( 'NONE', #1330, #1769 ) ;
#1551 = FACE_BOUND ( 'NONE', #2995, .T. ) ;
#1552 = EDGE_LOOP ( 'NONE', ( #926, #140 ) ) ;
#1553 = AXIS2_PLACEMENT_3D ( 'NONE', #255, #2575, #48 ) ;
#1554 = EDGE_CURVE ( 'NONE', #1699, #576, #2180, .T. ) ;
#1555 = CARTESIAN_POINT ( 'NONE',  ( 101.9999999999999574, 109.9999999999999716, -2.000000000000000000 ) ) ;
#1556 = CARTESIAN_POINT ( 'NONE',  ( 3.999999999999999112, 171.5000000000000000, 0.000000000000000000 ) ) ;
#1557 = ORIENTED_EDGE ( 'NONE', *, *, #3190, .F. ) ;
#1558 = ORIENTED_EDGE ( 'NONE', *, *, #956, .F. ) ;
#1559 = DIRECTION ( 'NONE',  ( 0.000000000000000000, 0.000000000000000000, 1.000000000000000000 ) ) ;
#1560 = DIRECTION ( 'NONE',  ( -0.000000000000000000, -0.000000000000000000, 1.000000000000000000 ) ) ;
#1561 = CIRCLE ( 'NONE', #174, 1.250000000000001110 ) ;
#1562 = EDGE_LOOP ( 'NONE', ( #364, #67, #1401, #2142 ) ) ;
#1563 = VERTEX_POINT ( 'NONE', #1714 ) ;
#1564 = CARTESIAN_POINT ( 'NONE',  ( 82.49999999999998579, 133.4999999999999432, 5.000000000000000000 ) ) ;
#1565 = DIRECTION ( 'NONE',  ( -0.000000000000000000, 0.000000000000000000, 1.000000000000000000 ) ) ;
#1566 = ORIENTED_EDGE ( 'NONE', *, *, #432, .F. ) ;
#1567 = ADVANCED_FACE ( 'NONE', ( #2432 ), #2736, .F. ) ;
#1568 = CIRCLE ( 'NONE', #811, 3.000000000000002665 ) ;
#1569 = DIRECTION ( 'NONE',  ( -1.000000000000000000, 0.000000000000000000, 0.000000000000000000 ) ) ;
#1570 = AXIS2_PLACEMENT_3D ( 'NONE', #3089, #1526, #3074 ) ;
#1571 = DIRECTION ( 'NONE',  ( -0.000000000000000000, -0.000000000000000000, -1.000000000000000000 ) ) ;
#1572 = AXIS2_PLACEMENT_3D ( 'NONE', #2961, #652, #54 ) ;
#1573 = VERTEX_POINT ( 'NONE', #1206 ) ;
#1574 = ADVANCED_FACE ( 'NONE', ( #2238, #3260 ), #697, .T. ) ;
#1575 = EDGE_LOOP ( 'NONE', ( #2778, #577 ) ) ;
#1576 = CARTESIAN_POINT ( 'NONE',  ( 90.29999999999992610, 94.49999999999997158, 0.000000000000000000 ) ) ;
#1577 = EDGE_CURVE ( 'NONE', #924, #2841, #196, .T. ) ;
#1578 = CYLINDRICAL_SURFACE ( 'NONE', #603, 2.000000000000001776 ) ;
#1579 = EDGE_CURVE ( 'NONE', #2825, #336, #493, .T. ) ;
#1580 = ADVANCED_FACE ( 'NONE', ( #119 ), #1150, .F. ) ;
#1581 = ORIENTED_EDGE ( 'NONE', *, *, #2629, .T. ) ;
#1582 = ORIENTED_EDGE ( 'NONE', *, *, #624, .T. ) ;
#1583 = EDGE_CURVE ( 'NONE', #1010, #2984, #1534, .T. ) ;
#1584 = FACE_OUTER_BOUND ( 'NONE', #3049, .T. ) ;
#1585 = VECTOR ( 'NONE', #1452, 1000.000000000000000 ) ;
#1586 = DIRECTION ( 'NONE',  ( 0.000000000000000000, 0.000000000000000000, 1.000000000000000000 ) ) ;
#1587 = ORIENTED_EDGE ( 'NONE', *, *, #332, .T. ) ;
#1588 = VECTOR ( 'NONE', #173, 1000.000000000000000 ) ;
#1589 = CYLINDRICAL_SURFACE ( 'NONE', #2146, 1.599999999999990319 ) ;
#1590 = CARTESIAN_POINT ( 'NONE',  ( 0.000000000000000000, 98.99999999999997158, 4.000000000000000000 ) ) ;
#1591 = ORIENTED_EDGE ( 'NONE', *, *, #527, .F. ) ;
#1592 = EDGE_CURVE ( 'NONE', #1010, #2434, #2226, .T. ) ;
#1593 = VECTOR ( 'NONE', #571, 1000.000000000000000 ) ;
#1594 = CARTESIAN_POINT ( 'NONE',  ( 38.00000000000000000, 164.4999999999999716, 5.000000000000000000 ) ) ;
#1595 =( LENGTH_UNIT ( ) NAMED_UNIT ( * ) SI_UNIT ( .MILLI., .METRE. ) );
#1596 = AXIS2_PLACEMENT_3D ( 'NONE', #1239, #2737, #2508 ) ;
#1597 = ORIENTED_EDGE ( 'NONE', *, *, #825, .F. ) ;
#1598 = EDGE_LOOP ( 'NONE', ( #170, #1420, #798, #1867 ) ) ;
#1599 = CARTESIAN_POINT ( 'NONE',  ( 113.4999999999999858, 133.4999999999999432, 0.000000000000000000 ) ) ;
#1600 = CARTESIAN_POINT ( 'NONE',  ( 106.3499999999999801, 94.99999999999998579, -2.000000000000000000 ) ) ;
#1601 = CYLINDRICAL_SURFACE ( 'NONE', #352, 1.599999999999990319 ) ;
#1602 = ORIENTED_EDGE ( 'NONE', *, *, #2738, .F. ) ;
#1603 = VERTEX_POINT ( 'NONE', #728 ) ;
#1604 = DIRECTION ( 'NONE',  ( -0.000000000000000000, -0.000000000000000000, 1.000000000000000000 ) ) ;
#1605 = AXIS2_PLACEMENT_3D ( 'NONE', #3295, #433, #1465 ) ;
#1606 = CIRCLE ( 'NONE', #3163, 1.750000000000001554 ) ;
#1607 = EDGE_LOOP ( 'NONE', ( #3169, #2317 ) ) ;
#1608 = DIRECTION ( 'NONE',  ( -0.000000000000000000, -0.000000000000000000, 1.000000000000000000 ) ) ;
#1609 = PLANE ( 'NONE',  #821 ) ;
#1610 = CARTESIAN_POINT ( 'NONE',  ( 69.50000000000000000, 121.4999999999999574, 8.000000000000000000 ) ) ;
#1611 = ORIENTED_EDGE ( 'NONE', *, *, #2843, .F. ) ;
#1612 = ADVANCED_FACE ( 'NONE', ( #2019 ), #504, .F. ) ;
#1613 = EDGE_LOOP ( 'NONE', ( #172, #1515 ) ) ;
#1614 = CARTESIAN_POINT ( 'NONE',  ( 113.4999999999999858, 133.4999999999999432, 8.000000000000000000 ) ) ;
#1615 = AXIS2_PLACEMENT_3D ( 'NONE', #1226, #477, #2242 ) ;
#1616 = DIRECTION ( 'NONE',  ( -0.000000000000000000, -0.000000000000000000, -1.000000000000000000 ) ) ;
#1617 = AXIS2_PLACEMENT_3D ( 'NONE', #2638, #3137, #823 ) ;
#1618 = CARTESIAN_POINT ( 'NONE',  ( 84.24999999999998579, 133.4999999999999432, 0.000000000000000000 ) ) ;
#1619 = DIRECTION ( 'NONE',  ( 1.000000000000000000, 0.000000000000000000, 0.000000000000000000 ) ) ;
#1620 = ORIENTED_EDGE ( 'NONE', *, *, #985, .F. ) ;
#1621 = VECTOR ( 'NONE', #682, 1000.000000000000000 ) ;
#1622 = ORIENTED_EDGE ( 'NONE', *, *, #316, .T. ) ;
#1623 = EDGE_CURVE ( 'NONE', #3086, #1772, #177, .T. ) ;
#1624 = DIRECTION ( 'NONE',  ( 1.000000000000000000, 0.000000000000000000, 0.000000000000000000 ) ) ;
#1625 = ORIENTED_EDGE ( 'NONE', *, *, #891, .F. ) ;
#1626 = CIRCLE ( 'NONE', #1844, 1.750000000000003331 ) ;
#1627 = AXIS2_PLACEMENT_3D ( 'NONE', #2936, #1425, #2752 ) ;
#1628 = CARTESIAN_POINT ( 'NONE',  ( 97.99999999999997158, 148.9999999999999716, 8.000000000000000000 ) ) ;
#1629 = AXIS2_PLACEMENT_3D ( 'NONE', #1787, #743, #1775 ) ;
#1630 = DIRECTION ( 'NONE',  ( -0.000000000000000000, -0.000000000000000000, -1.000000000000000000 ) ) ;
#1631 = DIRECTION ( 'NONE',  ( -0.000000000000000000, -0.000000000000000000, 1.000000000000000000 ) ) ;
#1632 = EDGE_LOOP ( 'NONE', ( #531, #3146 ) ) ;
#1633 = EDGE_LOOP ( 'NONE', ( #2165, #3149, #643, #1282 ) ) ;
#1634 = ORIENTED_EDGE ( 'NONE', *, *, #62, .F. ) ;
#1635 = DIRECTION ( 'NONE',  ( -1.000000000000000000, 0.000000000000000000, 0.000000000000000000 ) ) ;
#1636 = CARTESIAN_POINT ( 'NONE',  ( 36.00000000000027711, 94.49999999999992895, -2.000000000000000000 ) ) ;
#1637 = FACE_OUTER_BOUND ( 'NONE', #2403, .T. ) ;
#1638 = DIRECTION ( 'NONE',  ( 0.000000000000000000, 0.000000000000000000, 1.000000000000000000 ) ) ;
#1639 = EDGE_CURVE ( 'NONE', #2841, #453, #3244, .T. ) ;
#1640 = ORIENTED_EDGE ( 'NONE', *, *, #492, .F. ) ;
#1641 = VERTEX_POINT ( 'NONE', #3020 ) ;
#1642 = DIRECTION ( 'NONE',  ( -0.000000000000000000, -0.000000000000000000, -1.000000000000000000 ) ) ;
#1643 = VERTEX_POINT ( 'NONE', #3087 ) ;
#1644 = AXIS2_PLACEMENT_3D ( 'NONE', #3254, #2229, #151 ) ;
#1645 = CARTESIAN_POINT ( 'NONE',  ( 113.4999999999999858, 133.4999999999999432, 8.000000000000000000 ) ) ;
#1646 = DIRECTION ( 'NONE',  ( 0.000000000000000000, 0.000000000000000000, 1.000000000000000000 ) ) ;
#1647 = LINE ( 'NONE', #637, #2563 ) ;
#1648 = ORIENTED_EDGE ( 'NONE', *, *, #731, .T. ) ;
#1649 = ORIENTED_EDGE ( 'NONE', *, *, #1822, .F. ) ;
#1650 = AXIS2_PLACEMENT_3D ( 'NONE', #3026, #164, #395 ) ;
#1651 = DIRECTION ( 'NONE',  ( -0.000000000000000000, 0.000000000000000000, 1.000000000000000000 ) ) ;
#1652 = ORIENTED_EDGE ( 'NONE', *, *, #675, .F. ) ;
#1653 = CYLINDRICAL_SURFACE ( 'NONE', #409, 1.750000000000001554 ) ;
#1654 = CARTESIAN_POINT ( 'NONE',  ( 36.25000000000000000, 164.4999999999999716, 0.000000000000000000 ) ) ;
#1655 = CIRCLE ( 'NONE', #2036, 1.600000000000004086 ) ;
#1656 = AXIS2_PLACEMENT_3D ( 'NONE', #2670, #397, #2210 ) ;
#1657 = ADVANCED_FACE ( 'NONE', ( #2539 ), #2296, .F. ) ;
#1658 = AXIS2_PLACEMENT_3D ( 'NONE', #1043, #3115, #505 ) ;
#1659 = DIRECTION ( 'NONE',  ( -0.000000000000000000, 0.000000000000000000, 1.000000000000000000 ) ) ;
#1660 = CARTESIAN_POINT ( 'NONE',  ( 113.9999999999999858, 99.99999999999997158, 8.000000000000000000 ) ) ;
#1661 = EDGE_LOOP ( 'NONE', ( #2898, #1408, #2967, #430 ) ) ;
#1662 = EDGE_LOOP ( 'NONE', ( #737, #1063 ) ) ;
#1663 = LINE ( 'NONE', #2687, #3053 ) ;
#1664 = VERTEX_POINT ( 'NONE', #714 ) ;
#1665 = EDGE_CURVE ( 'NONE', #607, #1292, #2645, .T. ) ;
#1666 = DIRECTION ( 'NONE',  ( 1.000000000000000000, 0.000000000000000000, 0.000000000000000000 ) ) ;
#1667 = DIRECTION ( 'NONE',  ( 1.000000000000000000, 0.000000000000000000, 0.000000000000000000 ) ) ;
#1668 = DIRECTION ( 'NONE',  ( 1.000000000000000000, 0.000000000000000000, 0.000000000000000000 ) ) ;
#1669 = VERTEX_POINT ( 'NONE', #2048 ) ;
#1670 = ORIENTED_EDGE ( 'NONE', *, *, #1517, .F. ) ;
#1671 = DIRECTION ( 'NONE',  ( -0.000000000000000000, 0.000000000000000000, 1.000000000000000000 ) ) ;
#1672 = ORIENTED_EDGE ( 'NONE', *, *, #2357, .T. ) ;
#1673 = DIRECTION ( 'NONE',  ( 0.000000000000000000, 0.000000000000000000, 1.000000000000000000 ) ) ;
#1674 = CARTESIAN_POINT ( 'NONE',  ( 93.49999999999992895, 94.49999999999997158, 0.000000000000000000 ) ) ;
#1675 = CARTESIAN_POINT ( 'NONE',  ( 82.49999999999998579, 164.4999999999999716, 5.000000000000000000 ) ) ;
#1676 = PLANE ( 'NONE',  #3103 ) ;
#1677 = ORIENTED_EDGE ( 'NONE', *, *, #2782, .F. ) ;
#1678 = ORIENTED_EDGE ( 'NONE', *, *, #874, .T. ) ;
#1679 = CARTESIAN_POINT ( 'NONE',  ( 112.7499999999999716, 99.99999999999997158, 0.000000000000000000 ) ) ;
#1680 = DIRECTION ( 'NONE',  ( -0.000000000000000000, -0.000000000000000000, -1.000000000000000000 ) ) ;
#1681 = ADVANCED_FACE ( 'NONE', ( #2061 ), #1522, .T. ) ;
#1682 = CIRCLE ( 'NONE', #2698, 1.250000000000001110 ) ;
#1683 = DIRECTION ( 'NONE',  ( 0.000000000000000000, 0.000000000000000000, 1.000000000000000000 ) ) ;
#1684 = FACE_BOUND ( 'NONE', #1740, .T. ) ;
#1685 = CARTESIAN_POINT ( 'NONE',  ( 38.00000000000000000, 133.4999999999999432, 5.000000000000000000 ) ) ;
#1686 = ORIENTED_EDGE ( 'NONE', *, *, #3120, .F. ) ;
#1687 = VERTEX_POINT ( 'NONE', #1747 ) ;
#1688 = AXIS2_PLACEMENT_3D ( 'NONE', #2266, #3289, #909 ) ;
#1689 = ORIENTED_EDGE ( 'NONE', *, *, #1300, .T. ) ;
#1690 = EDGE_LOOP ( 'NONE', ( #325, #2435 ) ) ;
#1691 = EDGE_CURVE ( 'NONE', #620, #55, #592, .T. ) ;
#1692 = DIRECTION ( 'NONE',  ( -0.000000000000000000, -0.000000000000000000, -1.000000000000000000 ) ) ;
#1693 = DIRECTION ( 'NONE',  ( -0.000000000000000000, -0.000000000000000000, -1.000000000000000000 ) ) ;
#1694 = EDGE_CURVE ( 'NONE', #541, #413, #3292, .T. ) ;
#1695 = EDGE_CURVE ( 'NONE', #1906, #1024, #1682, .T. ) ;
#1696 = EDGE_CURVE ( 'NONE', #924, #383, #225, .T. ) ;
#1697 = DIRECTION ( 'NONE',  ( -1.000000000000000000, 0.000000000000000000, 0.000000000000000000 ) ) ;
#1698 = CARTESIAN_POINT ( 'NONE',  ( -7.532526004714513728E-30, 98.99999999999997158, 8.000012000000001677 ) ) ;
#1699 = VERTEX_POINT ( 'NONE', #2819 ) ;
#1700 = EDGE_LOOP ( 'NONE', ( #1453, #1799 ) ) ;
#1701 = LINE ( 'NONE', #183, #3176 ) ;
#1702 = LINE ( 'NONE', #2456, #2018 ) ;
#1703 = CARTESIAN_POINT ( 'NONE',  ( 49.50000000000000000, 121.4999999999999574, 8.000000000000000000 ) ) ;
#1704 = DIRECTION ( 'NONE',  ( -0.000000000000000000, 0.000000000000000000, 1.000000000000000000 ) ) ;
#1705 = VECTOR ( 'NONE', #1882, 1000.000000000000000 ) ;
#1706 = DIRECTION ( 'NONE',  ( 0.000000000000000000, 0.000000000000000000, 1.000000000000000000 ) ) ;
#1707 = VERTEX_POINT ( 'NONE', #1297 ) ;
#1708 = EDGE_LOOP ( 'NONE', ( #723, #1916, #2308, #1678 ) ) ;
#1709 = VECTOR ( 'NONE', #365, 1000.000000000000000 ) ;
#1710 = ORIENTED_EDGE ( 'NONE', *, *, #2552, .F. ) ;
#1711 = ORIENTED_EDGE ( 'NONE', *, *, #389, .T. ) ;
#1712 = CARTESIAN_POINT ( 'NONE',  ( 41.00000000000000000, 164.4999999999999716, 5.000000000000000000 ) ) ;
#1713 = FACE_OUTER_BOUND ( 'NONE', #2, .T. ) ;
#1714 = CARTESIAN_POINT ( 'NONE',  ( 8.750000000000003553, 164.4999999999999716, 0.000000000000000000 ) ) ;
#1715 = DIRECTION ( 'NONE',  ( -0.000000000000000000, -0.000000000000000000, -1.000000000000000000 ) ) ;
#1716 = VECTOR ( 'NONE', #2204, 1000.000000000000000 ) ;
#1717 = ORIENTED_EDGE ( 'NONE', *, *, #2153, .F. ) ;
#1718 = CIRCLE ( 'NONE', #1108, 1.750000000000015543 ) ;
#1719 = CARTESIAN_POINT ( 'NONE',  ( 10.00000000000000178, 164.4999999999999716, 5.000000000000000000 ) ) ;
#1720 = CARTESIAN_POINT ( 'NONE',  ( 56.50000000000027001, 94.49999999999995737, 0.000000000000000000 ) ) ;
#1721 = FACE_BOUND ( 'NONE', #2763, .T. ) ;
#1722 = DIRECTION ( 'NONE',  ( -0.000000000000000000, 0.000000000000000000, 1.000000000000000000 ) ) ;
#1723 = EDGE_LOOP ( 'NONE', ( #2474, #3125 ) ) ;
#1724 = ORIENTED_EDGE ( 'NONE', *, *, #983, .F. ) ;
#1725 = FACE_OUTER_BOUND ( 'NONE', #370, .T. ) ;
#1726 = ORIENTED_EDGE ( 'NONE', *, *, #988, .F. ) ;
#1727 = FACE_OUTER_BOUND ( 'NONE', #2394, .T. ) ;
#1728 = DIRECTION ( 'NONE',  ( 1.000000000000000000, 0.000000000000000000, 0.000000000000000000 ) ) ;
#1729 = DIRECTION ( 'NONE',  ( 1.000000000000000000, 0.000000000000000000, -0.000000000000000000 ) ) ;
#1730 = CARTESIAN_POINT ( 'NONE',  ( 101.9999999999999574, 109.9999999999999716, -2.000000000000000000 ) ) ;
#1731 = ORIENTED_EDGE ( 'NONE', *, *, #388, .T. ) ;
#1732 = DIRECTION ( 'NONE',  ( 1.000000000000000000, 0.000000000000000000, 0.000000000000000000 ) ) ;
#1733 = EDGE_CURVE ( 'NONE', #2213, #3256, #1223, .T. ) ;
#1734 = CIRCLE ( 'NONE', #758, 2.000000000000126565 ) ;
#1735 = DIRECTION ( 'NONE',  ( 0.000000000000000000, 0.000000000000000000, 1.000000000000000000 ) ) ;
#1736 = EDGE_CURVE ( 'NONE', #249, #2692, #2994, .T. ) ;
#1737 = FACE_BOUND ( 'NONE', #1320, .T. ) ;
#1738 = AXIS2_PLACEMENT_3D ( 'NONE', #494, #1316, #80 ) ;
#1739 = CARTESIAN_POINT ( 'NONE',  ( 115.2500000000000000, 99.99999999999997158, 8.000000000000000000 ) ) ;
#1740 = EDGE_LOOP ( 'NONE', ( #2291, #2800 ) ) ;
#1741 = ORIENTED_EDGE ( 'NONE', *, *, #1929, .T. ) ;
#1742 = DIRECTION ( 'NONE',  ( -0.000000000000000000, -0.000000000000000000, 1.000000000000000000 ) ) ;
#1743 = CARTESIAN_POINT ( 'NONE',  ( 105.9999999999999716, 167.0000000000000000, 0.000000000000000000 ) ) ;
#1744 = CIRCLE ( 'NONE', #982, 2.000000000000001776 ) ;
#1745 = AXIS2_PLACEMENT_3D ( 'NONE', #200, #3227, #462 ) ;
#1746 = STYLED_ITEM ( 'NONE', ( #3138 ), #1846 ) ;
#1747 = CARTESIAN_POINT ( 'NONE',  ( 70.99999999999998579, 143.9999999999999716, 8.000000000000000000 ) ) ;
#1748 = DIRECTION ( 'NONE',  ( -0.000000000000000000, 0.000000000000000000, 1.000000000000000000 ) ) ;
#1749 = CYLINDRICAL_SURFACE ( 'NONE', #601, 3.000000000000002665 ) ;
#1750 = CARTESIAN_POINT ( 'NONE',  ( 96.89999999999993463, 89.99999999999998579, 8.000012000000001677 ) ) ;
#1751 = LINE ( 'NONE', #465, #3174 ) ;
#1752 = CARTESIAN_POINT ( 'NONE',  ( 79.50000000000000000, 133.4999999999999432, 8.000000000000000000 ) ) ;
#1753 = ORIENTED_EDGE ( 'NONE', *, *, #3305, .T. ) ;
#1754 = ORIENTED_EDGE ( 'NONE', *, *, #2382, .F. ) ;
#1755 = CIRCLE ( 'NONE', #3262, 2.999999999999988898 ) ;
#1756 = ORIENTED_EDGE ( 'NONE', *, *, #377, .F. ) ;
#1757 = DIRECTION ( 'NONE',  ( 0.000000000000000000, 0.000000000000000000, 1.000000000000000000 ) ) ;
#1758 = CARTESIAN_POINT ( 'NONE',  ( 6.000000000000003553, 94.49999999999995737, 4.000000000000000000 ) ) ;
#1759 = VECTOR ( 'NONE', #1926, 1000.000000000000000 ) ;
#1760 = ADVANCED_FACE ( 'NONE', ( #1776 ), #3041, .T. ) ;
#1761 = CARTESIAN_POINT ( 'NONE',  ( 101.9999999999999858, 99.99999999999997158, 8.000000000000000000 ) ) ;
#1762 = DIRECTION ( 'NONE',  ( -0.000000000000000000, -0.000000000000000000, 1.000000000000000000 ) ) ;
#1763 = CIRCLE ( 'NONE', #296, 1.599999999999997202 ) ;
#1764 = FACE_BOUND ( 'NONE', #124, .T. ) ;
#1765 = CARTESIAN_POINT ( 'NONE',  ( 0.000000000000000000, 0.000000000000000000, 0.000000000000000000 ) ) ;
#1766 = AXIS2_PLACEMENT_3D ( 'NONE', #1660, #2181, #1406 ) ;
#1767 = DIRECTION ( 'NONE',  ( -0.000000000000000000, -0.000000000000000000, 1.000000000000000000 ) ) ;
#1768 = DIRECTION ( 'NONE',  ( -0.000000000000000000, -0.000000000000000000, -1.000000000000000000 ) ) ;
#1769 = VECTOR ( 'NONE', #761, 1000.000000000000000 ) ;
#1770 = EDGE_CURVE ( 'NONE', #1641, #249, #1398, .T. ) ;
#1771 = DIRECTION ( 'NONE',  ( 0.000000000000000000, 0.000000000000000000, 1.000000000000000000 ) ) ;
#1772 = VERTEX_POINT ( 'NONE', #2965 ) ;
#1773 = ORIENTED_EDGE ( 'NONE', *, *, #2011, .T. ) ;
#1774 = CARTESIAN_POINT ( 'NONE',  ( 38.00000000000000000, 133.4999999999999432, 5.000000000000000000 ) ) ;
#1775 = DIRECTION ( 'NONE',  ( -1.000000000000000000, 0.000000000000000000, 0.000000000000000000 ) ) ;
#1776 = FACE_OUTER_BOUND ( 'NONE', #2143, .T. ) ;
#1777 = VECTOR ( 'NONE', #812, 1000.000000000000000 ) ;
#1778 = CARTESIAN_POINT ( 'NONE',  ( 6.000000000000003553, 94.49999999999995737, 0.000000000000000000 ) ) ;
#1779 = FACE_BOUND ( 'NONE', #2680, .T. ) ;
#1780 = LINE ( 'NONE', #463, #3162 ) ;
#1781 = DIRECTION ( 'NONE',  ( -0.000000000000000000, 0.000000000000000000, 1.000000000000000000 ) ) ;
#1782 = CARTESIAN_POINT ( 'NONE',  ( 111.7499999999999716, 133.4999999999999432, 8.000000000000000000 ) ) ;
#1783 = ORIENTED_EDGE ( 'NONE', *, *, #1380, .T. ) ;
#1784 = AXIS2_PLACEMENT_3D ( 'NONE', #3134, #818, #2587 ) ;
#1785 = ORIENTED_EDGE ( 'NONE', *, *, #2629, .F. ) ;
#1786 = CARTESIAN_POINT ( 'NONE',  ( 82.49999999999998579, 133.4999999999999432, 0.000000000000000000 ) ) ;
#1787 = CARTESIAN_POINT ( 'NONE',  ( 113.4999999999999858, 164.4999999999999716, 8.000000000000000000 ) ) ;
#1788 = VECTOR ( 'NONE', #2801, 1000.000000000000000 ) ;
#1789 = EDGE_LOOP ( 'NONE', ( #3140, #2369, #2985, #802 ) ) ;
#1790 = CARTESIAN_POINT ( 'NONE',  ( 115.4999999999999858, 167.5000000000000000, 8.000000000000000000 ) ) ;
#1791 = FACE_OUTER_BOUND ( 'NONE', #272, .T. ) ;
#1792 = EDGE_CURVE ( 'NONE', #991, #334, #2708, .T. ) ;
#1793 = CIRCLE ( 'NONE', #538, 1.750000000000001554 ) ;
#1794 = EDGE_CURVE ( 'NONE', #383, #453, #840, .T. ) ;
#1795 = VECTOR ( 'NONE', #1009, 1000.000000000000000 ) ;
#1796 = LINE ( 'NONE', #238, #1026 ) ;
#1797 = DIRECTION ( 'NONE',  ( -0.000000000000000000, -0.000000000000000000, 1.000000000000000000 ) ) ;
#1798 = CYLINDRICAL_SURFACE ( 'NONE', #536, 2.099999999999990763 ) ;
#1799 = ORIENTED_EDGE ( 'NONE', *, *, #3028, .F. ) ;
#1800 = EDGE_CURVE ( 'NONE', #532, #294, #1647, .T. ) ;
#1801 = EDGE_LOOP ( 'NONE', ( #1741, #1783, #1160, #2136 ) ) ;
#1802 = CARTESIAN_POINT ( 'NONE',  ( 49.50000000000021316, 101.4999999999999574, 0.000000000000000000 ) ) ;
#1803 = FACE_OUTER_BOUND ( 'NONE', #2577, .T. ) ;
#1804 = ORIENTED_EDGE ( 'NONE', *, *, #71, .F. ) ;
#1805 = CARTESIAN_POINT ( 'NONE',  ( 0.000000000000000000, 0.000000000000000000, 8.000000000000000000 ) ) ;
#1806 = AXIS2_PLACEMENT_3D ( 'NONE', #1025, #979, #3303 ) ;
#1807 = CYLINDRICAL_SURFACE ( 'NONE', #473, 1.250000000000015099 ) ;
#1808 = EDGE_CURVE ( 'NONE', #1049, #1947, #360, .T. ) ;
#1809 = DIRECTION ( 'NONE',  ( 1.000000000000000000, 0.000000000000000000, 0.000000000000000000 ) ) ;
#1810 = CIRCLE ( 'NONE', #950, 2.999999999999997335 ) ;
#1811 = DIRECTION ( 'NONE',  ( 1.000000000000000000, 0.000000000000000000, 0.000000000000000000 ) ) ;
#1812 = DIRECTION ( 'NONE',  ( -0.000000000000000000, -0.000000000000000000, -1.000000000000000000 ) ) ;
#1813 = ORIENTED_EDGE ( 'NONE', *, *, #1800, .T. ) ;
#1814 = AXIS2_PLACEMENT_3D ( 'NONE', #61, #911, #350 ) ;
#1815 = AXIS2_PLACEMENT_3D ( 'NONE', #1314, #3321, #1536 ) ;
#1816 = ORIENTED_EDGE ( 'NONE', *, *, #2834, .T. ) ;
#1817 = CARTESIAN_POINT ( 'NONE',  ( 105.9999999999999716, 167.0000000000000000, 8.000000000000000000 ) ) ;
#1818 = CARTESIAN_POINT ( 'NONE',  ( 35.00000000000000000, 133.4999999999999432, 5.000000000000000000 ) ) ;
#1819 = ORIENTED_EDGE ( 'NONE', *, *, #28, .F. ) ;
#1820 = VERTEX_POINT ( 'NONE', #1920 ) ;
#1821 = DIRECTION ( 'NONE',  ( -0.000000000000000000, -0.000000000000000000, 1.000000000000000000 ) ) ;
#1822 = EDGE_CURVE ( 'NONE', #2069, #1339, #2674, .T. ) ;
#1823 = CARTESIAN_POINT ( 'NONE',  ( 38.00000000000000000, 164.4999999999999716, 8.000000000000000000 ) ) ;
#1824 = CIRCLE ( 'NONE', #1340, 1.599999999999990319 ) ;
#1825 = EDGE_CURVE ( 'NONE', #1669, #483, #996, .T. ) ;
#1826 = FACE_BOUND ( 'NONE', #3299, .T. ) ;
#1827 = EDGE_LOOP ( 'NONE', ( #1648, #657 ) ) ;
#1828 = CARTESIAN_POINT ( 'NONE',  ( 108.0999999999999801, 167.0000000000000000, 8.000000000000000000 ) ) ;
#1829 = ADVANCED_FACE ( 'NONE', ( #2903 ), #2132, .F. ) ;
#1830 = CARTESIAN_POINT ( 'NONE',  ( 62.90000000000020464, 101.4999999999999574, -2.000000000000000000 ) ) ;
#1831 = EDGE_LOOP ( 'NONE', ( #40, #2713 ) ) ;
#1832 = ADVANCED_FACE ( 'NONE', ( #2420 ), #1609, .T. ) ;
#1833 = ADVANCED_FACE ( 'NONE', ( #655 ), #533, .F. ) ;
#1834 = EDGE_CURVE ( 'NONE', #1850, #1248, #1097, .T. ) ;
#1835 = EDGE_LOOP ( 'NONE', ( #2195, #218, #51, #2719 ) ) ;
#1836 = CARTESIAN_POINT ( 'NONE',  ( 38.00000000000040501, 94.49999999999992895, 4.000000000000000000 ) ) ;
#1837 = DIRECTION ( 'NONE',  ( -0.000000000000000000, -0.000000000000000000, 1.000000000000000000 ) ) ;
#1838 = ORIENTED_EDGE ( 'NONE', *, *, #1232, .F. ) ;
#1839 = ORIENTED_EDGE ( 'NONE', *, *, #28, .T. ) ;
#1840 = DIRECTION ( 'NONE',  ( -1.000000000000000000, 0.000000000000000000, 0.000000000000000000 ) ) ;
#1841 = DIRECTION ( 'NONE',  ( -0.000000000000000000, -0.000000000000000000, 1.000000000000000000 ) ) ;
#1842 = EDGE_CURVE ( 'NONE', #2387, #3234, #2184, .T. ) ;
#1843 = ORIENTED_EDGE ( 'NONE', *, *, #1138, .F. ) ;
#1844 = AXIS2_PLACEMENT_3D ( 'NONE', #2427, #346, #1387 ) ;
#1845 = FACE_OUTER_BOUND ( 'NONE', #1471, .T. ) ;
#1846 = ADVANCED_BREP_SHAPE_REPRESENTATION ( 'plastic framev5', ( #408, #1257 ), #2918 ) ;
#1847 = DIRECTION ( 'NONE',  ( -1.000000000000000000, 0.000000000000000000, 0.000000000000000000 ) ) ;
#1848 = ORIENTED_EDGE ( 'NONE', *, *, #2185, .F. ) ;
#1849 = CARTESIAN_POINT ( 'NONE',  ( 113.4999999999999858, 164.4999999999999716, 8.000000000000000000 ) ) ;
#1850 = VERTEX_POINT ( 'NONE', #1363 ) ;
#1851 = VERTEX_POINT ( 'NONE', #2384 ) ;
#1852 = LINE ( 'NONE', #2449, #2837 ) ;
#1853 = VECTOR ( 'NONE', #2177, 1000.000000000000000 ) ;
#1854 = DIRECTION ( 'NONE',  ( -0.000000000000000000, 0.000000000000000000, 1.000000000000000000 ) ) ;
#1855 = ORIENTED_EDGE ( 'NONE', *, *, #1794, .F. ) ;
#1856 = CIRCLE ( 'NONE', #1917, 2.099999999999990763 ) ;
#1857 = ORIENTED_EDGE ( 'NONE', *, *, #26, .F. ) ;
#1858 = DIRECTION ( 'NONE',  ( -0.000000000000000000, -0.000000000000000000, 1.000000000000000000 ) ) ;
#1859 = VERTEX_POINT ( 'NONE', #3100 ) ;
#1860 = ADVANCED_FACE ( 'NONE', ( #790 ), #70, .T. ) ;
#1861 = CIRCLE ( 'NONE', #1650, 3.000000000000002665 ) ;
#1862 = EDGE_CURVE ( 'NONE', #2686, #333, #2872, .T. ) ;
#1863 = CARTESIAN_POINT ( 'NONE',  ( 107.9999999999999858, 94.99999999999998579, 8.000000000000000000 ) ) ;
#1864 = CARTESIAN_POINT ( 'NONE',  ( 77.00000000000027001, 94.49999999999994316, -2.000000000000000000 ) ) ;
#1865 = VECTOR ( 'NONE', #1987, 1000.000000000000000 ) ;
#1866 = AXIS2_PLACEMENT_3D ( 'NONE', #642, #1437, #114 ) ;
#1867 = ORIENTED_EDGE ( 'NONE', *, *, #2538, .F. ) ;
#1868 = ORIENTED_EDGE ( 'NONE', *, *, #1208, .T. ) ;
#1869 = FACE_OUTER_BOUND ( 'NONE', #1372, .T. ) ;
#1870 = DIRECTION ( 'NONE',  ( -0.000000000000000000, -0.000000000000000000, 1.000000000000000000 ) ) ;
#1871 = EDGE_CURVE ( 'NONE', #2593, #3185, #1433, .T. ) ;
#1872 = FACE_OUTER_BOUND ( 'NONE', #2916, .T. ) ;
#1873 = CARTESIAN_POINT ( 'NONE',  ( 38.00000000000000000, 133.4999999999999432, 0.000000000000000000 ) ) ;
#1874 = ORIENTED_EDGE ( 'NONE', *, *, #1208, .F. ) ;
#1875 = ORIENTED_EDGE ( 'NONE', *, *, #1302, .T. ) ;
#1876 = CYLINDRICAL_SURFACE ( 'NONE', #2882, 1.250000000000015099 ) ;
#1877 = AXIS2_PLACEMENT_3D ( 'NONE', #1900, #2926, #376 ) ;
#1878 = VERTEX_POINT ( 'NONE', #903 ) ;
#1879 = CIRCLE ( 'NONE', #2768, 1.250000000000015099 ) ;
#1880 = FACE_OUTER_BOUND ( 'NONE', #2012, .T. ) ;
#1881 = CYLINDRICAL_SURFACE ( 'NONE', #495, 1.250000000000015099 ) ;
#1882 = DIRECTION ( 'NONE',  ( -0.000000000000000000, -0.000000000000000000, 1.000000000000000000 ) ) ;
#1883 = EDGE_LOOP ( 'NONE', ( #1677, #1622, #2359, #469 ) ) ;
#1884 = ORIENTED_EDGE ( 'NONE', *, *, #3022, .F. ) ;
#1885 = VERTEX_POINT ( 'NONE', #2656 ) ;
#1886 = ADVANCED_FACE ( 'NONE', ( #339 ), #1379, .T. ) ;
#1887 = LINE ( 'NONE', #2138, #2720 ) ;
#1888 = CYLINDRICAL_SURFACE ( 'NONE', #2405, 2.000000000000001776 ) ;
#1889 = CIRCLE ( 'NONE', #2221, 4.000000000000000000 ) ;
#1890 = AXIS2_PLACEMENT_3D ( 'NONE', #1973, #651, #701 ) ;
#1891 = DIRECTION ( 'NONE',  ( 1.000000000000000000, 0.000000000000000000, 0.000000000000000000 ) ) ;
#1892 = CARTESIAN_POINT ( 'NONE',  ( 36.00000000000027711, 94.49999999999992895, 4.000000000000000000 ) ) ;
#1893 = ORIENTED_EDGE ( 'NONE', *, *, #3030, .T. ) ;
#1894 = EDGE_LOOP ( 'NONE', ( #2942, #3097, #904, #300 ) ) ;
#1895 = CYLINDRICAL_SURFACE ( 'NONE', #1002, 1.750000000000004219 ) ;
#1896 = EDGE_LOOP ( 'NONE', ( #3167, #3050, #1672, #2363 ) ) ;
#1897 = EDGE_CURVE ( 'NONE', #2162, #315, #1913, .T. ) ;
#1898 = CIRCLE ( 'NONE', #2329, 1.750000000000001554 ) ;
#1899 = DIRECTION ( 'NONE',  ( 0.000000000000000000, 0.000000000000000000, 1.000000000000000000 ) ) ;
#1900 = CARTESIAN_POINT ( 'NONE',  ( 91.89999999999992042, 94.49999999999997158, 4.000000000000000000 ) ) ;
#1901 = DIRECTION ( 'NONE',  ( 1.000000000000000000, 0.000000000000000000, 0.000000000000000000 ) ) ;
#1902 = ORIENTED_EDGE ( 'NONE', *, *, #1842, .T. ) ;
#1903 = ORIENTED_EDGE ( 'NONE', *, *, #1871, .F. ) ;
#1904 = EDGE_CURVE ( 'NONE', #2659, #481, #199, .T. ) ;
#1905 = EDGE_LOOP ( 'NONE', ( #344, #631 ) ) ;
#1906 = VERTEX_POINT ( 'NONE', #938 ) ;
#1907 = DIRECTION ( 'NONE',  ( -0.000000000000000000, -0.000000000000000000, -1.000000000000000000 ) ) ;
#1908 = DIRECTION ( 'NONE',  ( 0.000000000000000000, 0.000000000000000000, 1.000000000000000000 ) ) ;
#1909 = ADVANCED_FACE ( 'NONE', ( #3268 ), #736, .T. ) ;
#1910 = CARTESIAN_POINT ( 'NONE',  ( 85.49999999999998579, 164.4999999999999716, 5.000000000000000000 ) ) ;
#1911 = CARTESIAN_POINT ( 'NONE',  ( 113.9999999999999858, 99.99999999999997158, 0.000000000000000000 ) ) ;
#1912 = ORIENTED_EDGE ( 'NONE', *, *, #3281, .T. ) ;
#1913 = CIRCLE ( 'NONE', #1644, 1.250000000000001110 ) ;
#1914 = EDGE_LOOP ( 'NONE', ( #2625, #854, #2152, #572 ) ) ;
#1915 = DIRECTION ( 'NONE',  ( 0.000000000000000000, 0.000000000000000000, 1.000000000000000000 ) ) ;
#1916 = ORIENTED_EDGE ( 'NONE', *, *, #778, .F. ) ;
#1917 = AXIS2_PLACEMENT_3D ( 'NONE', #2119, #2644, #96 ) ;
#1918 = LINE ( 'NONE', #450, #3237 ) ;
#1919 = LINE ( 'NONE', #2130, #3241 ) ;
#1920 = CARTESIAN_POINT ( 'NONE',  ( 35.00000000000000000, 133.4999999999999432, 5.000000000000000000 ) ) ;
#1921 = VERTEX_POINT ( 'NONE', #922 ) ;
#1922 = EDGE_LOOP ( 'NONE', ( #1121, #380 ) ) ;
#1923 = AXIS2_PLACEMENT_3D ( 'NONE', #228, #1259, #3309 ) ;
#1924 = ORIENTED_EDGE ( 'NONE', *, *, #3028, .T. ) ;
#1925 = VERTEX_POINT ( 'NONE', #2777 ) ;
#1926 = DIRECTION ( 'NONE',  ( 1.000000000000000000, 2.322642310931290223E-16, 0.000000000000000000 ) ) ;
#1927 = DIRECTION ( 'NONE',  ( 1.000000000000000000, 0.000000000000000000, 0.000000000000000000 ) ) ;
#1928 = AXIS2_PLACEMENT_3D ( 'NONE', #2004, #2220, #715 ) ;
#1929 = EDGE_CURVE ( 'NONE', #1231, #2043, #1978, .T. ) ;
#1930 = FACE_BOUND ( 'NONE', #1552, .T. ) ;
#1931 = FACE_OUTER_BOUND ( 'NONE', #2207, .T. ) ;
#1932 = ORIENTED_EDGE ( 'NONE', *, *, #1198, .T. ) ;
#1933 = EDGE_CURVE ( 'NONE', #3157, #814, #2531, .T. ) ;
#1934 = ORIENTED_EDGE ( 'NONE', *, *, #460, .T. ) ;
#1935 = CARTESIAN_POINT ( 'NONE',  ( 116.4999999999999858, 133.4999999999999432, 5.000000000000000000 ) ) ;
#1936 = DIRECTION ( 'NONE',  ( 1.000000000000000000, 0.000000000000000000, 0.000000000000000000 ) ) ;
#1937 = EDGE_CURVE ( 'NONE', #2434, #1603, #1467, .T. ) ;
#1938 = FACE_BOUND ( 'NONE', #1358, .T. ) ;
#1939 = CYLINDRICAL_SURFACE ( 'NONE', #3023, 2.000000000000001776 ) ;
#1940 = ADVANCED_FACE ( 'NONE', ( #722 ), #2999, .F. ) ;
#1941 = DIRECTION ( 'NONE',  ( -0.000000000000000000, -0.000000000000000000, -1.000000000000000000 ) ) ;
#1942 = VERTEX_POINT ( 'NONE', #672 ) ;
#1943 = EDGE_LOOP ( 'NONE', ( #2939, #1868, #960, #343 ) ) ;
#1944 = EDGE_CURVE ( 'NONE', #3147, #725, #435, .T. ) ;
#1945 = EDGE_CURVE ( 'NONE', #2355, #2216, #197, .T. ) ;
#1946 = CARTESIAN_POINT ( 'NONE',  ( 96.89999999999993463, 98.99999999999997158, 8.000000000000000000 ) ) ;
#1947 = VERTEX_POINT ( 'NONE', #1995 ) ;
#1948 = DIRECTION ( 'NONE',  ( 1.000000000000000000, 0.000000000000000000, 0.000000000000000000 ) ) ;
#1949 = CIRCLE ( 'NONE', #3076, 2.100000000000004530 ) ;
#1950 = LINE ( 'NONE', #2218, #59 ) ;
#1951 = AXIS2_PLACEMENT_3D ( 'NONE', #2038, #3308, #201 ) ;
#1952 = CYLINDRICAL_SURFACE ( 'NONE', #3085, 2.999999999999988898 ) ;
#1953 = FACE_OUTER_BOUND ( 'NONE', #1835, .T. ) ;
#1954 = ORIENTED_EDGE ( 'NONE', *, *, #2282, .T. ) ;
#1955 = AXIS2_PLACEMENT_3D ( 'NONE', #1157, #3212, #1397 ) ;
#1956 = ORIENTED_EDGE ( 'NONE', *, *, #2046, .T. ) ;
#1957 = EDGE_CURVE ( 'NONE', #1885, #2739, #729, .T. ) ;
#1958 = DIRECTION ( 'NONE',  ( 0.000000000000000000, -0.000000000000000000, -1.000000000000000000 ) ) ;
#1959 = CIRCLE ( 'NONE', #658, 1.750000000000001554 ) ;
#1960 = DIRECTION ( 'NONE',  ( 1.000000000000000000, 0.000000000000000000, 0.000000000000000000 ) ) ;
#1961 = FACE_BOUND ( 'NONE', #1922, .T. ) ;
#1962 = DIRECTION ( 'NONE',  ( 0.000000000000000000, 0.000000000000000000, 1.000000000000000000 ) ) ;
#1963 = ORIENTED_EDGE ( 'NONE', *, *, #1862, .T. ) ;
#1964 = EDGE_LOOP ( 'NONE', ( #1689, #1080 ) ) ;
#1965 = AXIS2_PLACEMENT_3D ( 'NONE', #2090, #1311, #1039 ) ;
#1966 = ORIENTED_EDGE ( 'NONE', *, *, #2078, .T. ) ;
#1967 = ORIENTED_EDGE ( 'NONE', *, *, #1117, .T. ) ;
#1968 = LINE ( 'NONE', #1712, #27 ) ;
#1969 = CARTESIAN_POINT ( 'NONE',  ( 68.99999999999997158, 143.9999999999999716, 0.000000000000000000 ) ) ;
#1970 = DIRECTION ( 'NONE',  ( 0.000000000000000000, 0.000000000000000000, 1.000000000000000000 ) ) ;
#1971 = CARTESIAN_POINT ( 'NONE',  ( 117.0999999999999801, 156.9999999999999716, 8.000000000000000000 ) ) ;
#1972 = ORIENTED_EDGE ( 'NONE', *, *, #2187, .T. ) ;
#1973 = CARTESIAN_POINT ( 'NONE',  ( 38.00000000000000000, 133.4999999999999432, 5.000000000000000000 ) ) ;
#1974 = APPLICATION_PROTOCOL_DEFINITION ( 'draft international standard', 'automotive_design', 1998, #53 ) ;
#1975 = CARTESIAN_POINT ( 'NONE',  ( 51.10000000000020037, 101.4999999999999574, 0.000000000000000000 ) ) ;
#1976 = FACE_BOUND ( 'NONE', #692, .T. ) ;
#1977 = VECTOR ( 'NONE', #1631, 1000.000000000000000 ) ;
#1978 = LINE ( 'NONE', #2983, #1267 ) ;
#1979 = ORIENTED_EDGE ( 'NONE', *, *, #432, .T. ) ;
#1980 = EDGE_CURVE ( 'NONE', #2710, #1641, #2826, .T. ) ;
#1981 = ORIENTED_EDGE ( 'NONE', *, *, #1198, .F. ) ;
#1982 = VERTEX_POINT ( 'NONE', #1752 ) ;
#1983 = CARTESIAN_POINT ( 'NONE',  ( 7.000000000000000888, 164.4999999999999716, 8.000000000000000000 ) ) ;
#1984 = CARTESIAN_POINT ( 'NONE',  ( 67.90000000000020464, 101.4999999999999574, -2.000000000000000000 ) ) ;
#1985 = DIRECTION ( 'NONE',  ( 0.000000000000000000, 0.000000000000000000, 1.000000000000000000 ) ) ;
#1986 = CIRCLE ( 'NONE', #298, 2.000000000000126565 ) ;
#1987 = DIRECTION ( 'NONE',  ( 0.000000000000000000, 0.000000000000000000, -1.000000000000000000 ) ) ;
#1988 = ADVANCED_FACE ( 'NONE', ( #1501 ), #217, .F. ) ;
#1989 = CIRCLE ( 'NONE', #2950, 1.600000000000004086 ) ;
#1990 = EDGE_LOOP ( 'NONE', ( #1816, #2163, #2865, #2712 ) ) ;
#1991 = CIRCLE ( 'NONE', #2037, 2.999999999999988898 ) ;
#1992 = CARTESIAN_POINT ( 'NONE',  ( 39.75000000000000000, 133.4999999999999432, 0.000000000000000000 ) ) ;
#1993 = CARTESIAN_POINT ( 'NONE',  ( 109.2499999999999858, 148.9999999999999716, 8.000000000000000000 ) ) ;
#1994 = FACE_BOUND ( 'NONE', #788, .T. ) ;
#1995 = CARTESIAN_POINT ( 'NONE',  ( 4.399999999999999467, 94.49999999999995737, 4.000000000000000000 ) ) ;
#1996 = EDGE_LOOP ( 'NONE', ( #2636, #2080 ) ) ;
#1997 = VERTEX_POINT ( 'NONE', #1739 ) ;
#1998 = EDGE_CURVE ( 'NONE', #1603, #2984, #1376, .T. ) ;
#1999 = ORIENTED_EDGE ( 'NONE', *, *, #1933, .T. ) ;
#2000 = FACE_OUTER_BOUND ( 'NONE', #2481, .T. ) ;
#2001 = DIRECTION ( 'NONE',  ( -0.000000000000000000, 0.000000000000000000, 1.000000000000000000 ) ) ;
#2002 = EDGE_CURVE ( 'NONE', #2379, #2213, #1230, .T. ) ;
#2003 = DIRECTION ( 'NONE',  ( -0.000000000000000000, 0.000000000000000000, 1.000000000000000000 ) ) ;
#2004 = CARTESIAN_POINT ( 'NONE',  ( 68.99999999999997158, 143.9999999999999716, 8.000000000000000000 ) ) ;
#2005 = DIRECTION ( 'NONE',  ( -0.000000000000000000, -0.000000000000000000, 1.000000000000000000 ) ) ;
#2006 = DIRECTION ( 'NONE',  ( -1.000000000000000000, 0.000000000000000000, 0.000000000000000000 ) ) ;
#2007 = DIRECTION ( 'NONE',  ( -1.000000000000000000, 0.000000000000000000, 0.000000000000000000 ) ) ;
#2008 = CIRCLE ( 'NONE', #442, 1.600000000000003419 ) ;
#2009 = DIRECTION ( 'NONE',  ( 1.000000000000000000, 0.000000000000000000, 0.000000000000000000 ) ) ;
#2010 = ORIENTED_EDGE ( 'NONE', *, *, #2284, .F. ) ;
#2011 = EDGE_CURVE ( 'NONE', #1248, #1850, #1755, .T. ) ;
#2012 = EDGE_LOOP ( 'NONE', ( #420, #3286 ) ) ;
#2013 = DIRECTION ( 'NONE',  ( -0.000000000000000000, -0.000000000000000000, 1.000000000000000000 ) ) ;
#2014 = CARTESIAN_POINT ( 'NONE',  ( 91.89999999999992042, 94.49999999999997158, 0.000000000000000000 ) ) ;
#2015 = APPLICATION_CONTEXT ( 'automotive_design' ) ;
#2016 = AXIS2_PLACEMENT_3D ( 'NONE', #1743, #2001, #3006 ) ;
#2017 = VECTOR ( 'NONE', #226, 1000.000000000000000 ) ;
#2018 = VECTOR ( 'NONE', #1680, 1000.000000000000000 ) ;
#2019 = FACE_OUTER_BOUND ( 'NONE', #3139, .T. ) ;
#2020 = DIRECTION ( 'NONE',  ( -0.000000000000000000, -0.000000000000000000, 1.000000000000000000 ) ) ;
#2021 = EDGE_CURVE ( 'NONE', #835, #2183, #2339, .T. ) ;
#2022 = LINE ( 'NONE', #13, #2017 ) ;
#2023 = CYLINDRICAL_SURFACE ( 'NONE', #1951, 1.750000000000001554 ) ;
#2024 = CARTESIAN_POINT ( 'NONE',  ( 80.74999999999998579, 133.4999999999999432, 0.000000000000000000 ) ) ;
#2025 = CARTESIAN_POINT ( 'NONE',  ( 0.000000000000000000, 0.000000000000000000, 0.000000000000000000 ) ) ;
#2026 = ORIENTED_EDGE ( 'NONE', *, *, #3030, .F. ) ;
#2027 = VECTOR ( 'NONE', #2171, 1000.000000000000000 ) ;
#2028 = EDGE_LOOP ( 'NONE', ( #152, #2883 ) ) ;
#2029 = DIRECTION ( 'NONE',  ( 0.000000000000000000, 0.000000000000000000, 1.000000000000000000 ) ) ;
#2030 = DIRECTION ( 'NONE',  ( -0.000000000000000000, -0.000000000000000000, 1.000000000000000000 ) ) ;
#2031 = VECTOR ( 'NONE', #1742, 1000.000000000000000 ) ;
#2032 = DIRECTION ( 'NONE',  ( 1.000000000000000000, 0.000000000000000000, 0.000000000000000000 ) ) ;
#2033 = CARTESIAN_POINT ( 'NONE',  ( 7.000000000000000888, 164.4999999999999716, 8.000000000000000000 ) ) ;
#2034 = VECTOR ( 'NONE', #2620, 1000.000000000000000 ) ;
#2035 = FACE_BOUND ( 'NONE', #1831, .T. ) ;
#2036 = AXIS2_PLACEMENT_3D ( 'NONE', #2731, #929, #1249 ) ;
#2037 = AXIS2_PLACEMENT_3D ( 'NONE', #171, #2233, #2747 ) ;
#2038 = CARTESIAN_POINT ( 'NONE',  ( 82.49999999999998579, 133.4999999999999432, 8.000000000000000000 ) ) ;
#2039 = CARTESIAN_POINT ( 'NONE',  ( 113.4999999999999858, 133.4999999999999432, 5.000000000000000000 ) ) ;
#2040 = DIRECTION ( 'NONE',  ( -0.000000000000000000, -0.000000000000000000, -1.000000000000000000 ) ) ;
#2041 = EDGE_LOOP ( 'NONE', ( #1726, #2987, #2304, #569 ) ) ;
#2042 = EDGE_CURVE ( 'NONE', #2070, #2745, #342, .T. ) ;
#2043 = VERTEX_POINT ( 'NONE', #2288 ) ;
#2044 = FACE_OUTER_BOUND ( 'NONE', #3093, .T. ) ;
#2045 = CARTESIAN_POINT ( 'NONE',  ( 40.99999999999999289, 133.4999999999999432, 5.000000000000000000 ) ) ;
#2046 = EDGE_CURVE ( 'NONE', #905, #56, #3063, .T. ) ;
#2047 = ORIENTED_EDGE ( 'NONE', *, *, #1127, .F. ) ;
#2048 = CARTESIAN_POINT ( 'NONE',  ( 3.999999999999999112, 164.4999999999999716, 5.000000000000000000 ) ) ;
#2049 = CYLINDRICAL_SURFACE ( 'NONE', #2573, 1.750000000000001554 ) ;
#2050 = DIRECTION ( 'NONE',  ( -0.000000000000000000, -0.000000000000000000, -1.000000000000000000 ) ) ;
#2051 = DIRECTION ( 'NONE',  ( 1.000000000000000000, 0.000000000000000000, 0.000000000000000000 ) ) ;
#2052 = AXIS2_PLACEMENT_3D ( 'NONE', #2258, #1735, #2997 ) ;
#2053 = CARTESIAN_POINT ( 'NONE',  ( 54.90000000000027569, 94.49999999999995737, 4.000000000000000000 ) ) ;
#2054 = EDGE_LOOP ( 'NONE', ( #3158, #2324, #3226, #1558 ) ) ;
#2055 = CIRCLE ( 'NONE', #3065, 1.750000000000001554 ) ;
#2056 = ORIENTED_EDGE ( 'NONE', *, *, #596, .F. ) ;
#2057 = CARTESIAN_POINT ( 'NONE',  ( 85.49999999999998579, 133.4999999999999432, 8.000000000000000000 ) ) ;
#2058 = DIRECTION ( 'NONE',  ( -0.000000000000000000, 0.000000000000000000, 1.000000000000000000 ) ) ;
#2059 = CIRCLE ( 'NONE', #2105, 3.000000000000002665 ) ;
#2060 = ORIENTED_EDGE ( 'NONE', *, *, #2846, .T. ) ;
#2061 = FACE_OUTER_BOUND ( 'NONE', #1200, .T. ) ;
#2062 = DIRECTION ( 'NONE',  ( 1.000000000000000000, 0.000000000000000000, 0.000000000000000000 ) ) ;
#2063 = CIRCLE ( 'NONE', #3251, 3.000000000000002665 ) ;
#2064 = AXIS2_PLACEMENT_3D ( 'NONE', #443, #3245, #367 ) ;
#2065 = AXIS2_PLACEMENT_3D ( 'NONE', #1281, #2058, #2338 ) ;
#2066 = DIRECTION ( 'NONE',  ( 0.000000000000000000, 0.000000000000000000, 1.000000000000000000 ) ) ;
#2067 = DIRECTION ( 'NONE',  ( -0.000000000000000000, -0.000000000000000000, -1.000000000000000000 ) ) ;
#2068 = DIRECTION ( 'NONE',  ( 1.000000000000000000, 0.000000000000000000, 0.000000000000000000 ) ) ;
#2069 = VERTEX_POINT ( 'NONE', #751 ) ;
#2070 = VERTEX_POINT ( 'NONE', #1004 ) ;
#2071 = DIRECTION ( 'NONE',  ( -0.000000000000000000, -0.000000000000000000, -1.000000000000000000 ) ) ;
#2072 = AXIS2_PLACEMENT_3D ( 'NONE', #1805, #3054, #745 ) ;
#2073 = ORIENTED_EDGE ( 'NONE', *, *, #3062, .F. ) ;
#2074 = ORIENTED_EDGE ( 'NONE', *, *, #1579, .F. ) ;
#2075 = DIRECTION ( 'NONE',  ( 1.000000000000000000, 0.000000000000000000, 0.000000000000000000 ) ) ;
#2076 = CARTESIAN_POINT ( 'NONE',  ( 79.50000000000000000, 133.4999999999999432, 5.000000000000000000 ) ) ;
#2077 = EDGE_CURVE ( 'NONE', #2739, #1982, #3311, .T. ) ;
#2078 = EDGE_CURVE ( 'NONE', #2653, #334, #3045, .T. ) ;
#2079 = FACE_BOUND ( 'NONE', #142, .T. ) ;
#2080 = ORIENTED_EDGE ( 'NONE', *, *, #1592, .T. ) ;
#2081 = CIRCLE ( 'NONE', #2941, 1.599999999999990319 ) ;
#2082 = ADVANCED_FACE ( 'NONE', ( #1104 ), #1146, .F. ) ;
#2083 = CARTESIAN_POINT ( 'NONE',  ( 38.00000000000040501, 94.49999999999992895, 0.000000000000000000 ) ) ;
#2084 = DIRECTION ( 'NONE',  ( -0.000000000000000000, -0.000000000000000000, 1.000000000000000000 ) ) ;
#2085 = ORIENTED_EDGE ( 'NONE', *, *, #2954, .F. ) ;
#2086 = AXIS2_PLACEMENT_3D ( 'NONE', #634, #1960, #1098 ) ;
#2087 = AXIS2_PLACEMENT_3D ( 'NONE', #2488, #3335, #1073 ) ;
#2088 = VERTEX_POINT ( 'NONE', #2892 ) ;
#2089 = CARTESIAN_POINT ( 'NONE',  ( 69.50000000000000000, 121.4999999999999574, 0.000000000000000000 ) ) ;
#2090 = CARTESIAN_POINT ( 'NONE',  ( 64.50000000000021316, 101.4999999999999574, 0.000000000000000000 ) ) ;
#2091 = ORIENTED_EDGE ( 'NONE', *, *, #1166, .T. ) ;
#2092 = ORIENTED_EDGE ( 'NONE', *, *, #738, .T. ) ;
#2093 = DIRECTION ( 'NONE',  ( 1.000000000000000000, 0.000000000000000000, 0.000000000000000000 ) ) ;
#2094 = DIRECTION ( 'NONE',  ( -0.000000000000000000, -0.000000000000000000, 1.000000000000000000 ) ) ;
#2095 = ORIENTED_EDGE ( 'NONE', *, *, #1332, .T. ) ;
#2096 = CARTESIAN_POINT ( 'NONE',  ( 75.00000000000025580, 94.49999999999994316, 4.000000000000000000 ) ) ;
#2097 = FACE_OUTER_BOUND ( 'NONE', #2685, .T. ) ;
#2098 = ORIENTED_EDGE ( 'NONE', *, *, #2538, .T. ) ;
#2099 = CIRCLE ( 'NONE', #2309, 2.000000000000015543 ) ;
#2100 = ORIENTED_EDGE ( 'NONE', *, *, #3022, .T. ) ;
#2101 = DIRECTION ( 'NONE',  ( 0.000000000000000000, 0.000000000000000000, 1.000000000000000000 ) ) ;
#2102 = SURFACE_STYLE_FILL_AREA ( #39 ) ;
#2103 = ORIENTED_EDGE ( 'NONE', *, *, #146, .T. ) ;
#2104 = VERTEX_POINT ( 'NONE', #57 ) ;
#2105 = AXIS2_PLACEMENT_3D ( 'NONE', #932, #625, #159 ) ;
#2106 = FACE_OUTER_BOUND ( 'NONE', #1035, .T. ) ;
#2107 = DIRECTION ( 'NONE',  ( 0.000000000000000000, 0.000000000000000000, 1.000000000000000000 ) ) ;
#2108 = ORIENTED_EDGE ( 'NONE', *, *, #21, .T. ) ;
#2109 = EDGE_CURVE ( 'NONE', #1233, #2183, #3199, .T. ) ;
#2110 = VECTOR ( 'NONE', #1440, 1000.000000000000000 ) ;
#2111 = DIRECTION ( 'NONE',  ( -0.000000000000000000, -0.000000000000000000, 1.000000000000000000 ) ) ;
#2112 = CARTESIAN_POINT ( 'NONE',  ( 36.00000000000027711, 94.49999999999992895, 0.000000000000000000 ) ) ;
#2113 = ORIENTED_EDGE ( 'NONE', *, *, #214, .F. ) ;
#2114 = CARTESIAN_POINT ( 'NONE',  ( 54.90000000000027569, 94.49999999999995737, 0.000000000000000000 ) ) ;
#2115 = EDGE_CURVE ( 'NONE', #1921, #355, #1887, .T. ) ;
#2116 =( LENGTH_UNIT ( ) NAMED_UNIT ( * ) SI_UNIT ( .MILLI., .METRE. ) );
#2117 = ORIENTED_EDGE ( 'NONE', *, *, #2543, .F. ) ;
#2118 = ORIENTED_EDGE ( 'NONE', *, *, #1520, .F. ) ;
#2119 = CARTESIAN_POINT ( 'NONE',  ( 114.9999999999999858, 156.9999999999999716, 0.000000000000000000 ) ) ;
#2120 = FACE_OUTER_BOUND ( 'NONE', #1661, .T. ) ;
#2121 = AXIS2_PLACEMENT_3D ( 'NONE', #3193, #322, #1668 ) ;
#2122 = CARTESIAN_POINT ( 'NONE',  ( 115.4999999999999858, 171.5000000000000000, 8.000000000000000000 ) ) ;
#2123 = DIRECTION ( 'NONE',  ( 1.000000000000000000, 0.000000000000000000, 0.000000000000000000 ) ) ;
#2124 = ORIENTED_EDGE ( 'NONE', *, *, #3091, .F. ) ;
#2125 = ORIENTED_EDGE ( 'NONE', *, *, #1733, .T. ) ;
#2126 = CARTESIAN_POINT ( 'NONE',  ( 56.50000000000027001, 94.49999999999995737, 4.000000000000000000 ) ) ;
#2127 = ORIENTED_EDGE ( 'NONE', *, *, #316, .F. ) ;
#2128 = EDGE_CURVE ( 'NONE', #394, #3195, #908, .T. ) ;
#2129 = FACE_BOUND ( 'NONE', #2748, .T. ) ;
#2130 = CARTESIAN_POINT ( 'NONE',  ( 116.4999999999999716, 164.4999999999999716, 5.000000000000000000 ) ) ;
#2131 = CIRCLE ( 'NONE', #2087, 1.750000000000003331 ) ;
#2132 = CYLINDRICAL_SURFACE ( 'NONE', #614, 2.999999999999988898 ) ;
#2133 = ORIENTED_EDGE ( 'NONE', *, *, #2077, .F. ) ;
#2134 = VECTOR ( 'NONE', #1715, 1000.000000000000000 ) ;
#2135 = ADVANCED_FACE ( 'NONE', ( #3141 ), #1124, .F. ) ;
#2136 = ORIENTED_EDGE ( 'NONE', *, *, #604, .T. ) ;
#2137 = EDGE_LOOP ( 'NONE', ( #923, #3108, #1087, #1317 ) ) ;
#2138 = CARTESIAN_POINT ( 'NONE',  ( 7.600000000000006750, 94.49999999999995737, 0.000000000000000000 ) ) ;
#2139 = DIRECTION ( 'NONE',  ( 1.000000000000000000, 0.000000000000000000, 0.000000000000000000 ) ) ;
#2140 = DIRECTION ( 'NONE',  ( 1.000000000000000000, 0.000000000000000000, 0.000000000000000000 ) ) ;
#2141 = CARTESIAN_POINT ( 'NONE',  ( 82.49999999999998579, 164.4999999999999716, 8.000000000000000000 ) ) ;
#2142 = ORIENTED_EDGE ( 'NONE', *, *, #1577, .F. ) ;
#2143 = EDGE_LOOP ( 'NONE', ( #503, #1373, #1785, #2397, #254, #319 ) ) ;
#2144 = ADVANCED_FACE ( 'NONE', ( #889 ), #1653, .F. ) ;
#2145 = CARTESIAN_POINT ( 'NONE',  ( 114.0000000000000142, 109.9999999999999716, -2.000000000000000000 ) ) ;
#2146 = AXIS2_PLACEMENT_3D ( 'NONE', #795, #2111, #1811 ) ;
#2147 = ORIENTED_EDGE ( 'NONE', *, *, #2920, .T. ) ;
#2148 = PLANE ( 'NONE',  #2788 ) ;
#2149 = CARTESIAN_POINT ( 'NONE',  ( -3.409459138976043712E-30, 89.99999999999998579, 4.000000000000000000 ) ) ;
#2150 = DIRECTION ( 'NONE',  ( 1.000000000000000000, 0.000000000000000000, 0.000000000000000000 ) ) ;
#2151 = ORIENTED_EDGE ( 'NONE', *, *, #2115, .T. ) ;
#2152 = ORIENTED_EDGE ( 'NONE', *, *, #1322, .T. ) ;
#2153 = EDGE_CURVE ( 'NONE', #2695, #1178, #822, .T. ) ;
#2154 = ORIENTED_EDGE ( 'NONE', *, *, #2991, .T. ) ;
#2155 = ORIENTED_EDGE ( 'NONE', *, *, #2922, .T. ) ;
#2156 = PLANE ( 'NONE',  #2457 ) ;
#2157 = DIRECTION ( 'NONE',  ( 1.000000000000000000, 0.000000000000000000, 0.000000000000000000 ) ) ;
#2158 = AXIS2_PLACEMENT_3D ( 'NONE', #721, #2760, #1245 ) ;
#2159 = CIRCLE ( 'NONE', #713, 2.999999999999988898 ) ;
#2160 = DIRECTION ( 'NONE',  ( -0.000000000000000000, -0.000000000000000000, 1.000000000000000000 ) ) ;
#2161 = CARTESIAN_POINT ( 'NONE',  ( 8.000000000000003553, 106.4999999999999858, -2.000000000000000000 ) ) ;
#2162 = VERTEX_POINT ( 'NONE', #828 ) ;
#2163 = ORIENTED_EDGE ( 'NONE', *, *, #2267, .T. ) ;
#2164 = CARTESIAN_POINT ( 'NONE',  ( 82.49999999999998579, 164.4999999999999716, 5.000000000000000000 ) ) ;
#2165 = ORIENTED_EDGE ( 'NONE', *, *, #2675, .F. ) ;
#2166 = AXIS2_PLACEMENT_3D ( 'NONE', #2972, #2505, #2751 ) ;
#2167 = AXIS2_PLACEMENT_3D ( 'NONE', #2617, #3144, #2410 ) ;
#2168 = DIRECTION ( 'NONE',  ( 1.000000000000000000, 0.000000000000000000, 0.000000000000000000 ) ) ;
#2169 = PRODUCT_DEFINITION_SHAPE ( 'NONE', 'NONE',  #2486 ) ;
#2170 = DIRECTION ( 'NONE',  ( -0.000000000000000000, -0.000000000000000000, 1.000000000000000000 ) ) ;
#2171 = DIRECTION ( 'NONE',  ( -0.000000000000000000, -0.000000000000000000, -1.000000000000000000 ) ) ;
#2172 = ORIENTED_EDGE ( 'NONE', *, *, #977, .T. ) ;
#2173 = ORIENTED_EDGE ( 'NONE', *, *, #941, .T. ) ;
#2174 = EDGE_CURVE ( 'NONE', #483, #1669, #461, .T. ) ;
#2175 = ORIENTED_EDGE ( 'NONE', *, *, #2543, .T. ) ;
#2176 = ORIENTED_EDGE ( 'NONE', *, *, #387, .T. ) ;
#2177 = DIRECTION ( 'NONE',  ( -0.000000000000000000, -0.000000000000000000, 1.000000000000000000 ) ) ;
#2178 = FACE_OUTER_BOUND ( 'NONE', #2377, .T. ) ;
#2179 = EDGE_CURVE ( 'NONE', #1093, #1547, #1856, .T. ) ;
#2180 = LINE ( 'NONE', #1442, #1621 ) ;
#2181 = DIRECTION ( 'NONE',  ( 0.000000000000000000, 0.000000000000000000, 1.000000000000000000 ) ) ;
#2182 = ADVANCED_FACE ( 'NONE', ( #1869 ), #2156, .F. ) ;
#2183 = VERTEX_POINT ( 'NONE', #579 ) ;
#2184 = CIRCLE ( 'NONE', #1220, 2.000000000000001776 ) ;
#2185 = EDGE_CURVE ( 'NONE', #2070, #1411, #3180, .T. ) ;
#2186 = ORIENTED_EDGE ( 'NONE', *, *, #1332, .F. ) ;
#2187 = EDGE_CURVE ( 'NONE', #2216, #3327, #621, .T. ) ;
#2188 = CARTESIAN_POINT ( 'NONE',  ( 0.000000000000000000, 89.99999999999998579, 0.000000000000000000 ) ) ;
#2189 = EDGE_CURVE ( 'NONE', #262, #2745, #1403, .T. ) ;
#2190 = VECTOR ( 'NONE', #2681, 1000.000000000000000 ) ;
#2191 = FACE_BOUND ( 'NONE', #1114, .T. ) ;
#2192 = CARTESIAN_POINT ( 'NONE',  ( 7.000000000000000888, 133.4999999999999432, 5.000000000000000000 ) ) ;
#2193 = DIRECTION ( 'NONE',  ( -0.000000000000000000, -0.000000000000000000, 1.000000000000000000 ) ) ;
#2194 = ORIENTED_EDGE ( 'NONE', *, *, #1308, .F. ) ;
#2195 = ORIENTED_EDGE ( 'NONE', *, *, #2991, .F. ) ;
#2196 = AXIS2_PLACEMENT_3D ( 'NONE', #853, #1915, #2921 ) ;
#2197 = VERTEX_POINT ( 'NONE', #2389 ) ;
#2198 = EDGE_LOOP ( 'NONE', ( #1602, #2613 ) ) ;
#2199 = DIRECTION ( 'NONE',  ( 1.000000000000000000, 0.000000000000000000, 0.000000000000000000 ) ) ;
#2200 = CARTESIAN_POINT ( 'NONE',  ( 117.0999999999999801, 156.9999999999999716, 8.000000000000000000 ) ) ;
#2201 = CIRCLE ( 'NONE', #896, 1.250000000000015099 ) ;
#2202 = EDGE_CURVE ( 'NONE', #1411, #2976, #2426, .T. ) ;
#2203 = CARTESIAN_POINT ( 'NONE',  ( 117.0999999999999801, 156.9999999999999716, 0.000000000000000000 ) ) ;
#2204 = DIRECTION ( 'NONE',  ( -0.000000000000000000, -0.000000000000000000, 1.000000000000000000 ) ) ;
#2205 = VERTEX_POINT ( 'NONE', #1422 ) ;
#2206 = PRODUCT ( 'plastic framev5', 'plastic framev5', '', ( #3294 ) ) ;
#2207 = EDGE_LOOP ( 'NONE', ( #673, #2147 ) ) ;
#2208 = FACE_OUTER_BOUND ( 'NONE', #1088, .T. ) ;
#2209 = FACE_OUTER_BOUND ( 'NONE', #2614, .T. ) ;
#2210 = DIRECTION ( 'NONE',  ( 1.000000000000000000, 0.000000000000000000, 0.000000000000000000 ) ) ;
#2211 = FACE_BOUND ( 'NONE', #2422, .T. ) ;
#2212 = CARTESIAN_POINT ( 'NONE',  ( 11.24999999999998579, 148.9999999999999716, 8.000000000000000000 ) ) ;
#2213 = VERTEX_POINT ( 'NONE', #661 ) ;
#2214 = EDGE_LOOP ( 'NONE', ( #2701, #1344, #206, #18 ) ) ;
#2215 = EDGE_LOOP ( 'NONE', ( #1323, #1399 ) ) ;
#2216 = VERTEX_POINT ( 'NONE', #2448 ) ;
#2217 = DIRECTION ( 'NONE',  ( -0.000000000000000000, -0.000000000000000000, -1.000000000000000000 ) ) ;
#2218 = CARTESIAN_POINT ( 'NONE',  ( 58.10000000000027143, 94.49999999999995737, 0.000000000000000000 ) ) ;
#2219 = DIRECTION ( 'NONE',  ( 1.000000000000000000, 0.000000000000000000, 0.000000000000000000 ) ) ;
#2220 = DIRECTION ( 'NONE',  ( -0.000000000000000000, 0.000000000000000000, 1.000000000000000000 ) ) ;
#2221 = AXIS2_PLACEMENT_3D ( 'NONE', #2944, #635, #1667 ) ;
#2222 = ORIENTED_EDGE ( 'NONE', *, *, #2428, .T. ) ;
#2223 = EDGE_CURVE ( 'NONE', #2710, #2692, #134, .T. ) ;
#2224 = DIRECTION ( 'NONE',  ( -0.000000000000000000, -0.000000000000000000, 1.000000000000000000 ) ) ;
#2225 = DIRECTION ( 'NONE',  ( -0.000000000000000000, -0.000000000000000000, 1.000000000000000000 ) ) ;
#2226 = CIRCLE ( 'NONE', #1355, 1.599999999999990319 ) ;
#2227 = CARTESIAN_POINT ( 'NONE',  ( 5.249999999999996447, 164.4999999999999716, 5.000000000000000000 ) ) ;
#2228 = CARTESIAN_POINT ( 'NONE',  ( 36.00000000000027711, 94.49999999999992895, 0.000000000000000000 ) ) ;
#2229 = DIRECTION ( 'NONE',  ( -0.000000000000000000, 0.000000000000000000, 1.000000000000000000 ) ) ;
#2230 = ORIENTED_EDGE ( 'NONE', *, *, #280, .T. ) ;
#2231 = CIRCLE ( 'NONE', #1627, 1.250000000000001110 ) ;
#2232 = AXIS2_PLACEMENT_3D ( 'NONE', #1969, #2784, #2715 ) ;
#2233 = DIRECTION ( 'NONE',  ( 0.000000000000000000, 0.000000000000000000, 1.000000000000000000 ) ) ;
#2234 = ORIENTED_EDGE ( 'NONE', *, *, #275, .F. ) ;
#2235 = EDGE_CURVE ( 'NONE', #1233, #1262, #2294, .T. ) ;
#2236 = CARTESIAN_POINT ( 'NONE',  ( 58.10000000000027143, 94.49999999999995737, 0.000000000000000000 ) ) ;
#2237 = CARTESIAN_POINT ( 'NONE',  ( 97.99999999999997158, 148.9999999999999716, 8.000000000000000000 ) ) ;
#2238 = FACE_BOUND ( 'NONE', #1700, .T. ) ;
#2239 = DIRECTION ( 'NONE',  ( 1.000000000000000000, 0.000000000000000000, 0.000000000000000000 ) ) ;
#2240 = ORIENTED_EDGE ( 'NONE', *, *, #3008, .T. ) ;
#2241 = CYLINDRICAL_SURFACE ( 'NONE', #1383, 1.600000000000004086 ) ;
#2242 = DIRECTION ( 'NONE',  ( 1.000000000000000000, 0.000000000000000000, -0.000000000000000000 ) ) ;
#2243 = DIRECTION ( 'NONE',  ( -0.000000000000000000, -0.000000000000000000, 1.000000000000000000 ) ) ;
#2244 = AXIS2_PLACEMENT_3D ( 'NONE', #2274, #2460, #1260 ) ;
#2245 = DIRECTION ( 'NONE',  ( 0.000000000000000000, 0.000000000000000000, 1.000000000000000000 ) ) ;
#2246 = ORIENTED_EDGE ( 'NONE', *, *, #2570, .F. ) ;
#2247 = ADVANCED_FACE ( 'NONE', ( #679 ), #1504, .F. ) ;
#2248 = CARTESIAN_POINT ( 'NONE',  ( 107.9999999999999858, 94.99999999999998579, 8.000000000000000000 ) ) ;
#2249 = ORIENTED_EDGE ( 'NONE', *, *, #578, .T. ) ;
#2250 = DIRECTION ( 'NONE',  ( -0.000000000000000000, -0.000000000000000000, 1.000000000000000000 ) ) ;
#2251 = DIRECTION ( 'NONE',  ( 1.000000000000000000, 0.000000000000000000, 0.000000000000000000 ) ) ;
#2252 = DIRECTION ( 'NONE',  ( -0.000000000000000000, -0.000000000000000000, -1.000000000000000000 ) ) ;
#2253 = VECTOR ( 'NONE', #120, 1000.000000000000000 ) ;
#2254 = FACE_OUTER_BOUND ( 'NONE', #552, .T. ) ;
#2255 = VECTOR ( 'NONE', #622, 1000.000000000000000 ) ;
#2256 = LINE ( 'NONE', #414, #2319 ) ;
#2257 = EDGE_CURVE ( 'NONE', #1851, #3247, #2466, .T. ) ;
#2258 = CARTESIAN_POINT ( 'NONE',  ( 7.000000000000000888, 164.4999999999999716, 5.000000000000000000 ) ) ;
#2259 = ADVANCED_FACE ( 'NONE', ( #156 ), #3288, .F. ) ;
#2260 = FACE_BOUND ( 'NONE', #454, .T. ) ;
#2261 = CARTESIAN_POINT ( 'NONE',  ( 66.10000000000020748, 101.4999999999999574, -2.000000000000000000 ) ) ;
#2262 = ORIENTED_EDGE ( 'NONE', *, *, #1072, .T. ) ;
#2263 = CIRCLE ( 'NONE', #1238, 2.999999999999988898 ) ;
#2264 = ORIENTED_EDGE ( 'NONE', *, *, #1736, .F. ) ;
#2265 = CARTESIAN_POINT ( 'NONE',  ( 71.09999999999999432, 121.4999999999999574, -2.000000000000000000 ) ) ;
#2266 = CARTESIAN_POINT ( 'NONE',  ( 113.4999999999999858, 164.4999999999999716, 5.000000000000000000 ) ) ;
#2267 = EDGE_CURVE ( 'NONE', #4, #92, #741, .T. ) ;
#2268 = CARTESIAN_POINT ( 'NONE',  ( 101.9999999999999574, 109.9999999999999716, 0.000000000000000000 ) ) ;
#2269 = CARTESIAN_POINT ( 'NONE',  ( 41.00000000000000000, 164.4999999999999716, 8.000000000000000000 ) ) ;
#2270 = DIRECTION ( 'NONE',  ( -0.000000000000000000, -0.000000000000000000, -1.000000000000000000 ) ) ;
#2271 = DIRECTION ( 'NONE',  ( 1.000000000000000000, 0.000000000000000000, 0.000000000000000000 ) ) ;
#2272 = DIRECTION ( 'NONE',  ( 1.000000000000000000, 0.000000000000000000, 0.000000000000000000 ) ) ;
#2273 = AXIS2_PLACEMENT_3D ( 'NONE', #1011, #1493, #2310 ) ;
#2274 = CARTESIAN_POINT ( 'NONE',  ( 4.000000000000000000, 167.4999999999999716, 8.000000000000000000 ) ) ;
#2275 = VERTEX_POINT ( 'NONE', #2236 ) ;
#2276 = ORIENTED_EDGE ( 'NONE', *, *, #2445, .T. ) ;
#2277 = CARTESIAN_POINT ( 'NONE',  ( 106.3499999999999801, 94.99999999999998579, 0.000000000000000000 ) ) ;
#2278 = LINE ( 'NONE', #2842, #2762 ) ;
#2279 = EDGE_CURVE ( 'NONE', #4, #262, #208, .T. ) ;
#2280 = CARTESIAN_POINT ( 'NONE',  ( 113.4999999999999858, 164.4999999999999716, 5.000000000000000000 ) ) ;
#2281 = FACE_OUTER_BOUND ( 'NONE', #561, .T. ) ;
#2282 = EDGE_CURVE ( 'NONE', #41, #22, #886, .T. ) ;
#2283 = FACE_OUTER_BOUND ( 'NONE', #2885, .T. ) ;
#2284 = EDGE_CURVE ( 'NONE', #204, #2859, #3039, .T. ) ;
#2285 = CARTESIAN_POINT ( 'NONE',  ( 7.000000000000000888, 133.4999999999999432, 5.000000000000000000 ) ) ;
#2286 = EDGE_CURVE ( 'NONE', #1859, #294, #1046, .T. ) ;
#2287 = CARTESIAN_POINT ( 'NONE',  ( 64.50000000000000000, 121.4999999999999574, 8.000000000000000000 ) ) ;
#2288 = CARTESIAN_POINT ( 'NONE',  ( 119.5000000000000000, 167.5000000000000000, 0.000000000000000000 ) ) ;
#2289 = EDGE_LOOP ( 'NONE', ( #677, #93 ) ) ;
#2290 = AXIS2_PLACEMENT_3D ( 'NONE', #1614, #3159, #77 ) ;
#2291 = ORIENTED_EDGE ( 'NONE', *, *, #2179, .T. ) ;
#2292 = CARTESIAN_POINT ( 'NONE',  ( 5.249999999999996447, 133.4999999999999432, 0.000000000000000000 ) ) ;
#2293 = CARTESIAN_POINT ( 'NONE',  ( 68.99999999999997158, 143.9999999999999716, 8.000000000000000000 ) ) ;
#2294 = CIRCLE ( 'NONE', #2935, 1.250000000000015099 ) ;
#2295 = EDGE_LOOP ( 'NONE', ( #2091, #1999, #1135, #548, #1967, #371, #3079 ) ) ;
#2296 = CYLINDRICAL_SURFACE ( 'NONE', #1199, 2.999999999999988898 ) ;
#2297 = DIRECTION ( 'NONE',  ( 1.000000000000000000, 0.000000000000000000, 0.000000000000000000 ) ) ;
#2298 = EDGE_CURVE ( 'NONE', #355, #1947, #999, .T. ) ;
#2299 = CIRCLE ( 'NONE', #348, 4.000000000000003553 ) ;
#2300 = FACE_OUTER_BOUND ( 'NONE', #1633, .T. ) ;
#2301 = AXIS2_PLACEMENT_3D ( 'NONE', #2930, #1651, #2423 ) ;
#2302 = CYLINDRICAL_SURFACE ( 'NONE', #699, 1.250000000000001110 ) ;
#2303 = FACE_OUTER_BOUND ( 'NONE', #2795, .T. ) ;
#2304 = ORIENTED_EDGE ( 'NONE', *, *, #2185, .T. ) ;
#2305 = ORIENTED_EDGE ( 'NONE', *, *, #1808, .F. ) ;
#2306 = CARTESIAN_POINT ( 'NONE',  ( 103.8999999999999631, 167.0000000000000000, 8.000000000000000000 ) ) ;
#2307 = CARTESIAN_POINT ( 'NONE',  ( 97.99999999999997158, 148.9999999999999716, 0.000000000000000000 ) ) ;
#2308 = ORIENTED_EDGE ( 'NONE', *, *, #1127, .T. ) ;
#2309 = AXIS2_PLACEMENT_3D ( 'NONE', #2546, #227, #2271 ) ;
#2310 = DIRECTION ( 'NONE',  ( 1.000000000000000000, 0.000000000000000000, 0.000000000000000000 ) ) ;
#2311 = CARTESIAN_POINT ( 'NONE',  ( 110.4999999999999858, 133.4999999999999432, 5.000000000000000000 ) ) ;
#2312 = FACE_BOUND ( 'NONE', #2897, .T. ) ;
#2313 = AXIS2_PLACEMENT_3D ( 'NONE', #127, #2441, #2655 ) ;
#2314 = ADVANCED_FACE ( 'NONE', ( #2000 ), #2766, .F. ) ;
#2315 = CARTESIAN_POINT ( 'NONE',  ( 5.249999999999996447, 133.4999999999999432, 5.000000000000000000 ) ) ;
#2316 = DIRECTION ( 'NONE',  ( -0.000000000000000000, -0.000000000000000000, 1.000000000000000000 ) ) ;
#2317 = ORIENTED_EDGE ( 'NONE', *, *, #868, .F. ) ;
#2318 = CIRCLE ( 'NONE', #1074, 1.750000000000003331 ) ;
#2319 = VECTOR ( 'NONE', #1447, 1000.000000000000000 ) ;
#2320 = ORIENTED_EDGE ( 'NONE', *, *, #1335, .T. ) ;
#2321 = CARTESIAN_POINT ( 'NONE',  ( 38.00000000000000000, 133.4999999999999432, 8.000000000000000000 ) ) ;
#2322 = CARTESIAN_POINT ( 'NONE',  ( 97.99999999999997158, 148.9999999999999716, 8.000000000000000000 ) ) ;
#2323 = EDGE_CURVE ( 'NONE', #1384, #1573, #1436, .T. ) ;
#2324 = ORIENTED_EDGE ( 'NONE', *, *, #2077, .T. ) ;
#2325 = EDGE_CURVE ( 'NONE', #1462, #314, #1655, .T. ) ;
#2326 = DIRECTION ( 'NONE',  ( 1.000000000000000000, 0.000000000000000000, 0.000000000000000000 ) ) ;
#2327 = DIRECTION ( 'NONE',  ( 0.000000000000000000, 0.000000000000000000, 1.000000000000000000 ) ) ;
#2328 = CIRCLE ( 'NONE', #1688, 2.999999999999988898 ) ;
#2329 = AXIS2_PLACEMENT_3D ( 'NONE', #1405, #2450, #1185 ) ;
#2330 = AXIS2_PLACEMENT_3D ( 'NONE', #1610, #1174, #1449 ) ;
#2331 = CYLINDRICAL_SURFACE ( 'NONE', #3339, 2.099999999999990763 ) ;
#2332 = ORIENTED_EDGE ( 'NONE', *, *, #1695, .T. ) ;
#2333 = CARTESIAN_POINT ( 'NONE',  ( 79.50000000000000000, 164.4999999999999716, 5.000000000000000000 ) ) ;
#2334 = DIRECTION ( 'NONE',  ( 1.000000000000000000, 0.000000000000000000, 0.000000000000000000 ) ) ;
#2335 = ORIENTED_EDGE ( 'NONE', *, *, #3152, .F. ) ;
#2336 = VERTEX_POINT ( 'NONE', #193 ) ;
#2337 = DIRECTION ( 'NONE',  ( 1.000000000000000000, 0.000000000000000000, 0.000000000000000000 ) ) ;
#2338 = DIRECTION ( 'NONE',  ( 1.000000000000000000, 0.000000000000000000, 0.000000000000000000 ) ) ;
#2339 = CIRCLE ( 'NONE', #407, 1.250000000000015099 ) ;
#2340 = ORIENTED_EDGE ( 'NONE', *, *, #3161, .T. ) ;
#2341 = EDGE_LOOP ( 'NONE', ( #1754, #1261 ) ) ;
#2342 = VECTOR ( 'NONE', #3051, 1000.000000000000000 ) ;
#2343 = FACE_OUTER_BOUND ( 'NONE', #2054, .T. ) ;
#2344 = CARTESIAN_POINT ( 'NONE',  ( 40.99999999999999289, 133.4999999999999432, 8.000000000000000000 ) ) ;
#2345 = VERTEX_POINT ( 'NONE', #1218 ) ;
#2346 = DIRECTION ( 'NONE',  ( -0.000000000000000000, -0.000000000000000000, -1.000000000000000000 ) ) ;
#2347 = EDGE_CURVE ( 'NONE', #2641, #1820, #566, .T. ) ;
#2348 = CARTESIAN_POINT ( 'NONE',  ( 4.399999999999999467, 94.49999999999995737, 0.000000000000000000 ) ) ;
#2349 = ORIENTED_EDGE ( 'NONE', *, *, #491, .T. ) ;
#2350 = AXIS2_PLACEMENT_3D ( 'NONE', #2033, #224, #179 ) ;
#2351 = AXIS2_PLACEMENT_3D ( 'NONE', #519, #297, #237 ) ;
#2352 = ORIENTED_EDGE ( 'NONE', *, *, #941, .F. ) ;
#2353 = DIRECTION ( 'NONE',  ( 1.000000000000000000, 0.000000000000000000, 0.000000000000000000 ) ) ;
#2354 = EDGE_LOOP ( 'NONE', ( #353, #1197 ) ) ;
#2355 = VERTEX_POINT ( 'NONE', #2277 ) ;
#2356 = CARTESIAN_POINT ( 'NONE',  ( 8.750000000000003553, 133.4999999999999432, 5.000000000000000000 ) ) ;
#2357 = EDGE_CURVE ( 'NONE', #1664, #2562, #1968, .T. ) ;
#2358 = LINE ( 'NONE', #1352, #2601 ) ;
#2359 = ORIENTED_EDGE ( 'NONE', *, *, #3330, .T. ) ;
#2360 = CARTESIAN_POINT ( 'NONE',  ( 114.9999999999999858, 156.9999999999999716, 8.000000000000000000 ) ) ;
#2361 = STYLED_ITEM ( 'NONE', ( #3340 ), #408 ) ;
#2362 = CARTESIAN_POINT ( 'NONE',  ( 7.000000000000000888, 133.4999999999999432, 5.000000000000000000 ) ) ;
#2363 = ORIENTED_EDGE ( 'NONE', *, *, #1418, .T. ) ;
#2364 = CIRCLE ( 'NONE', #2968, 11.25000000000001066 ) ;
#2365 = DIRECTION ( 'NONE',  ( -0.000000000000000000, -0.000000000000000000, -1.000000000000000000 ) ) ;
#2366 = FACE_OUTER_BOUND ( 'NONE', #2709, .T. ) ;
#2367 = VECTOR ( 'NONE', #2808, 1000.000000000000000 ) ;
#2368 = EDGE_LOOP ( 'NONE', ( #2172, #2173 ) ) ;
#2369 = ORIENTED_EDGE ( 'NONE', *, *, #2506, .F. ) ;
#2370 = DIRECTION ( 'NONE',  ( 1.000000000000000000, 0.000000000000000000, 0.000000000000000000 ) ) ;
#2371 = AXIS2_PLACEMENT_3D ( 'NONE', #965, #517, #474 ) ;
#2372 = CARTESIAN_POINT ( 'NONE',  ( 6.000000000000001776, 106.4999999999999858, -2.000000000000000000 ) ) ;
#2373 = DIRECTION ( 'NONE',  ( 0.000000000000000000, 0.000000000000000000, 1.000000000000000000 ) ) ;
#2374 = CYLINDRICAL_SURFACE ( 'NONE', #1814, 2.000000000000126565 ) ;
#2375 = ORIENTED_EDGE ( 'NONE', *, *, #3083, .T. ) ;
#2376 = CIRCLE ( 'NONE', #931, 2.999999999999988898 ) ;
#2377 = EDGE_LOOP ( 'NONE', ( #2386, #1884, #1057, #3016 ) ) ;
#2378 = DIRECTION ( 'NONE',  ( 1.000000000000000000, 0.000000000000000000, 0.000000000000000000 ) ) ;
#2379 = VERTEX_POINT ( 'NONE', #2988 ) ;
#2380 = EDGE_CURVE ( 'NONE', #1178, #75, #3274, .T. ) ;
#2381 = CARTESIAN_POINT ( 'NONE',  ( 103.2499999999999858, 99.99999999999997158, 8.000000000000000000 ) ) ;
#2382 = EDGE_CURVE ( 'NONE', #2446, #382, #787, .T. ) ;
#2383 = CARTESIAN_POINT ( 'NONE',  ( 100.7499999999999716, 99.99999999999997158, 8.000000000000000000 ) ) ;
#2384 = CARTESIAN_POINT ( 'NONE',  ( 71.09999999999999432, 121.4999999999999574, 0.000000000000000000 ) ) ;
#2385 = FACE_OUTER_BOUND ( 'NONE', #82, .T. ) ;
#2386 = ORIENTED_EDGE ( 'NONE', *, *, #526, .F. ) ;
#2387 = VERTEX_POINT ( 'NONE', #1456 ) ;
#2388 = EDGE_LOOP ( 'NONE', ( #2850, #1857 ) ) ;
#2389 = CARTESIAN_POINT ( 'NONE',  ( 8.000000000000003553, 106.4999999999999858, 8.000000000000000000 ) ) ;
#2390 = CARTESIAN_POINT ( 'NONE',  ( 80.74999999999998579, 164.4999999999999716, 0.000000000000000000 ) ) ;
#2391 = AXIS2_PLACEMENT_3D ( 'NONE', #995, #774, #2032 ) ;
#2392 = CYLINDRICAL_SURFACE ( 'NONE', #1147, 1.250000000000001110 ) ;
#2393 = CARTESIAN_POINT ( 'NONE',  ( 64.50000000000021316, 101.4999999999999574, 0.000000000000000000 ) ) ;
#2394 = EDGE_LOOP ( 'NONE', ( #516, #2320 ) ) ;
#2395 = ORIENTED_EDGE ( 'NONE', *, *, #3305, .F. ) ;
#2396 = CYLINDRICAL_SURFACE ( 'NONE', #1321, 1.600000000000004086 ) ;
#2397 = ORIENTED_EDGE ( 'NONE', *, *, #2189, .T. ) ;
#2398 = ADVANCED_FACE ( 'NONE', ( #3005, #1727 ), #2749, .T. ) ;
#2399 = CYLINDRICAL_SURFACE ( 'NONE', #1656, 2.999999999999988898 ) ;
#2400 = CARTESIAN_POINT ( 'NONE',  ( 113.9999999999999858, 99.99999999999997158, -2.000000000000000000 ) ) ;
#2401 = AXIS2_PLACEMENT_3D ( 'NONE', #833, #3205, #894 ) ;
#2402 = CARTESIAN_POINT ( 'NONE',  ( -3.983331563247162445E-14, 171.5000000000000000, 8.000000000000000000 ) ) ;
#2403 = EDGE_LOOP ( 'NONE', ( #2127, #873, #363, #2938 ) ) ;
#2404 = ORIENTED_EDGE ( 'NONE', *, *, #275, .T. ) ;
#2405 = AXIS2_PLACEMENT_3D ( 'NONE', #2372, #1148, #1404 ) ;
#2406 = ORIENTED_EDGE ( 'NONE', *, *, #2552, .T. ) ;
#2407 = ORIENTED_EDGE ( 'NONE', *, *, #2604, .F. ) ;
#2408 = DIRECTION ( 'NONE',  ( -0.000000000000000000, -0.000000000000000000, 1.000000000000000000 ) ) ;
#2409 = CARTESIAN_POINT ( 'NONE',  ( 22.50000000000000000, 148.9999999999999716, 0.000000000000000000 ) ) ;
#2410 = DIRECTION ( 'NONE',  ( 1.000000000000000000, 0.000000000000000000, 0.000000000000000000 ) ) ;
#2411 = CARTESIAN_POINT ( 'NONE',  ( 26.00000000000000355, 94.49999999999994316, 4.000000000000000000 ) ) ;
#2412 = ORIENTED_EDGE ( 'NONE', *, *, #2380, .T. ) ;
#2413 = ORIENTED_EDGE ( 'NONE', *, *, #716, .T. ) ;
#2414 = LINE ( 'NONE', #104, #1593 ) ;
#2415 = EDGE_LOOP ( 'NONE', ( #351, #3225 ) ) ;
#2416 = EDGE_CURVE ( 'NONE', #2379, #1375, #83, .T. ) ;
#2417 = CARTESIAN_POINT ( 'NONE',  ( 112.7499999999999716, 99.99999999999997158, 8.000000000000000000 ) ) ;
#2418 = CARTESIAN_POINT ( 'NONE',  ( 101.9999999999999574, 109.9999999999999716, 0.000000000000000000 ) ) ;
#2419 = EDGE_CURVE ( 'NONE', #403, #488, #1986, .T. ) ;
#2420 = FACE_OUTER_BOUND ( 'NONE', #3175, .T. ) ;
#2421 = ORIENTED_EDGE ( 'NONE', *, *, #2431, .T. ) ;
#2422 = EDGE_LOOP ( 'NONE', ( #2340, #235 ) ) ;
#2423 = DIRECTION ( 'NONE',  ( 1.000000000000000000, 0.000000000000000000, 0.000000000000000000 ) ) ;
#2424 = ORIENTED_EDGE ( 'NONE', *, *, #2021, .T. ) ;
#2425 = EDGE_CURVE ( 'NONE', #3195, #2336, #3213, .T. ) ;
#2426 = LINE ( 'NONE', #116, #732 ) ;
#2427 = CARTESIAN_POINT ( 'NONE',  ( 7.000000000000000888, 164.4999999999999716, 5.000000000000000000 ) ) ;
#2428 = EDGE_CURVE ( 'NONE', #1707, #1076, #687, .T. ) ;
#2429 = EDGE_CURVE ( 'NONE', #1052, #2345, #2201, .T. ) ;
#2430 = CIRCLE ( 'NONE', #919, 1.600000000000004086 ) ;
#2431 = EDGE_CURVE ( 'NONE', #481, #2197, #2631, .T. ) ;
#2432 = FACE_OUTER_BOUND ( 'NONE', #2492, .T. ) ;
#2433 = LINE ( 'NONE', #2896, #2253 ) ;
#2434 = VERTEX_POINT ( 'NONE', #2684 ) ;
#2435 = ORIENTED_EDGE ( 'NONE', *, *, #2325, .T. ) ;
#2436 = DIRECTION ( 'NONE',  ( 1.000000000000000000, 0.000000000000000000, 0.000000000000000000 ) ) ;
#2437 = CIRCLE ( 'NONE', #390, 1.600000000000004086 ) ;
#2438 = DIRECTION ( 'NONE',  ( -0.000000000000000000, 0.000000000000000000, 1.000000000000000000 ) ) ;
#2439 = PRODUCT_RELATED_PRODUCT_CATEGORY ( 'part', '', ( #2206 ) ) ;
#2440 = VECTOR ( 'NONE', #1264, 1000.000000000000000 ) ;
#2441 = DIRECTION ( 'NONE',  ( -0.000000000000000000, 0.000000000000000000, 1.000000000000000000 ) ) ;
#2442 = DIRECTION ( 'NONE',  ( -0.000000000000000000, 0.000000000000000000, 1.000000000000000000 ) ) ;
#2443 = ORIENTED_EDGE ( 'NONE', *, *, #2588, .F. ) ;
#2444 = ORIENTED_EDGE ( 'NONE', *, *, #2042, .T. ) ;
#2445 = EDGE_CURVE ( 'NONE', #1878, #2590, #2945, .T. ) ;
#2446 = VERTEX_POINT ( 'NONE', #3184 ) ;
#2447 = ORIENTED_EDGE ( 'NONE', *, *, #21, .F. ) ;
#2448 = CARTESIAN_POINT ( 'NONE',  ( 109.6499999999999773, 94.99999999999998579, 0.000000000000000000 ) ) ;
#2449 = CARTESIAN_POINT ( 'NONE',  ( 70.99999999999998579, 143.9999999999999716, 8.000000000000000000 ) ) ;
#2450 = DIRECTION ( 'NONE',  ( -0.000000000000000000, 0.000000000000000000, 1.000000000000000000 ) ) ;
#2451 = FACE_OUTER_BOUND ( 'NONE', #2908, .T. ) ;
#2452 = ORIENTED_EDGE ( 'NONE', *, *, #1808, .T. ) ;
#2453 = VECTOR ( 'NONE', #1140, 1000.000000000000000 ) ;
#2454 = ORIENTED_EDGE ( 'NONE', *, *, #1488, .T. ) ;
#2455 = FACE_OUTER_BOUND ( 'NONE', #3011, .T. ) ;
#2456 = CARTESIAN_POINT ( 'NONE',  ( 5.249999999999996447, 133.4999999999999432, 8.000000000000000000 ) ) ;
#2457 = AXIS2_PLACEMENT_3D ( 'NONE', #1367, #2696, #644 ) ;
#2458 = CARTESIAN_POINT ( 'NONE',  ( 24.39999999999999858, 94.49999999999994316, 0.000000000000000000 ) ) ;
#2459 = FACE_BOUND ( 'NONE', #306, .T. ) ;
#2460 = DIRECTION ( 'NONE',  ( -0.000000000000000000, 0.000000000000000000, 1.000000000000000000 ) ) ;
#2461 = VERTEX_POINT ( 'NONE', #626 ) ;
#2462 = ORIENTED_EDGE ( 'NONE', *, *, #1944, .F. ) ;
#2463 = CIRCLE ( 'NONE', #3266, 2.000000000000126565 ) ;
#2464 = ORIENTED_EDGE ( 'NONE', *, *, #2542, .T. ) ;
#2465 = ORIENTED_EDGE ( 'NONE', *, *, #3120, .T. ) ;
#2466 = LINE ( 'NONE', #2265, #2342 ) ;
#2467 = CARTESIAN_POINT ( 'NONE',  ( 33.75000000000001421, 148.9999999999999716, 8.000000000000000000 ) ) ;
#2468 = CIRCLE ( 'NONE', #1766, 1.250000000000015099 ) ;
#2469 = CIRCLE ( 'NONE', #2734, 1.649999999999998579 ) ;
#2470 = EDGE_CURVE ( 'NONE', #940, #753, #2433, .T. ) ;
#2471 = EDGE_CURVE ( 'NONE', #63, #1296, #205, .T. ) ;
#2472 = CARTESIAN_POINT ( 'NONE',  ( 82.49999999999998579, 164.4999999999999716, 5.000000000000000000 ) ) ;
#2473 = CARTESIAN_POINT ( 'NONE',  ( 49.50000000000021316, 101.4999999999999574, -2.000000000000000000 ) ) ;
#2474 = ORIENTED_EDGE ( 'NONE', *, *, #525, .T. ) ;
#2475 = DIRECTION ( 'NONE',  ( -0.000000000000000000, -0.000000000000000000, 1.000000000000000000 ) ) ;
#2476 = ADVANCED_FACE ( 'NONE', ( #2451 ), #2374, .F. ) ;
#2477 = FACE_OUTER_BOUND ( 'NONE', #2503, .T. ) ;
#2478 = AXIS2_PLACEMENT_3D ( 'NONE', #2360, #3106, #1064 ) ;
#2479 = CARTESIAN_POINT ( 'NONE',  ( 49.50000000000000000, 121.4999999999999574, -2.000000000000000000 ) ) ;
#2480 = CARTESIAN_POINT ( 'NONE',  ( 49.50000000000000000, 121.4999999999999574, 8.000000000000000000 ) ) ;
#2481 = EDGE_LOOP ( 'NONE', ( #895, #1468, #1934, #2074 ) ) ;
#2482 = CARTESIAN_POINT ( 'NONE',  ( 27.60000000000000497, 94.49999999999994316, 0.000000000000000000 ) ) ;
#2483 = ORIENTED_EDGE ( 'NONE', *, *, #1980, .T. ) ;
#2484 = CARTESIAN_POINT ( 'NONE',  ( 115.4999999999999858, 93.99999999999998579, 8.000000000000000000 ) ) ;
#2485 = CARTESIAN_POINT ( 'NONE',  ( 114.9999999999999858, 156.9999999999999716, 8.000000000000000000 ) ) ;
#2486 = PRODUCT_DEFINITION ( 'UNKNOWN', '', #1123, #756 ) ;
#2487 = DIRECTION ( 'NONE',  ( 1.000000000000000000, 0.000000000000000000, 0.000000000000000000 ) ) ;
#2488 = CARTESIAN_POINT ( 'NONE',  ( 7.000000000000000888, 164.4999999999999716, 0.000000000000000000 ) ) ;
#2489 = VECTOR ( 'NONE', #1608, 1000.000000000000000 ) ;
#2490 = AXIS2_PLACEMENT_3D ( 'NONE', #2849, #2880, #2140 ) ;
#2491 = CIRCLE ( 'NONE', #1351, 1.599999999999990319 ) ;
#2492 = EDGE_LOOP ( 'NONE', ( #2597, #2517, #1209, #609 ) ) ;
#2493 = EDGE_CURVE ( 'NONE', #1997, #130, #2468, .T. ) ;
#2494 = LINE ( 'NONE', #1719, #2831 ) ;
#2495 = AXIS2_PLACEMENT_3D ( 'NONE', #2584, #2003, #2832 ) ;
#2496 = PLANE ( 'NONE',  #1615 ) ;
#2497 = FACE_OUTER_BOUND ( 'NONE', #805, .T. ) ;
#2498 = DIRECTION ( 'NONE',  ( -0.000000000000000000, 0.000000000000000000, 1.000000000000000000 ) ) ;
#2499 = AXIS2_PLACEMENT_3D ( 'NONE', #602, #3181, #97 ) ;
#2500 = ORIENTED_EDGE ( 'NONE', *, *, #696, .T. ) ;
#2501 = VECTOR ( 'NONE', #2094, 1000.000000000000000 ) ;
#2502 = DIRECTION ( 'NONE',  ( 1.000000000000000000, 0.000000000000000000, 0.000000000000000000 ) ) ;
#2503 = EDGE_LOOP ( 'NONE', ( #1649, #510, #95, #3318 ) ) ;
#2504 = DIRECTION ( 'NONE',  ( 1.000000000000000000, 0.000000000000000000, 0.000000000000000000 ) ) ;
#2505 = DIRECTION ( 'NONE',  ( 0.000000000000000000, 0.000000000000000000, 1.000000000000000000 ) ) ;
#2506 = EDGE_CURVE ( 'NONE', #2434, #1010, #515, .T. ) ;
#2507 = DIRECTION ( 'NONE',  ( 1.000000000000000000, 0.000000000000000000, 0.000000000000000000 ) ) ;
#2508 = DIRECTION ( 'NONE',  ( 1.000000000000000000, 0.000000000000000000, 0.000000000000000000 ) ) ;
#2509 = EDGE_CURVE ( 'NONE', #3300, #3239, #1225, .T. ) ;
#2510 = DIRECTION ( 'NONE',  ( 1.000000000000000000, 0.000000000000000000, 0.000000000000000000 ) ) ;
#2511 = AXIS2_PLACEMENT_3D ( 'NONE', #378, #399, #858 ) ;
#2512 = DIRECTION ( 'NONE',  ( -0.000000000000000000, -0.000000000000000000, 1.000000000000000000 ) ) ;
#2513 = FACE_OUTER_BOUND ( 'NONE', #1789, .T. ) ;
#2514 = EDGE_CURVE ( 'NONE', #2162, #620, #81, .T. ) ;
#2515 = DIRECTION ( 'NONE',  ( 1.000000000000000000, 0.000000000000000000, 0.000000000000000000 ) ) ;
#2516 = ORIENTED_EDGE ( 'NONE', *, *, #3008, .F. ) ;
#2517 = ORIENTED_EDGE ( 'NONE', *, *, #977, .F. ) ;
#2518 = EDGE_LOOP ( 'NONE', ( #2860, #2413, #973, #412 ) ) ;
#2519 = DIRECTION ( 'NONE',  ( 0.000000000000000000, 0.000000000000000000, -1.000000000000000000 ) ) ;
#2520 = DIRECTION ( 'NONE',  ( -0.000000000000000000, -0.000000000000000000, -1.000000000000000000 ) ) ;
#2521 = CIRCLE ( 'NONE', #2668, 1.750000000000003331 ) ;
#2522 = CARTESIAN_POINT ( 'NONE',  ( 49.50000000000000000, 121.4999999999999574, 0.000000000000000000 ) ) ;
#2523 = CIRCLE ( 'NONE', #1596, 4.000000000000003553 ) ;
#2524 = DIRECTION ( 'NONE',  ( 1.000000000000000000, 0.000000000000000000, 0.000000000000000000 ) ) ;
#2525 = CIRCLE ( 'NONE', #30, 1.750000000000015543 ) ;
#2526 = CARTESIAN_POINT ( 'NONE',  ( 119.5000000000000000, 93.99999999999998579, 0.000000000000000000 ) ) ;
#2527 = APPLICATION_PROTOCOL_DEFINITION ( 'draft international standard', 'automotive_design', 1998, #2015 ) ;
#2528 = DIRECTION ( 'NONE',  ( 1.000000000000000000, 0.000000000000000000, 0.000000000000000000 ) ) ;
#2529 = CARTESIAN_POINT ( 'NONE',  ( 69.50000000000019895, 101.4999999999999574, 0.000000000000000000 ) ) ;
#2530 = EDGE_CURVE ( 'NONE', #2275, #616, #1170, .T. ) ;
#2531 = LINE ( 'NONE', #2025, #2612 ) ;
#2532 = ORIENTED_EDGE ( 'NONE', *, *, #964, .F. ) ;
#2533 = ORIENTED_EDGE ( 'NONE', *, *, #279, .F. ) ;
#2534 = ADVANCED_FACE ( 'NONE', ( #583, #1931 ), #1676, .T. ) ;
#2535 = ORIENTED_EDGE ( 'NONE', *, *, #2866, .T. ) ;
#2536 = CARTESIAN_POINT ( 'NONE',  ( 7.000000000000000888, 164.4999999999999716, 5.000000000000000000 ) ) ;
#2537 = CARTESIAN_POINT ( 'NONE',  ( 34.99999999999999289, 164.4999999999999716, 5.000000000000000000 ) ) ;
#2538 = EDGE_CURVE ( 'NONE', #2345, #1997, #1426, .T. ) ;
#2539 = FACE_OUTER_BOUND ( 'NONE', #2977, .T. ) ;
#2540 = CARTESIAN_POINT ( 'NONE',  ( 77.00000000000027001, 94.49999999999994316, 0.000000000000000000 ) ) ;
#2541 = ADVANCED_FACE ( 'NONE', ( #1953 ), #1601, .F. ) ;
#2542 = EDGE_CURVE ( 'NONE', #2088, #1687, #2672, .T. ) ;
#2543 = EDGE_CURVE ( 'NONE', #2567, #1411, #2523, .T. ) ;
#2544 = AXIS2_PLACEMENT_3D ( 'NONE', #1137, #1683, #2168 ) ;
#2545 = FACE_BOUND ( 'NONE', #2781, .T. ) ;
#2546 = CARTESIAN_POINT ( 'NONE',  ( 77.00000000000027001, 94.49999999999994316, 0.000000000000000000 ) ) ;
#2547 = CYLINDRICAL_SURFACE ( 'NONE', #1923, 3.000000000000002665 ) ;
#2548 = DIRECTION ( 'NONE',  ( -0.000000000000000000, -0.000000000000000000, 1.000000000000000000 ) ) ;
#2549 = ORIENTED_EDGE ( 'NONE', *, *, #578, .F. ) ;
#2550 = VERTEX_POINT ( 'NONE', #2753 ) ;
#2551 = LINE ( 'NONE', #2306, #3329 ) ;
#2552 = EDGE_CURVE ( 'NONE', #537, #1850, #3246, .T. ) ;
#2553 = LINE ( 'NONE', #234, #2440 ) ;
#2554 = UNCERTAINTY_MEASURE_WITH_UNIT (LENGTH_MEASURE( 1.000000000000000082E-05 ), #1595, 'distance_accuracy_value', 'NONE');
#2555 = AXIS2_PLACEMENT_3D ( 'NONE', #1758, #1473, #963 ) ;
#2556 = EDGE_LOOP ( 'NONE', ( #1487, #73, #121, #1201 ) ) ;
#2557 = DIRECTION ( 'NONE',  ( 1.000000000000000000, 0.000000000000000000, 0.000000000000000000 ) ) ;
#2558 = DIRECTION ( 'NONE',  ( -0.000000000000000000, -0.000000000000000000, 1.000000000000000000 ) ) ;
#2559 = LINE ( 'NONE', #2836, #719 ) ;
#2560 = CYLINDRICAL_SURFACE ( 'NONE', #482, 1.750000000000015543 ) ;
#2561 = DIRECTION ( 'NONE',  ( 1.000000000000000000, 0.000000000000000000, 0.000000000000000000 ) ) ;
#2562 = VERTEX_POINT ( 'NONE', #2269 ) ;
#2563 = VECTOR ( 'NONE', #1821, 1000.000000000000000 ) ;
#2564 = ORIENTED_EDGE ( 'NONE', *, *, #1336, .F. ) ;
#2565 = LINE ( 'NONE', #1576, #1777 ) ;
#2566 = CARTESIAN_POINT ( 'NONE',  ( 79.50000000000000000, 164.4999999999999716, 8.000000000000000000 ) ) ;
#2567 = VERTEX_POINT ( 'NONE', #966 ) ;
#2568 = CARTESIAN_POINT ( 'NONE',  ( 38.00000000000000000, 164.4999999999999716, 0.000000000000000000 ) ) ;
#2569 = CYLINDRICAL_SURFACE ( 'NONE', #518, 1.600000000000003419 ) ;
#2570 = EDGE_CURVE ( 'NONE', #991, #2632, #954, .T. ) ;
#2571 = AXIS2_PLACEMENT_3D ( 'NONE', #1774, #1757, #220 ) ;
#2572 = CARTESIAN_POINT ( 'NONE',  ( 114.9999999999999858, 156.9999999999999716, 0.000000000000000000 ) ) ;
#2573 = AXIS2_PLACEMENT_3D ( 'NONE', #775, #252, #1840 ) ;
#2574 = CIRCLE ( 'NONE', #2301, 2.000000000000001776 ) ;
#2575 = DIRECTION ( 'NONE',  ( -0.000000000000000000, 0.000000000000000000, 1.000000000000000000 ) ) ;
#2576 = DIRECTION ( 'NONE',  ( -0.000000000000000000, 0.000000000000000000, 1.000000000000000000 ) ) ;
#2577 = EDGE_LOOP ( 'NONE', ( #2533, #2658, #1070, #2056 ) ) ;
#2578 = ADVANCED_FACE ( 'NONE', ( #2254 ), #2787, .F. ) ;
#2579 = ORIENTED_EDGE ( 'NONE', *, *, #1331, .F. ) ;
#2580 = DIRECTION ( 'NONE',  ( -0.000000000000000000, -0.000000000000000000, -1.000000000000000000 ) ) ;
#2581 = DIRECTION ( 'NONE',  ( 1.000000000000000000, 0.000000000000000000, 0.000000000000000000 ) ) ;
#2582 = ORIENTED_EDGE ( 'NONE', *, *, #3114, .F. ) ;
#2583 = VECTOR ( 'NONE', #2606, 1000.000000000000000 ) ;
#2584 = CARTESIAN_POINT ( 'NONE',  ( 97.99999999999997158, 148.9999999999999716, 8.000000000000000000 ) ) ;
#2585 = CARTESIAN_POINT ( 'NONE',  ( 111.7499999999999716, 164.4999999999999716, 5.000000000000000000 ) ) ;
#2586 = FACE_BOUND ( 'NONE', #286, .T. ) ;
#2587 = DIRECTION ( 'NONE',  ( 1.000000000000000000, 0.000000000000000000, 0.000000000000000000 ) ) ;
#2588 = EDGE_CURVE ( 'NONE', #3128, #2900, #150, .T. ) ;
#2589 = DIRECTION ( 'NONE',  ( 1.000000000000000000, 0.000000000000000000, 0.000000000000000000 ) ) ;
#2590 = VERTEX_POINT ( 'NONE', #411 ) ;
#2591 = CIRCLE ( 'NONE', #588, 1.599999999999990319 ) ;
#2592 = CIRCLE ( 'NONE', #1136, 1.250000000000015099 ) ;
#2593 = VERTEX_POINT ( 'NONE', #980 ) ;
#2594 = CARTESIAN_POINT ( 'NONE',  ( 26.00000000000000355, 94.49999999999994316, 0.000000000000000000 ) ) ;
#2595 = LINE ( 'NONE', #1818, #2602 ) ;
#2596 = ORIENTED_EDGE ( 'NONE', *, *, #1331, .T. ) ;
#2597 = ORIENTED_EDGE ( 'NONE', *, *, #1800, .F. ) ;
#2598 = FACE_OUTER_BOUND ( 'NONE', #2556, .T. ) ;
#2599 = AXIS2_PLACEMENT_3D ( 'NONE', #441, #945, #194 ) ;
#2600 = ADVANCED_FACE ( 'NONE', ( #1254 ), #997, .F. ) ;
#2601 = VECTOR ( 'NONE', #1062, 1000.000000000000000 ) ;
#2602 = VECTOR ( 'NONE', #1560, 1000.000000000000000 ) ;
#2603 = CARTESIAN_POINT ( 'NONE',  ( 82.49999999999998579, 164.4999999999999716, 5.000000000000000000 ) ) ;
#2604 = EDGE_CURVE ( 'NONE', #453, #2841, #3320, .T. ) ;
#2605 = ORIENTED_EDGE ( 'NONE', *, *, #131, .T. ) ;
#2606 = DIRECTION ( 'NONE',  ( -0.000000000000000000, -0.000000000000000000, 1.000000000000000000 ) ) ;
#2607 = DIRECTION ( 'NONE',  ( -0.000000000000000000, 0.000000000000000000, 1.000000000000000000 ) ) ;
#2608 = ORIENTED_EDGE ( 'NONE', *, *, #2843, .T. ) ;
#2609 = ADVANCED_FACE ( 'NONE', ( #2281 ), #160, .F. ) ;
#2610 = ORIENTED_EDGE ( 'NONE', *, *, #2887, .T. ) ;
#2611 = FILL_AREA_STYLE_COLOUR ( '', #185 ) ;
#2612 = VECTOR ( 'NONE', #3032, 1000.000000000000000 ) ;
#2613 = ORIENTED_EDGE ( 'NONE', *, *, #2445, .F. ) ;
#2614 = EDGE_LOOP ( 'NONE', ( #3166, #2729, #2240, #2830 ) ) ;
#2615 = AXIS2_PLACEMENT_3D ( 'NONE', #1234, #2013, #1472 ) ;
#2616 = CYLINDRICAL_SURFACE ( 'NONE', #2351, 1.250000000000001110 ) ;
#2617 = CARTESIAN_POINT ( 'NONE',  ( 113.4999999999999858, 164.4999999999999716, 5.000000000000000000 ) ) ;
#2618 = ORIENTED_EDGE ( 'NONE', *, *, #1957, .F. ) ;
#2619 = SURFACE_STYLE_FILL_AREA ( #1289 ) ;
#2620 = DIRECTION ( 'NONE',  ( 1.000000000000000000, 0.000000000000000000, 0.000000000000000000 ) ) ;
#2621 = EDGE_LOOP ( 'NONE', ( #3109, #2986 ) ) ;
#2622 = AXIS2_PLACEMENT_3D ( 'NONE', #2648, #313, #1168 ) ;
#2623 = AXIS2_PLACEMENT_3D ( 'NONE', #154, #906, #1180 ) ;
#2624 = DIRECTION ( 'NONE',  ( 1.000000000000000000, 0.000000000000000000, 0.000000000000000000 ) ) ;
#2625 = ORIENTED_EDGE ( 'NONE', *, *, #1825, .F. ) ;
#2626 = VERTEX_POINT ( 'NONE', #3261 ) ;
#2627 = CARTESIAN_POINT ( 'NONE',  ( 67.90000000000001990, 121.4999999999999574, 0.000000000000000000 ) ) ;
#2628 = CIRCLE ( 'NONE', #305, 2.999999999999995559 ) ;
#2629 = EDGE_CURVE ( 'NONE', #262, #1699, #212, .T. ) ;
#2630 = DIRECTION ( 'NONE',  ( -0.000000000000000000, -0.000000000000000000, 1.000000000000000000 ) ) ;
#2631 = LINE ( 'NONE', #2161, #1716 ) ;
#2632 = VERTEX_POINT ( 'NONE', #198 ) ;
#2633 = ADVANCED_FACE ( 'NONE', ( #3010 ), #698, .F. ) ;
#2634 = ORIENTED_EDGE ( 'NONE', *, *, #1022, .F. ) ;
#2635 = CARTESIAN_POINT ( 'NONE',  ( 7.000000000000000888, 133.4999999999999432, 8.000000000000000000 ) ) ;
#2636 = ORIENTED_EDGE ( 'NONE', *, *, #2506, .T. ) ;
#2637 = AXIS2_PLACEMENT_3D ( 'NONE', #2285, #2512, #2759 ) ;
#2638 = CARTESIAN_POINT ( 'NONE',  ( 113.4999999999999858, 164.4999999999999716, 5.000000000000000000 ) ) ;
#2639 = DIRECTION ( 'NONE',  ( 0.000000000000000000, -1.000000000000000000, 0.000000000000000000 ) ) ;
#2640 = CIRCLE ( 'NONE', #266, 3.000000000000002665 ) ;
#2641 = VERTEX_POINT ( 'NONE', #444 ) ;
#2642 = EDGE_LOOP ( 'NONE', ( #133, #1591, #3269, #2108 ) ) ;
#2643 = ORIENTED_EDGE ( 'NONE', *, *, #2814, .T. ) ;
#2644 = DIRECTION ( 'NONE',  ( -0.000000000000000000, 0.000000000000000000, 1.000000000000000000 ) ) ;
#2645 = CIRCLE ( 'NONE', #2495, 11.25000000000001066 ) ;
#2646 = CARTESIAN_POINT ( 'NONE',  ( 51.10000000000020037, 101.4999999999999574, 8.000000000000000000 ) ) ;
#2647 = CARTESIAN_POINT ( 'NONE',  ( 7.000000000000000888, 164.4999999999999716, 5.000000000000000000 ) ) ;
#2648 = CARTESIAN_POINT ( 'NONE',  ( 38.00000000000000000, 133.4999999999999432, 8.000000000000000000 ) ) ;
#2649 = VERTEX_POINT ( 'NONE', #475 ) ;
#2650 = CIRCLE ( 'NONE', #1361, 11.25000000000001066 ) ;
#2651 = ORIENTED_EDGE ( 'NONE', *, *, #2509, .F. ) ;
#2652 = DIRECTION ( 'NONE',  ( 1.000000000000000000, 0.000000000000000000, 0.000000000000000000 ) ) ;
#2653 = VERTEX_POINT ( 'NONE', #1443 ) ;
#2654 = DIRECTION ( 'NONE',  ( -0.000000000000000000, 0.000000000000000000, 1.000000000000000000 ) ) ;
#2655 = DIRECTION ( 'NONE',  ( 1.000000000000000000, 0.000000000000000000, 0.000000000000000000 ) ) ;
#2656 = CARTESIAN_POINT ( 'NONE',  ( 85.49999999999998579, 133.4999999999999432, 5.000000000000000000 ) ) ;
#2657 = VERTEX_POINT ( 'NONE', #1507 ) ;
#2658 = ORIENTED_EDGE ( 'NONE', *, *, #139, .T. ) ;
#2659 = VERTEX_POINT ( 'NONE', #683 ) ;
#2660 = DIRECTION ( 'NONE',  ( 0.000000000000000000, 0.000000000000000000, 1.000000000000000000 ) ) ;
#2661 = DIRECTION ( 'NONE',  ( 0.000000000000000000, 0.000000000000000000, 1.000000000000000000 ) ) ;
#2662 = AXIS2_PLACEMENT_3D ( 'NONE', #1685, #2193, #883 ) ;
#2663 = CYLINDRICAL_SURFACE ( 'NONE', #3036, 1.599999999999990319 ) ;
#2664 = DIRECTION ( 'NONE',  ( 1.000000000000000000, 0.000000000000000000, 0.000000000000000000 ) ) ;
#2665 = ORIENTED_EDGE ( 'NONE', *, *, #1250, .F. ) ;
#2666 = ORIENTED_EDGE ( 'NONE', *, *, #3281, .F. ) ;
#2667 = DIRECTION ( 'NONE',  ( 1.000000000000000000, 0.000000000000000000, 0.000000000000000000 ) ) ;
#2668 = AXIS2_PLACEMENT_3D ( 'NONE', #50, #836, #1338 ) ;
#2669 = ORIENTED_EDGE ( 'NONE', *, *, #2235, .T. ) ;
#2670 = CARTESIAN_POINT ( 'NONE',  ( 82.49999999999998579, 164.4999999999999716, 5.000000000000000000 ) ) ;
#2671 = CARTESIAN_POINT ( 'NONE',  ( 105.9999999999999716, 167.0000000000000000, 8.000000000000000000 ) ) ;
#2672 = CIRCLE ( 'NONE', #1928, 2.000000000000001776 ) ;
#2673 = ADVANCED_FACE ( 'NONE', ( #1478 ), #1186, .F. ) ;
#2674 = LINE ( 'NONE', #3214, #1535 ) ;
#2675 = EDGE_CURVE ( 'NONE', #3004, #1547, #3278, .T. ) ;
#2676 = ORIENTED_EDGE ( 'NONE', *, *, #283, .T. ) ;
#2677 = ORIENTED_EDGE ( 'NONE', *, *, #1082, .T. ) ;
#2678 = EDGE_CURVE ( 'NONE', #1563, #1427, #2131, .T. ) ;
#2679 = LINE ( 'NONE', #166, #586 ) ;
#2680 = EDGE_LOOP ( 'NONE', ( #2113, #2186 ) ) ;
#2681 = DIRECTION ( 'NONE',  ( -0.000000000000000000, -0.000000000000000000, 1.000000000000000000 ) ) ;
#2682 = DIRECTION ( 'NONE',  ( 1.000000000000000000, 0.000000000000000000, 0.000000000000000000 ) ) ;
#2683 = DIRECTION ( 'NONE',  ( 1.000000000000000000, 0.000000000000000000, 0.000000000000000000 ) ) ;
#2684 = CARTESIAN_POINT ( 'NONE',  ( 51.09999999999999432, 121.4999999999999574, 0.000000000000000000 ) ) ;
#2685 = EDGE_LOOP ( 'NONE', ( #2844, #1963, #1912, #1620 ) ) ;
#2686 = VERTEX_POINT ( 'NONE', #2356 ) ;
#2687 = CARTESIAN_POINT ( 'NONE',  ( 79.00000000000029843, 94.49999999999994316, -2.000000000000000000 ) ) ;
#2688 = ORIENTED_EDGE ( 'NONE', *, *, #214, .T. ) ;
#2689 = CARTESIAN_POINT ( 'NONE',  ( 35.00000000000000000, 133.4999999999999432, 8.000000000000000000 ) ) ;
#2690 = CARTESIAN_POINT ( 'NONE',  ( 119.5000000000000000, 93.99999999999998579, 0.000000000000000000 ) ) ;
#2691 = CARTESIAN_POINT ( 'NONE',  ( 68.99999999999997158, 143.9999999999999716, 0.000000000000000000 ) ) ;
#2692 = VERTEX_POINT ( 'NONE', #1523 ) ;
#2693 = ORIENTED_EDGE ( 'NONE', *, *, #1944, .T. ) ;
#2694 = ORIENTED_EDGE ( 'NONE', *, *, #633, .T. ) ;
#2695 = VERTEX_POINT ( 'NONE', #2311 ) ;
#2696 = DIRECTION ( 'NONE',  ( -0.000000000000000000, 1.000000000000000000, 0.000000000000000000 ) ) ;
#2697 = DIRECTION ( 'NONE',  ( 1.000000000000000000, 0.000000000000000000, 0.000000000000000000 ) ) ;
#2698 = AXIS2_PLACEMENT_3D ( 'NONE', #2268, #457, #3334 ) ;
#2699 = LINE ( 'NONE', #646, #3186 ) ;
#2700 = CARTESIAN_POINT ( 'NONE',  ( 38.00000000000000000, 133.4999999999999432, 5.000000000000000000 ) ) ;
#2701 = ORIENTED_EDGE ( 'NONE', *, *, #2887, .F. ) ;
#2702 = ORIENTED_EDGE ( 'NONE', *, *, #696, .F. ) ;
#2703 = CARTESIAN_POINT ( 'NONE',  ( 9.999999999999998224, 133.4999999999999432, 5.000000000000000000 ) ) ;
#2704 = DIRECTION ( 'NONE',  ( 1.000000000000000000, 0.000000000000000000, 0.000000000000000000 ) ) ;
#2705 = CARTESIAN_POINT ( 'NONE',  ( 82.49999999999998579, 133.4999999999999432, 5.000000000000000000 ) ) ;
#2706 =( GEOMETRIC_REPRESENTATION_CONTEXT ( 3 ) GLOBAL_UNCERTAINTY_ASSIGNED_CONTEXT ( ( #2554 ) ) GLOBAL_UNIT_ASSIGNED_CONTEXT ( ( #1595, #1343, #2806 ) ) REPRESENTATION_CONTEXT ( 'NONE', 'WORKASPACE' ) );
#2707 = FACE_BOUND ( 'NONE', #3218, .T. ) ;
#2708 = LINE ( 'NONE', #2927, #681 ) ;
#2709 = EDGE_LOOP ( 'NONE', ( #649, #2234, #373, #2532 ) ) ;
#2710 = VERTEX_POINT ( 'NONE', #2585 ) ;
#2711 = ADVANCED_FACE ( 'NONE', ( #2598 ), #2049, .F. ) ;
#2712 = ORIENTED_EDGE ( 'NONE', *, *, #280, .F. ) ;
#2713 = ORIENTED_EDGE ( 'NONE', *, *, #139, .F. ) ;
#2714 = CARTESIAN_POINT ( 'NONE',  ( 114.0000000000000142, 109.9999999999999716, 0.000000000000000000 ) ) ;
#2715 = DIRECTION ( 'NONE',  ( 1.000000000000000000, 0.000000000000000000, 0.000000000000000000 ) ) ;
#2716 = LINE ( 'NONE', #410, #2973 ) ;
#2717 = DIRECTION ( 'NONE',  ( 1.000000000000000000, 0.000000000000000000, 0.000000000000000000 ) ) ;
#2718 = ADVANCED_FACE ( 'NONE', ( #792 ), #284, .F. ) ;
#2719 = ORIENTED_EDGE ( 'NONE', *, *, #983, .T. ) ;
#2720 = VECTOR ( 'NONE', #2408, 1000.000000000000000 ) ;
#2721 = ORIENTED_EDGE ( 'NONE', *, *, #141, .T. ) ;
#2722 = LINE ( 'NONE', #2188, #2906 ) ;
#2723 = AXIS2_PLACEMENT_3D ( 'NONE', #2484, #993, #2504 ) ;
#2724 = CARTESIAN_POINT ( 'NONE',  ( 0.000000000000000000, 0.000000000000000000, 4.000000000000000000 ) ) ;
#2725 = FACE_BOUND ( 'NONE', #1309, .T. ) ;
#2726 = DIRECTION ( 'NONE',  ( -0.000000000000000000, -0.000000000000000000, -1.000000000000000000 ) ) ;
#2727 = EDGE_LOOP ( 'NONE', ( #3219, #542 ) ) ;
#2728 = ORIENTED_EDGE ( 'NONE', *, *, #878, .F. ) ;
#2729 = ORIENTED_EDGE ( 'NONE', *, *, #684, .T. ) ;
#2730 = ORIENTED_EDGE ( 'NONE', *, *, #2675, .T. ) ;
#2731 = CARTESIAN_POINT ( 'NONE',  ( 64.50000000000000000, 121.4999999999999574, 0.000000000000000000 ) ) ;
#2732 = DIRECTION ( 'NONE',  ( 1.000000000000000000, 0.000000000000000000, 0.000000000000000000 ) ) ;
#2733 = AXIS2_PLACEMENT_3D ( 'NONE', #1983, #2029, #3018 ) ;
#2734 = AXIS2_PLACEMENT_3D ( 'NONE', #2248, #1470, #2502 ) ;
#2735 = ADVANCED_FACE ( 'NONE', ( #1791 ), #1807, .F. ) ;
#2736 = CYLINDRICAL_SURFACE ( 'NONE', #806, 2.999999999999997335 ) ;
#2737 = DIRECTION ( 'NONE',  ( -0.000000000000000000, 0.000000000000000000, 1.000000000000000000 ) ) ;
#2738 = EDGE_CURVE ( 'NONE', #2590, #1878, #1229, .T. ) ;
#2739 = VERTEX_POINT ( 'NONE', #2076 ) ;
#2740 = LINE ( 'NONE', #3208, #3099 ) ;
#2741 = DIRECTION ( 'NONE',  ( 0.000000000000000000, 0.000000000000000000, 1.000000000000000000 ) ) ;
#2742 = AXIS2_PLACEMENT_3D ( 'NONE', #1802, #2828, #513 ) ;
#2743 = FACE_BOUND ( 'NONE', #1662, .T. ) ;
#2744 = DIRECTION ( 'NONE',  ( -1.000000000000000000, -2.322642310931290223E-16, 0.000000000000000000 ) ) ;
#2745 = VERTEX_POINT ( 'NONE', #534 ) ;
#2746 = ORIENTED_EDGE ( 'NONE', *, *, #1240, .T. ) ;
#2747 = DIRECTION ( 'NONE',  ( 1.000000000000000000, 0.000000000000000000, 0.000000000000000000 ) ) ;
#2748 = EDGE_LOOP ( 'NONE', ( #1966, #820 ) ) ;
#2749 = PLANE ( 'NONE',  #3002 ) ;
#2750 = EDGE_CURVE ( 'NONE', #2590, #1707, #12, .T. ) ;
#2751 = DIRECTION ( 'NONE',  ( 1.000000000000000000, 0.000000000000000000, 0.000000000000000000 ) ) ;
#2752 = DIRECTION ( 'NONE',  ( 1.000000000000000000, 0.000000000000000000, 0.000000000000000000 ) ) ;
#2753 = CARTESIAN_POINT ( 'NONE',  ( 115.2500000000000000, 133.4999999999999432, 5.000000000000000000 ) ) ;
#2754 = AXIS2_PLACEMENT_3D ( 'NONE', #1139, #881, #2624 ) ;
#2755 = VECTOR ( 'NONE', #1732, 1000.000000000000000 ) ;
#2756 = EDGE_CURVE ( 'NONE', #2069, #940, #3105, .T. ) ;
#2757 = CARTESIAN_POINT ( 'NONE',  ( 38.00000000000000000, 164.4999999999999716, 5.000000000000000000 ) ) ;
#2758 = AXIS2_PLACEMENT_3D ( 'NONE', #1849, #1630, #1116 ) ;
#2759 = DIRECTION ( 'NONE',  ( 1.000000000000000000, 0.000000000000000000, 0.000000000000000000 ) ) ;
#2760 = DIRECTION ( 'NONE',  ( -0.000000000000000000, -0.000000000000000000, -1.000000000000000000 ) ) ;
#2761 = CARTESIAN_POINT ( 'NONE',  ( 6.000000000000001776, 106.4999999999999858, 0.000000000000000000 ) ) ;
#2762 = VECTOR ( 'NONE', #3332, 1000.000000000000000 ) ;
#2763 = EDGE_LOOP ( 'NONE', ( #2605, #2919 ) ) ;
#2764 = VECTOR ( 'NONE', #1841, 1000.000000000000000 ) ;
#2765 = ORIENTED_EDGE ( 'NONE', *, *, #1537, .F. ) ;
#2766 = CYLINDRICAL_SURFACE ( 'NONE', #3310, 2.100000000000004530 ) ;
#2767 = LINE ( 'NONE', #1984, #2110 ) ;
#2768 = AXIS2_PLACEMENT_3D ( 'NONE', #3315, #501, #1008 ) ;
#2769 = CARTESIAN_POINT ( 'NONE',  ( 91.89999999999992042, 94.49999999999997158, 0.000000000000000000 ) ) ;
#2770 = DIRECTION ( 'NONE',  ( -0.000000000000000000, -0.000000000000000000, 1.000000000000000000 ) ) ;
#2771 = EDGE_CURVE ( 'NONE', #1262, #1233, #1107, .T. ) ;
#2772 = CARTESIAN_POINT ( 'NONE',  ( 27.60000000000000497, 94.49999999999994316, 0.000000000000000000 ) ) ;
#2773 = AXIS2_PLACEMENT_3D ( 'NONE', #1177, #419, #705 ) ;
#2774 = CARTESIAN_POINT ( 'NONE',  ( -7.532526004714513728E-30, 98.99999999999997158, 8.000000000000000000 ) ) ;
#2775 = DIRECTION ( 'NONE',  ( -0.000000000000000000, -0.000000000000000000, -1.000000000000000000 ) ) ;
#2776 = AXIS2_PLACEMENT_3D ( 'NONE', #694, #974, #471 ) ;
#2777 = CARTESIAN_POINT ( 'NONE',  ( 34.99999999999999289, 164.4999999999999716, 5.000000000000000000 ) ) ;
#2778 = ORIENTED_EDGE ( 'NONE', *, *, #2542, .F. ) ;
#2779 = ADVANCED_FACE ( 'NONE', ( #2343 ), #1284, .F. ) ;
#2780 = ADVANCED_FACE ( 'NONE', ( #25 ), #1060, .F. ) ;
#2781 = EDGE_LOOP ( 'NONE', ( #1724, #879 ) ) ;
#2782 = EDGE_CURVE ( 'NONE', #2818, #1851, #3276, .T. ) ;
#2783 = CARTESIAN_POINT ( 'NONE',  ( 96.89999999999993463, 98.99999999999997158, 8.000012000000001677 ) ) ;
#2784 = DIRECTION ( 'NONE',  ( -0.000000000000000000, 0.000000000000000000, 1.000000000000000000 ) ) ;
#2785 = EDGE_CURVE ( 'NONE', #3239, #3300, #1989, .T. ) ;
#2786 = DIRECTION ( 'NONE',  ( 1.000000000000000000, 0.000000000000000000, 0.000000000000000000 ) ) ;
#2787 = CYLINDRICAL_SURFACE ( 'NONE', #2350, 1.750000000000004219 ) ;
#2788 = AXIS2_PLACEMENT_3D ( 'NONE', #2724, #2438, #1396 ) ;
#2789 = CARTESIAN_POINT ( 'NONE',  ( 116.4999999999999716, 164.4999999999999716, 8.000000000000000000 ) ) ;
#2790 = SHAPE_DEFINITION_REPRESENTATION ( #2169, #1846 ) ;
#2791 = CARTESIAN_POINT ( 'NONE',  ( 71.10000000000019327, 101.4999999999999574, 0.000000000000000000 ) ) ;
#2792 = ADVANCED_FACE ( 'NONE', ( #1584 ), #2616, .F. ) ;
#2793 = LINE ( 'NONE', #497, #2367 ) ;
#2794 = CARTESIAN_POINT ( 'NONE',  ( 114.0000000000000142, 109.9999999999999716, 8.000000000000000000 ) ) ;
#2795 = EDGE_LOOP ( 'NONE', ( #1587, #2730, #724, #1030 ) ) ;
#2796 = ORIENTED_EDGE ( 'NONE', *, *, #62, .T. ) ;
#2797 = CARTESIAN_POINT ( 'NONE',  ( 82.49999999999998579, 164.4999999999999716, 5.000000000000000000 ) ) ;
#2798 = CARTESIAN_POINT ( 'NONE',  ( 71.09999999999999432, 121.4999999999999574, 8.000000000000000000 ) ) ;
#2799 = AXIS2_PLACEMENT_3D ( 'NONE', #38, #2101, #1545 ) ;
#2800 = ORIENTED_EDGE ( 'NONE', *, *, #1276, .T. ) ;
#2801 = DIRECTION ( 'NONE',  ( -0.000000000000000000, -0.000000000000000000, 1.000000000000000000 ) ) ;
#2802 = DIRECTION ( 'NONE',  ( -1.000000000000000000, 0.000000000000000000, 0.000000000000000000 ) ) ;
#2803 = CIRCLE ( 'NONE', #2544, 1.599999999999990319 ) ;
#2804 = PLANE ( 'NONE',  #1738 ) ;
#2805 = VECTOR ( 'NONE', #1812, 1000.000000000000000 ) ;
#2806 =( NAMED_UNIT ( * ) SI_UNIT ( $, .STERADIAN. ) SOLID_ANGLE_UNIT ( ) );
#2807 = CARTESIAN_POINT ( 'NONE',  ( 105.9999999999999716, 167.0000000000000000, 8.000000000000000000 ) ) ;
#2808 = DIRECTION ( 'NONE',  ( -0.000000000000000000, -0.000000000000000000, 1.000000000000000000 ) ) ;
#2809 = AXIS2_PLACEMENT_3D ( 'NONE', #250, #1549, #2326 ) ;
#2810 = CARTESIAN_POINT ( 'NONE',  ( 79.50000000000000000, 133.4999999999999432, 5.000000000000000000 ) ) ;
#2811 = ORIENTED_EDGE ( 'NONE', *, *, #2990, .T. ) ;
#2812 = EDGE_LOOP ( 'NONE', ( #951, #2452, #3178, #1434 ) ) ;
#2813 = DIRECTION ( 'NONE',  ( 1.000000000000000000, 0.000000000000000000, 0.000000000000000000 ) ) ;
#2814 = EDGE_CURVE ( 'NONE', #1573, #2567, #1550, .T. ) ;
#2815 = DIRECTION ( 'NONE',  ( 1.000000000000000000, 0.000000000000000000, 0.000000000000000000 ) ) ;
#2816 = ADVANCED_FACE ( 'NONE', ( #746 ), #2569, .F. ) ;
#2817 = VECTOR ( 'NONE', #261, 1000.000000000000000 ) ;
#2818 = VERTEX_POINT ( 'NONE', #2627 ) ;
#2819 = CARTESIAN_POINT ( 'NONE',  ( -7.532526004714513728E-30, 98.99999999999997158, 4.000000000000000000 ) ) ;
#2820 = DIRECTION ( 'NONE',  ( 1.000000000000000000, 0.000000000000000000, 0.000000000000000000 ) ) ;
#2821 = ADVANCED_FACE ( 'NONE', ( #117 ), #1888, .F. ) ;
#2822 = DIRECTION ( 'NONE',  ( -0.000000000000000000, -0.000000000000000000, -1.000000000000000000 ) ) ;
#2823 = CARTESIAN_POINT ( 'NONE',  ( 82.49999999999998579, 164.4999999999999716, 5.000000000000000000 ) ) ;
#2824 = LINE ( 'NONE', #1830, #49 ) ;
#2825 = VERTEX_POINT ( 'NONE', #309 ) ;
#2826 = CIRCLE ( 'NONE', #290, 1.750000000000015543 ) ;
#2827 = ORIENTED_EDGE ( 'NONE', *, *, #2284, .T. ) ;
#2828 = DIRECTION ( 'NONE',  ( -0.000000000000000000, 0.000000000000000000, 1.000000000000000000 ) ) ;
#2829 = CYLINDRICAL_SURFACE ( 'NONE', #3037, 11.25000000000001066 ) ;
#2830 = ORIENTED_EDGE ( 'NONE', *, *, #2431, .F. ) ;
#2831 = VECTOR ( 'NONE', #967, 1000.000000000000000 ) ;
#2832 = DIRECTION ( 'NONE',  ( 1.000000000000000000, 0.000000000000000000, 0.000000000000000000 ) ) ;
#2833 = CARTESIAN_POINT ( 'NONE',  ( 38.00000000000000000, 133.4999999999999432, 5.000000000000000000 ) ) ;
#2834 = EDGE_CURVE ( 'NONE', #851, #4, #2933, .T. ) ;
#2835 = AXIS2_PLACEMENT_3D ( 'NONE', #2540, #1748, #3291 ) ;
#2836 = CARTESIAN_POINT ( 'NONE',  ( 0.000000000000000000, 89.99999999999998579, 8.000000000000000000 ) ) ;
#2837 = VECTOR ( 'NONE', #1616, 1000.000000000000000 ) ;
#2838 = DIRECTION ( 'NONE',  ( -0.000000000000000000, -0.000000000000000000, 1.000000000000000000 ) ) ;
#2839 = DIRECTION ( 'NONE',  ( 1.000000000000000000, 0.000000000000000000, 0.000000000000000000 ) ) ;
#2840 = VERTEX_POINT ( 'NONE', #1674 ) ;
#2841 = VERTEX_POINT ( 'NONE', #1654 ) ;
#2842 = CARTESIAN_POINT ( 'NONE',  ( 66.99999999999997158, 143.9999999999999716, 8.000000000000000000 ) ) ;
#2843 = EDGE_CURVE ( 'NONE', #940, #2069, #87, .T. ) ;
#2844 = ORIENTED_EDGE ( 'NONE', *, *, #1241, .F. ) ;
#2845 = ORIENTED_EDGE ( 'NONE', *, *, #1117, .F. ) ;
#2846 = EDGE_CURVE ( 'NONE', #361, #2825, #366, .T. ) ;
#2847 = CARTESIAN_POINT ( 'NONE',  ( 82.49999999999998579, 133.4999999999999432, 5.000000000000000000 ) ) ;
#2848 = DIRECTION ( 'NONE',  ( -0.000000000000000000, -0.000000000000000000, -1.000000000000000000 ) ) ;
#2849 = CARTESIAN_POINT ( 'NONE',  ( 7.000000000000000888, 164.4999999999999716, 8.000000000000000000 ) ) ;
#2850 = ORIENTED_EDGE ( 'NONE', *, *, #3132, .F. ) ;
#2851 = EDGE_CURVE ( 'NONE', #1687, #3234, #1852, .T. ) ;
#2852 = LINE ( 'NONE', #539, #2583 ) ;
#2853 = CARTESIAN_POINT ( 'NONE',  ( -1.274442531100688235E-29, 167.4999999999999716, 0.000000000000000000 ) ) ;
#2854 = ORIENTED_EDGE ( 'NONE', *, *, #2078, .F. ) ;
#2855 = AXIS2_PLACEMENT_3D ( 'NONE', #750, #2576, #2334 ) ;
#2856 = EDGE_LOOP ( 'NONE', ( #3187, #1131 ) ) ;
#2857 = DIRECTION ( 'NONE',  ( 1.000000000000000000, 0.000000000000000000, 0.000000000000000000 ) ) ;
#2858 = DIRECTION ( 'NONE',  ( 0.000000000000000000, 0.000000000000000000, 1.000000000000000000 ) ) ;
#2859 = VERTEX_POINT ( 'NONE', #2646 ) ;
#2860 = ORIENTED_EDGE ( 'NONE', *, *, #113, .T. ) ;
#2861 = CARTESIAN_POINT ( 'NONE',  ( 26.00000000000000355, 94.49999999999994316, 4.000000000000000000 ) ) ;
#2862 = CIRCLE ( 'NONE', #1419, 2.099999999999990763 ) ;
#2863 = CIRCLE ( 'NONE', #2330, 1.599999999999990319 ) ;
#2864 = CARTESIAN_POINT ( 'NONE',  ( 62.89999999999999858, 121.4999999999999574, 0.000000000000000000 ) ) ;
#2865 = ORIENTED_EDGE ( 'NONE', *, *, #628, .T. ) ;
#2866 = EDGE_CURVE ( 'NONE', #56, #1942, #1389, .T. ) ;
#2867 = CARTESIAN_POINT ( 'NONE',  ( 3.999999999999999112, 164.4999999999999716, 8.000000000000000000 ) ) ;
#2868 = CARTESIAN_POINT ( 'NONE',  ( 77.00000000000027001, 94.49999999999994316, 4.000000000000000000 ) ) ;
#2869 = ORIENTED_EDGE ( 'NONE', *, *, #17, .F. ) ;
#2870 = FACE_OUTER_BOUND ( 'NONE', #782, .T. ) ;
#2871 = ADVANCED_FACE ( 'NONE', ( #2120 ), #1349, .F. ) ;
#2872 = CIRCLE ( 'NONE', #74, 1.750000000000003331 ) ;
#2873 = ADVANCED_FACE ( 'NONE', ( #2106 ), #830, .F. ) ;
#2874 = EDGE_LOOP ( 'NONE', ( #340, #2095, #2693, #3312 ) ) ;
#2875 = ORIENTED_EDGE ( 'NONE', *, *, #526, .T. ) ;
#2876 = EDGE_CURVE ( 'NONE', #75, #2657, #1568, .T. ) ;
#2877 = ADVANCED_FACE ( 'NONE', ( #2178 ), #3130, .F. ) ;
#2878 = VECTOR ( 'NONE', #2911, 1000.000000000000000 ) ;
#2879 = DIRECTION ( 'NONE',  ( 0.000000000000000000, 0.000000000000000000, 1.000000000000000000 ) ) ;
#2880 = DIRECTION ( 'NONE',  ( 0.000000000000000000, 0.000000000000000000, 1.000000000000000000 ) ) ;
#2881 = ORIENTED_EDGE ( 'NONE', *, *, #3235, .F. ) ;
#2882 = AXIS2_PLACEMENT_3D ( 'NONE', #2145, #589, #318 ) ;
#2883 = ORIENTED_EDGE ( 'NONE', *, *, #1834, .F. ) ;
#2884 = CARTESIAN_POINT ( 'NONE',  ( 64.50000000000000000, 121.4999999999999574, -2.000000000000000000 ) ) ;
#2885 = EDGE_LOOP ( 'NONE', ( #1153, #2969, #3217, #2643, #2175, #1848, #2444, #1005, #2948 ) ) ;
#2886 = AXIS2_PLACEMENT_3D ( 'NONE', #2411, #1151, #2123 ) ;
#2887 = EDGE_CURVE ( 'NONE', #616, #768, #3143, .T. ) ;
#2888 = CARTESIAN_POINT ( 'NONE',  ( 86.74999999999997158, 148.9999999999999716, 8.000000000000000000 ) ) ;
#2889 = DIRECTION ( 'NONE',  ( -0.000000000000000000, -0.000000000000000000, 1.000000000000000000 ) ) ;
#2890 = ORIENTED_EDGE ( 'NONE', *, *, #3231, .T. ) ;
#2891 = ORIENTED_EDGE ( 'NONE', *, *, #2128, .T. ) ;
#2892 = CARTESIAN_POINT ( 'NONE',  ( 66.99999999999997158, 143.9999999999999716, 8.000000000000000000 ) ) ;
#2893 = CARTESIAN_POINT ( 'NONE',  ( 54.90000000000027569, 94.49999999999995737, 0.000000000000000000 ) ) ;
#2894 = CIRCLE ( 'NONE', #1553, 1.599999999999990319 ) ;
#2895 = CARTESIAN_POINT ( 'NONE',  ( 22.50000000000000000, 148.9999999999999716, 8.000000000000000000 ) ) ;
#2896 = CARTESIAN_POINT ( 'NONE',  ( 80.74999999999998579, 133.4999999999999432, 8.000000000000000000 ) ) ;
#2897 = EDGE_LOOP ( 'NONE', ( #1334, #769 ) ) ;
#2898 = ORIENTED_EDGE ( 'NONE', *, *, #998, .F. ) ;
#2899 = CARTESIAN_POINT ( 'NONE',  ( 80.74999999999998579, 133.4999999999999432, 5.000000000000000000 ) ) ;
#2900 = VERTEX_POINT ( 'NONE', #2390 ) ;
#2901 = FACE_BOUND ( 'NONE', #2415, .T. ) ;
#2902 = CARTESIAN_POINT ( 'NONE',  ( 62.89999999999999858, 121.4999999999999574, 8.000000000000000000 ) ) ;
#2903 = FACE_OUTER_BOUND ( 'NONE', #400, .T. ) ;
#2904 = AXIS2_PLACEMENT_3D ( 'NONE', #766, #540, #2561 ) ;
#2905 = ORIENTED_EDGE ( 'NONE', *, *, #3132, .T. ) ;
#2906 = VECTOR ( 'NONE', #1210, 1000.000000000000000 ) ;
#2907 = AXIS2_PLACEMENT_3D ( 'NONE', #14, #2067, #1569 ) ;
#2908 = EDGE_LOOP ( 'NONE', ( #1161, #16, #1307, #153 ) ) ;
#2909 = EDGE_CURVE ( 'NONE', #2626, #725, #3182, .T. ) ;
#2910 = VERTEX_POINT ( 'NONE', #3160 ) ;
#2911 = DIRECTION ( 'NONE',  ( -0.000000000000000000, -0.000000000000000000, 1.000000000000000000 ) ) ;
#2912 = DIRECTION ( 'NONE',  ( -0.000000000000000000, -0.000000000000000000, 1.000000000000000000 ) ) ;
#2913 = CIRCLE ( 'NONE', #2555, 1.600000000000003419 ) ;
#2914 = LINE ( 'NONE', #605, #2764 ) ;
#2915 = DIRECTION ( 'NONE',  ( -0.000000000000000000, 0.000000000000000000, 1.000000000000000000 ) ) ;
#2916 = EDGE_LOOP ( 'NONE', ( #3070, #232, #1395, #555 ) ) ;
#2917 = AXIS2_PLACEMENT_3D ( 'NONE', #2647, #2373, #330 ) ;
#2918 =( GEOMETRIC_REPRESENTATION_CONTEXT ( 3 ) GLOBAL_UNCERTAINTY_ASSIGNED_CONTEXT ( ( #872 ) ) GLOBAL_UNIT_ASSIGNED_CONTEXT ( ( #2116, #669, #416 ) ) REPRESENTATION_CONTEXT ( 'NONE', 'WORKASPACE' ) );
#2919 = ORIENTED_EDGE ( 'NONE', *, *, #1736, .T. ) ;
#2920 = EDGE_CURVE ( 'NONE', #1820, #2641, #445, .T. ) ;
#2921 = DIRECTION ( 'NONE',  ( 1.000000000000000000, 0.000000000000000000, 0.000000000000000000 ) ) ;
#2922 = EDGE_CURVE ( 'NONE', #2910, #163, #1626, .T. ) ;
#2923 = ORIENTED_EDGE ( 'NONE', *, *, #3102, .T. ) ;
#2924 = DIRECTION ( 'NONE',  ( 1.000000000000000000, 0.000000000000000000, 0.000000000000000000 ) ) ;
#2925 = AXIS2_PLACEMENT_3D ( 'NONE', #2418, #1362, #3171 ) ;
#2926 = DIRECTION ( 'NONE',  ( 0.000000000000000000, 0.000000000000000000, 1.000000000000000000 ) ) ;
#2927 = CARTESIAN_POINT ( 'NONE',  ( 75.00000000000025580, 94.49999999999994316, -2.000000000000000000 ) ) ;
#2928 = ORIENTED_EDGE ( 'NONE', *, *, #460, .F. ) ;
#2929 = ORIENTED_EDGE ( 'NONE', *, *, #2962, .F. ) ;
#2930 = CARTESIAN_POINT ( 'NONE',  ( 6.000000000000001776, 106.4999999999999858, 0.000000000000000000 ) ) ;
#2931 = ORIENTED_EDGE ( 'NONE', *, *, #1517, .T. ) ;
#2932 = CARTESIAN_POINT ( 'NONE',  ( 64.50000000000021316, 101.4999999999999574, -2.000000000000000000 ) ) ;
#2933 = LINE ( 'NONE', #58, #2255 ) ;
#2934 = AXIS2_PLACEMENT_3D ( 'NONE', #959, #1722, #467 ) ;
#2935 = AXIS2_PLACEMENT_3D ( 'NONE', #2714, #1347, #944 ) ;
#2936 = CARTESIAN_POINT ( 'NONE',  ( 101.9999999999999858, 99.99999999999997158, 8.000000000000000000 ) ) ;
#2937 = CARTESIAN_POINT ( 'NONE',  ( 38.00000000000000000, 133.4999999999999432, 5.000000000000000000 ) ) ;
#2938 = ORIENTED_EDGE ( 'NONE', *, *, #144, .T. ) ;
#2939 = ORIENTED_EDGE ( 'NONE', *, *, #1554, .T. ) ;
#2940 = DIRECTION ( 'NONE',  ( -1.000000000000000000, 0.000000000000000000, 0.000000000000000000 ) ) ;
#2941 = AXIS2_PLACEMENT_3D ( 'NONE', #1374, #3121, #2667 ) ;
#2942 = ORIENTED_EDGE ( 'NONE', *, *, #1488, .F. ) ;
#2943 = PLANE ( 'NONE',  #3151 ) ;
#2944 = CARTESIAN_POINT ( 'NONE',  ( 4.000000000000000000, 167.4999999999999716, 0.000000000000000000 ) ) ;
#2945 = CIRCLE ( 'NONE', #1326, 1.750000000000001554 ) ;
#2946 = DIRECTION ( 'NONE',  ( 1.000000000000000000, 0.000000000000000000, 0.000000000000000000 ) ) ;
#2947 = VECTOR ( 'NONE', #3271, 1000.000000000000000 ) ;
#2948 = ORIENTED_EDGE ( 'NONE', *, *, #2279, .F. ) ;
#2949 = EDGE_LOOP ( 'NONE', ( #2694, #961 ) ) ;
#2950 = AXIS2_PLACEMENT_3D ( 'NONE', #2861, #550, #3072 ) ;
#2951 = ORIENTED_EDGE ( 'NONE', *, *, #876, .T. ) ;
#2952 = VERTEX_POINT ( 'NONE', #1125 ) ;
#2953 = CARTESIAN_POINT ( 'NONE',  ( 109.6499999999999773, 94.99999999999998579, -2.000000000000000000 ) ) ;
#2954 = EDGE_CURVE ( 'NONE', #2859, #3185, #273, .T. ) ;
#2955 = DIRECTION ( 'NONE',  ( 1.000000000000000000, 0.000000000000000000, 0.000000000000000000 ) ) ;
#2956 = DIRECTION ( 'NONE',  ( 1.000000000000000000, 0.000000000000000000, -0.000000000000000000 ) ) ;
#2957 = CARTESIAN_POINT ( 'NONE',  ( 49.50000000000000000, 121.4999999999999574, 0.000000000000000000 ) ) ;
#2958 = EDGE_LOOP ( 'NONE', ( #1142, #1954 ) ) ;
#2959 = ORIENTED_EDGE ( 'NONE', *, *, #2471, .T. ) ;
#2960 = CARTESIAN_POINT ( 'NONE',  ( 71.10000000000019327, 101.4999999999999574, 8.000000000000000000 ) ) ;
#2961 = CARTESIAN_POINT ( 'NONE',  ( 7.000000000000000888, 133.4999999999999432, 8.000000000000000000 ) ) ;
#2962 = EDGE_CURVE ( 'NONE', #3173, #2104, #1031, .T. ) ;
#2963 = DIRECTION ( 'NONE',  ( -0.000000000000000000, -0.000000000000000000, 1.000000000000000000 ) ) ;
#2964 = CARTESIAN_POINT ( 'NONE',  ( 11.24999999999998579, 148.9999999999999716, 0.000000000000000000 ) ) ;
#2965 = CARTESIAN_POINT ( 'NONE',  ( 90.29999999999992610, 94.49999999999997158, 4.000000000000000000 ) ) ;
#2966 = EDGE_LOOP ( 'NONE', ( #813, #2891, #1103, #1843 ) ) ;
#2967 = ORIENTED_EDGE ( 'NONE', *, *, #1061, .F. ) ;
#2968 = AXIS2_PLACEMENT_3D ( 'NONE', #1628, #2654, #1666 ) ;
#2969 = ORIENTED_EDGE ( 'NONE', *, *, #1242, .F. ) ;
#2970 = ORIENTED_EDGE ( 'NONE', *, *, #1418, .F. ) ;
#2971 = CARTESIAN_POINT ( 'NONE',  ( -3.983331563247162445E-14, 171.5000000000000000, 8.000000000000000000 ) ) ;
#2972 = CARTESIAN_POINT ( 'NONE',  ( 113.4999999999999858, 133.4999999999999432, 5.000000000000000000 ) ) ;
#2973 = VECTOR ( 'NONE', #3204, 1000.000000000000000 ) ;
#2974 = FACE_OUTER_BOUND ( 'NONE', #2874, .T. ) ;
#2975 = DIRECTION ( 'NONE',  ( 0.000000000000000000, -0.000000000000000000, -1.000000000000000000 ) ) ;
#2976 = VERTEX_POINT ( 'NONE', #1219 ) ;
#2977 = EDGE_LOOP ( 'NONE', ( #2124, #2406, #1019, #1421 ) ) ;
#2978 = CARTESIAN_POINT ( 'NONE',  ( 38.00000000000000000, 164.4999999999999716, 5.000000000000000000 ) ) ;
#2979 = DIRECTION ( 'NONE',  ( -0.000000000000000000, -0.000000000000000000, 1.000000000000000000 ) ) ;
#2980 = CIRCLE ( 'NONE', #2599, 1.600000000000004086 ) ;
#2981 = DIRECTION ( 'NONE',  ( 1.000000000000000000, 0.000000000000000000, 0.000000000000000000 ) ) ;
#2982 = FACE_BOUND ( 'NONE', #1446, .T. ) ;
#2983 = CARTESIAN_POINT ( 'NONE',  ( 119.5000000000000000, 0.000000000000000000, 0.000000000000000000 ) ) ;
#2984 = VERTEX_POINT ( 'NONE', #3242 ) ;
#2985 = ORIENTED_EDGE ( 'NONE', *, *, #1937, .T. ) ;
#2986 = ORIENTED_EDGE ( 'NONE', *, *, #3116, .F. ) ;
#2987 = ORIENTED_EDGE ( 'NONE', *, *, #891, .T. ) ;
#2988 = CARTESIAN_POINT ( 'NONE',  ( 66.10000000000020748, 101.4999999999999574, 0.000000000000000000 ) ) ;
#2989 = CARTESIAN_POINT ( 'NONE',  ( 56.50000000000027001, 94.49999999999995737, 4.000000000000000000 ) ) ;
#2990 = EDGE_CURVE ( 'NONE', #598, #2461, #2980, .T. ) ;
#2991 = EDGE_CURVE ( 'NONE', #2952, #810, #2767, .T. ) ;
#2992 = DIRECTION ( 'NONE',  ( -0.000000000000000000, -0.000000000000000000, 1.000000000000000000 ) ) ;
#2993 = DIRECTION ( 'NONE',  ( -0.000000000000000000, 0.000000000000000000, 1.000000000000000000 ) ) ;
#2994 = CIRCLE ( 'NONE', #2391, 1.750000000000015543 ) ;
#2995 = EDGE_LOOP ( 'NONE', ( #3001, #1381 ) ) ;
#2996 = LINE ( 'NONE', #431, #2755 ) ;
#2997 = DIRECTION ( 'NONE',  ( 1.000000000000000000, 0.000000000000000000, -0.000000000000000000 ) ) ;
#2998 = FACE_BOUND ( 'NONE', #1632, .T. ) ;
#2999 = CYLINDRICAL_SURFACE ( 'NONE', #946, 1.600000000000003419 ) ;
#3000 = EDGE_LOOP ( 'NONE', ( #2305, #912, #2151, #295 ) ) ;
#3001 = ORIENTED_EDGE ( 'NONE', *, *, #2493, .F. ) ;
#3002 = AXIS2_PLACEMENT_3D ( 'NONE', #2823, #368, #849 ) ;
#3003 = EDGE_LOOP ( 'NONE', ( #2222, #797 ) ) ;
#3004 = VERTEX_POINT ( 'NONE', #2200 ) ;
#3005 = FACE_BOUND ( 'NONE', #972, .T. ) ;
#3006 = DIRECTION ( 'NONE',  ( 1.000000000000000000, 0.000000000000000000, 0.000000000000000000 ) ) ;
#3007 = AXIS2_PLACEMENT_3D ( 'NONE', #43, #3101, #2093 ) ;
#3008 = EDGE_CURVE ( 'NONE', #84, #2197, #1744, .T. ) ;
#3009 = DIRECTION ( 'NONE',  ( 1.000000000000000000, 0.000000000000000000, 0.000000000000000000 ) ) ;
#3010 = FACE_OUTER_BOUND ( 'NONE', #1217, .T. ) ;
#3011 = EDGE_LOOP ( 'NONE', ( #1804, #100, #1932, #109 ) ) ;
#3012 = CARTESIAN_POINT ( 'NONE',  ( 64.50000000000000000, 121.4999999999999574, -2.000000000000000000 ) ) ;
#3013 = DIRECTION ( 'NONE',  ( 0.000000000000000000, 0.000000000000000000, -1.000000000000000000 ) ) ;
#3014 = DIRECTION ( 'NONE',  ( 1.000000000000000000, 0.000000000000000000, 0.000000000000000000 ) ) ;
#3015 = DIRECTION ( 'NONE',  ( 1.000000000000000000, 0.000000000000000000, 0.000000000000000000 ) ) ;
#3016 = ORIENTED_EDGE ( 'NONE', *, *, #1623, .T. ) ;
#3017 = VERTEX_POINT ( 'NONE', #425 ) ;
#3018 = DIRECTION ( 'NONE',  ( 1.000000000000000000, 0.000000000000000000, 0.000000000000000000 ) ) ;
#3019 = LINE ( 'NONE', #2467, #498 ) ;
#3020 = CARTESIAN_POINT ( 'NONE',  ( 115.2500000000000000, 164.4999999999999716, 5.000000000000000000 ) ) ;
#3021 = DIRECTION ( 'NONE',  ( -0.000000000000000000, -0.000000000000000000, 1.000000000000000000 ) ) ;
#3022 = EDGE_CURVE ( 'NONE', #2840, #3238, #2437, .T. ) ;
#3023 = AXIS2_PLACEMENT_3D ( 'NONE', #1193, #2775, #2007 ) ;
#3024 = AXIS2_PLACEMENT_3D ( 'NONE', #832, #1586, #3117 ) ;
#3025 = ADVANCED_FACE ( 'NONE', ( #456 ), #3221, .F. ) ;
#3026 = CARTESIAN_POINT ( 'NONE',  ( 38.00000000000000000, 164.4999999999999716, 5.000000000000000000 ) ) ;
#3027 = EDGE_CURVE ( 'NONE', #1947, #355, #2913, .T. ) ;
#3028 = EDGE_CURVE ( 'NONE', #2550, #905, #1084, .T. ) ;
#3029 = DIRECTION ( 'NONE',  ( -0.000000000000000000, -0.000000000000000000, -1.000000000000000000 ) ) ;
#3030 = EDGE_CURVE ( 'NONE', #336, #2825, #717, .T. ) ;
#3031 = FACE_BOUND ( 'NONE', #1382, .T. ) ;
#3032 = DIRECTION ( 'NONE',  ( -7.608612125974258381E-32, 1.000000000000000000, 0.000000000000000000 ) ) ;
#3033 = AXIS2_PLACEMENT_3D ( 'NONE', #386, #2912, #1423 ) ;
#3034 = ORIENTED_EDGE ( 'NONE', *, *, #2380, .F. ) ;
#3035 = EDGE_LOOP ( 'NONE', ( #3273, #570 ) ) ;
#3036 = AXIS2_PLACEMENT_3D ( 'NONE', #349, #2160, #3009 ) ;
#3037 = AXIS2_PLACEMENT_3D ( 'NONE', #2322, #2071, #786 ) ;
#3038 = ORIENTED_EDGE ( 'NONE', *, *, #2187, .F. ) ;
#3039 = LINE ( 'NONE', #1182, #2031 ) ;
#3040 = CARTESIAN_POINT ( 'NONE',  ( 6.000000000000001776, 106.4999999999999858, 8.000000000000000000 ) ) ;
#3041 = PLANE ( 'NONE',  #2072 ) ;
#3042 = CARTESIAN_POINT ( 'NONE',  ( 38.00000000000000000, 164.4999999999999716, 0.000000000000000000 ) ) ;
#3043 = EDGE_CURVE ( 'NONE', #708, #2626, #3019, .T. ) ;
#3044 = FACE_BOUND ( 'NONE', #794, .T. ) ;
#3045 = CIRCLE ( 'NONE', #3307, 2.000000000000015543 ) ;
#3046 = FACE_OUTER_BOUND ( 'NONE', #1964, .T. ) ;
#3047 = CYLINDRICAL_SURFACE ( 'NONE', #1441, 1.750000000000001554 ) ;
#3048 = DIRECTION ( 'NONE',  ( 0.000000000000000000, 0.000000000000000000, 1.000000000000000000 ) ) ;
#3049 = EDGE_LOOP ( 'NONE', ( #1435, #2728, #759, #2931 ) ) ;
#3050 = ORIENTED_EDGE ( 'NONE', *, *, #633, .F. ) ;
#3051 = DIRECTION ( 'NONE',  ( -0.000000000000000000, -0.000000000000000000, 1.000000000000000000 ) ) ;
#3052 = CARTESIAN_POINT ( 'NONE',  ( 24.39999999999999858, 94.49999999999994316, 4.000000000000000000 ) ) ;
#3053 = VECTOR ( 'NONE', #372, 1000.000000000000000 ) ;
#3054 = DIRECTION ( 'NONE',  ( -1.000000000000000000, -7.608612125974258381E-32, 0.000000000000000000 ) ) ;
#3055 = VECTOR ( 'NONE', #3145, 1000.000000000000000 ) ;
#3056 = DIRECTION ( 'NONE',  ( -0.000000000000000000, -0.000000000000000000, 1.000000000000000000 ) ) ;
#3057 = CIRCLE ( 'NONE', #567, 1.599999999999990319 ) ;
#3058 = FACE_BOUND ( 'NONE', #740, .T. ) ;
#3059 = EDGE_CURVE ( 'NONE', #3234, #2387, #3298, .T. ) ;
#3060 = CYLINDRICAL_SURFACE ( 'NONE', #2637, 2.999999999999997335 ) ;
#3061 = CARTESIAN_POINT ( 'NONE',  ( 0.000000000000000000, 0.000000000000000000, 0.000000000000000000 ) ) ;
#3062 = EDGE_CURVE ( 'NONE', #1231, #1643, #1474, .T. ) ;
#3063 = LINE ( 'NONE', #1782, #1315 ) ;
#3064 = ORIENTED_EDGE ( 'NONE', *, *, #2851, .T. ) ;
#3065 = AXIS2_PLACEMENT_3D ( 'NONE', #1786, #1037, #799 ) ;
#3066 = VERTEX_POINT ( 'NONE', #1490 ) ;
#3067 = CARTESIAN_POINT ( 'NONE',  ( 38.00000000000000000, 133.4999999999999432, 0.000000000000000000 ) ) ;
#3068 = CARTESIAN_POINT ( 'NONE',  ( 3.999999999999999112, 164.4999999999999716, 5.000000000000000000 ) ) ;
#3069 = ADVANCED_FACE ( 'NONE', ( #1713 ), #1203, .F. ) ;
#3070 = ORIENTED_EDGE ( 'NONE', *, *, #1897, .F. ) ;
#3071 = DIRECTION ( 'NONE',  ( 1.000000000000000000, 0.000000000000000000, 0.000000000000000000 ) ) ;
#3072 = DIRECTION ( 'NONE',  ( 1.000000000000000000, 0.000000000000000000, 0.000000000000000000 ) ) ;
#3073 = VECTOR ( 'NONE', #2963, 1000.000000000000000 ) ;
#3074 = DIRECTION ( 'NONE',  ( 1.000000000000000000, 0.000000000000000000, 0.000000000000000000 ) ) ;
#3075 = AXIS2_PLACEMENT_3D ( 'NONE', #1341, #2365, #52 ) ;
#3076 = AXIS2_PLACEMENT_3D ( 'NONE', #2807, #1318, #2051 ) ;
#3077 = DIRECTION ( 'NONE',  ( -0.000000000000000000, -0.000000000000000000, 1.000000000000000000 ) ) ;
#3078 = CYLINDRICAL_SURFACE ( 'NONE', #1023, 3.000000000000002665 ) ;
#3079 = ORIENTED_EDGE ( 'NONE', *, *, #3062, .T. ) ;
#3080 = ORIENTED_EDGE ( 'NONE', *, *, #1083, .F. ) ;
#3081 = CIRCLE ( 'NONE', #2065, 1.649999999999998579 ) ;
#3082 = DIRECTION ( 'NONE',  ( 1.000000000000000000, 0.000000000000000000, 0.000000000000000000 ) ) ;
#3083 = EDGE_CURVE ( 'NONE', #1878, #1076, #1235, .T. ) ;
#3084 = LINE ( 'NONE', #3111, #2817 ) ;
#3085 = AXIS2_PLACEMENT_3D ( 'NONE', #2472, #1167, #2219 ) ;
#3086 = VERTEX_POINT ( 'NONE', #406 ) ;
#3087 = CARTESIAN_POINT ( 'NONE',  ( 115.4999999999999858, 89.99999999999998579, 0.000000000000000000 ) ) ;
#3088 = DIRECTION ( 'NONE',  ( 1.000000000000000000, 0.000000000000000000, 0.000000000000000000 ) ) ;
#3089 = CARTESIAN_POINT ( 'NONE',  ( 82.49999999999998579, 133.4999999999999432, 5.000000000000000000 ) ) ;
#3090 = FACE_OUTER_BOUND ( 'NONE', #1513, .T. ) ;
#3091 = EDGE_CURVE ( 'NONE', #537, #2205, #2328, .T. ) ;
#3092 = LINE ( 'NONE', #781, #2805 ) ;
#3093 = EDGE_LOOP ( 'NONE', ( #1731, #2060, #2026, #2928 ) ) ;
#3094 = EDGE_CURVE ( 'NONE', #2275, #281, #1950, .T. ) ;
#3095 = ORIENTED_EDGE ( 'NONE', *, *, #2286, .F. ) ;
#3096 = CARTESIAN_POINT ( 'NONE',  ( 114.0000000000000142, 109.9999999999999716, -2.000000000000000000 ) ) ;
#3097 = ORIENTED_EDGE ( 'NONE', *, *, #2235, .F. ) ;
#3098 = ORIENTED_EDGE ( 'NONE', *, *, #1213, .T. ) ;
#3099 = VECTOR ( 'NONE', #2005, 1000.000000000000000 ) ;
#3100 = CARTESIAN_POINT ( 'NONE',  ( 9.999999999999998224, 133.4999999999999432, 8.000000000000000000 ) ) ;
#3101 = DIRECTION ( 'NONE',  ( -0.000000000000000000, -0.000000000000000000, 1.000000000000000000 ) ) ;
#3102 = EDGE_CURVE ( 'NONE', #1925, #884, #976, .T. ) ;
#3103 = AXIS2_PLACEMENT_3D ( 'NONE', #2700, #1130, #392 ) ;
#3104 = FACE_BOUND ( 'NONE', #1905, .T. ) ;
#3105 = CIRCLE ( 'NONE', #900, 1.750000000000001554 ) ;
#3106 = DIRECTION ( 'NONE',  ( -0.000000000000000000, 0.000000000000000000, 1.000000000000000000 ) ) ;
#3107 = CARTESIAN_POINT ( 'NONE',  ( 111.7499999999999716, 133.4999999999999432, 5.000000000000000000 ) ) ;
#3108 = ORIENTED_EDGE ( 'NONE', *, *, #771, .T. ) ;
#3109 = ORIENTED_EDGE ( 'NONE', *, *, #332, .F. ) ;
#3110 = DIRECTION ( 'NONE',  ( -0.000000000000000000, 0.000000000000000000, 1.000000000000000000 ) ) ;
#3111 = CARTESIAN_POINT ( 'NONE',  ( -1.274442531100688235E-29, 167.4999999999999716, 8.000000000000000000 ) ) ;
#3112 = ORIENTED_EDGE ( 'NONE', *, *, #1038, .F. ) ;
#3113 = ORIENTED_EDGE ( 'NONE', *, *, #17, .T. ) ;
#3114 = EDGE_CURVE ( 'NONE', #768, #281, #862, .T. ) ;
#3115 = DIRECTION ( 'NONE',  ( -0.000000000000000000, 0.000000000000000000, 1.000000000000000000 ) ) ;
#3116 = EDGE_CURVE ( 'NONE', #3004, #1454, #2862, .T. ) ;
#3117 = DIRECTION ( 'NONE',  ( 1.000000000000000000, 0.000000000000000000, 0.000000000000000000 ) ) ;
#3118 = ORIENTED_EDGE ( 'NONE', *, *, #604, .F. ) ;
#3119 = DIRECTION ( 'NONE',  ( -1.000000000000000000, 0.000000000000000000, 0.000000000000000000 ) ) ;
#3120 = EDGE_CURVE ( 'NONE', #2088, #2387, #2278, .T. ) ;
#3121 = DIRECTION ( 'NONE',  ( 0.000000000000000000, 0.000000000000000000, 1.000000000000000000 ) ) ;
#3122 = ORIENTED_EDGE ( 'NONE', *, *, #2470, .F. ) ;
#3123 = ADVANCED_FACE ( 'NONE', ( #485 ), #1021, .F. ) ;
#3124 = EDGE_CURVE ( 'NONE', #1375, #2379, #767, .T. ) ;
#3125 = ORIENTED_EDGE ( 'NONE', *, *, #2782, .T. ) ;
#3126 = CARTESIAN_POINT ( 'NONE',  ( 69.50000000000000000, 121.4999999999999574, -2.000000000000000000 ) ) ;
#3127 = SURFACE_SIDE_STYLE ('',( #2102 ) ) ;
#3128 = VERTEX_POINT ( 'NONE', #7 ) ;
#3129 = ORIENTED_EDGE ( 'NONE', *, *, #3083, .F. ) ;
#3130 = CYLINDRICAL_SURFACE ( 'NONE', #230, 1.600000000000004086 ) ;
#3131 = DIRECTION ( 'NONE',  ( -0.000000000000000000, 0.000000000000000000, 1.000000000000000000 ) ) ;
#3132 = EDGE_CURVE ( 'NONE', #436, #1982, #2376, .T. ) ;
#3133 = EDGE_LOOP ( 'NONE', ( #1839, #1469 ) ) ;
#3134 = CARTESIAN_POINT ( 'NONE',  ( 49.50000000000021316, 101.4999999999999574, 8.000000000000000000 ) ) ;
#3135 = DIRECTION ( 'NONE',  ( 0.000000000000000000, -0.000000000000000000, -1.000000000000000000 ) ) ;
#3136 = ORIENTED_EDGE ( 'NONE', *, *, #158, .F. ) ;
#3137 = DIRECTION ( 'NONE',  ( 0.000000000000000000, 0.000000000000000000, 1.000000000000000000 ) ) ;
#3138 = PRESENTATION_STYLE_ASSIGNMENT (( #824 ) ) ;
#3139 = EDGE_LOOP ( 'NONE', ( #115, #2875, #1582, #2765 ) ) ;
#3140 = ORIENTED_EDGE ( 'NONE', *, *, #1583, .F. ) ;
#3141 = FACE_OUTER_BOUND ( 'NONE', #2137, .T. ) ;
#3142 = AXIS2_PLACEMENT_3D ( 'NONE', #1439, #405, #439 ) ;
#3143 = LINE ( 'NONE', #2893, #181 ) ;
#3144 = DIRECTION ( 'NONE',  ( 0.000000000000000000, 0.000000000000000000, 1.000000000000000000 ) ) ;
#3145 = DIRECTION ( 'NONE',  ( -0.000000000000000000, -0.000000000000000000, 1.000000000000000000 ) ) ;
#3146 = ORIENTED_EDGE ( 'NONE', *, *, #1897, .T. ) ;
#3147 = VERTEX_POINT ( 'NONE', #3316 ) ;
#3148 = DIRECTION ( 'NONE',  ( 0.000000000000000000, 0.000000000000000000, 1.000000000000000000 ) ) ;
#3149 = ORIENTED_EDGE ( 'NONE', *, *, #3116, .T. ) ;
#3150 = AXIS2_PLACEMENT_3D ( 'NONE', #665, #1762, #2524 ) ;
#3151 = AXIS2_PLACEMENT_3D ( 'NONE', #2705, #591, #126 ) ;
#3152 = EDGE_CURVE ( 'NONE', #2745, #814, #3084, .T. ) ;
#3153 = FACE_BOUND ( 'NONE', #32, .T. ) ;
#3154 = LINE ( 'NONE', #2690, #311 ) ;
#3155 = DIRECTION ( 'NONE',  ( 0.000000000000000000, 0.000000000000000000, 1.000000000000000000 ) ) ;
#3156 = ORIENTED_EDGE ( 'NONE', *, *, #624, .F. ) ;
#3157 = VERTEX_POINT ( 'NONE', #247 ) ;
#3158 = ORIENTED_EDGE ( 'NONE', *, *, #1269, .F. ) ;
#3159 = DIRECTION ( 'NONE',  ( -0.000000000000000000, -0.000000000000000000, -1.000000000000000000 ) ) ;
#3160 = CARTESIAN_POINT ( 'NONE',  ( 8.750000000000003553, 164.4999999999999716, 5.000000000000000000 ) ) ;
#3161 = EDGE_CURVE ( 'NONE', #863, #3017, #2650, .T. ) ;
#3162 = VECTOR ( 'NONE', #1498, 1000.000000000000000 ) ;
#3163 = AXIS2_PLACEMENT_3D ( 'NONE', #3067, #1531, #260 ) ;
#3164 = CARTESIAN_POINT ( 'NONE',  ( 67.90000000000001990, 121.4999999999999574, 8.000000000000000000 ) ) ;
#3165 = DIRECTION ( 'NONE',  ( 1.000000000000000000, 0.000000000000000000, 0.000000000000000000 ) ) ;
#3166 = ORIENTED_EDGE ( 'NONE', *, *, #1904, .F. ) ;
#3167 = ORIENTED_EDGE ( 'NONE', *, *, #3102, .F. ) ;
#3168 = LINE ( 'NONE', #610, #415 ) ;
#3169 = ORIENTED_EDGE ( 'NONE', *, *, #1733, .F. ) ;
#3170 = PLANE ( 'NONE',  #2086 ) ;
#3171 = DIRECTION ( 'NONE',  ( 1.000000000000000000, 0.000000000000000000, 0.000000000000000000 ) ) ;
#3172 = CARTESIAN_POINT ( 'NONE',  ( 4.400000000000000355, 94.49999999999995737, 0.000000000000000000 ) ) ;
#3173 = VERTEX_POINT ( 'NONE', #3302 ) ;
#3174 = VECTOR ( 'NONE', #671, 1000.000000000000000 ) ;
#3175 = EDGE_LOOP ( 'NONE', ( #2230, #1874, #885, #65, #2721, #3233 ) ) ;
#3176 = VECTOR ( 'NONE', #2224, 1000.000000000000000 ) ;
#3177 = EDGE_LOOP ( 'NONE', ( #2464, #3064, #189, #1686 ) ) ;
#3178 = ORIENTED_EDGE ( 'NONE', *, *, #3027, .T. ) ;
#3179 = EDGE_CURVE ( 'NONE', #1178, #2695, #2063, .T. ) ;
#3180 = LINE ( 'NONE', #2971, #1759 ) ;
#3181 = DIRECTION ( 'NONE',  ( 0.000000000000000000, 0.000000000000000000, 1.000000000000000000 ) ) ;
#3182 = CIRCLE ( 'NONE', #1303, 11.25000000000001776 ) ;
#3183 = CARTESIAN_POINT ( 'NONE',  ( 34.00000000000014921, 94.49999999999992895, 0.000000000000000000 ) ) ;
#3184 = CARTESIAN_POINT ( 'NONE',  ( 10.00000000000000178, 164.4999999999999716, 8.000000000000000000 ) ) ;
#3185 = VERTEX_POINT ( 'NONE', #530 ) ;
#3186 = VECTOR ( 'NONE', #2992, 1000.000000000000000 ) ;
#3187 = ORIENTED_EDGE ( 'NONE', *, *, #388, .F. ) ;
#3188 = DIRECTION ( 'NONE',  ( 0.000000000000000000, 0.000000000000000000, 1.000000000000000000 ) ) ;
#3189 = ORIENTED_EDGE ( 'NONE', *, *, #2323, .F. ) ;
#3190 = EDGE_CURVE ( 'NONE', #2641, #1296, #1294, .T. ) ;
#3191 = DIRECTION ( 'NONE',  ( 0.000000000000000000, 0.000000000000000000, 1.000000000000000000 ) ) ;
#3192 = CARTESIAN_POINT ( 'NONE',  ( 106.3499999999999801, 94.99999999999998579, 8.000000000000000000 ) ) ;
#3193 = CARTESIAN_POINT ( 'NONE',  ( 113.4999999999999858, 164.4999999999999716, 8.000000000000000000 ) ) ;
#3194 = ORIENTED_EDGE ( 'NONE', *, *, #2325, .F. ) ;
#3195 = VERTEX_POINT ( 'NONE', #2566 ) ;
#3196 = ADVANCED_FACE ( 'NONE', ( #1546 ), #772, .F. ) ;
#3197 = DIRECTION ( 'NONE',  ( 1.000000000000000000, 0.000000000000000000, 0.000000000000000000 ) ) ;
#3198 = EDGE_LOOP ( 'NONE', ( #468, #1819, #2421, #169 ) ) ;
#3199 = LINE ( 'NONE', #3220, #1853 ) ;
#3200 = CARTESIAN_POINT ( 'NONE',  ( 101.9999999999999574, 109.9999999999999716, 8.000000000000000000 ) ) ;
#3201 = VECTOR ( 'NONE', #2548, 1000.000000000000000 ) ;
#3202 = AXIS2_PLACEMENT_3D ( 'NONE', #345, #1673, #327 ) ;
#3203 = EDGE_CURVE ( 'NONE', #2216, #2355, #3081, .T. ) ;
#3204 = DIRECTION ( 'NONE',  ( -0.000000000000000000, -0.000000000000000000, 1.000000000000000000 ) ) ;
#3205 = DIRECTION ( 'NONE',  ( 0.000000000000000000, 0.000000000000000000, 1.000000000000000000 ) ) ;
#3206 = ORIENTED_EDGE ( 'NONE', *, *, #1592, .F. ) ;
#3207 = ORIENTED_EDGE ( 'NONE', *, *, #638, .T. ) ;
#3208 = CARTESIAN_POINT ( 'NONE',  ( -3.409459138976043712E-30, 89.99999999999998579, 0.000000000000000000 ) ) ;
#3209 = AXIS2_PLACEMENT_3D ( 'NONE', #2868, #3135, #2652 ) ;
#3210 = CYLINDRICAL_SURFACE ( 'NONE', #1424, 2.000000000000015543 ) ;
#3211 = CARTESIAN_POINT ( 'NONE',  ( 113.4999999999999858, 133.4999999999999432, 5.000000000000000000 ) ) ;
#3212 = DIRECTION ( 'NONE',  ( -0.000000000000000000, 0.000000000000000000, 1.000000000000000000 ) ) ;
#3213 = CIRCLE ( 'NONE', #1497, 2.999999999999988898 ) ;
#3214 = CARTESIAN_POINT ( 'NONE',  ( 84.24999999999998579, 133.4999999999999432, 8.000000000000000000 ) ) ;
#3215 = AXIS2_PLACEMENT_3D ( 'NONE', #1431, #3229, #2924 ) ;
#3216 = ORIENTED_EDGE ( 'NONE', *, *, #1694, .F. ) ;
#3217 = ORIENTED_EDGE ( 'NONE', *, *, #2323, .T. ) ;
#3218 = EDGE_LOOP ( 'NONE', ( #752, #1753 ) ) ;
#3219 = ORIENTED_EDGE ( 'NONE', *, *, #641, .T. ) ;
#3220 = CARTESIAN_POINT ( 'NONE',  ( 115.2500000000000284, 109.9999999999999716, -2.000000000000000000 ) ) ;
#3221 = PLANE ( 'NONE',  #663 ) ;
#3222 = ADVANCED_FACE ( 'NONE', ( #1803 ), #2829, .F. ) ;
#3223 = PLANE ( 'NONE',  #1412 ) ;
#3224 = DIRECTION ( 'NONE',  ( -0.000000000000000000, -0.000000000000000000, 1.000000000000000000 ) ) ;
#3225 = ORIENTED_EDGE ( 'NONE', *, *, #3027, .F. ) ;
#3226 = ORIENTED_EDGE ( 'NONE', *, *, #26, .T. ) ;
#3227 = DIRECTION ( 'NONE',  ( -0.000000000000000000, -0.000000000000000000, 1.000000000000000000 ) ) ;
#3228 = CYLINDRICAL_SURFACE ( 'NONE', #278, 2.000000000000001776 ) ;
#3229 = DIRECTION ( 'NONE',  ( -0.000000000000000000, -0.000000000000000000, 1.000000000000000000 ) ) ;
#3230 = FACE_BOUND ( 'NONE', #3133, .T. ) ;
#3231 = EDGE_CURVE ( 'NONE', #1820, #63, #2595, .T. ) ;
#3232 = DIRECTION ( 'NONE',  ( -0.000000000000000000, -0.000000000000000000, 1.000000000000000000 ) ) ;
#3233 = ORIENTED_EDGE ( 'NONE', *, *, #1242, .T. ) ;
#3234 = VERTEX_POINT ( 'NONE', #276 ) ;
#3235 = EDGE_CURVE ( 'NONE', #1669, #382, #800, .T. ) ;
#3236 = ADVANCED_FACE ( 'NONE', ( #20 ), #1578, .F. ) ;
#3237 = VECTOR ( 'NONE', #987, 1000.000000000000000 ) ;
#3238 = VERTEX_POINT ( 'NONE', #1251 ) ;
#3239 = VERTEX_POINT ( 'NONE', #3052 ) ;
#3240 = DIRECTION ( 'NONE',  ( -1.000000000000000000, 0.000000000000000000, 0.000000000000000000 ) ) ;
#3241 = VECTOR ( 'NONE', #2170, 1000.000000000000000 ) ;
#3242 = CARTESIAN_POINT ( 'NONE',  ( 47.90000000000001279, 121.4999999999999574, 8.000000000000000000 ) ) ;
#3243 = MECHANICAL_DESIGN_GEOMETRIC_PRESENTATION_REPRESENTATION (  '', ( #2361 ), #1195 ) ;
#3244 = CIRCLE ( 'NONE', #762, 1.750000000000001554 ) ;
#3245 = DIRECTION ( 'NONE',  ( 0.000000000000000000, 0.000000000000000000, 1.000000000000000000 ) ) ;
#3246 = LINE ( 'NONE', #3304, #831 ) ;
#3247 = VERTEX_POINT ( 'NONE', #2798 ) ;
#3248 = FACE_OUTER_BOUND ( 'NONE', #1354, .T. ) ;
#3249 = AXIS2_PLACEMENT_3D ( 'NONE', #664, #893, #1697 ) ;
#3250 = DIRECTION ( 'NONE',  ( 1.000000000000000000, 0.000000000000000000, 0.000000000000000000 ) ) ;
#3251 = AXIS2_PLACEMENT_3D ( 'NONE', #994, #2858, #1532 ) ;
#3252 = FACE_OUTER_BOUND ( 'NONE', #1179, .T. ) ;
#3253 = CARTESIAN_POINT ( 'NONE',  ( 101.9999999999999574, 109.9999999999999716, 8.000000000000000000 ) ) ;
#3254 = CARTESIAN_POINT ( 'NONE',  ( 101.9999999999999858, 99.99999999999997158, 0.000000000000000000 ) ) ;
#3255 = ORIENTED_EDGE ( 'NONE', *, *, #2785, .F. ) ;
#3256 = VERTEX_POINT ( 'NONE', #1518 ) ;
#3257 = ORIENTED_EDGE ( 'NONE', *, *, #1050, .T. ) ;
#3258 = CARTESIAN_POINT ( 'NONE',  ( 0.000000000000000000, 98.99999999999997158, 8.000000000000000000 ) ) ;
#3259 = DIRECTION ( 'NONE',  ( 1.000000000000000000, 0.000000000000000000, 0.000000000000000000 ) ) ;
#3260 = FACE_OUTER_BOUND ( 'NONE', #1345, .T. ) ;
#3261 = CARTESIAN_POINT ( 'NONE',  ( 33.75000000000001421, 148.9999999999999716, 0.000000000000000000 ) ) ;
#3262 = AXIS2_PLACEMENT_3D ( 'NONE', #3285, #1771, #2009 ) ;
#3263 = ORIENTED_EDGE ( 'NONE', *, *, #2357, .F. ) ;
#3264 = LINE ( 'NONE', #1463, #511 ) ;
#3265 = DIRECTION ( 'NONE',  ( -0.000000000000000000, -0.000000000000000000, 1.000000000000000000 ) ) ;
#3266 = AXIS2_PLACEMENT_3D ( 'NONE', #718, #3282, #2436 ) ;
#3267 = DIRECTION ( 'NONE',  ( 1.000000000000000000, 0.000000000000000000, 0.000000000000000000 ) ) ;
#3268 = FACE_OUTER_BOUND ( 'NONE', #3338, .T. ) ;
#3269 = ORIENTED_EDGE ( 'NONE', *, *, #1138, .T. ) ;
#3270 = AXIS2_PLACEMENT_3D ( 'NONE', #3042, #2993, #2239 ) ;
#3271 = DIRECTION ( 'NONE',  ( -0.000000000000000000, -0.000000000000000000, 1.000000000000000000 ) ) ;
#3272 = EDGE_CURVE ( 'NONE', #2649, #2900, #2553, .T. ) ;
#3273 = ORIENTED_EDGE ( 'NONE', *, *, #2174, .T. ) ;
#3274 = LINE ( 'NONE', #3301, #1543 ) ;
#3275 = CARTESIAN_POINT ( 'NONE',  ( 119.5000000000000000, 0.000000000000000000, 8.000000000000000000 ) ) ;
#3276 = CIRCLE ( 'NONE', #1658, 1.599999999999990319 ) ;
#3277 = CARTESIAN_POINT ( 'NONE',  ( 105.9999999999999716, 167.0000000000000000, 0.000000000000000000 ) ) ;
#3278 = LINE ( 'NONE', #1971, #2134 ) ;
#3279 = EDGE_CURVE ( 'NONE', #294, #1859, #1306, .T. ) ;
#3280 = ADVANCED_FACE ( 'NONE', ( #560 ), #899, .F. ) ;
#3281 = EDGE_CURVE ( 'NONE', #333, #541, #1702, .T. ) ;
#3282 = DIRECTION ( 'NONE',  ( 0.000000000000000000, -0.000000000000000000, -1.000000000000000000 ) ) ;
#3283 = CARTESIAN_POINT ( 'NONE',  ( 113.9999999999999858, 99.99999999999997158, 8.000000000000000000 ) ) ;
#3284 = CYLINDRICAL_SURFACE ( 'NONE', #2158, 1.750000000000001554 ) ;
#3285 = CARTESIAN_POINT ( 'NONE',  ( 113.4999999999999858, 164.4999999999999716, 8.000000000000000000 ) ) ;
#3286 = ORIENTED_EDGE ( 'NONE', *, *, #1269, .T. ) ;
#3287 = VERTEX_POINT ( 'NONE', #323 ) ;
#3288 = CYLINDRICAL_SURFACE ( 'NONE', #618, 3.000000000000000888 ) ;
#3289 = DIRECTION ( 'NONE',  ( 0.000000000000000000, 0.000000000000000000, 1.000000000000000000 ) ) ;
#3290 = DIRECTION ( 'NONE',  ( 1.000000000000000000, 0.000000000000000000, 0.000000000000000000 ) ) ;
#3291 = DIRECTION ( 'NONE',  ( 1.000000000000000000, 0.000000000000000000, 0.000000000000000000 ) ) ;
#3292 = CIRCLE ( 'NONE', #2273, 1.750000000000003331 ) ;
#3293 = CARTESIAN_POINT ( 'NONE',  ( 6.000000000000003553, 94.49999999999995737, 0.000000000000000000 ) ) ;
#3294 = PRODUCT_CONTEXT ( 'NONE', #53, 'mechanical' ) ;
#3295 = CARTESIAN_POINT ( 'NONE',  ( 7.000000000000000888, 164.4999999999999716, 5.000000000000000000 ) ) ;
#3296 = CARTESIAN_POINT ( 'NONE',  ( 3.999999999999999112, 171.5000000000000000, 8.000000000000000000 ) ) ;
#3297 = DIRECTION ( 'NONE',  ( 1.000000000000000000, 0.000000000000000000, 0.000000000000000000 ) ) ;
#3298 = CIRCLE ( 'NONE', #2232, 2.000000000000001776 ) ;
#3299 = EDGE_LOOP ( 'NONE', ( #155, #257 ) ) ;
#3300 = VERTEX_POINT ( 'NONE', #147 ) ;
#3301 = CARTESIAN_POINT ( 'NONE',  ( 116.4999999999999858, 133.4999999999999432, 5.000000000000000000 ) ) ;
#3302 = CARTESIAN_POINT ( 'NONE',  ( 103.2499999999999574, 109.9999999999999716, 8.000000000000000000 ) ) ;
#3303 = DIRECTION ( 'NONE',  ( 1.000000000000000000, 0.000000000000000000, 0.000000000000000000 ) ) ;
#3304 = CARTESIAN_POINT ( 'NONE',  ( 110.5000000000000000, 164.4999999999999716, 5.000000000000000000 ) ) ;
#3305 = EDGE_CURVE ( 'NONE', #616, #2275, #449, .T. ) ;
#3306 = FACE_BOUND ( 'NONE', #1529, .T. ) ;
#3307 = AXIS2_PLACEMENT_3D ( 'NONE', #1512, #229, #2370 ) ;
#3308 = DIRECTION ( 'NONE',  ( -0.000000000000000000, -0.000000000000000000, -1.000000000000000000 ) ) ;
#3309 = DIRECTION ( 'NONE',  ( 1.000000000000000000, 0.000000000000000000, 0.000000000000000000 ) ) ;
#3310 = AXIS2_PLACEMENT_3D ( 'NONE', #1202, #2217, #3240 ) ;
#3311 = LINE ( 'NONE', #2810, #3201 ) ;
#3312 = ORIENTED_EDGE ( 'NONE', *, *, #2909, .F. ) ;
#3313 = ADVANCED_FACE ( 'NONE', ( #2385 ), #1155, .F. ) ;
#3314 = ORIENTED_EDGE ( 'NONE', *, *, #1695, .F. ) ;
#3315 = CARTESIAN_POINT ( 'NONE',  ( 114.0000000000000142, 109.9999999999999716, 8.000000000000000000 ) ) ;
#3316 = CARTESIAN_POINT ( 'NONE',  ( 11.24999999999998579, 148.9999999999999716, 8.000000000000000000 ) ) ;
#3317 = CIRCLE ( 'NONE', #1051, 1.750000000000001554 ) ;
#3318 = ORIENTED_EDGE ( 'NONE', *, *, #1525, .F. ) ;
#3319 = DIRECTION ( 'NONE',  ( 0.000000000000000000, 0.000000000000000000, 1.000000000000000000 ) ) ;
#3320 = CIRCLE ( 'NONE', #3270, 1.750000000000001554 ) ;
#3321 = DIRECTION ( 'NONE',  ( -0.000000000000000000, 0.000000000000000000, 1.000000000000000000 ) ) ;
#3322 = CLOSED_SHELL ( 'NONE', ( #222, #2259, #1128, #1833, #2779, #64, #1657, #776, #1612, #2247, #2816, #2873, #581, #3196, #2135, #347, #3337, #2600, #1126, #2673, #1445, #2609, #310, #466, #565, #871, #3069, #711, #3, #2871, #3280, #2082, #585, #2711, #915, #928, #2718, #1271, #676, #981, #2578, #739, #384, #182, #2144, #3123, #402, #3325, #2476, #1290, #749, #1760, #1832, #3025, #1491, #3236, #3222, #1236, #2314, #1886, #1480, #2541, #2780, #2792, #42, #953, #744, #2821, #2633, #1988, #947, #2735, #1860, #1681, #1909, #101, #2182, #88, #195, #1940, #1228, #2877, #918, #1574, #3313, #192, #1499, #2398, #1829, #103, #1194, #2534, #1580, #1486, #307, #240, #1567, #1371 ) ) ;
#3323 = FACE_BOUND ( 'NONE', #1575, .T. ) ;
#3324 = DIRECTION ( 'NONE',  ( 1.000000000000000000, 0.000000000000000000, 0.000000000000000000 ) ) ;
#3325 = ADVANCED_FACE ( 'NONE', ( #2366 ), #3210, .F. ) ;
#3326 = CARTESIAN_POINT ( 'NONE',  ( 86.74999999999997158, 148.9999999999999716, 0.000000000000000000 ) ) ;
#3327 = VERTEX_POINT ( 'NONE', #165 ) ;
#3328 = CIRCLE ( 'NONE', #575, 1.600000000000003419 ) ;
#3329 = VECTOR ( 'NONE', #2580, 1000.000000000000000 ) ;
#3330 = EDGE_CURVE ( 'NONE', #1416, #3247, #2863, .T. ) ;
#3331 = EDGE_LOOP ( 'NONE', ( #2483, #1312, #1119, #393 ) ) ;
#3332 = DIRECTION ( 'NONE',  ( -0.000000000000000000, -0.000000000000000000, -1.000000000000000000 ) ) ;
#3333 = ORIENTED_EDGE ( 'NONE', *, *, #479, .T. ) ;
#3334 = DIRECTION ( 'NONE',  ( 1.000000000000000000, 0.000000000000000000, 0.000000000000000000 ) ) ;
#3335 = DIRECTION ( 'NONE',  ( -0.000000000000000000, 0.000000000000000000, 1.000000000000000000 ) ) ;
#3336 = FACE_BOUND ( 'NONE', #1327, .T. ) ;
#3337 = ADVANCED_FACE ( 'NONE', ( #2209 ), #3228, .F. ) ;
#3338 = EDGE_LOOP ( 'NONE', ( #3189, #1141, #2073, #3118 ) ) ;
#3339 = AXIS2_PLACEMENT_3D ( 'NONE', #763, #2270, #1029 ) ;
#3340 = PRESENTATION_STYLE_ASSIGNMENT (( #1540 ) ) ;
ENDSEC;
END-ISO-10303-21;
