ISO-10303-21;
HEADER;
FILE_DESCRIPTION (( 'STEP AP214' ),
    '1' );
FILE_NAME ('Tr8x2 nut set.STEP',
    '2026-04-15T16:59:18',
    ( '' ),
    ( '' ),
    'SwSTEP 2.0',
    'SolidWorks 2021',
    '' );
FILE_SCHEMA (( 'AUTOMOTIVE_DESIGN' ));
ENDSEC;

DATA;
#1 = CARTESIAN_POINT ( 'NONE',  ( 0.5921458787066045115, 3.738661105659599748, 2.033974585258436552 ) ) ;
#2 = CARTESIAN_POINT ( 'NONE',  ( 2.676585940248914053, 2.676585755977737069, 1.833974585258435708 ) ) ;
#3 = CARTESIAN_POINT ( 'NONE',  ( 2.676585940248914053, 2.676585755977737069, 4.666025392827315876 ) ) ;
#4 = CARTESIAN_POINT ( 'NONE',  ( -3.653126813245569871, -1.861360923181277105, 4.599999989042878212 ) ) ;
#5 = CARTESIAN_POINT ( 'NONE',  ( 1.957150696398380463, -3.841124844479640643, -2.900000010957122232 ) ) ;
#6 = DIRECTION ( 'NONE',  ( 0.000000000000000000, 0.000000000000000000, 1.000000000000000000 ) ) ;
#7 = CARTESIAN_POINT ( 'NONE',  ( -1.861361174683003439, -3.653126685099040039, 8.799999989042877502 ) ) ;
#8 = CARTESIAN_POINT ( 'NONE',  ( -0.6743883618602996011, -4.257919592556767441, -2.000000010957124097 ) ) ;
#9 = CARTESIAN_POINT ( 'NONE',  ( -1.957150696398379353, 3.841124844479640643, 1.199999989042875415 ) ) ;
#10 = LINE ( 'NONE', #3738, #5976 ) ;
#11 = CARTESIAN_POINT ( 'NONE',  ( 0.5921458787066045115, 3.738661105659599748, 8.033974585258436107 ) ) ;
#12 = CIRCLE ( 'NONE', #4236, 4.250000000000000888 ) ;
#13 = CARTESIAN_POINT ( 'NONE',  ( -3.841124709738404253, 1.957150960842944709, 3.399999989042875814 ) ) ;
#14 = CARTESIAN_POINT ( 'NONE',  ( 4.257919638985430133, 0.6743880687212409075, -0.5000000109571227647 ) ) ;
#15 = CARTESIAN_POINT ( 'NONE',  ( -3.653126813245570315, -1.861360923181276883, 1.699999989042876081 ) ) ;
#16 = VERTEX_POINT ( 'NONE', #834 ) ;
#17 = CARTESIAN_POINT ( 'NONE',  ( 3.599999999999997424, -0.2833262069134584449, 4.390247292901423570 ) ) ;
#18 = CARTESIAN_POINT ( 'NONE',  ( 0.6743883618602999341, 4.257919592556767441, 4.999999989042876791 ) ) ;
#19 = CARTESIAN_POINT ( 'NONE',  ( -2.899137703068391581, 2.899137902661292454, 8.199999989042877857 ) ) ;
#20 = DIRECTION ( 'NONE',  ( -1.000000000000000000, -0.000000000000000000, -0.000000000000000000 ) ) ;
#21 = CARTESIAN_POINT ( 'NONE',  ( 3.653126813245570315, 1.861360923181276883, 5.599999989042878212 ) ) ;
#22 = CARTESIAN_POINT ( 'NONE',  ( -1.634365909477758505, -3.207623430818668187, -1.066025414741563981 ) ) ;
#23 = CARTESIAN_POINT ( 'NONE',  ( 2.545584324645417063, -2.545584499897719510, 4.166025392827316765 ) ) ;
#24 = CARTESIAN_POINT ( 'NONE',  ( 4.049522174361919191, -0.6413814460608517898, 0.4999999890428763472 ) ) ;
#25 = CARTESIAN_POINT ( 'NONE',  ( -0.6743883618602991570, -4.257919592556766553, -1.100000010957122631 ) ) ;
#26 = CARTESIAN_POINT ( 'NONE',  ( 3.048333987505708276, 3.048333777641312192, 1.699999989042877635 ) ) ;
#27 = CARTESIAN_POINT ( 'NONE',  ( 2.899137703068392025, -2.899137902661292454, 0.2999999890428758365 ) ) ;
#28 = CARTESIAN_POINT ( 'NONE',  ( -1.861361174683003439, -3.653126685099040039, -0.1000000109571234919 ) ) ;
#29 = CARTESIAN_POINT ( 'NONE',  ( -3.841124709738404253, 1.957150960842944709, 3.399999989042875814 ) ) ;
#30 = CARTESIAN_POINT ( 'NONE',  ( 1.957150696398380463, -3.841124844479640643, -2.900000010957122232 ) ) ;
#31 = CARTESIAN_POINT ( 'NONE',  ( -0.5631639517484248181, 3.555678045528178011, 6.966025392827316587 ) ) ;
#32 = CARTESIAN_POINT ( 'NONE',  ( 4.257919638985431909, 0.6743880687212407965, -2.500000010957122765 ) ) ;
#33 = CARTESIAN_POINT ( 'NONE',  ( -3.555678006756805676, 0.5631641965412349515, 2.533974585258436996 ) ) ;
#34 = DIRECTION ( 'NONE',  ( 1.000000000000000000, -0.000000000000000000, -0.000000000000000000 ) ) ;
#35 = CARTESIAN_POINT ( 'NONE',  ( 0.5921458787066047336, 3.738661105659600192, 6.866025392827316054 ) ) ;
#36 = CARTESIAN_POINT ( 'NONE',  ( -1.957150696398379353, 3.841124844479640199, -1.900000010957122898 ) ) ;
#37 = CARTESIAN_POINT ( 'NONE',  ( -1.861361174683003439, -3.653126685099040039, 2.799999989042877946 ) ) ;
#38 = CARTESIAN_POINT ( 'NONE',  ( 0.5631639517484254842, -3.555678045528177122, -0.8660254147415634707 ) ) ;
#39 = CARTESIAN_POINT ( 'NONE',  ( -4.257919638985431909, -0.6743880687212413516, 8.499999989042878568 ) ) ;
#40 = CARTESIAN_POINT ( 'NONE',  ( -3.653126813245570315, -1.861360923181276883, -2.300000010957123919 ) ) ;
#41 = CARTESIAN_POINT ( 'NONE',  ( -0.6743883618602996011, -4.257919592556767441, -2.000000010957124097 ) ) ;
#42 = CARTESIAN_POINT ( 'NONE',  ( 3.207623543337573047, 1.634365688646974624, -2.266025414741563715 ) ) ;
#43 = CARTESIAN_POINT ( 'NONE',  ( 1.861361174683003883, 3.653126685099039594, 2.899999989042875814 ) ) ;
#44 = CARTESIAN_POINT ( 'NONE',  ( -0.6743883618602991570, -4.257919592556766553, 4.899999989042877147 ) ) ;
#45 = CARTESIAN_POINT ( 'NONE',  ( -1.861361174683003439, -3.653126685099040039, 3.899999989042876702 ) ) ;
#46 = CARTESIAN_POINT ( 'NONE',  ( -3.207623543337572602, -1.634365688646975068, 6.733974585258436285 ) ) ;
#47 = ORIENTED_EDGE ( 'NONE', *, *, #305, .T. ) ;
#48 = CARTESIAN_POINT ( 'NONE',  ( 6.720610260001267378, -5.986100377805716022, 1.249999999999998446 ) ) ;
#49 = CARTESIAN_POINT ( 'NONE',  ( 3.653126813245570315, 1.861360923181276661, 4.699999989042876969 ) ) ;
#50 = CARTESIAN_POINT ( 'NONE',  ( 1.861361174683003883, 3.653126685099039594, -2.200000010957122942 ) ) ;
#51 = CARTESIAN_POINT ( 'NONE',  ( 3.841124709738403809, -1.957150960842944709, 7.299999989042878390 ) ) ;
#52 = CARTESIAN_POINT ( 'NONE',  ( -2.899137703068391581, 2.899137902661292454, 4.199999989042877857 ) ) ;
#53 = CARTESIAN_POINT ( 'NONE',  ( -3.600004033424187622, 0.2833007408810408467, 9.390249497161443415 ) ) ;
#54 = CIRCLE ( 'NONE', #4055, 4.250000000000000888 ) ;
#55 = CARTESIAN_POINT ( 'NONE',  ( -3.207623543337572602, -1.634365688646974846, 5.566025392827317120 ) ) ;
#56 = EDGE_CURVE ( 'NONE', #1851, #2381, #5233, .T. ) ;
#57 = CARTESIAN_POINT ( 'NONE',  ( -3.653126813245570315, -1.861360923181276883, 1.699999989042876081 ) ) ;
#58 = CARTESIAN_POINT ( 'NONE',  ( 2.899137703068392025, -2.899137902661292010, 3.199999989042877413 ) ) ;
#59 = CARTESIAN_POINT ( 'NONE',  ( 3.048333987505708276, 3.048333777641312192, -2.300000010957122587 ) ) ;
#60 = CARTESIAN_POINT ( 'NONE',  ( -3.048333987505707832, -3.048333777641312636, 1.799999989042877058 ) ) ;
#61 = CARTESIAN_POINT ( 'NONE',  ( 1.861361174683003883, 3.653126685099039594, 0.8999999890428757032 ) ) ;
#62 = CARTESIAN_POINT ( 'NONE',  ( -3.653126813245570315, -1.861360923181276883, -0.3000000109571240303 ) ) ;
#63 = CARTESIAN_POINT ( 'NONE',  ( 1.861361174683003439, 3.653126685099039594, -0.2000000109571228868 ) ) ;
#64 = STYLED_ITEM ( 'NONE', ( #225 ), #3238 ) ;
#65 = CARTESIAN_POINT ( 'NONE',  ( -3.600004033424187622, 0.2833007408810408467, 9.390249497161443415 ) ) ;
#66 = DIRECTION ( 'NONE',  ( 0.000000000000000000, 0.000000000000000000, 1.000000000000000000 ) ) ;
#67 = CARTESIAN_POINT ( 'NONE',  ( -2.676585940248912721, -2.676585755977737513, 2.833974585258435930 ) ) ;
#68 = CARTESIAN_POINT ( 'NONE',  ( -3.599999999999994316, 0.2833262069134788730, 2.558196485332541847 ) ) ;
#69 = LINE ( 'NONE', #4421, #170 ) ;
#70 = CARTESIAN_POINT ( 'NONE',  ( 0.5921458787066045115, 3.738661105659599748, 8.033974585258436107 ) ) ;
#71 = CARTESIAN_POINT ( 'NONE',  ( 3.841124709738403809, -1.957150960842944709, 1.299999989042878612 ) ) ;
#72 = EDGE_CURVE ( 'NONE', #3691, #4450, #205, .T. ) ;
#73 = CARTESIAN_POINT ( 'NONE',  ( 3.555678006756805676, -0.5631641965412353956, -2.466025414741564337 ) ) ;
#74 = CARTESIAN_POINT ( 'NONE',  ( -4.257919638985431909, -0.6743880687212413516, 4.499999989042877679 ) ) ;
#75 = CARTESIAN_POINT ( 'NONE',  ( 3.841124709738403809, -1.957150960842944709, -3.600000010957123298 ) ) ;
#76 = CARTESIAN_POINT ( 'NONE',  ( -2.899137703068391581, 2.899137902661292898, -0.7000000109571233864 ) ) ;
#77 = CARTESIAN_POINT ( 'NONE',  ( -0.5631639517484252622, 3.555678045528177567, -1.866025414741564248 ) ) ;
#78 = CARTESIAN_POINT ( 'NONE',  ( -4.049522174361919191, 0.6413814460608515677, 1.499999989042877235 ) ) ;
#79 = CARTESIAN_POINT ( 'NONE',  ( 4.257919638985430133, 0.6743880687212409075, 1.499999989042876791 ) ) ;
#80 = CARTESIAN_POINT ( 'NONE',  ( 0.6743883618602999341, 4.257919592556767441, 4.999999989042876791 ) ) ;
#81 = CARTESIAN_POINT ( 'NONE',  ( -3.841124709738404253, 1.957150960842944709, -2.600000010957123742 ) ) ;
#82 = ORIENTED_EDGE ( 'NONE', *, *, #4364, .F. ) ;
#83 = CARTESIAN_POINT ( 'NONE',  ( -4.257919638985431909, -0.6743880687212413516, 5.599999989042876436 ) ) ;
#84 = CARTESIAN_POINT ( 'NONE',  ( 3.599999999999997868, -3.948796571318586148E-15, 4.415402147540224753 ) ) ;
#85 = ADVANCED_FACE ( 'NONE', ( #2415 ), #344, .F. ) ;
#86 = CARTESIAN_POINT ( 'NONE',  ( -4.049522174361919191, 0.6413814460608515677, 5.499999989042876791 ) ) ;
#87 = CARTESIAN_POINT ( 'NONE',  ( 3.841124709738403809, -1.957150960842944709, 5.299999989042876614 ) ) ;
#88 = CARTESIAN_POINT ( 'NONE',  ( 0.4999999999999982792, -3.565108693995175493, 3.960550053940179005 ) ) ;
#89 = CARTESIAN_POINT ( 'NONE',  ( -3.653126813245569871, -1.861360923181277105, 4.599999989042878212 ) ) ;
#90 = CARTESIAN_POINT ( 'NONE',  ( -2.545584324645416618, 2.545584499897719954, 7.166025392827316765 ) ) ;
#91 = CARTESIAN_POINT ( 'NONE',  ( 2.676585940248914053, 2.676585755977737069, 2.666025392827315876 ) ) ;
#92 = CARTESIAN_POINT ( 'NONE',  ( -4.257919638985431909, -0.6743880687212413516, 5.599999989042876436 ) ) ;
#93 = CARTESIAN_POINT ( 'NONE',  ( -3.653126813245569871, -1.861360923181277105, 0.5999999890428774352 ) ) ;
#94 = VECTOR ( 'NONE', #4995, 1000.000000000000000 ) ;
#95 = FACE_OUTER_BOUND ( 'NONE', #4598, .T. ) ;
#96 = CARTESIAN_POINT ( 'NONE',  ( -3.048333987505707832, -3.048333777641312636, 3.799999989042876614 ) ) ;
#97 = CARTESIAN_POINT ( 'NONE',  ( -0.6413811672690397092, 4.049522218518203154, 5.999999989042877679 ) ) ;
#98 = CARTESIAN_POINT ( 'NONE',  ( -4.000000000000000888, -5.986100377805715134, 2.399999999999998579 ) ) ;
#99 = CARTESIAN_POINT ( 'NONE',  ( -1.957150696398379353, 3.841124844479640199, -1.900000010957122898 ) ) ;
#100 = EDGE_CURVE ( 'NONE', #4786, #3691, #6318, .T. ) ;
#101 = VERTEX_POINT ( 'NONE', #3701 ) ;
#102 = CARTESIAN_POINT ( 'NONE',  ( -3.555678006756805676, 0.5631641965412353956, -0.6339746071726826138 ) ) ;
#103 = CARTESIAN_POINT ( 'NONE',  ( -3.841124709738404253, 1.957150960842944709, 3.399999989042875814 ) ) ;
#104 = CARTESIAN_POINT ( 'NONE',  ( -4.257919638985431909, -0.6743880687212413516, -3.500000010957124097 ) ) ;
#105 = CARTESIAN_POINT ( 'NONE',  ( -3.555678006756805676, 0.5631641965412349515, 4.533974585258436107 ) ) ;
#106 = CARTESIAN_POINT ( 'NONE',  ( 0.5000000701683767756, -3.565108684149226992, 5.128430125578461229 ) ) ;
#107 = CARTESIAN_POINT ( 'NONE',  ( 1.718473782203455036, -3.372694985396756273, 6.066025392827316232 ) ) ;
#108 = CARTESIAN_POINT ( 'NONE',  ( -1.861361174683002995, -3.653126685099040039, -3.200000010957122054 ) ) ;
#109 = CARTESIAN_POINT ( 'NONE',  ( 1.718473782203455258, -3.372694985396755829, 1.233974585258436063 ) ) ;
#110 = CARTESIAN_POINT ( 'NONE',  ( -3.372694867087378423, 1.718474014398681859, -3.566025414741563537 ) ) ;
#111 = CARTESIAN_POINT ( 'NONE',  ( 3.048333987505708276, 3.048333777641312192, 5.699999989042876081 ) ) ;
#112 = CARTESIAN_POINT ( 'NONE',  ( -3.653126813245570315, -1.861360923181276883, -4.300000010957123919 ) ) ;
#113 = CARTESIAN_POINT ( 'NONE',  ( -4.257919638985431909, -0.6743880687212413516, -0.4000000109571233420 ) ) ;
#114 = CARTESIAN_POINT ( 'NONE',  ( -1.861361174683003439, -3.653126685099040039, -4.100000010957123742 ) ) ;
#115 = CARTESIAN_POINT ( 'NONE',  ( -3.207623543337572602, -1.634365688646975068, 0.7339745852584355079 ) ) ;
#116 = CARTESIAN_POINT ( 'NONE',  ( -1.861361174683003439, -3.653126685099040039, -0.1000000109571234919 ) ) ;
#117 = CARTESIAN_POINT ( 'NONE',  ( 0.6743883618602993790, 4.257919592556766553, 1.899999989042878035 ) ) ;
#118 = CARTESIAN_POINT ( 'NONE',  ( 1.957150696398380463, -3.841124844479640643, 0.1999999890428764415 ) ) ;
#119 = CARTESIAN_POINT ( 'NONE',  ( 1.861361174683003883, 3.653126685099039594, -1.100000010957124408 ) ) ;
#120 = ORIENTED_EDGE ( 'NONE', *, *, #5622, .F. ) ;
#121 = CARTESIAN_POINT ( 'NONE',  ( -4.100000000000004974, -1.839369435481412074, 9.692768001529897148 ) ) ;
#122 = CARTESIAN_POINT ( 'NONE',  ( -3.738661146426232484, -0.5921456213162119564, 7.466025392827316587 ) ) ;
#123 = VECTOR ( 'NONE', #1572, 1000.000000000000000 ) ;
#124 = CARTESIAN_POINT ( 'NONE',  ( 3.841124709738403809, -1.957150960842944709, 4.399999989042875370 ) ) ;
#125 = CARTESIAN_POINT ( 'NONE',  ( -1.861361174683002995, -3.653126685099040039, 2.799999989042877946 ) ) ;
#126 = CARTESIAN_POINT ( 'NONE',  ( -3.207623543337572602, -1.634365688646975068, -3.266025414741564603 ) ) ;
#127 = CARTESIAN_POINT ( 'NONE',  ( -0.6413811672690400423, 4.049522218518203154, 5.999999989042877679 ) ) ;
#128 = CARTESIAN_POINT ( 'NONE',  ( -3.372694867087378423, 1.718474014398682526, 1.266025392827316409 ) ) ;
#129 = CARTESIAN_POINT ( 'NONE',  ( 0.6743883618602999341, 4.257919592556767441, 8.999999989042876791 ) ) ;
#130 = CARTESIAN_POINT ( 'NONE',  ( 0.5921458787066045115, 3.738661105659599748, 8.033974585258436107 ) ) ;
#131 = EDGE_CURVE ( 'NONE', #4129, #4053, #2579, .T. ) ;
#132 = CARTESIAN_POINT ( 'NONE',  ( -4.000000000000000888, -8.786100377805714956, 5.616580753730951336 ) ) ;
#133 = CARTESIAN_POINT ( 'NONE',  ( -4.257919638985431909, -0.6743880687212413516, -0.4000000109571233420 ) ) ;
#134 = CARTESIAN_POINT ( 'NONE',  ( -1.861361174683003439, -3.653126685099040039, 8.799999989042877502 ) ) ;
#135 = CARTESIAN_POINT ( 'NONE',  ( 0.6743883618602999341, 4.257919592556767441, -1.000000010957123209 ) ) ;
#136 = CARTESIAN_POINT ( 'NONE',  ( -4.049522174361919191, 0.6413814460608511236, 0.3999999890428787008 ) ) ;
#137 = ORIENTED_EDGE ( 'NONE', *, *, #6482, .F. ) ;
#138 = CARTESIAN_POINT ( 'NONE',  ( 2.545584324645417063, -2.545584499897719510, 0.1660253928273160151 ) ) ;
#139 = CARTESIAN_POINT ( 'NONE',  ( 0.4999999999999995559, -3.908482078909108814, 4.047969133321431379 ) ) ;
#140 = ADVANCED_FACE ( 'NONE', ( #5325 ), #1885, .F. ) ;
#141 = CARTESIAN_POINT ( 'NONE',  ( -1.861361174683003439, -3.653126685099040039, -3.200000010957122054 ) ) ;
#142 = CARTESIAN_POINT ( 'NONE',  ( -3.555678006756805676, 0.5631641965412353956, -0.6339746071726826138 ) ) ;
#143 = FACE_OUTER_BOUND ( 'NONE', #2952, .T. ) ;
#144 = CARTESIAN_POINT ( 'NONE',  ( -3.738661146426232484, -0.5921456213162119564, 3.466025392827317031 ) ) ;
#145 = FACE_OUTER_BOUND ( 'NONE', #2544, .T. ) ;
#146 = CARTESIAN_POINT ( 'NONE',  ( 3.653126813245570315, 1.861360923181276883, -2.400000010957121788 ) ) ;
#147 = CARTESIAN_POINT ( 'NONE',  ( 0.6413811672690400423, -4.049522218518203154, -3.000000010957121432 ) ) ;
#148 = DIRECTION ( 'NONE',  ( -0.000000000000000000, -0.000000000000000000, -1.000000000000000000 ) ) ;
#149 = CARTESIAN_POINT ( 'NONE',  ( 4.049522174361919191, -0.6413814460608517898, 3.399999989042878035 ) ) ;
#150 = CARTESIAN_POINT ( 'NONE',  ( -3.841124709738404253, 1.957150960842944709, -2.600000010957123742 ) ) ;
#151 = CARTESIAN_POINT ( 'NONE',  ( 0.6413811672690400423, -4.049522218518203154, 8.999999989042878568 ) ) ;
#152 = CARTESIAN_POINT ( 'NONE',  ( 0.000000000000000000, 0.000000000000000000, 8.000000000000000000 ) ) ;
#153 = CARTESIAN_POINT ( 'NONE',  ( 2.545584324645417063, -2.545584499897719510, 6.166025392827316765 ) ) ;
#154 = CARTESIAN_POINT ( 'NONE',  ( -3.207623543337572602, -1.634365688646975068, -1.266025414741564603 ) ) ;
#155 = CARTESIAN_POINT ( 'NONE',  ( 1.957150696398380463, -3.841124844479640643, -1.800000010957123475 ) ) ;
#156 = CARTESIAN_POINT ( 'NONE',  ( 1.634365909477758727, 3.207623430818667742, 7.933974585258435575 ) ) ;
#157 = CARTESIAN_POINT ( 'NONE',  ( -1.861361174683003439, -3.653126685099040039, 5.899999989042876258 ) ) ;
#158 = DIRECTION ( 'NONE',  ( -0.000000000000000000, -0.000000000000000000, -1.000000000000000000 ) ) ;
#159 = ORIENTED_EDGE ( 'NONE', *, *, #5406, .F. ) ;
#160 = CARTESIAN_POINT ( 'NONE',  ( -2.215662701574462989, -3.458143948255934408, -1.110725450654271134E-14 ) ) ;
#161 = CARTESIAN_POINT ( 'NONE',  ( 7.218763303663798148, -5.378485352156276988, 1.313364281439432180 ) ) ;
#162 = CARTESIAN_POINT ( 'NONE',  ( -1.861361174683003439, -3.653126685099040039, 7.899999989042876258 ) ) ;
#163 = CARTESIAN_POINT ( 'NONE',  ( 3.841124709738403809, -1.957150960842944709, 7.299999989042879278 ) ) ;
#164 = CARTESIAN_POINT ( 'NONE',  ( -3.993179307548634593, -0.9604324689136646276, 8.000000000000005329 ) ) ;
#165 = CARTESIAN_POINT ( 'NONE',  ( -3.048333987505707388, -3.048333777641312636, 4.699999989042877857 ) ) ;
#166 = CARTESIAN_POINT ( 'NONE',  ( -2.545584324645416618, 2.545584499897719954, 3.166025392827316765 ) ) ;
#167 = CARTESIAN_POINT ( 'NONE',  ( -4.049522174361919191, 0.6413814460608515677, -4.500000010957124985 ) ) ;
#168 = CARTESIAN_POINT ( 'NONE',  ( -3.738661146426231596, -0.5921456213162122895, 8.633974585258437529 ) ) ;
#169 = CARTESIAN_POINT ( 'NONE',  ( 0.000000000000000000, 0.000000000000000000, 8.500000000000000000 ) ) ;
#170 = VECTOR ( 'NONE', #2752, 1000.000000000000000 ) ;
#171 = CARTESIAN_POINT ( 'NONE',  ( -1.861361174683003439, -3.653126685099040039, -4.100000010957123742 ) ) ;
#172 = CARTESIAN_POINT ( 'NONE',  ( 1.957150696398380463, -3.841124844479640643, -3.800000010957123919 ) ) ;
#173 = CARTESIAN_POINT ( 'NONE',  ( 2.676585940248913165, 2.676585755977737069, 5.833974585258435930 ) ) ;
#174 = ORIENTED_EDGE ( 'NONE', *, *, #6181, .F. ) ;
#175 = CARTESIAN_POINT ( 'NONE',  ( 0.5631639517484252622, -3.555678045528178011, -2.033974607172682969 ) ) ;
#176 = CARTESIAN_POINT ( 'NONE',  ( -3.653126813245570315, -1.861360923181276883, 3.699999989042876969 ) ) ;
#177 = ADVANCED_FACE ( 'NONE', ( #95 ), #592, .F. ) ;
#178 = CARTESIAN_POINT ( 'NONE',  ( -0.6413811672690397092, 4.049522218518203154, -2.000000010957122321 ) ) ;
#179 = CARTESIAN_POINT ( 'NONE',  ( -1.957150696398379353, 3.841124844479640643, 9.199999989042876081 ) ) ;
#180 = CARTESIAN_POINT ( 'NONE',  ( -0.5000000000000038858, -3.652765956095309186, 5.017525414450402899 ) ) ;
#181 = CARTESIAN_POINT ( 'NONE',  ( -0.5921458787066042895, -3.738661105659599748, -4.133974607172684834 ) ) ;
#182 = CARTESIAN_POINT ( 'NONE',  ( 2.545584324645417063, -2.545584499897719510, 0.1660253928273160151 ) ) ;
#183 = EDGE_CURVE ( 'NONE', #5249, #4553, #1132, .T. ) ;
#184 = DIRECTION ( 'NONE',  ( 0.000000000000000000, 0.000000000000000000, 1.000000000000000000 ) ) ;
#185 = CARTESIAN_POINT ( 'NONE',  ( -0.5631639517484252622, 3.555678045528177567, 10.13397458525843575 ) ) ;
#186 = ORIENTED_EDGE ( 'NONE', *, *, #5925, .T. ) ;
#187 = CARTESIAN_POINT ( 'NONE',  ( 3.600000006942142061, -0.2833261630824942534, 1.558196489126413509 ) ) ;
#188 = CARTESIAN_POINT ( 'NONE',  ( -4.049522174361919191, 0.6413814460608515677, 1.499999989042877235 ) ) ;
#189 = CARTESIAN_POINT ( 'NONE',  ( 1.861361174683003883, 3.653126685099039594, 1.799999989042877058 ) ) ;
#190 = CARTESIAN_POINT ( 'NONE',  ( -4.257919638985431909, -0.6743880687212413516, 4.499999989042877679 ) ) ;
#191 = CARTESIAN_POINT ( 'NONE',  ( 0.6743883618602999341, 4.257919592556767441, 9.899999989042875370 ) ) ;
#192 = FACE_OUTER_BOUND ( 'NONE', #5582, .T. ) ;
#193 = CARTESIAN_POINT ( 'NONE',  ( -0.5921458787066042895, -3.738661105659599748, 3.866025392827316942 ) ) ;
#194 = CARTESIAN_POINT ( 'NONE',  ( 0.5921458787066045115, 3.738661105659599748, -1.966025414741563671 ) ) ;
#195 = CARTESIAN_POINT ( 'NONE',  ( 0.6413811672690400423, -4.049522218518203154, 0.09999998904287703272 ) ) ;
#196 = CARTESIAN_POINT ( 'NONE',  ( -2.676585940248912721, -2.676585755977737513, 8.833974585258436818 ) ) ;
#197 = CARTESIAN_POINT ( 'NONE',  ( 2.899137703068392025, -2.899137902661292454, -1.700000010957124275 ) ) ;
#198 = CARTESIAN_POINT ( 'NONE',  ( 1.861361174683003883, 3.653126685099039594, -3.100000010957124630 ) ) ;
#199 = ORIENTED_EDGE ( 'NONE', *, *, #5710, .T. ) ;
#200 = CARTESIAN_POINT ( 'NONE',  ( 1.861361174683003883, 3.653126685099039594, 8.899999989042877147 ) ) ;
#201 = CARTESIAN_POINT ( 'NONE',  ( -3.738661146426232484, -0.5921456213162119564, 3.466025392827317031 ) ) ;
#202 = CARTESIAN_POINT ( 'NONE',  ( -4.049522174361919191, 0.6413814460608515677, 5.499999989042876791 ) ) ;
#203 = CARTESIAN_POINT ( 'NONE',  ( 4.049522174361919191, -0.6413814460608513457, 7.399999989042878035 ) ) ;
#204 = CARTESIAN_POINT ( 'NONE',  ( -3.372694867087379311, 1.718474014398681859, 0.4339745852584355745 ) ) ;
#205 = B_SPLINE_CURVE_WITH_KNOTS ( 'NONE', 3,
 ( #4658, #798, #6714, #3059, #5075, #1373, #5605, #764, #6172, #726 ),
 .UNSPECIFIED., .F., .F.,
 ( 4, 3, 3, 4 ),
 ( 0.000000000000000000, 0.0001356333311457781101, 0.0002712666633846889659, 0.0005231686598705948682 ),
 .UNSPECIFIED. ) ;
#206 = CARTESIAN_POINT ( 'NONE',  ( -3.207623543337572602, -1.634365688646975068, -1.266025414741564603 ) ) ;
#207 = ORIENTED_EDGE ( 'NONE', *, *, #2084, .F. ) ;
#208 = CARTESIAN_POINT ( 'NONE',  ( 2.545584324645417063, -2.545584499897719510, 0.1660253928273160151 ) ) ;
#209 = DIRECTION ( 'NONE',  ( -1.000000000000000000, -0.000000000000000000, -0.000000000000000000 ) ) ;
#210 = CARTESIAN_POINT ( 'NONE',  ( 1.634365909477758727, 3.207623430818667742, 9.933974585258436463 ) ) ;
#211 = ADVANCED_FACE ( 'NONE', ( #2270 ), #6039, .F. ) ;
#212 = CARTESIAN_POINT ( 'NONE',  ( 4.250000000000000888, 5.204748896376251685E-16, 8.500000000000000000 ) ) ;
#213 = CARTESIAN_POINT ( 'NONE',  ( 1.861361174683003883, 3.653126685099039594, 7.799999989042878390 ) ) ;
#214 = CARTESIAN_POINT ( 'NONE',  ( -2.899137703068391581, 2.899137902661292898, -4.700000010957123386 ) ) ;
#215 = CARTESIAN_POINT ( 'NONE',  ( 1.718473782203455258, -3.372694985396755829, 5.233974585258434509 ) ) ;
#216 = VERTEX_POINT ( 'NONE', #458 ) ;
#217 = CARTESIAN_POINT ( 'NONE',  ( -3.738661146426232484, -0.5921456213162119564, 3.466025392827317031 ) ) ;
#218 = CARTESIAN_POINT ( 'NONE',  ( -0.4999999999999979461, -4.069397989875159993, 4.011267035992046814 ) ) ;
#219 = AXIS2_PLACEMENT_3D ( 'NONE', #635, #4487, #1776 ) ;
#220 = CARTESIAN_POINT ( 'NONE',  ( -0.5000000000000476286, -3.807913843934096931, 7.939075346948506251 ) ) ;
#221 = CARTESIAN_POINT ( 'NONE',  ( -0.5631639517484248181, 3.555678045528178011, -1.033974607172683635 ) ) ;
#222 = CARTESIAN_POINT ( 'NONE',  ( 1.634365909477759171, 3.207623430818668187, 0.7660253928273158541 ) ) ;
#223 = CARTESIAN_POINT ( 'NONE',  ( -0.5921458787066042895, -3.738661105659599748, -0.1339746071726838628 ) ) ;
#224 = ORIENTED_EDGE ( 'NONE', *, *, #652, .F. ) ;
#225 = PRESENTATION_STYLE_ASSIGNMENT (( #5174 ) ) ;
#226 = CARTESIAN_POINT ( 'NONE',  ( -1.718473782203454592, 3.372694985396755829, 0.2339745852584350916 ) ) ;
#227 = VERTEX_POINT ( 'NONE', #5828 ) ;
#228 = CARTESIAN_POINT ( 'NONE',  ( 3.599999999999998312, 4.410412838890397126E-08, 1.583351343887087870 ) ) ;
#229 = CARTESIAN_POINT ( 'NONE',  ( -0.6413811672690397092, 4.049522218518203154, 1.099999989042876214 ) ) ;
#230 = CARTESIAN_POINT ( 'NONE',  ( 4.257919638985431909, 0.6743880687212407965, 3.499999989042877235 ) ) ;
#231 = CARTESIAN_POINT ( 'NONE',  ( 4.049522174361919191, -0.6413814460608517898, 7.399999989042878035 ) ) ;
#232 = CARTESIAN_POINT ( 'NONE',  ( -3.653126813245570315, -1.861360923181276883, 6.599999989042878212 ) ) ;
#233 = CARTESIAN_POINT ( 'NONE',  ( -0.5000000000000051070, -3.646030824578029073, 1.894248989059480692 ) ) ;
#234 = CARTESIAN_POINT ( 'NONE',  ( 0.5921458787066047336, 3.738661105659600192, 4.866025392827316942 ) ) ;
#235 = CARTESIAN_POINT ( 'NONE',  ( -0.6743883618602991570, -4.257919592556766553, 4.899999989042877147 ) ) ;
#236 = CARTESIAN_POINT ( 'NONE',  ( -4.100000000000004974, -1.839369435481412074, 10.59276800152989928 ) ) ;
#237 = CARTESIAN_POINT ( 'NONE',  ( -4.257919638985431909, -0.6743880687212415737, -3.500000010957124097 ) ) ;
#238 = CARTESIAN_POINT ( 'NONE',  ( 0.000000000000000000, 0.000000000000000000, 8.500000000000000000 ) ) ;
#239 = DIRECTION ( 'NONE',  ( 0.000000000000000000, 0.000000000000000000, 1.000000000000000000 ) ) ;
#240 = CARTESIAN_POINT ( 'NONE',  ( 0.5000000000000024425, -4.069397989875159105, 6.539223782170673793 ) ) ;
#241 = CARTESIAN_POINT ( 'NONE',  ( 3.048333987505708276, 3.048333777641312192, 6.799999989042875725 ) ) ;
#242 = CARTESIAN_POINT ( 'NONE',  ( 4.049522174361919191, -0.6413814460608517898, 4.499999989042876791 ) ) ;
#243 = CARTESIAN_POINT ( 'NONE',  ( -4.257919638985431909, -0.6743880687212415737, 2.499999989042877679 ) ) ;
#244 = CARTESIAN_POINT ( 'NONE',  ( 0.000000000000000000, 0.000000000000000000, 0.000000000000000000 ) ) ;
#245 = CARTESIAN_POINT ( 'NONE',  ( 1.718473782203455258, -3.372694985396755829, -0.7660254147415639370 ) ) ;
#246 = ORIENTED_EDGE ( 'NONE', *, *, #5755, .F. ) ;
#247 = CARTESIAN_POINT ( 'NONE',  ( -3.555678006756805676, 0.5631641965412353956, 3.366025392827316498 ) ) ;
#248 = CARTESIAN_POINT ( 'NONE',  ( -3.048333987505707832, -3.048333777641312636, 5.799999989042874837 ) ) ;
#249 = CARTESIAN_POINT ( 'NONE',  ( 2.545584324645417063, -2.545584499897719066, 9.333974585258436818 ) ) ;
#250 = CARTESIAN_POINT ( 'NONE',  ( -4.257919638985431909, -0.6743880687212413516, -4.400000010957124452 ) ) ;
#251 = CARTESIAN_POINT ( 'NONE',  ( -3.841124709738404253, 1.957150960842944709, -4.600000010957123742 ) ) ;
#252 = CARTESIAN_POINT ( 'NONE',  ( -3.555678006756805676, 0.5631641965412353956, 9.366025392827317830 ) ) ;
#253 = CARTESIAN_POINT ( 'NONE',  ( -1.634365909477758505, -3.207623430818668187, 4.933974585258436463 ) ) ;
#254 = AXIS2_PLACEMENT_3D ( 'NONE', #293, #4566, #2472 ) ;
#255 = CARTESIAN_POINT ( 'NONE',  ( 0.5921458787066047336, 3.738661105659600192, 2.866025392827316942 ) ) ;
#256 = CARTESIAN_POINT ( 'NONE',  ( -0.5631639517484248181, 3.555678045528178011, 4.966025392827316587 ) ) ;
#257 = CARTESIAN_POINT ( 'NONE',  ( -0.4999999999999923395, -4.069397989875159993, 2.911267035992048058 ) ) ;
#258 = CARTESIAN_POINT ( 'NONE',  ( 3.207623543337573047, 1.634365688646974624, -3.433974607172682880 ) ) ;
#259 = CARTESIAN_POINT ( 'NONE',  ( -0.4999999999999992784, -3.565108693995177713, 10.00000000000000000 ) ) ;
#260 = CARTESIAN_POINT ( 'NONE',  ( 2.545584324645417063, -2.545584499897719510, -1.833974607172684124 ) ) ;
#261 = CARTESIAN_POINT ( 'NONE',  ( -3.207623543337572602, -1.634365688646974846, -0.4339746071726838239 ) ) ;
#262 = ORIENTED_EDGE ( 'NONE', *, *, #5235, .T. ) ;
#263 = CARTESIAN_POINT ( 'NONE',  ( -0.5921458787066038454, -3.738661105659599304, 3.033974585258435663 ) ) ;
#264 = ORIENTED_EDGE ( 'NONE', *, *, #2195, .T. ) ;
#265 = CARTESIAN_POINT ( 'NONE',  ( 0.5000000000000000000, -3.895048774917468482, 3.037255678360724964 ) ) ;
#266 = CARTESIAN_POINT ( 'NONE',  ( -3.048333987505707832, -3.048333777641312636, 1.799999989042877058 ) ) ;
#267 = CARTESIAN_POINT ( 'NONE',  ( 4.049522174361919191, -0.6413814460608517898, 5.399999989042878035 ) ) ;
#268 = CARTESIAN_POINT ( 'NONE',  ( -4.100000000000002309, -0.9196847177407059259, 10.52107237264284478 ) ) ;
#269 = CARTESIAN_POINT ( 'NONE',  ( 3.372694867087377979, -1.718474014398682970, 8.266025392827318186 ) ) ;
#270 = CARTESIAN_POINT ( 'NONE',  ( -3.653126813245569871, -1.861360923181277105, 6.599999989042878212 ) ) ;
#271 = CARTESIAN_POINT ( 'NONE',  ( -3.841124709738404253, 1.957150960842944709, 10.29999998904287750 ) ) ;
#272 = CARTESIAN_POINT ( 'NONE',  ( 0.5631639517484254842, -3.555678045528177122, 9.133974585258437529 ) ) ;
#273 = CARTESIAN_POINT ( 'NONE',  ( -1.957150696398379353, 3.841124844479640643, -0.8000000109571244744 ) ) ;
#274 = ORIENTED_EDGE ( 'NONE', *, *, #5622, .T. ) ;
#275 = CARTESIAN_POINT ( 'NONE',  ( 2.899137703068392025, -2.899137902661292454, 2.299999989042875725 ) ) ;
#276 = CARTESIAN_POINT ( 'NONE',  ( -3.048333987505707832, -3.048333777641312636, 3.799999989042876614 ) ) ;
#277 = CARTESIAN_POINT ( 'NONE',  ( -0.5631639517484252622, 3.555678045528177567, 10.13397458525843575 ) ) ;
#278 = PLANE ( 'NONE',  #1656 ) ;
#279 = CARTESIAN_POINT ( 'NONE',  ( 4.000000000000000888, -5.986100377805715134, 1.249999999999998446 ) ) ;
#280 = ORIENTED_EDGE ( 'NONE', *, *, #1176, .T. ) ;
#281 = CARTESIAN_POINT ( 'NONE',  ( -3.738661146426232484, -0.5921456213162119564, -4.533974607172685189 ) ) ;
#282 = CARTESIAN_POINT ( 'NONE',  ( -0.6413811672690397092, 4.049522218518203154, 1.099999989042876214 ) ) ;
#283 = CARTESIAN_POINT ( 'NONE',  ( -0.6413811672690400423, 4.049522218518203154, -2.000000010957122321 ) ) ;
#284 = CARTESIAN_POINT ( 'NONE',  ( 4.049522174361919191, -0.6413814460608517898, -3.500000010957123653 ) ) ;
#285 = CARTESIAN_POINT ( 'NONE',  ( 3.048333987505708276, 3.048333777641312192, 3.699999989042877413 ) ) ;
#286 = CARTESIAN_POINT ( 'NONE',  ( -1.718473782203454592, 3.372694985396756273, 9.066025392827317120 ) ) ;
#287 = CARTESIAN_POINT ( 'NONE',  ( -1.634365909477758505, -3.207623430818668187, 8.933974585258436463 ) ) ;
#288 = EDGE_CURVE ( 'NONE', #1120, #6810, #6681, .T. ) ;
#289 = CARTESIAN_POINT ( 'NONE',  ( 0.6413811672690400423, -4.049522218518203154, 6.099999989042876436 ) ) ;
#290 = CARTESIAN_POINT ( 'NONE',  ( -0.4999999999999991673, -4.028522837190234185, 8.843623452936083044E-13 ) ) ;
#291 = CARTESIAN_POINT ( 'NONE',  ( 0.5708636398762951814, -4.060691095139070228, 0.9946405757237839484 ) ) ;
#292 = CARTESIAN_POINT ( 'NONE',  ( 3.372694867087377979, -1.718474014398682970, -1.733974607172682703 ) ) ;
#293 = CARTESIAN_POINT ( 'NONE',  ( 0.000000000000000000, 0.000000000000000000, 10.00000000000000000 ) ) ;
#294 = CARTESIAN_POINT ( 'NONE',  ( 3.372694867087377979, -1.718474014398682970, 0.2660253928273171864 ) ) ;
#295 = CARTESIAN_POINT ( 'NONE',  ( -2.545584324645416618, 2.545584499897719954, 1.166025392827316987 ) ) ;
#296 = CARTESIAN_POINT ( 'NONE',  ( -3.738661146426232484, -0.5921456213162119564, -0.5339746071726833021 ) ) ;
#297 = ORIENTED_EDGE ( 'NONE', *, *, #923, .T. ) ;
#298 = ORIENTED_EDGE ( 'NONE', *, *, #2626, .F. ) ;
#299 = CARTESIAN_POINT ( 'NONE',  ( -0.4999999999999916733, -3.828033666944108404, 0.9729614635029383285 ) ) ;
#300 = CARTESIAN_POINT ( 'NONE',  ( -1.957150696398379353, 3.841124844479640199, 1.199999989042875415 ) ) ;
#301 = CARTESIAN_POINT ( 'NONE',  ( 3.841124709738403809, -1.957150960842944709, 5.299999989042876614 ) ) ;
#302 = CARTESIAN_POINT ( 'NONE',  ( 3.048333987505708276, 3.048333777641312192, 5.699999989042876081 ) ) ;
#303 = CARTESIAN_POINT ( 'NONE',  ( -1.634365909477758949, -3.207623430818668631, -4.233974607172683591 ) ) ;
#304 = CARTESIAN_POINT ( 'NONE',  ( -1.634365909477758949, -3.207623430818668631, 7.766025392827317297 ) ) ;
#305 = EDGE_CURVE ( 'NONE', #101, #5210, #954, .T. ) ;
#306 = CARTESIAN_POINT ( 'NONE',  ( -1.957150696398379353, 3.841124844479640199, 8.099999989042878212 ) ) ;
#307 = CARTESIAN_POINT ( 'NONE',  ( 4.257919638985431909, 0.6743880687212407965, 5.499999989042877679 ) ) ;
#308 = CARTESIAN_POINT ( 'NONE',  ( 1.957150696398380463, -3.841124844479640643, -2.900000010957122232 ) ) ;
#309 = VECTOR ( 'NONE', #752, 1000.000000000000000 ) ;
#310 = CARTESIAN_POINT ( 'NONE',  ( 3.048333987505708276, 3.048333777641312192, -3.200000010957123386 ) ) ;
#311 = EDGE_LOOP ( 'NONE', ( #3046, #6648, #1874, #4734 ) ) ;
#312 = CARTESIAN_POINT ( 'NONE',  ( -4.049522174361919191, 0.6413814460608515677, 1.499999989042877235 ) ) ;
#313 = CARTESIAN_POINT ( 'NONE',  ( -2.899137703068391581, 2.899137902661292898, 3.299999989042876614 ) ) ;
#314 = CARTESIAN_POINT ( 'NONE',  ( 3.653126813245570315, 1.861360923181276661, 2.699999989042876969 ) ) ;
#315 = CARTESIAN_POINT ( 'NONE',  ( -0.6743883618602991570, -4.257919592556766553, -1.100000010957122631 ) ) ;
#316 = DIRECTION ( 'NONE',  ( -0.000000000000000000, -0.000000000000000000, -1.000000000000000000 ) ) ;
#317 = CARTESIAN_POINT ( 'NONE',  ( -1.097120585128114945, -3.481363619491400829, 4.985522752486821751 ) ) ;
#318 = ORIENTED_EDGE ( 'NONE', *, *, #1356, .F. ) ;
#319 = CARTESIAN_POINT ( 'NONE',  ( -3.207623543337572602, -1.634365688646974846, -4.433974607172683768 ) ) ;
#320 = CARTESIAN_POINT ( 'NONE',  ( 1.861361174683003883, 3.653126685099039594, 2.899999989042875814 ) ) ;
#321 = CARTESIAN_POINT ( 'NONE',  ( -3.555678006756805676, 0.5631641965412349515, 6.533974585258436107 ) ) ;
#322 = CARTESIAN_POINT ( 'NONE',  ( -3.372694867087379311, 1.718474014398682526, 3.266025392827316409 ) ) ;
#323 = CARTESIAN_POINT ( 'NONE',  ( 1.957150696398380463, -3.841124844479640643, 1.099999989042877990 ) ) ;
#324 = CARTESIAN_POINT ( 'NONE',  ( -2.545584324645416618, 2.545584499897719510, 6.333974585258435930 ) ) ;
#325 = CARTESIAN_POINT ( 'NONE',  ( -3.207623543337572602, -1.634365688646974846, -4.433974607172683768 ) ) ;
#326 = CARTESIAN_POINT ( 'NONE',  ( 6.720610260001266489, -5.986100377805715134, 6.749999999999998224 ) ) ;
#327 = CARTESIAN_POINT ( 'NONE',  ( 1.861361174683003883, 3.653126685099039594, 6.899999989042876258 ) ) ;
#328 = CARTESIAN_POINT ( 'NONE',  ( -3.653126813245569871, -1.861360923181277105, 6.599999989042878212 ) ) ;
#329 = EDGE_CURVE ( 'NONE', #5186, #4450, #4835, .T. ) ;
#330 = CARTESIAN_POINT ( 'NONE',  ( -3.207623543337572602, -1.634365688646974846, -2.433974607172683768 ) ) ;
#331 = CARTESIAN_POINT ( 'NONE',  ( -2.676585940248913165, -2.676585755977737513, 3.666025392827316765 ) ) ;
#332 = CARTESIAN_POINT ( 'NONE',  ( -3.738661146426232484, -0.5921456213162119564, -2.533974607172683413 ) ) ;
#333 = ORIENTED_EDGE ( 'NONE', *, *, #1137, .T. ) ;
#334 = ORIENTED_EDGE ( 'NONE', *, *, #6482, .T. ) ;
#335 = CARTESIAN_POINT ( 'NONE',  ( -2.899137703068391581, 2.899137902661292454, 6.199999989042877857 ) ) ;
#336 = CARTESIAN_POINT ( 'NONE',  ( -0.6413811672690397092, 4.049522218518203154, 5.999999989042877679 ) ) ;
#337 = CARTESIAN_POINT ( 'NONE',  ( -3.738661146426232484, -0.5921456213162119564, 5.466025392827315699 ) ) ;
#338 = CARTESIAN_POINT ( 'NONE',  ( -0.6413811672690397092, 4.049522218518203154, -1.095712236220958147E-08 ) ) ;
#339 = CARTESIAN_POINT ( 'NONE',  ( -4.100004593621992655, 0.3226480660034077852, 9.524224093377002376 ) ) ;
#340 = CARTESIAN_POINT ( 'NONE',  ( 3.841124709738403809, -1.957150960842944709, 9.299999989042879278 ) ) ;
#341 = CARTESIAN_POINT ( 'NONE',  ( -3.653126813245570315, -1.861360923181276883, 4.599999989042878212 ) ) ;
#342 = CARTESIAN_POINT ( 'NONE',  ( -0.5921458787066038454, -3.738661105659599304, 3.033974585258435663 ) ) ;
#343 = CARTESIAN_POINT ( 'NONE',  ( 1.861361174683003883, 3.653126685099039594, -1.100000010957124408 ) ) ;
#344 = CYLINDRICAL_SURFACE ( 'NONE', #5777, 2.750000000000000000 ) ;
#345 = CARTESIAN_POINT ( 'NONE',  ( -4.257919638985431909, -0.6743880687212413516, 3.599999989042876880 ) ) ;
#346 =( BOUNDED_CURVE ( )  B_SPLINE_CURVE ( 2, ( #874, #3065, #5612, #2422, #6256, #317, #1378 ),
 .UNSPECIFIED., .F., .T. ) 
 B_SPLINE_CURVE_WITH_KNOTS ( ( 3, 2, 2, 3 ),
 ( 0.5789563774732320312, 0.5894607284316117912, 0.6034955076799835005, 0.6109059095369515635 ),
 .UNSPECIFIED. ) 
 CURVE ( )  GEOMETRIC_REPRESENTATION_ITEM ( )  RATIONAL_B_SPLINE_CURVE ( ( 0.9815706371881784964, 0.9633681783757949146, 1.000000000000000000, 0.9510565162951535312, 1.000000000000000000, 0.9741577066433046994, 0.9756050165343395086 ) ) 
 REPRESENTATION_ITEM ( '' )  );
#347 = CARTESIAN_POINT ( 'NONE',  ( -3.653126813245570315, -1.861360923181276883, 7.699999989042876081 ) ) ;
#348 = CARTESIAN_POINT ( 'NONE',  ( 3.841124709738403809, -1.957150960842944709, -2.700000010957121610 ) ) ;
#349 = CARTESIAN_POINT ( 'NONE',  ( 4.962332168337698413, -7.530178005588869183, 1.692331365028741041 ) ) ;
#350 = CARTESIAN_POINT ( 'NONE',  ( -0.5921458787066038454, -3.738661105659599304, -0.9660254147415644477 ) ) ;
#351 = EDGE_LOOP ( 'NONE', ( #422, #5738, #3155, #3540, #2312, #6672 ) ) ;
#352 = CARTESIAN_POINT ( 'NONE',  ( -4.257919638985431909, -0.6743880687212413516, 7.599999989042876436 ) ) ;
#353 = CARTESIAN_POINT ( 'NONE',  ( 3.841124709738403809, -1.957150960842944709, 0.3999999890428768690 ) ) ;
#354 = CARTESIAN_POINT ( 'NONE',  ( 0.4999999999999979461, -3.807886675600657966, 5.061316993169822531 ) ) ;
#355 = CARTESIAN_POINT ( 'NONE',  ( 0.6413811672690400423, -4.049522218518203154, 4.999999989042877679 ) ) ;
#356 = CARTESIAN_POINT ( 'NONE',  ( 3.207623543337573047, 1.634365688646974624, -0.2660254147415636039 ) ) ;
#357 = CARTESIAN_POINT ( 'NONE',  ( -3.372694867087378423, 1.718474014398682526, -2.733974607172684035 ) ) ;
#358 = LINE ( 'NONE', #2605, #6244 ) ;
#359 = CARTESIAN_POINT ( 'NONE',  ( 3.841124709738403809, -1.957150960842944709, 2.399999989042877147 ) ) ;
#360 = CARTESIAN_POINT ( 'NONE',  ( 4.257919638985431909, 0.6743880687212407965, 2.599999989042875548 ) ) ;
#361 = CARTESIAN_POINT ( 'NONE',  ( -1.957150696398379353, 3.841124844479640199, 6.099999989042877324 ) ) ;
#362 = CARTESIAN_POINT ( 'NONE',  ( -3.841124709738404253, 1.957150960842944709, 5.399999989042875370 ) ) ;
#363 = CARTESIAN_POINT ( 'NONE',  ( -1.718473782203454592, 3.372694985396756273, 5.066025392827315343 ) ) ;
#364 = VECTOR ( 'NONE', #833, 1000.000000000000114 ) ;
#365 = CARTESIAN_POINT ( 'NONE',  ( 0.6413811672690400423, -4.049522218518203154, 6.099999989042876436 ) ) ;
#366 = ORIENTED_EDGE ( 'NONE', *, *, #2405, .F. ) ;
#367 = VERTEX_POINT ( 'NONE', #3210 ) ;
#368 = EDGE_CURVE ( 'NONE', #6760, #1938, #3746, .T. ) ;
#369 = CARTESIAN_POINT ( 'NONE',  ( 1.634365909477758727, 3.207623430818667742, 7.933974585258435575 ) ) ;
#370 = CARTESIAN_POINT ( 'NONE',  ( -2.899137703068391581, 2.899137902661292898, 0.1999999890428781624 ) ) ;
#371 = CARTESIAN_POINT ( 'NONE',  ( -1.718473782203454592, 3.372694985396756273, 3.066025392827317564 ) ) ;
#372 = CARTESIAN_POINT ( 'NONE',  ( 0.6413811672690400423, -4.049522218518203154, -1.000000010957121432 ) ) ;
#373 = CARTESIAN_POINT ( 'NONE',  ( 0.5000000000000004441, -8.986100377805714245, 8.000000000000000000 ) ) ;
#374 = CARTESIAN_POINT ( 'NONE',  ( 0.6743883618602993790, 4.257919592556766553, 9.899999989042875370 ) ) ;
#375 = CARTESIAN_POINT ( 'NONE',  ( -2.899137703068391581, 2.899137902661292898, 4.199999989042877857 ) ) ;
#376 = CARTESIAN_POINT ( 'NONE',  ( 3.372694867087377979, -1.718474014398682526, 3.433974585258436463 ) ) ;
#377 = CARTESIAN_POINT ( 'NONE',  ( -1.957150696398379353, 3.841124844479640199, 10.09999998904287466 ) ) ;
#378 = CARTESIAN_POINT ( 'NONE',  ( -0.5631639517484248181, 3.555678045528178011, 6.966025392827316587 ) ) ;
#379 = CARTESIAN_POINT ( 'NONE',  ( 1.861361174683003883, 3.653126685099039594, 2.899999989042875814 ) ) ;
#380 = CARTESIAN_POINT ( 'NONE',  ( 0.6413811672690400423, -4.049522218518203154, 6.099999989042876436 ) ) ;
#381 = CARTESIAN_POINT ( 'NONE',  ( 3.841124709738403809, -1.957150960842944709, -0.7000000109571216100 ) ) ;
#382 = CARTESIAN_POINT ( 'NONE',  ( 1.957150696398380463, -3.841124844479640643, 8.199999989042876081 ) ) ;
#383 = CARTESIAN_POINT ( 'NONE',  ( -3.841124709738404253, 1.957150960842943821, 10.29999998904287750 ) ) ;
#384 = EDGE_LOOP ( 'NONE', ( #318, #3449, #4894, #4753 ) ) ;
#385 = CARTESIAN_POINT ( 'NONE',  ( -4.099999999584540866, -5.836745599459155853E-05, 9.549381293897914347 ) ) ;
#386 =( BOUNDED_CURVE ( )  B_SPLINE_CURVE ( 2, ( #2917, #6759, #6177, #2957, #1301, #769, #4589, #1340, #5395, #4232, #3101, #5266, #2121 ),
 .UNSPECIFIED., .F., .F. ) 
 B_SPLINE_CURVE_WITH_KNOTS ( ( 3, 2, 2, 2, 2, 2, 3 ),
 ( 0.6093556431958115915, 0.6125000000000000444, 0.6250000000000000000, 0.6374999999999999556, 0.6500000000000000222, 0.6624999999999999778, 0.6718556431958115915 ),
 .UNSPECIFIED. ) 
 CURVE ( )  GEOMETRIC_REPRESENTATION_ITEM ( )  RATIONAL_B_SPLINE_CURVE ( ( 0.9815706371881782744, 0.9876883379193583945, 1.000000000000000000, 0.9510565162951535312, 1.000000000000000000, 0.9510565162951535312, 1.000000000000000000, 0.9510565162951535312, 1.000000000000000000, 0.9510565162951535312, 1.000000000000000000, 0.9633681783757951367, 0.9815706371881782744 ) ) 
 REPRESENTATION_ITEM ( '' )  );
#387 = CARTESIAN_POINT ( 'NONE',  ( -0.6743883618602996011, -4.257919592556767441, 5.999999989042876791 ) ) ;
#388 = CARTESIAN_POINT ( 'NONE',  ( 0.6413811672690400423, -4.049522218518203154, 2.099999989042876880 ) ) ;
#389 = CARTESIAN_POINT ( 'NONE',  ( 8.390009792873847516, -3.257266978184383710, 3.606300227049183071 ) ) ;
#390 = CARTESIAN_POINT ( 'NONE',  ( 0.4999999999999996669, -3.982219388076667421, 5.013225234163877886 ) ) ;
#391 = CARTESIAN_POINT ( 'NONE',  ( 3.841124709738403809, -1.957150960842944709, 3.299999989042878390 ) ) ;
#392 = CARTESIAN_POINT ( 'NONE',  ( -3.738661146426231596, -0.5921456213162122895, 4.633974585258436640 ) ) ;
#393 = CARTESIAN_POINT ( 'NONE',  ( 2.545584324645417063, -2.545584499897719066, 5.333974585258435930 ) ) ;
#394 = CARTESIAN_POINT ( 'NONE',  ( -4.257919638985431909, -0.6743880687212413516, 7.599999989042876436 ) ) ;
#395 = CARTESIAN_POINT ( 'NONE',  ( -1.634365909477758949, -3.207623430818668631, 5.766025392827316409 ) ) ;
#396 = CARTESIAN_POINT ( 'NONE',  ( -0.6413813116414870397, 4.049522195651856116, 1.535003439802544666E-11 ) ) ;
#397 = CARTESIAN_POINT ( 'NONE',  ( -1.861361174683003439, -3.653126685099040039, 5.899999989042876258 ) ) ;
#398 = CARTESIAN_POINT ( 'NONE',  ( 4.257919638985430133, 0.6743880687212409075, 9.499999989042878568 ) ) ;
#399 = CARTESIAN_POINT ( 'NONE',  ( 1.861361174683003883, 3.653126685099039594, 6.899999989042876258 ) ) ;
#400 = CARTESIAN_POINT ( 'NONE',  ( 3.738661146426232484, 0.5921456213162111792, 4.466025392827317475 ) ) ;
#401 = CARTESIAN_POINT ( 'NONE',  ( -3.372694867087378423, 1.718474014398682526, -2.733974607172684035 ) ) ;
#402 = VERTEX_POINT ( 'NONE', #2093 ) ;
#403 = ORIENTED_EDGE ( 'NONE', *, *, #5406, .T. ) ;
#404 = CARTESIAN_POINT ( 'NONE',  ( 0.9333306517190402829, 3.476908669211595804, 7.999999998754899089 ) ) ;
#405 = EDGE_CURVE ( 'NONE', #821, #227, #2059, .T. ) ;
#406 = CARTESIAN_POINT ( 'NONE',  ( -3.048333987505707832, -3.048333777641312636, -1.300000010957121699 ) ) ;
#407 = CARTESIAN_POINT ( 'NONE',  ( -0.5921458787066042895, -3.738661105659599748, 3.866025392827316942 ) ) ;
#408 = CARTESIAN_POINT ( 'NONE',  ( -4.049522174361919191, 0.6413814460608515677, -1.600000010957123076 ) ) ;
#409 = CARTESIAN_POINT ( 'NONE',  ( 0.4999999999999982792, -3.807886675600657078, 1.061316993169823197 ) ) ;
#410 = CIRCLE ( 'NONE', #4385, 1.599999999999999867 ) ;
#411 = CARTESIAN_POINT ( 'NONE',  ( -0.6413811672690400423, 4.049522218518203154, 3.999999989042877679 ) ) ;
#412 = CARTESIAN_POINT ( 'NONE',  ( 1.957150696398380463, -3.841124844479640643, 5.099999989042878212 ) ) ;
#413 = CARTESIAN_POINT ( 'NONE',  ( 2.545584324645417063, -2.545584499897719066, 5.333974585258435930 ) ) ;
#414 = CARTESIAN_POINT ( 'NONE',  ( -3.599999999999997868, 2.264344887049818713E-15, 7.415402147540224753 ) ) ;
#415 = CARTESIAN_POINT ( 'NONE',  ( -3.841124709738404253, 1.957150960842944709, -0.6000000109571239637 ) ) ;
#416 = CARTESIAN_POINT ( 'NONE',  ( 2.899137703068392025, -2.899137902661292454, 8.299999989042877502 ) ) ;
#417 = EDGE_CURVE ( 'NONE', #4233, #4183, #5821, .T. ) ;
#418 = PRODUCT_DEFINITION_FORMATION_WITH_SPECIFIED_SOURCE ( 'ANY', '', #2041, .NOT_KNOWN. ) ;
#419 = CARTESIAN_POINT ( 'NONE',  ( 3.207623543337573047, 1.634365688646974624, 3.733974585258436285 ) ) ;
#420 = CARTESIAN_POINT ( 'NONE',  ( -0.5708637103273512814, -4.060691086509753411, 0.005635226372207454218 ) ) ;
#421 = DIRECTION ( 'NONE',  ( 0.000000000000000000, 0.8660254037844387076, 0.4999999999999999445 ) ) ;
#422 = ORIENTED_EDGE ( 'NONE', *, *, #4444, .T. ) ;
#423 = CARTESIAN_POINT ( 'NONE',  ( 3.653126813245570315, 1.861360923181276661, 8.699999989042877857 ) ) ;
#424 = CARTESIAN_POINT ( 'NONE',  ( 1.957150696398380463, -3.841124844479640643, 6.199999989042875193 ) ) ;
#425 = CARTESIAN_POINT ( 'NONE',  ( -3.653126813245570315, -1.861360923181276883, 1.699999989042876081 ) ) ;
#426 = CARTESIAN_POINT ( 'NONE',  ( 0.5000000000000125455, -3.756287154230048220, 0.009129223373368090463 ) ) ;
#427 = CARTESIAN_POINT ( 'NONE',  ( 0.4999999999999913403, -4.025807440708808471, 5.001219970121129066 ) ) ;
#428 = CARTESIAN_POINT ( 'NONE',  ( -1.861361174683003439, -3.653126685099040039, 0.7999999890428779459 ) ) ;
#429 = CARTESIAN_POINT ( 'NONE',  ( -3.738661146426231596, -0.5921456213162122895, -1.366025414741564026 ) ) ;
#430 =( BOUNDED_CURVE ( )  B_SPLINE_CURVE ( 2, ( #4020, #3417, #4588, #3492, #803, #204, #5572, #2456, #1300 ),
 .UNSPECIFIED., .F., .F. ) 
 B_SPLINE_CURVE_WITH_KNOTS ( ( 3, 2, 2, 2, 3 ),
 ( 0.2573111864126961801, 0.2666608057190624770, 0.2806955849674341863, 0.2947303642158058401, 0.2982607925057977338 ),
 .UNSPECIFIED. ) 
 CURVE ( )  GEOMETRIC_REPRESENTATION_ITEM ( )  RATIONAL_B_SPLINE_CURVE ( ( 0.9782313222097847039, 0.9673950739039414159, 1.000000000000000000, 0.9510565162951535312, 1.000000000000000000, 0.9510565162951535312, 1.000000000000000000, 0.9876883379193588386, 0.9815706371881787184 ) ) 
 REPRESENTATION_ITEM ( '' )  );
#431 = CARTESIAN_POINT ( 'NONE',  ( -3.738661146426231596, -0.5921456213162122895, 0.6339745852584360852 ) ) ;
#432 = CARTESIAN_POINT ( 'NONE',  ( 1.861361174683003883, 3.653126685099039594, 6.899999989042876258 ) ) ;
#433 = CARTESIAN_POINT ( 'NONE',  ( 0.5000000000000004441, -4.220485754033534320, 8.500000000000000000 ) ) ;
#434 = CARTESIAN_POINT ( 'NONE',  ( 1.957150696398380463, -3.841124844479640643, 4.199999989042876969 ) ) ;
#435 = CARTESIAN_POINT ( 'NONE',  ( -3.841124709738404253, 1.957150960842943821, 8.299999989042875725 ) ) ;
#436 = CARTESIAN_POINT ( 'NONE',  ( -4.049522174361919191, 0.6413814460608515677, 5.499999989042876791 ) ) ;
#437 = CARTESIAN_POINT ( 'NONE',  ( 0.5921458787066047336, 3.738661105659600192, 6.866025392827316054 ) ) ;
#438 = CARTESIAN_POINT ( 'NONE',  ( -2.545584324645416618, 2.545584499897719954, -2.833974607172683235 ) ) ;
#439 = EDGE_LOOP ( 'NONE', ( #2423, #3756, #2458, #2798, #3923, #5061, #1859 ) ) ;
#440 = ORIENTED_EDGE ( 'NONE', *, *, #3605, .F. ) ;
#441 = LINE ( 'NONE', #3191, #5259 ) ;
#442 = CARTESIAN_POINT ( 'NONE',  ( 0.6413811672690400423, -4.049522218518203154, -3.000000010957121432 ) ) ;
#443 = CARTESIAN_POINT ( 'NONE',  ( 3.372694867087377979, -1.718474014398682970, 4.266025392827316409 ) ) ;
#444 = CARTESIAN_POINT ( 'NONE',  ( 3.653126813245570315, 1.861360923181276883, 3.599999989042878212 ) ) ;
#445 = CARTESIAN_POINT ( 'NONE',  ( -3.048333987505707388, -3.048333777641312636, -1.300000010957121699 ) ) ;
#446 = CARTESIAN_POINT ( 'NONE',  ( -4.049522174361919191, 0.6413814460608515677, 6.399999989042878035 ) ) ;
#447 = CARTESIAN_POINT ( 'NONE',  ( -0.5631639517484252622, 3.555678045528177567, 2.133974585258435752 ) ) ;
#448 = CARTESIAN_POINT ( 'NONE',  ( -4.100000000000004974, -1.839369435481412074, 9.692768001529897148 ) ) ;
#449 = CARTESIAN_POINT ( 'NONE',  ( -3.653126813245570315, -1.861360923181276883, -2.300000010957123919 ) ) ;
#450 = CARTESIAN_POINT ( 'NONE',  ( 4.257919638985431909, 0.6743880687212407965, 6.599999989042875548 ) ) ;
#451 = CARTESIAN_POINT ( 'NONE',  ( 3.738661146426232040, 0.5921456213162114013, 3.633974585258435308 ) ) ;
#452 = CARTESIAN_POINT ( 'NONE',  ( 0.9333527364758351652, 3.476902740847530371, 0.000000000000000000 ) ) ;
#453 = CARTESIAN_POINT ( 'NONE',  ( 3.653126813245570315, 1.861360923181276883, 7.599999989042878212 ) ) ;
#454 = EDGE_LOOP ( 'NONE', ( #1983, #6917, #2966 ) ) ;
#455 = CARTESIAN_POINT ( 'NONE',  ( -2.899137703068391581, 2.899137902661292898, 5.299999989042876614 ) ) ;
#456 = CARTESIAN_POINT ( 'NONE',  ( -3.841124709738404253, 1.957150960842944709, 7.399999989042877147 ) ) ;
#457 = CARTESIAN_POINT ( 'NONE',  ( 4.049522174361919191, -0.6413814460608517898, 9.399999989042877147 ) ) ;
#458 = CARTESIAN_POINT ( 'NONE',  ( -0.5000000000000616174, -4.069397989875152000, 0.01126703599204118694 ) ) ;
#459 = PLANE ( 'NONE',  #512 ) ;
#460 = CARTESIAN_POINT ( 'NONE',  ( -2.899137703068391581, 2.899137902661292898, -3.800000010957122143 ) ) ;
#461 = CARTESIAN_POINT ( 'NONE',  ( 3.372694867087377979, -1.718474014398682526, 1.433974585258436685 ) ) ;
#462 = CARTESIAN_POINT ( 'NONE',  ( -0.5921458787066038454, -3.738661105659599304, 5.033974585258436107 ) ) ;
#463 = CARTESIAN_POINT ( 'NONE',  ( 3.653126813245570315, 1.861360923181276661, 4.699999989042876969 ) ) ;
#464 = CARTESIAN_POINT ( 'NONE',  ( 2.676585940248914053, 2.676585755977737069, 8.666025392827316765 ) ) ;
#465 = CARTESIAN_POINT ( 'NONE',  ( 0.6413811672690400423, -4.049522218518203154, 6.099999989042876436 ) ) ;
#466 = CARTESIAN_POINT ( 'NONE',  ( -1.861361174683002995, -3.653126685099040039, 6.799999989042878390 ) ) ;
#467 = CARTESIAN_POINT ( 'NONE',  ( -4.099999999584540866, -5.836745599459155853E-05, 9.549381293897914347 ) ) ;
#468 = CARTESIAN_POINT ( 'NONE',  ( -4.049522174361919191, 0.6413814460608515677, -2.500000010957124541 ) ) ;
#469 = CARTESIAN_POINT ( 'NONE',  ( 0.6743883618602999341, 4.257919592556767441, 6.999999989042875903 ) ) ;
#470 = ORIENTED_EDGE ( 'NONE', *, *, #5540, .T. ) ;
#471 = EDGE_LOOP ( 'NONE', ( #5808, #1341, #6159, #6188 ) ) ;
#472 = CARTESIAN_POINT ( 'NONE',  ( 3.841124709738403809, -1.957150960842944709, 5.299999989042876614 ) ) ;
#473 = CARTESIAN_POINT ( 'NONE',  ( -3.653126813245570315, -1.861360923181276883, -1.400000010957122676 ) ) ;
#474 = CARTESIAN_POINT ( 'NONE',  ( 2.676585940248914053, 2.676585755977737069, -1.333974607172683680 ) ) ;
#475 = CARTESIAN_POINT ( 'NONE',  ( 2.676585940248914053, 2.676585755977737069, 3.833974585258435486 ) ) ;
#476 = CARTESIAN_POINT ( 'NONE',  ( -4.257919638985431909, -0.6743880687212415737, 4.499999989042877679 ) ) ;
#477 = CARTESIAN_POINT ( 'NONE',  ( -3.653126813245570315, -1.861360923181276883, 2.599999989042877324 ) ) ;
#478 = CARTESIAN_POINT ( 'NONE',  ( 1.718473782203455258, -3.372694985396755829, 3.233974585258435841 ) ) ;
#479 = CARTESIAN_POINT ( 'NONE',  ( 0.6743883618602999341, 4.257919592556767441, 9.899999989042875370 ) ) ;
#480 = CARTESIAN_POINT ( 'NONE',  ( -0.6413811672690397092, 4.049522218518203154, -2.900000010957124008 ) ) ;
#481 = CARTESIAN_POINT ( 'NONE',  ( -8.417170806306968345, -3.186100377805715755, 2.383419246269047775 ) ) ;
#482 = CARTESIAN_POINT ( 'NONE',  ( 1.718473782203455258, -3.372694985396755829, 9.233974585258435397 ) ) ;
#483 = CARTESIAN_POINT ( 'NONE',  ( -0.6413811672690397092, 4.049522218518203154, 5.099999989042876436 ) ) ;
#484 = CARTESIAN_POINT ( 'NONE',  ( -4.000000000000000888, -8.786100377805714956, 5.616580753730951336 ) ) ;
#485 = EDGE_LOOP ( 'NONE', ( #969, #6113, #5099, #1519, #2938, #199 ) ) ;
#486 = CARTESIAN_POINT ( 'NONE',  ( 4.049522174361919191, -0.6413814460608517898, 0.4999999890428763472 ) ) ;
#487 = CARTESIAN_POINT ( 'NONE',  ( 2.899137703068392025, -2.899137902661292454, 4.299999989042876614 ) ) ;
#488 = CARTESIAN_POINT ( 'NONE',  ( -4.257919638985431909, -0.6743880687212413516, -4.400000010957124452 ) ) ;
#489 = CARTESIAN_POINT ( 'NONE',  ( 8.219209934350605096, -3.668808304027608713, 5.492815451791395631 ) ) ;
#490 = DIRECTION ( 'NONE',  ( -1.000000000000000000, 0.000000000000000000, 0.000000000000000000 ) ) ;
#491 = CARTESIAN_POINT ( 'NONE',  ( -3.841124709738404253, 1.957150960842943821, 10.29999998904287750 ) ) ;
#492 = CARTESIAN_POINT ( 'NONE',  ( -1.634365909477758505, -3.207623430818668187, 2.933974585258436019 ) ) ;
#493 = CARTESIAN_POINT ( 'NONE',  ( -1.718473782203454592, 3.372694985396755829, -1.766025414741565047 ) ) ;
#494 = CARTESIAN_POINT ( 'NONE',  ( -1.634365909477758949, -3.207623430818668631, 5.766025392827316409 ) ) ;
#495 = CARTESIAN_POINT ( 'NONE',  ( -0.6743883618602996011, -4.257919592556767441, -1.095712409693305744E-08 ) ) ;
#496 = CARTESIAN_POINT ( 'NONE',  ( 1.861361174683003439, 3.653126685099039594, -0.2000000109571228868 ) ) ;
#497 = CARTESIAN_POINT ( 'NONE',  ( 1.957150696398380463, -3.841124844479640643, 4.199999989042876969 ) ) ;
#498 = CARTESIAN_POINT ( 'NONE',  ( -0.6743883618602996011, -4.257919592556767441, -2.000000010957124097 ) ) ;
#499 = CARTESIAN_POINT ( 'NONE',  ( -0.6413811672690397092, 4.049522218518203154, 3.099999989042876436 ) ) ;
#500 = EDGE_LOOP ( 'NONE', ( #3512, #1410, #1921, #4367 ) ) ;
#501 = CARTESIAN_POINT ( 'NONE',  ( 1.634365909477759171, 3.207623430818668187, 6.766025392827316409 ) ) ;
#502 = CARTESIAN_POINT ( 'NONE',  ( -1.718473782203454592, 3.372694985396755829, 4.233974585258436285 ) ) ;
#503 = CARTESIAN_POINT ( 'NONE',  ( -3.841124709738404253, 1.957150960842944709, -3.700000010957121610 ) ) ;
#504 = CARTESIAN_POINT ( 'NONE',  ( 2.545584324645417063, -2.545584499897719510, 0.1660253928273160151 ) ) ;
#505 = CARTESIAN_POINT ( 'NONE',  ( -0.5631639517484248181, 3.555678045528178011, 8.966025392827315699 ) ) ;
#506 = CARTESIAN_POINT ( 'NONE',  ( -0.6743883618602991570, -4.257919592556766553, 0.8999999890428772575 ) ) ;
#507 = CARTESIAN_POINT ( 'NONE',  ( 3.841124709738403809, -1.957150960842944709, 3.299999989042878390 ) ) ;
#508 = CARTESIAN_POINT ( 'NONE',  ( -0.5631639517484252622, 3.555678045528177567, 0.1339745852584356967 ) ) ;
#509 = CARTESIAN_POINT ( 'NONE',  ( -3.841124709738404253, 1.957150960842944709, -2.600000010957123742 ) ) ;
#510 = ADVANCED_FACE ( 'NONE', ( #5861 ), #6429, .F. ) ;
#511 = CARTESIAN_POINT ( 'NONE',  ( 3.841124709738403809, -1.957150960842944709, -1.600000010957122631 ) ) ;
#512 = AXIS2_PLACEMENT_3D ( 'NONE', #2635, #1959, #882 ) ;
#513 = CARTESIAN_POINT ( 'NONE',  ( -6.720610260001267378, -5.986100377805715134, 0.7668384925380955508 ) ) ;
#514 = CARTESIAN_POINT ( 'NONE',  ( 0.5631639517484254842, -3.555678045528177122, 7.133974585258435752 ) ) ;
#515 = CARTESIAN_POINT ( 'NONE',  ( 1.861361174683003883, 3.653126685099039594, 0.8999999890428757032 ) ) ;
#516 = CARTESIAN_POINT ( 'NONE',  ( 3.841124709738403809, -1.957150960842944709, 7.299999989042879278 ) ) ;
#517 = CARTESIAN_POINT ( 'NONE',  ( -0.6413811672690397092, 4.049522218518203154, 5.099999989042876436 ) ) ;
#518 = CARTESIAN_POINT ( 'NONE',  ( -2.899137703068391581, 2.899137902661292898, 3.299999989042876614 ) ) ;
#519 = CARTESIAN_POINT ( 'NONE',  ( -6.720610260001265601, -5.986100377805715134, 7.233161507461903561 ) ) ;
#520 = CARTESIAN_POINT ( 'NONE',  ( 0.6413811672690400423, -4.049522218518203154, -3.900000010957123120 ) ) ;
#521 = CARTESIAN_POINT ( 'NONE',  ( -0.6413813089465657535, -4.049522196078690683, 8.000000000000000000 ) ) ;
#522 = CARTESIAN_POINT ( 'NONE',  ( -4.100003547756451816, 0.3226546693370858088, 10.42422359151603395 ) ) ;
#523 = CARTESIAN_POINT ( 'NONE',  ( -5.952520236888691585, -6.848437018379589070, 6.735291215894498862 ) ) ;
#524 = CARTESIAN_POINT ( 'NONE',  ( 3.207623543337573047, 1.634365688646974624, 8.566025392827317120 ) ) ;
#525 = CARTESIAN_POINT ( 'NONE',  ( -1.718473782203454592, 3.372694985396756273, 7.066025392827317120 ) ) ;
#526 = CARTESIAN_POINT ( 'NONE',  ( -4.049522174361919191, 0.6413814460608515677, -0.5000000109571227647 ) ) ;
#527 = CARTESIAN_POINT ( 'NONE',  ( 4.257919638985430133, 0.6743880687212409075, 3.499999989042877235 ) ) ;
#528 = CARTESIAN_POINT ( 'NONE',  ( -1.957150696398379353, 3.841124844479640643, 0.09999998904287703272 ) ) ;
#529 = CARTESIAN_POINT ( 'NONE',  ( -3.653126813245570315, -1.861360923181276883, 3.699999989042876969 ) ) ;
#530 = CARTESIAN_POINT ( 'NONE',  ( -3.841124709738404253, 1.957150960842944709, -2.600000010957123742 ) ) ;
#531 = CARTESIAN_POINT ( 'NONE',  ( 4.257919638985431909, 0.6743880687212407965, 4.599999989042876436 ) ) ;
#532 = CARTESIAN_POINT ( 'NONE',  ( -3.048333987505707388, -3.048333777641312636, -3.300000010957120811 ) ) ;
#533 = CARTESIAN_POINT ( 'NONE',  ( -1.718473782203454592, 3.372694985396756273, 9.066025392827317120 ) ) ;
#534 = CARTESIAN_POINT ( 'NONE',  ( -0.5631639517484252622, 3.555678045528177567, 0.1339745852584356967 ) ) ;
#535 = CARTESIAN_POINT ( 'NONE',  ( -1.957150696398379353, 3.841124844479639755, 0.09999998904287703272 ) ) ;
#536 = CARTESIAN_POINT ( 'NONE',  ( 3.207623543337573047, 1.634365688646974624, 4.566025392827317120 ) ) ;
#537 = CARTESIAN_POINT ( 'NONE',  ( -1.957150696398379353, 3.841124844479640199, 0.09999998904287703272 ) ) ;
#538 = CARTESIAN_POINT ( 'NONE',  ( -2.899137703068391581, 2.899137902661292898, 0.1999999890428781624 ) ) ;
#539 = CARTESIAN_POINT ( 'NONE',  ( -2.545584324645416618, 2.545584499897719510, 0.3339745852584362629 ) ) ;
#540 = CARTESIAN_POINT ( 'NONE',  ( 1.957150696398380463, -3.841124844479640643, 9.099999989042876436 ) ) ;
#541 = CARTESIAN_POINT ( 'NONE',  ( 3.653126813245570315, 1.861360923181276661, 0.6999999890428768579 ) ) ;
#542 = CARTESIAN_POINT ( 'NONE',  ( 0.6413811672690400423, -4.049522218518203154, -3.900000010957123120 ) ) ;
#543 = CARTESIAN_POINT ( 'NONE',  ( -2.545584324645416618, 2.545584499897719510, 8.333974585258436818 ) ) ;
#544 = CARTESIAN_POINT ( 'NONE',  ( 0.6413811672690400423, -4.049522218518203154, 4.099999989042876436 ) ) ;
#545 = CARTESIAN_POINT ( 'NONE',  ( 1.861361174683003439, 3.653126685099039594, -0.2000000109571228868 ) ) ;
#546 = VECTOR ( 'NONE', #5533, 1000.000000000000000 ) ;
#547 = CARTESIAN_POINT ( 'NONE',  ( 0.6743883618602999341, 4.257919592556767441, 4.999999989042876791 ) ) ;
#548 = ORIENTED_EDGE ( 'NONE', *, *, #1652, .F. ) ;
#549 = CARTESIAN_POINT ( 'NONE',  ( -3.994630110457630057, -0.9544416347050995730, 7.761751311551691683E-16 ) ) ;
#550 = CARTESIAN_POINT ( 'NONE',  ( 6.851250237577215074, -5.839430539638869710, 1.249999999999998446 ) ) ;
#551 = DIRECTION ( 'NONE',  ( 0.000000000000000000, 0.000000000000000000, 1.000000000000000000 ) ) ;
#552 = CARTESIAN_POINT ( 'NONE',  ( -1.861361174683002995, -3.653126685099040039, 8.799999989042877502 ) ) ;
#553 = CARTESIAN_POINT ( 'NONE',  ( 2.545584324645417063, -2.545584499897719066, -2.666025414741564514 ) ) ;
#554 = CARTESIAN_POINT ( 'NONE',  ( 4.049522174361919191, -0.6413814460608513457, 3.399999989042878035 ) ) ;
#555 = CARTESIAN_POINT ( 'NONE',  ( 1.718473782203455258, -3.372694985396755829, -0.7660254147415639370 ) ) ;
#556 = CARTESIAN_POINT ( 'NONE',  ( -3.555678006756805676, 0.5631641965412353956, 7.366025392827317830 ) ) ;
#557 = CARTESIAN_POINT ( 'NONE',  ( 0.6743883618602999341, 4.257919592556767441, 0.9999999890428767912 ) ) ;
#558 = CARTESIAN_POINT ( 'NONE',  ( 4.049522174361919191, -0.6413814460608513457, -0.6000000109571221873 ) ) ;
#559 = CARTESIAN_POINT ( 'NONE',  ( 3.653126813245570315, 1.861360923181276661, 1.599999989042878434 ) ) ;
#560 = CARTESIAN_POINT ( 'NONE',  ( -0.6413811672690397092, 4.049522218518203154, 1.099999989042876214 ) ) ;
#561 = CARTESIAN_POINT ( 'NONE',  ( 3.048333987505708276, 3.048333777641312192, 0.7999999890428763916 ) ) ;
#562 = CARTESIAN_POINT ( 'NONE',  ( -0.6743883618602996011, -4.257919592556767441, 5.999999989042876791 ) ) ;
#563 = CARTESIAN_POINT ( 'NONE',  ( 0.6413811672690402643, -4.049522218518203154, -3.000000010957121432 ) ) ;
#564 = CARTESIAN_POINT ( 'NONE',  ( -3.599999999635204784, -5.124947355626040474E-05, 9.415406697682357162 ) ) ;
#565 = CARTESIAN_POINT ( 'NONE',  ( 0.6743883618602999341, 4.257919592556767441, -2.100000010957121965 ) ) ;
#566 = CARTESIAN_POINT ( 'NONE',  ( 3.207623543337573047, 1.634365688646974624, -0.2660254147415636039 ) ) ;
#567 = CARTESIAN_POINT ( 'NONE',  ( 0.6544315628009845787, -3.649115697608523057, -5.020724136473539437E-18 ) ) ;
#568 = CARTESIAN_POINT ( 'NONE',  ( 3.738661146426232484, 0.5921456213162111792, 6.466025392827315699 ) ) ;
#569 = CARTESIAN_POINT ( 'NONE',  ( 0.5631639517484254842, -3.555678045528177122, 9.133974585258437529 ) ) ;
#570 = CARTESIAN_POINT ( 'NONE',  ( -4.257919638985431909, -0.6743880687212413516, -1.500000010957122099 ) ) ;
#571 = CARTESIAN_POINT ( 'NONE',  ( -4.000000000000000888, -3.186100377805715755, 5.616580753730949560 ) ) ;
#572 = CARTESIAN_POINT ( 'NONE',  ( -3.653126813245570315, -1.861360923181276883, -4.300000010957123919 ) ) ;
#573 = CARTESIAN_POINT ( 'NONE',  ( -4.257919638985431909, -0.6743880687212413516, -2.400000010957123120 ) ) ;
#574 = CARTESIAN_POINT ( 'NONE',  ( 1.861361174683003883, 3.653126685099039594, -1.100000010957124408 ) ) ;
#575 = CARTESIAN_POINT ( 'NONE',  ( -0.5921458787066038454, -3.738661105659599304, -2.966025414741564337 ) ) ;
#576 = VECTOR ( 'NONE', #5419, 1000.000000000000000 ) ;
#577 = CARTESIAN_POINT ( 'NONE',  ( 4.049522174361919191, -0.6413814460608517898, 4.499999989042876791 ) ) ;
#578 = CARTESIAN_POINT ( 'NONE',  ( -4.257919638985431909, -0.6743880687212415737, 2.499999989042877679 ) ) ;
#579 = CARTESIAN_POINT ( 'NONE',  ( 3.048333987505708276, 3.048333777641312192, 0.7999999890428763916 ) ) ;
#580 = CARTESIAN_POINT ( 'NONE',  ( 3.653126813245570315, 1.861360923181276661, 4.699999989042876969 ) ) ;
#581 = EDGE_LOOP ( 'NONE', ( #1432, #2888, #1757, #1396, #6077, #470 ) ) ;
#582 = CARTESIAN_POINT ( 'NONE',  ( -4.100052252034816824, -0.2407109822561191714, 2.236692756837965407E-15 ) ) ;
#583 = CARTESIAN_POINT ( 'NONE',  ( 3.555678006756805676, -0.5631641965412358397, 4.366025392827316942 ) ) ;
#584 = CARTESIAN_POINT ( 'NONE',  ( -0.4999999999999991673, -4.028522837190234185, 8.843623452936083044E-13 ) ) ;
#585 = CARTESIAN_POINT ( 'NONE',  ( -4.049522174361919191, 0.6413814460608511236, 8.399999989042878923 ) ) ;
#586 = CARTESIAN_POINT ( 'NONE',  ( -1.718473782203454592, 3.372694985396755829, -1.766025414741565047 ) ) ;
#587 = CARTESIAN_POINT ( 'NONE',  ( -3.048333987505707388, -3.048333777641312636, 6.699999989042876081 ) ) ;
#588 = CARTESIAN_POINT ( 'NONE',  ( 1.634365909477758727, 3.207623430818667742, -2.066025414741564870 ) ) ;
#589 = CARTESIAN_POINT ( 'NONE',  ( 1.634365909477759171, 3.207623430818668187, 4.766025392827316409 ) ) ;
#590 = CARTESIAN_POINT ( 'NONE',  ( 3.048333987505708276, 3.048333777641312192, -3.200000010957123386 ) ) ;
#591 = CARTESIAN_POINT ( 'NONE',  ( -3.048333987505707388, -3.048333777641312636, 2.699999989042877857 ) ) ;
#592 = PLANE ( 'NONE',  #1224 ) ;
#593 = CARTESIAN_POINT ( 'NONE',  ( -1.861361174683003439, -3.653126685099040039, -0.1000000109571234919 ) ) ;
#594 = CARTESIAN_POINT ( 'NONE',  ( -3.653126813245570315, -1.861360923181276883, -2.300000010957123919 ) ) ;
#595 = CARTESIAN_POINT ( 'NONE',  ( -3.048333987505707832, -3.048333777641312636, -0.2000000109571228590 ) ) ;
#596 = CARTESIAN_POINT ( 'NONE',  ( 4.257919638985430133, 0.6743880687212409075, -2.500000010957122765 ) ) ;
#597 = CARTESIAN_POINT ( 'NONE',  ( 3.207623543337573047, 1.634365688646974624, 8.566025392827317120 ) ) ;
#598 =( BOUNDED_SURFACE ( )  B_SPLINE_SURFACE ( 1, 2, ( 
 ( #2573, #4145, #3185, #4748, #6301, #5206, #2100, #4711, #6437, #5836, #1426, #398, #4676, #5904, #3686, #6370, #6913, #964, #3752, #2068, #3149, #1565, #5311, #435, #3115, #4781, #2607, #6950, #6981, #5768, #4277, #5244, #1531, #3720, #5871, #997, #1031, #5344, #466, #6843, #328, #2505, #1966, #889, #3078, #361, #2540, #6877, #2000, #6335, #1462, #3650, #926, #5279, #5506, #3848, #7047, #4841, #7013, #2168, #2269, #3781, #4377, #6005, #3881, #2774, #3815, #4941, #6537, #5474, #1131, #527, #5439, #4976, #58, #3313, #2236, #2706, #2203, #591, #2133, #4410, #4310, #626, #1664, #4344, #6570, #3280, #5377, #6502, #4443, #1698, #6605, #1630, #2810, #6038, #1096, #3348, #1595, #4873, #93, #1164, #2741, #5936, #1730, #3916, #6070, #3218, #496, #1063, #2675, #6469, #558, #4905, #5970, #3248, #5408, #25, #5161, #6108, #6223, #1345, #3534, #6724, #808, #3460, #283, #5615, #1846, #6641, #736, #4025, #5122, #6183, #2921, #2345, #3952, #4516, #1766, #1271, #3421, #1806, #1886, #4479, #2462 ),
 ( #1924, #5085, #1235, #5576, #5690, #2996, #6798, #2847, #210, #5046, #1305, #700, #2884, #2384, #249, #4556, #5653, #4632, #4103, #1197, #3497, #168, #3384, #6763, #773, #2961, #6682, #130, #5542, #2426, #2306, #661, #5008, #3987, #6143, #4593, #4064, #3031, #6260, #1384, #2497, #4667, #321, #6835, #3570, #1958, #5725, #844, #5198, #2749, #3824, #5482, #2211, #6546, #5516, #7020, #3357, #5941, #2782, #4419, #3856, #1706, #105, #1140, #1673, #502, #2278, #4386, #4454, #4950, #3890, #3321, #6014, #6046, #600, #4986, #636, #4847, #1638, #67, #6579, #4913, #33, #2140, #3787, #5448, #4316, #1, #2820, #2244, #1172, #6616, #1105, #6475, #1601, #1068, #2682, #3288, #1740, #5910, #1038, #3223, #5383, #3254, #5414, #4880, #534, #2715, #2175, #6511, #566, #4351, #5979, #4059, #6719, #245, #5649, #350, #6219, #5081, #206, #4134, #6289, #5230, #1268, #1879, #3493, #2457, #2380, #4552, #5686, #3566, #3529, #4097, #3602, #6830, #2527, #1920, #1842, #1415, #5192, #804, #2992, #5118, #5757 ) ),
 .UNSPECIFIED., .F., .F., .T. ) 
 B_SPLINE_SURFACE_WITH_KNOTS ( ( 2, 2 ),
 ( 3, 2, 2, 2, 2, 2, 2, 2, 2, 2, 2, 2, 2, 2, 2, 2, 2, 2, 2, 2, 2, 2, 2, 2, 2, 2, 2, 2, 2, 2, 2, 2, 2, 2, 2, 2, 2, 2, 2, 2, 2, 2, 2, 2, 2, 2, 2, 2, 2, 2, 2, 2, 2, 2, 2, 2, 2, 2, 2, 2, 2, 2, 2, 2, 2, 2, 2, 2, 2, 2, 2, 2, 3 ),
 ( 0.000000000000000000, 1.000000000000000000 ),
 ( 0.1093554249205430928, 0.1125000000000000028, 0.1250000000000000000, 0.1375000000000000111, 0.1499999999999999944, 0.1625000000000000056, 0.1749999999999999889, 0.1875000000000000000, 0.2000000000000000111, 0.2124999999999999944, 0.2250000000000000056, 0.2374999999999999889, 0.2500000000000000000, 0.2625000000000000111, 0.2750000000000000222, 0.2874999999999999778, 0.2999999999999999889, 0.3125000000000000000, 0.3250000000000000111, 0.3375000000000000222, 0.3499999999999999778, 0.3624999999999999889, 0.3750000000000000000, 0.3875000000000000111, 0.4000000000000000222, 0.4124999999999999778, 0.4249999999999999889, 0.4375000000000000000, 0.4500000000000000111, 0.4625000000000000222, 0.4749999999999999778, 0.4874999999999999889, 0.5000000000000000000, 0.5124999999999999556, 0.5250000000000000222, 0.5374999999999999778, 0.5500000000000000444, 0.5625000000000000000, 0.5749999999999999556, 0.5875000000000000222, 0.5999999999999999778, 0.6125000000000000444, 0.6250000000000000000, 0.6374999999999999556, 0.6500000000000000222, 0.6624999999999999778, 0.6750000000000000444, 0.6875000000000000000, 0.6999999999999999556, 0.7125000000000000222, 0.7249999999999999778, 0.7375000000000000444, 0.7500000000000000000, 0.7624999999999999556, 0.7750000000000000222, 0.7874999999999999778, 0.8000000000000000444, 0.8125000000000000000, 0.8249999999999999556, 0.8375000000000000222, 0.8499999999999999778, 0.8625000000000000444, 0.8750000000000000000, 0.8874999999999999556, 0.9000000000000000222, 0.9124999999999999778, 0.9250000000000000444, 0.9375000000000000000, 0.9499999999999999556, 0.9625000000000000222, 0.9749999999999999778, 0.9875000000000000444, 1.000000000000000000 ),
 .UNSPECIFIED. ) 
 GEOMETRIC_REPRESENTATION_ITEM ( )  RATIONAL_B_SPLINE_SURFACE ( (
 ( 0.9815697878597295922, 0.9876874832671946880, 1.000000000000000000, 0.9510565162951535312, 1.000000000000000000, 0.9510565162951535312, 1.000000000000000000, 0.9510565162951535312, 1.000000000000000000, 0.9510565162951535312, 1.000000000000000000, 0.9510565162951535312, 1.000000000000000000, 0.9510565162951535312, 1.000000000000000000, 0.9510565162951535312, 1.000000000000000000, 0.9510565162951535312, 1.000000000000000000, 0.9510565162951535312, 1.000000000000000000, 0.9510565162951535312, 1.000000000000000000, 0.9510565162951535312, 1.000000000000000000, 0.9510565162951535312, 1.000000000000000000, 0.9510565162951535312, 1.000000000000000000, 0.9510565162951535312, 1.000000000000000000, 0.9510565162951535312, 1.000000000000000000, 0.9510565162951535312, 1.000000000000000000, 0.9510565162951535312, 1.000000000000000000, 0.9510565162951535312, 1.000000000000000000, 0.9510565162951535312, 1.000000000000000000, 0.9510565162951535312, 1.000000000000000000, 0.9510565162951535312, 1.000000000000000000, 0.9510565162951535312, 1.000000000000000000, 0.9510565162951535312, 1.000000000000000000, 0.9510565162951535312, 1.000000000000000000, 0.9510565162951535312, 1.000000000000000000, 0.9510565162951535312, 1.000000000000000000, 0.9510565162951535312, 1.000000000000000000, 0.9510565162951535312, 1.000000000000000000, 0.9510565162951535312, 1.000000000000000000, 0.9510565162951535312, 1.000000000000000000, 0.9510565162951535312, 1.000000000000000000, 0.9510565162951535312, 1.000000000000000000, 0.9510565162951535312, 1.000000000000000000, 0.9510565162951535312, 1.000000000000000000, 0.9510565162951535312, 1.000000000000000000, 0.9510565162951535312, 1.000000000000000000, 0.9510565162951535312, 1.000000000000000000, 0.9510565162951535312, 1.000000000000000000, 0.9510565162951535312, 1.000000000000000000, 0.9510565162951535312, 1.000000000000000000, 0.9510565162951535312, 1.000000000000000000, 0.9510565162951535312, 1.000000000000000000, 0.9510565162951535312, 1.000000000000000000, 0.9510565162951535312, 1.000000000000000000, 0.9510565162951535312, 1.000000000000000000, 0.9510565162951535312, 1.000000000000000000, 0.9510565162951535312, 1.000000000000000000, 0.9510565162951535312, 1.000000000000000000, 0.9510565162951535312, 1.000000000000000000, 0.9510565162951535312, 1.000000000000000000, 0.9510565162951535312, 1.000000000000000000, 0.9510565162951535312, 1.000000000000000000, 0.9510565162951535312, 1.000000000000000000, 0.9510565162951535312, 1.000000000000000000, 0.9510565162951535312, 1.000000000000000000, 0.9510565162951535312, 1.000000000000000000, 0.9510565162951535312, 1.000000000000000000, 0.9510565162951535312, 1.000000000000000000, 0.9510565162951535312, 1.000000000000000000, 0.9510565162951535312, 1.000000000000000000, 0.9510565162951535312, 1.000000000000000000, 0.9510565162951535312, 1.000000000000000000, 0.9510565162951535312, 1.000000000000000000, 0.9510565162951535312, 1.000000000000000000, 0.9510565162951535312, 1.000000000000000000, 0.9510565162951535312, 1.000000000000000000, 0.9510565162951535312, 1.000000000000000000, 0.9510565162951535312, 1.000000000000000000, 0.9510565162951535312, 1.000000000000000000, 0.9510565162951535312, 1.000000000000000000, 0.9510565162951535312, 1.000000000000000000),
 ( 0.9815697878597295922, 0.9876874832671946880, 1.000000000000000000, 0.9510565162951535312, 1.000000000000000000, 0.9510565162951535312, 1.000000000000000000, 0.9510565162951535312, 1.000000000000000000, 0.9510565162951535312, 1.000000000000000000, 0.9510565162951535312, 1.000000000000000000, 0.9510565162951535312, 1.000000000000000000, 0.9510565162951535312, 1.000000000000000000, 0.9510565162951535312, 1.000000000000000000, 0.9510565162951535312, 1.000000000000000000, 0.9510565162951535312, 1.000000000000000000, 0.9510565162951535312, 1.000000000000000000, 0.9510565162951535312, 1.000000000000000000, 0.9510565162951535312, 1.000000000000000000, 0.9510565162951535312, 1.000000000000000000, 0.9510565162951535312, 1.000000000000000000, 0.9510565162951535312, 1.000000000000000000, 0.9510565162951535312, 1.000000000000000000, 0.9510565162951535312, 1.000000000000000000, 0.9510565162951535312, 1.000000000000000000, 0.9510565162951535312, 1.000000000000000000, 0.9510565162951535312, 1.000000000000000000, 0.9510565162951535312, 1.000000000000000000, 0.9510565162951535312, 1.000000000000000000, 0.9510565162951535312, 1.000000000000000000, 0.9510565162951535312, 1.000000000000000000, 0.9510565162951535312, 1.000000000000000000, 0.9510565162951535312, 1.000000000000000000, 0.9510565162951535312, 1.000000000000000000, 0.9510565162951535312, 1.000000000000000000, 0.9510565162951535312, 1.000000000000000000, 0.9510565162951535312, 1.000000000000000000, 0.9510565162951535312, 1.000000000000000000, 0.9510565162951535312, 1.000000000000000000, 0.9510565162951535312, 1.000000000000000000, 0.9510565162951535312, 1.000000000000000000, 0.9510565162951535312, 1.000000000000000000, 0.9510565162951535312, 1.000000000000000000, 0.9510565162951535312, 1.000000000000000000, 0.9510565162951535312, 1.000000000000000000, 0.9510565162951535312, 1.000000000000000000, 0.9510565162951535312, 1.000000000000000000, 0.9510565162951535312, 1.000000000000000000, 0.9510565162951535312, 1.000000000000000000, 0.9510565162951535312, 1.000000000000000000, 0.9510565162951535312, 1.000000000000000000, 0.9510565162951535312, 1.000000000000000000, 0.9510565162951535312, 1.000000000000000000, 0.9510565162951535312, 1.000000000000000000, 0.9510565162951535312, 1.000000000000000000, 0.9510565162951535312, 1.000000000000000000, 0.9510565162951535312, 1.000000000000000000, 0.9510565162951535312, 1.000000000000000000, 0.9510565162951535312, 1.000000000000000000, 0.9510565162951535312, 1.000000000000000000, 0.9510565162951535312, 1.000000000000000000, 0.9510565162951535312, 1.000000000000000000, 0.9510565162951535312, 1.000000000000000000, 0.9510565162951535312, 1.000000000000000000, 0.9510565162951535312, 1.000000000000000000, 0.9510565162951535312, 1.000000000000000000, 0.9510565162951535312, 1.000000000000000000, 0.9510565162951535312, 1.000000000000000000, 0.9510565162951535312, 1.000000000000000000, 0.9510565162951535312, 1.000000000000000000, 0.9510565162951535312, 1.000000000000000000, 0.9510565162951535312, 1.000000000000000000, 0.9510565162951535312, 1.000000000000000000, 0.9510565162951535312, 1.000000000000000000, 0.9510565162951535312, 1.000000000000000000, 0.9510565162951535312, 1.000000000000000000, 0.9510565162951535312, 1.000000000000000000) ) ) 
 REPRESENTATION_ITEM ( '' )  SURFACE ( )  );
#599 = CARTESIAN_POINT ( 'NONE',  ( -3.653126813245570315, -1.861360923181276883, -1.400000010957122676 ) ) ;
#600 = CARTESIAN_POINT ( 'NONE',  ( 2.545584324645417063, -2.545584499897719066, 3.333974585258435486 ) ) ;
#601 = CARTESIAN_POINT ( 'NONE',  ( 3.599999999999999201, 4.410412574535703716E-08, 5.583351343887088092 ) ) ;
#602 = CARTESIAN_POINT ( 'NONE',  ( -2.676585940248913165, -2.676585755977737513, 5.666025392827316765 ) ) ;
#603 = CARTESIAN_POINT ( 'NONE',  ( -3.600003115103224349, 0.2833065389301239745, 10.55819818773159113 ) ) ;
#604 = CARTESIAN_POINT ( 'NONE',  ( -0.6743883618602996011, -4.257919592556767441, 0.8999999890428772575 ) ) ;
#605 = CARTESIAN_POINT ( 'NONE',  ( -3.555678006756805676, 0.5631641965412349515, -1.466025414741565003 ) ) ;
#606 = EDGE_CURVE ( 'NONE', #6862, #2452, #5217, .T. ) ;
#607 = CARTESIAN_POINT ( 'NONE',  ( 1.957150696398380463, -3.841124844479640643, 5.099999989042878212 ) ) ;
#608 = CARTESIAN_POINT ( 'NONE',  ( 3.048333987505708276, 3.048333777641312192, -1.200000010957123830 ) ) ;
#609 = CARTESIAN_POINT ( 'NONE',  ( -3.048333987505707832, -3.048333777641312636, 1.799999989042877058 ) ) ;
#610 = CARTESIAN_POINT ( 'NONE',  ( 3.372694867087377979, -1.718474014398682526, -0.5660254147415634263 ) ) ;
#611 = CARTESIAN_POINT ( 'NONE',  ( -3.653126813245570315, -1.861360923181276883, 1.699999989042876081 ) ) ;
#612 = CARTESIAN_POINT ( 'NONE',  ( -3.048333987505707388, -3.048333777641312636, 2.699999989042877857 ) ) ;
#613 = CARTESIAN_POINT ( 'NONE',  ( 4.257919638985431909, 0.6743880687212407965, 4.599999989042876436 ) ) ;
#614 = CARTESIAN_POINT ( 'NONE',  ( -3.048333987505707832, -3.048333777641312636, -2.200000010957122942 ) ) ;
#615 = ORIENTED_EDGE ( 'NONE', *, *, #4965, .F. ) ;
#616 = CARTESIAN_POINT ( 'NONE',  ( -1.576716247948670269, -3.792430227797462194, 1.292135150350301982E-16 ) ) ;
#617 = CYLINDRICAL_SURFACE ( 'NONE', #5216, 2.750000000000000000 ) ;
#618 = FACE_OUTER_BOUND ( 'NONE', #5532, .T. ) ;
#619 = CARTESIAN_POINT ( 'NONE',  ( -3.048333987505707388, -3.048333777641312636, 4.699999989042877857 ) ) ;
#620 = CARTESIAN_POINT ( 'NONE',  ( 0.000000000000000000, 0.000000000000000000, 8.500000000000000000 ) ) ;
#621 = CARTESIAN_POINT ( 'NONE',  ( -0.6743883618602991570, -4.257919592556766553, 2.899999989042877591 ) ) ;
#622 = CARTESIAN_POINT ( 'NONE',  ( 1.718473782203455036, -3.372694985396756273, 8.066025392827315343 ) ) ;
#623 = AXIS2_PLACEMENT_3D ( 'NONE', #169, #5691, #701 ) ;
#624 = CARTESIAN_POINT ( 'NONE',  ( 0.5921458787066047336, 3.738661105659600192, 2.866025392827316942 ) ) ;
#625 = CARTESIAN_POINT ( 'NONE',  ( 3.048333987505708276, 3.048333777641312192, -1.200000010957123830 ) ) ;
#626 = CARTESIAN_POINT ( 'NONE',  ( -3.841124709738404253, 1.957150960842943821, 2.299999989042877058 ) ) ;
#627 = CARTESIAN_POINT ( 'NONE',  ( -4.049522174361919191, 0.6413814460608515677, -3.600000010957123298 ) ) ;
#628 = CARTESIAN_POINT ( 'NONE',  ( 4.049522174361919191, -0.6413814460608517898, 0.4999999890428763472 ) ) ;
#629 = CARTESIAN_POINT ( 'NONE',  ( -4.100000000000002309, -0.9196847177407059259, 10.52107237264284478 ) ) ;
#630 = CARTESIAN_POINT ( 'NONE',  ( -1.957150696398379353, 3.841124844479640643, 1.199999989042875415 ) ) ;
#631 = CARTESIAN_POINT ( 'NONE',  ( -3.841124709738404253, 1.957150960842943821, 2.299999989042877058 ) ) ;
#632 = AXIS2_PLACEMENT_3D ( 'NONE', #3083, #6849, #1320 ) ;
#633 = ORIENTED_EDGE ( 'NONE', *, *, #2459, .F. ) ;
#634 = CARTESIAN_POINT ( 'NONE',  ( -3.738661146426232484, -0.5921456213162119564, 7.466025392827316587 ) ) ;
#635 = CARTESIAN_POINT ( 'NONE',  ( 0.000000000000000000, 0.000000000000000000, 8.000000000000000000 ) ) ;
#636 = CARTESIAN_POINT ( 'NONE',  ( 0.5631639517484254842, -3.555678045528177122, 3.133974585258436640 ) ) ;
#637 = DIRECTION ( 'NONE',  ( -1.000000000000000000, -0.000000000000000000, -0.000000000000000000 ) ) ;
#638 = CARTESIAN_POINT ( 'NONE',  ( 1.718473782203455036, -3.372694985396756273, 8.066025392827315343 ) ) ;
#639 = CARTESIAN_POINT ( 'NONE',  ( -0.5921458787066038454, -3.738661105659599304, 7.033974585258436107 ) ) ;
#640 = CARTESIAN_POINT ( 'NONE',  ( -0.4999999999999992784, -3.565108693995177713, 1.039698219489805231 ) ) ;
#641 = CARTESIAN_POINT ( 'NONE',  ( -2.676585940248912721, -2.676585755977737513, -3.166025414741562738 ) ) ;
#642 =( BOUNDED_SURFACE ( )  B_SPLINE_SURFACE ( 1, 2, ( 
 ( #5677, #1438, #3627, #5782, #1945, #3092, #5712, #374, #829, #4123, #1869, #3017, #6280, #340, #1406, #5182, #4616, #6209, #6785, #4049, #3556, #794, #864, #6749, #4088, #306, #3593, #3055, #6247, #1368, #2448, #4189, #2484, #2983, #5146, #902, #5256, #2011, #5107, #4654, #270, #5221, #6821, #2518, #4690, #6857, #1979, #4580, #2551, #6314, #6347, #4724, #6889, #3482, #5639, #759, #2946, #235, #2409, #4853, #4, #476, #4320, #3791, #5290, #2620, #411, #3733, #941, #2180, #4822, #2654, #5882, #6991, #4354, #5387, #2112, #2719, #4288, #5355, #6414, #1043, #1007, #2146, #4224, #1575, #1072, #3258, #3761, #2046, #6448, #6479, #4884, #5914, #3227, #3128, #1475, #506, #2686, #3661, #6381, #2586, #7024, #1606, #5945, #537, #5417, #4759, #4257, #5814, #6925, #1510, #3698, #5847, #976, #3196, #3163, #4791, #5322, #445, #6959, #2080, #1541, #2753, #4917, #36, #1108, #3893, #2861, #1744, #146, #713, #5554, #2823, #3964, #5485, #6121, #3360, #108, #2213, #6657, #1249, #3434, #6017, #6583 ),
 ( #3827, #603, #5592, #3930, #2898, #5060, #185, #2282, #4422, #676, #2358, #2785, #1676, #6514, #3859, #1781, #569, #1143, #6549, #3326, #1641, #6084, #1212, #4953, #4457, #6619, #2320, #70, #4389, #3398, #2247, #1708, #6049, #1175, #5023, #5519, #4493, #639, #5451, #5982, #4989, #3292, #3680, #5628, #2603, #6330, #2399, #1820, #3511, #2063, #6908, #5866, #1527, #3181, #393, #2440, #5832, #462, #786, #6739, #4242, #1860, #6945, #750, #6198, #4570, #4040, #5340, #4208, #2028, #1321, #5275, #2567, #5308, #5668, #2937, #1493, #263, #2975, #5137, #4607, #958, #6777, #4777, #4079, #3473, #4532, #1903, #1456, #1283, #3645, #5098, #5798, #4000, #6696, #920, #3110, #4743, #6365, #6158, #3145, #431, #993, #6399, #3716, #226, #2200, #2164, #3310, #5373, #2738, #2233, #4407, #4901, #3214, #555, #5470, #3878, #22, #5434, #4274, #6035, #1092, #5966, #2638, #493, #6433, #3277, #588, #4374, #1694, #6567, #1561, #5403, #6533, #2771, #6499, #1627, #5901, #2672, #4339, #1027, #3777, #1161, #3812 ) ),
 .UNSPECIFIED., .F., .F., .T. ) 
 B_SPLINE_SURFACE_WITH_KNOTS ( ( 2, 2 ),
 ( 3, 2, 2, 2, 2, 2, 2, 2, 2, 2, 2, 2, 2, 2, 2, 2, 2, 2, 2, 2, 2, 2, 2, 2, 2, 2, 2, 2, 2, 2, 2, 2, 2, 2, 2, 2, 2, 2, 2, 2, 2, 2, 2, 2, 2, 2, 2, 2, 2, 2, 2, 2, 2, 2, 2, 2, 2, 2, 2, 2, 2, 2, 2, 2, 2, 2, 2, 2, 2, 2, 2, 2, 3 ),
 ( 0.000000000000000000, 1.000000000000000000 ),
 ( 0.1093554249205430928, 0.1125000000000000028, 0.1250000000000000000, 0.1375000000000000111, 0.1499999999999999944, 0.1625000000000000056, 0.1749999999999999889, 0.1875000000000000000, 0.2000000000000000111, 0.2124999999999999944, 0.2250000000000000056, 0.2374999999999999889, 0.2500000000000000000, 0.2625000000000000111, 0.2750000000000000222, 0.2874999999999999778, 0.2999999999999999889, 0.3125000000000000000, 0.3250000000000000111, 0.3375000000000000222, 0.3499999999999999778, 0.3624999999999999889, 0.3750000000000000000, 0.3875000000000000111, 0.4000000000000000222, 0.4124999999999999778, 0.4249999999999999889, 0.4375000000000000000, 0.4500000000000000111, 0.4625000000000000222, 0.4749999999999999778, 0.4874999999999999889, 0.5000000000000000000, 0.5124999999999999556, 0.5250000000000000222, 0.5374999999999999778, 0.5500000000000000444, 0.5625000000000000000, 0.5749999999999999556, 0.5875000000000000222, 0.5999999999999999778, 0.6125000000000000444, 0.6250000000000000000, 0.6374999999999999556, 0.6500000000000000222, 0.6624999999999999778, 0.6750000000000000444, 0.6875000000000000000, 0.6999999999999999556, 0.7125000000000000222, 0.7249999999999999778, 0.7375000000000000444, 0.7500000000000000000, 0.7624999999999999556, 0.7750000000000000222, 0.7874999999999999778, 0.8000000000000000444, 0.8125000000000000000, 0.8249999999999999556, 0.8375000000000000222, 0.8499999999999999778, 0.8625000000000000444, 0.8750000000000000000, 0.8874999999999999556, 0.9000000000000000222, 0.9124999999999999778, 0.9250000000000000444, 0.9375000000000000000, 0.9499999999999999556, 0.9625000000000000222, 0.9749999999999999778, 0.9875000000000000444, 1.000000000000000000 ),
 .UNSPECIFIED. ) 
 GEOMETRIC_REPRESENTATION_ITEM ( )  RATIONAL_B_SPLINE_SURFACE ( (
 ( 0.9815697878597295922, 0.9876874832671946880, 1.000000000000000000, 0.9510565162951535312, 1.000000000000000000, 0.9510565162951535312, 1.000000000000000000, 0.9510565162951535312, 1.000000000000000000, 0.9510565162951535312, 1.000000000000000000, 0.9510565162951535312, 1.000000000000000000, 0.9510565162951535312, 1.000000000000000000, 0.9510565162951535312, 1.000000000000000000, 0.9510565162951535312, 1.000000000000000000, 0.9510565162951535312, 1.000000000000000000, 0.9510565162951535312, 1.000000000000000000, 0.9510565162951535312, 1.000000000000000000, 0.9510565162951535312, 1.000000000000000000, 0.9510565162951535312, 1.000000000000000000, 0.9510565162951535312, 1.000000000000000000, 0.9510565162951535312, 1.000000000000000000, 0.9510565162951535312, 1.000000000000000000, 0.9510565162951535312, 1.000000000000000000, 0.9510565162951535312, 1.000000000000000000, 0.9510565162951535312, 1.000000000000000000, 0.9510565162951535312, 1.000000000000000000, 0.9510565162951535312, 1.000000000000000000, 0.9510565162951535312, 1.000000000000000000, 0.9510565162951535312, 1.000000000000000000, 0.9510565162951535312, 1.000000000000000000, 0.9510565162951535312, 1.000000000000000000, 0.9510565162951535312, 1.000000000000000000, 0.9510565162951535312, 1.000000000000000000, 0.9510565162951535312, 1.000000000000000000, 0.9510565162951535312, 1.000000000000000000, 0.9510565162951535312, 1.000000000000000000, 0.9510565162951535312, 1.000000000000000000, 0.9510565162951535312, 1.000000000000000000, 0.9510565162951535312, 1.000000000000000000, 0.9510565162951535312, 1.000000000000000000, 0.9510565162951535312, 1.000000000000000000, 0.9510565162951535312, 1.000000000000000000, 0.9510565162951535312, 1.000000000000000000, 0.9510565162951535312, 1.000000000000000000, 0.9510565162951535312, 1.000000000000000000, 0.9510565162951535312, 1.000000000000000000, 0.9510565162951535312, 1.000000000000000000, 0.9510565162951535312, 1.000000000000000000, 0.9510565162951535312, 1.000000000000000000, 0.9510565162951535312, 1.000000000000000000, 0.9510565162951535312, 1.000000000000000000, 0.9510565162951535312, 1.000000000000000000, 0.9510565162951535312, 1.000000000000000000, 0.9510565162951535312, 1.000000000000000000, 0.9510565162951535312, 1.000000000000000000, 0.9510565162951535312, 1.000000000000000000, 0.9510565162951535312, 1.000000000000000000, 0.9510565162951535312, 1.000000000000000000, 0.9510565162951535312, 1.000000000000000000, 0.9510565162951535312, 1.000000000000000000, 0.9510565162951535312, 1.000000000000000000, 0.9510565162951535312, 1.000000000000000000, 0.9510565162951535312, 1.000000000000000000, 0.9510565162951535312, 1.000000000000000000, 0.9510565162951535312, 1.000000000000000000, 0.9510565162951535312, 1.000000000000000000, 0.9510565162951535312, 1.000000000000000000, 0.9510565162951535312, 1.000000000000000000, 0.9510565162951535312, 1.000000000000000000, 0.9510565162951535312, 1.000000000000000000, 0.9510565162951535312, 1.000000000000000000, 0.9510565162951535312, 1.000000000000000000, 0.9510565162951535312, 1.000000000000000000, 0.9510565162951535312, 1.000000000000000000, 0.9510565162951535312, 1.000000000000000000, 0.9510565162951535312, 1.000000000000000000, 0.9510565162951535312, 1.000000000000000000),
 ( 0.9815697878597295922, 0.9876874832671946880, 1.000000000000000000, 0.9510565162951535312, 1.000000000000000000, 0.9510565162951535312, 1.000000000000000000, 0.9510565162951535312, 1.000000000000000000, 0.9510565162951535312, 1.000000000000000000, 0.9510565162951535312, 1.000000000000000000, 0.9510565162951535312, 1.000000000000000000, 0.9510565162951535312, 1.000000000000000000, 0.9510565162951535312, 1.000000000000000000, 0.9510565162951535312, 1.000000000000000000, 0.9510565162951535312, 1.000000000000000000, 0.9510565162951535312, 1.000000000000000000, 0.9510565162951535312, 1.000000000000000000, 0.9510565162951535312, 1.000000000000000000, 0.9510565162951535312, 1.000000000000000000, 0.9510565162951535312, 1.000000000000000000, 0.9510565162951535312, 1.000000000000000000, 0.9510565162951535312, 1.000000000000000000, 0.9510565162951535312, 1.000000000000000000, 0.9510565162951535312, 1.000000000000000000, 0.9510565162951535312, 1.000000000000000000, 0.9510565162951535312, 1.000000000000000000, 0.9510565162951535312, 1.000000000000000000, 0.9510565162951535312, 1.000000000000000000, 0.9510565162951535312, 1.000000000000000000, 0.9510565162951535312, 1.000000000000000000, 0.9510565162951535312, 1.000000000000000000, 0.9510565162951535312, 1.000000000000000000, 0.9510565162951535312, 1.000000000000000000, 0.9510565162951535312, 1.000000000000000000, 0.9510565162951535312, 1.000000000000000000, 0.9510565162951535312, 1.000000000000000000, 0.9510565162951535312, 1.000000000000000000, 0.9510565162951535312, 1.000000000000000000, 0.9510565162951535312, 1.000000000000000000, 0.9510565162951535312, 1.000000000000000000, 0.9510565162951535312, 1.000000000000000000, 0.9510565162951535312, 1.000000000000000000, 0.9510565162951535312, 1.000000000000000000, 0.9510565162951535312, 1.000000000000000000, 0.9510565162951535312, 1.000000000000000000, 0.9510565162951535312, 1.000000000000000000, 0.9510565162951535312, 1.000000000000000000, 0.9510565162951535312, 1.000000000000000000, 0.9510565162951535312, 1.000000000000000000, 0.9510565162951535312, 1.000000000000000000, 0.9510565162951535312, 1.000000000000000000, 0.9510565162951535312, 1.000000000000000000, 0.9510565162951535312, 1.000000000000000000, 0.9510565162951535312, 1.000000000000000000, 0.9510565162951535312, 1.000000000000000000, 0.9510565162951535312, 1.000000000000000000, 0.9510565162951535312, 1.000000000000000000, 0.9510565162951535312, 1.000000000000000000, 0.9510565162951535312, 1.000000000000000000, 0.9510565162951535312, 1.000000000000000000, 0.9510565162951535312, 1.000000000000000000, 0.9510565162951535312, 1.000000000000000000, 0.9510565162951535312, 1.000000000000000000, 0.9510565162951535312, 1.000000000000000000, 0.9510565162951535312, 1.000000000000000000, 0.9510565162951535312, 1.000000000000000000, 0.9510565162951535312, 1.000000000000000000, 0.9510565162951535312, 1.000000000000000000, 0.9510565162951535312, 1.000000000000000000, 0.9510565162951535312, 1.000000000000000000, 0.9510565162951535312, 1.000000000000000000, 0.9510565162951535312, 1.000000000000000000, 0.9510565162951535312, 1.000000000000000000, 0.9510565162951535312, 1.000000000000000000, 0.9510565162951535312, 1.000000000000000000, 0.9510565162951535312, 1.000000000000000000) ) ) 
 REPRESENTATION_ITEM ( '' )  SURFACE ( )  );
#643 = CARTESIAN_POINT ( 'NONE',  ( -2.899137703068391581, 2.899137902661292898, 6.199999989042877857 ) ) ;
#644 = CARTESIAN_POINT ( 'NONE',  ( 3.048333987505708276, 3.048333777641312192, -3.200000010957123386 ) ) ;
#645 = CARTESIAN_POINT ( 'NONE',  ( -4.257919638985431909, -0.6743880687212413516, -4.400000010957124452 ) ) ;
#646 = CARTESIAN_POINT ( 'NONE',  ( -1.634365909477758505, -3.207623430818668187, 0.9339745852584360186 ) ) ;
#647 = CARTESIAN_POINT ( 'NONE',  ( 3.653126813245570315, 1.861360923181276661, -3.300000010957123031 ) ) ;
#648 = CARTESIAN_POINT ( 'NONE',  ( -3.048333987505707388, -3.048333777641312636, 4.699999989042877857 ) ) ;
#649 = CARTESIAN_POINT ( 'NONE',  ( -4.257919638985431909, -0.6743880687212413516, 1.599999989042876214 ) ) ;
#650 = CARTESIAN_POINT ( 'NONE',  ( 0.6413811672690400423, -4.049522218518203154, -3.900000010957123120 ) ) ;
#651 = ORIENTED_EDGE ( 'NONE', *, *, #4416, .T. ) ;
#652 = EDGE_CURVE ( 'NONE', #1335, #3905, #3702, .T. ) ;
#653 = CARTESIAN_POINT ( 'NONE',  ( -2.791230077972122192, -3.012870313997525251, -1.975026571276768510E-15 ) ) ;
#654 = CARTESIAN_POINT ( 'NONE',  ( 3.555678006756805676, -0.5631641965412358397, 8.366025392827316054 ) ) ;
#655 = CARTESIAN_POINT ( 'NONE',  ( 1.861361174683003883, 3.653126685099039594, 4.899999989042876258 ) ) ;
#656 = CARTESIAN_POINT ( 'NONE',  ( 2.899137703068392025, -2.899137902661292010, 5.199999989042877857 ) ) ;
#657 = CARTESIAN_POINT ( 'NONE',  ( 0.4999999999999801825, -4.069397989875161770, 6.989223782170677524 ) ) ;
#658 = CARTESIAN_POINT ( 'NONE',  ( 1.861361174683003439, 3.653126685099039594, 7.799999989042878390 ) ) ;
#659 = CARTESIAN_POINT ( 'NONE',  ( 2.676585940248914053, 2.676585755977737069, -1.333974607172683680 ) ) ;
#660 = CARTESIAN_POINT ( 'NONE',  ( -1.957150696398379353, 3.841124844479640643, 9.199999989042876081 ) ) ;
#661 = CARTESIAN_POINT ( 'NONE',  ( 3.738661146426232040, 0.5921456213162114013, 7.633974585258436640 ) ) ;
#662 = VECTOR ( 'NONE', #2874, 1000.000000000000000 ) ;
#663 = DIRECTION ( 'NONE',  ( 0.000000000000000000, -0.8660254037844385966, -0.4999999999999998890 ) ) ;
#664 = CARTESIAN_POINT ( 'NONE',  ( 4.257919638985431909, 0.6743880687212407965, -1.400000010957124230 ) ) ;
#665 = CARTESIAN_POINT ( 'NONE',  ( 3.841124709738403809, -1.957150960842944709, 9.299999989042879278 ) ) ;
#666 = CARTESIAN_POINT ( 'NONE',  ( -3.841124709738404253, 1.957150960842944709, -4.600000010957123742 ) ) ;
#667 = CARTESIAN_POINT ( 'NONE',  ( -1.861361174683002995, -3.653126685099040039, 2.799999989042877946 ) ) ;
#668 = ORIENTED_EDGE ( 'NONE', *, *, #7043, .T. ) ;
#669 = CARTESIAN_POINT ( 'NONE',  ( -0.5921458787066042895, -3.738661105659599748, 3.866025392827316942 ) ) ;
#670 = CARTESIAN_POINT ( 'NONE',  ( -4.000000000000000888, -5.986100377805715134, 3.999999999999998224 ) ) ;
#671 = CARTESIAN_POINT ( 'NONE',  ( -3.653126813245570315, -1.861360923181276883, -3.400000010957122676 ) ) ;
#672 = CARTESIAN_POINT ( 'NONE',  ( -0.5921458787066042895, -3.738661105659599748, -4.133974607172684834 ) ) ;
#673 = CARTESIAN_POINT ( 'NONE',  ( -3.599999999999997868, 3.451745254649113680E-15, 5.415402147540224753 ) ) ;
#674 = CARTESIAN_POINT ( 'NONE',  ( -0.5631639517484248181, 3.555678045528178011, 0.9660253928273163648 ) ) ;
#675 = CARTESIAN_POINT ( 'NONE',  ( -0.5000000000000360822, -3.982227779572553583, 5.987235122701801693 ) ) ;
#676 = CARTESIAN_POINT ( 'NONE',  ( 2.676585940248913165, 2.676585755977737069, 9.833974585258433265 ) ) ;
#677 = CARTESIAN_POINT ( 'NONE',  ( 0.4999999999999982792, -3.807886675600657078, 3.061316993169822975 ) ) ;
#678 = DIRECTION ( 'NONE',  ( 0.000000000000000000, 0.000000000000000000, 1.000000000000000000 ) ) ;
#679 = CARTESIAN_POINT ( 'NONE',  ( 3.841124709738403809, -1.957150960842944709, 3.299999989042878390 ) ) ;
#680 = CARTESIAN_POINT ( 'NONE',  ( -4.257919638985431909, -0.6743880687212413516, -2.400000010957123120 ) ) ;
#681 = CARTESIAN_POINT ( 'NONE',  ( 3.841124709738403809, -1.957150960842944709, 0.3999999890428768690 ) ) ;
#682 = CARTESIAN_POINT ( 'NONE',  ( 0.000000000000000000, 0.000000000000000000, 8.500000000000000000 ) ) ;
#683 = CARTESIAN_POINT ( 'NONE',  ( 3.738661146426232484, 0.5921456213162111792, 6.466025392827315699 ) ) ;
#684 = CARTESIAN_POINT ( 'NONE',  ( -1.634365909477758505, -3.207623430818668187, -1.066025414741563981 ) ) ;
#685 = CARTESIAN_POINT ( 'NONE',  ( -1.861361174683003439, -3.653126685099040039, -2.100000010957123742 ) ) ;
#686 = CARTESIAN_POINT ( 'NONE',  ( -3.207623543337572602, -1.634365688646975068, 8.733974585258435397 ) ) ;
#687 = CARTESIAN_POINT ( 'NONE',  ( 1.861361174683003883, 3.653126685099039594, 0.8999999890428757032 ) ) ;
#688 = CARTESIAN_POINT ( 'NONE',  ( 2.899137703068392025, -2.899137902661292454, -1.700000010957124275 ) ) ;
#689 = ORIENTED_EDGE ( 'NONE', *, *, #2929, .F. ) ;
#690 = CARTESIAN_POINT ( 'NONE',  ( -3.048333987505707832, -3.048333777641312636, 7.799999989042877502 ) ) ;
#691 = CARTESIAN_POINT ( 'NONE',  ( 7.827896631043719466, -4.444721276435739554, 1.715724671333935358 ) ) ;
#692 = CIRCLE ( 'NONE', #1382, 4.250000000000000888 ) ;
#693 = CARTESIAN_POINT ( 'NONE',  ( 3.841124709738403809, -1.957150960842944709, 8.399999989042877147 ) ) ;
#694 = CARTESIAN_POINT ( 'NONE',  ( 1.957150696398380463, -3.841124844479640643, 3.099999989042878212 ) ) ;
#695 = DIRECTION ( 'NONE',  ( -1.000000000000000000, 0.000000000000000000, 0.000000000000000000 ) ) ;
#696 = CARTESIAN_POINT ( 'NONE',  ( -3.653126813245569871, -1.861360923181277105, 6.599999989042878212 ) ) ;
#697 = CARTESIAN_POINT ( 'NONE',  ( 3.207623543337573047, 1.634365688646974624, 2.566025392827317120 ) ) ;
#698 = CARTESIAN_POINT ( 'NONE',  ( 0.6413811672690400423, -4.049522218518203154, 8.099999989042876436 ) ) ;
#699 = ADVANCED_FACE ( 'NONE', ( #4369 ), #617, .F. ) ;
#700 = CARTESIAN_POINT ( 'NONE',  ( 3.738661146426232040, 0.5921456213162114013, 9.633974585258435752 ) ) ;
#701 = DIRECTION ( 'NONE',  ( -1.000000000000000000, 0.000000000000000000, 0.000000000000000000 ) ) ;
#702 = CARTESIAN_POINT ( 'NONE',  ( 4.049522174361919191, -0.6413814460608517898, 7.399999989042878035 ) ) ;
#703 = CARTESIAN_POINT ( 'NONE',  ( -4.257919638985431909, -0.6743880687212413516, -0.4000000109571233420 ) ) ;
#704 = CARTESIAN_POINT ( 'NONE',  ( 2.545584324645417063, -2.545584499897719066, 7.333974585258436818 ) ) ;
#705 = ORIENTED_EDGE ( 'NONE', *, *, #1544, .F. ) ;
#706 = CARTESIAN_POINT ( 'NONE',  ( -0.5631639517484248181, 3.555678045528178011, -1.033974607172683635 ) ) ;
#707 = CARTESIAN_POINT ( 'NONE',  ( 0.4999999999999982792, -3.608934508622635651, 3.971656035645701355 ) ) ;
#708 = CARTESIAN_POINT ( 'NONE',  ( -3.653126813245570315, -1.861360923181276883, 0.5999999890428774352 ) ) ;
#709 = CARTESIAN_POINT ( 'NONE',  ( -4.049522174361919191, 0.6413814460608515677, 9.499999989042876791 ) ) ;
#710 = LINE ( 'NONE', #1778, #4693 ) ;
#711 = CARTESIAN_POINT ( 'NONE',  ( 1.718473782203455036, -3.372694985396756273, -3.933974607172682436 ) ) ;
#712 = CARTESIAN_POINT ( 'NONE',  ( -3.738661146426232484, -0.5921456213162119564, 1.466025392827317031 ) ) ;
#713 = CARTESIAN_POINT ( 'NONE',  ( 4.257919638985430133, 0.6743880687212409075, -2.500000010957122765 ) ) ;
#714 = CARTESIAN_POINT ( 'NONE',  ( 3.555678006756805676, -0.5631641965412353956, 1.533974585258435885 ) ) ;
#715 = DIRECTION ( 'NONE',  ( 1.000000000000000000, 0.000000000000000000, 0.000000000000000000 ) ) ;
#716 = CARTESIAN_POINT ( 'NONE',  ( -0.6413811672690397092, 4.049522218518203154, 1.999999989042877679 ) ) ;
#717 = CARTESIAN_POINT ( 'NONE',  ( -4.257919638985431909, -0.6743880687212413516, 6.499999989042879456 ) ) ;
#718 = CARTESIAN_POINT ( 'NONE',  ( 3.048333987505708276, 3.048333777641312192, 7.699999989042878745 ) ) ;
#719 = CARTESIAN_POINT ( 'NONE',  ( -0.5000000000012061463, -4.069397989875012556, 2.011267035991950003 ) ) ;
#720 = CARTESIAN_POINT ( 'NONE',  ( -0.5631639517484248181, 3.555678045528178011, 4.966025392827316587 ) ) ;
#721 = CARTESIAN_POINT ( 'NONE',  ( 2.545584324645417063, -2.545584499897719066, 1.333974585258435486 ) ) ;
#722 = CARTESIAN_POINT ( 'NONE',  ( 4.257919638985431909, 0.6743880687212407965, -1.400000010957124230 ) ) ;
#723 = CARTESIAN_POINT ( 'NONE',  ( -3.555678006756805676, 0.5631641965412349515, 10.53397458525843611 ) ) ;
#724 = CARTESIAN_POINT ( 'NONE',  ( 0.6743883618602999341, 4.257919592556767441, -1.000000010957123209 ) ) ;
#725 = LINE ( 'NONE', #6713, #4099 ) ;
#726 = CARTESIAN_POINT ( 'NONE',  ( 0.5000000701513725998, -3.565108684151611751, 7.128430125575468956 ) ) ;
#727 = EDGE_CURVE ( 'NONE', #6340, #4129, #3339, .T. ) ;
#728 = CARTESIAN_POINT ( 'NONE',  ( -2.899137703068391581, 2.899137902661292898, 9.299999989042877502 ) ) ;
#729 = CARTESIAN_POINT ( 'NONE',  ( 0.5921458787066047336, 3.738661105659600192, 2.866025392827316942 ) ) ;
#730 = CARTESIAN_POINT ( 'NONE',  ( 0.6413811672690400423, -4.049522218518203154, 6.099999989042876436 ) ) ;
#731 = CARTESIAN_POINT ( 'NONE',  ( 1.861361174683003439, 3.653126685099039594, 1.799999989042877058 ) ) ;
#732 = CARTESIAN_POINT ( 'NONE',  ( -3.763664676282262533, 1.644085872176741736, 8.000000000000000000 ) ) ;
#733 = CARTESIAN_POINT ( 'NONE',  ( 0.5000000000000024425, -4.069397989875159105, 6.089223782170677168 ) ) ;
#734 = CARTESIAN_POINT ( 'NONE',  ( 2.545584324645417063, -2.545584499897719510, -1.833974607172684124 ) ) ;
#735 = CARTESIAN_POINT ( 'NONE',  ( -4.099999999999999645, 1.932977342603504507E-16, 9.549376743755786379 ) ) ;
#736 = CARTESIAN_POINT ( 'NONE',  ( 3.653126813245570315, 1.861360923181276883, -2.400000010957121788 ) ) ;
#737 = CARTESIAN_POINT ( 'NONE',  ( 1.634365909477759171, 3.207623430818668187, 2.766025392827315965 ) ) ;
#738 = CARTESIAN_POINT ( 'NONE',  ( -4.257919638985431909, -0.6743880687212413516, 8.499999989042878568 ) ) ;
#739 = DIRECTION ( 'NONE',  ( -0.000000000000000000, -0.000000000000000000, -1.000000000000000000 ) ) ;
#740 = CARTESIAN_POINT ( 'NONE',  ( 1.718473782203455258, -3.372694985396755829, 9.233974585258435397 ) ) ;
#741 = ORIENTED_EDGE ( 'NONE', *, *, #1342, .T. ) ;
#742 = CARTESIAN_POINT ( 'NONE',  ( 3.372694867087377979, -1.718474014398682970, 0.2660253928273171864 ) ) ;
#743 = CARTESIAN_POINT ( 'NONE',  ( -0.6413813089465514317, -4.049522196078693348, 1.080141941131699540E-15 ) ) ;
#744 = CARTESIAN_POINT ( 'NONE',  ( -0.5000000000000335287, -3.968604233139132020, 7.983473991329099739 ) ) ;
#745 = CARTESIAN_POINT ( 'NONE',  ( 1.718473782203455036, -3.372694985396756273, -1.933974607172683102 ) ) ;
#746 = CARTESIAN_POINT ( 'NONE',  ( -3.599999999999997868, 4.606008867803774126E-14, 2.583351339971340366 ) ) ;
#747 =( GEOMETRIC_REPRESENTATION_CONTEXT ( 3 ) GLOBAL_UNCERTAINTY_ASSIGNED_CONTEXT ( ( #6994 ) ) GLOBAL_UNIT_ASSIGNED_CONTEXT ( ( #6811, #4681, #3009 ) ) REPRESENTATION_CONTEXT ( 'NONE', 'WORKASPACE' ) );
#748 = CARTESIAN_POINT ( 'NONE',  ( -0.5631639517484248181, 3.555678045528178011, -1.033974607172683635 ) ) ;
#749 = CARTESIAN_POINT ( 'NONE',  ( -3.372694867087378423, 1.718474014398682526, 1.266025392827316409 ) ) ;
#750 = CARTESIAN_POINT ( 'NONE',  ( -3.372694867087378423, 1.718474014398681859, 4.433974585258435575 ) ) ;
#751 = ORIENTED_EDGE ( 'NONE', *, *, #1617, .T. ) ;
#752 = DIRECTION ( 'NONE',  ( 0.000000000000000000, 0.000000000000000000, 1.000000000000000000 ) ) ;
#753 = CARTESIAN_POINT ( 'NONE',  ( 4.250000000000000888, 5.204748896376251685E-16, 8.500000000000000000 ) ) ;
#754 = CARTESIAN_POINT ( 'NONE',  ( 3.653126813245570315, 1.861360923181276661, 1.599999989042878434 ) ) ;
#755 = CARTESIAN_POINT ( 'NONE',  ( -4.257919638985431909, -0.6743880687212413516, 2.499999989042877679 ) ) ;
#756 = CARTESIAN_POINT ( 'NONE',  ( -2.899137703068391581, 2.899137902661292898, 6.199999989042877857 ) ) ;
#757 = CARTESIAN_POINT ( 'NONE',  ( 4.000000000000000888, -5.986100377805715134, 3.999999999999998224 ) ) ;
#758 = CARTESIAN_POINT ( 'NONE',  ( -3.207623543337572602, -1.634365688646974846, 5.566025392827317120 ) ) ;
#759 = CARTESIAN_POINT ( 'NONE',  ( 1.957150696398380463, -3.841124844479640643, 5.099999989042878212 ) ) ;
#760 = CARTESIAN_POINT ( 'NONE',  ( -4.100000000000002309, -0.9196847177407059259, 10.52107237264284478 ) ) ;
#761 = CARTESIAN_POINT ( 'NONE',  ( 1.718473782203455258, -3.372694985396755829, 7.233974585258436285 ) ) ;
#762 = CARTESIAN_POINT ( 'NONE',  ( -4.000000000000000888, -5.986100377805715134, 0.7668384925380955508 ) ) ;
#763 = CARTESIAN_POINT ( 'NONE',  ( -0.4999999999999987232, -5.986100377805715134, 2.399999999999998579 ) ) ;
#764 = CARTESIAN_POINT ( 'NONE',  ( 0.4999999999999979461, -3.726949556757874760, 7.083670836087073042 ) ) ;
#765 = CARTESIAN_POINT ( 'NONE',  ( -2.899137703068391581, 2.899137902661292898, 7.299999989042876614 ) ) ;
#766 = CARTESIAN_POINT ( 'NONE',  ( -2.899137703068391581, 2.899137902661292898, 9.299999989042877502 ) ) ;
#767 = CARTESIAN_POINT ( 'NONE',  ( 3.048333987505707832, 3.048333777641312192, 3.699999989042877413 ) ) ;
#768 = CARTESIAN_POINT ( 'NONE',  ( -2.414203250575046589, -3.322557528767816404, 8.000000000000005329 ) ) ;
#769 = CARTESIAN_POINT ( 'NONE',  ( -1.718473782203454592, 3.372694985396756273, 1.066025392827315788 ) ) ;
#770 = EDGE_LOOP ( 'NONE', ( #5703, #3530, #6339, #1686 ) ) ;
#771 = CARTESIAN_POINT ( 'NONE',  ( 0.5921458787066047336, 3.738661105659600192, 0.8660253928273169421 ) ) ;
#772 = CARTESIAN_POINT ( 'NONE',  ( 2.899137703068392025, -2.899137902661292454, 6.299999989042876614 ) ) ;
#773 = CARTESIAN_POINT ( 'NONE',  ( -2.545584324645416618, 2.545584499897719510, 8.333974585258436818 ) ) ;
#774 = CARTESIAN_POINT ( 'NONE',  ( 0.6413811672690400423, -4.049522218518203154, -3.900000010957123120 ) ) ;
#775 = CARTESIAN_POINT ( 'NONE',  ( 1.957150696398380463, -3.841124844479640643, -3.800000010957123919 ) ) ;
#776 = CARTESIAN_POINT ( 'NONE',  ( 3.048333987505708276, 3.048333777641312192, -3.200000010957123386 ) ) ;
#777 = CARTESIAN_POINT ( 'NONE',  ( 0.5921458787066045115, 3.738661105659599748, 8.033974585258436107 ) ) ;
#778 = CARTESIAN_POINT ( 'NONE',  ( 1.718473782203455036, -3.372694985396756273, 4.066025392827317120 ) ) ;
#779 = CARTESIAN_POINT ( 'NONE',  ( -0.4999999999999923395, -4.069397989875159993, 0.9112670359920481689 ) ) ;
#780 = CARTESIAN_POINT ( 'NONE',  ( -0.4999999999999992784, -4.028522837186561567, 8.000000000000000000 ) ) ;
#781 = CARTESIAN_POINT ( 'NONE',  ( 3.207623543337573047, 1.634365688646974624, 0.5660253928273171198 ) ) ;
#782 = CARTESIAN_POINT ( 'NONE',  ( -0.4999999999999975020, -3.988957180146346371, 4.931886401057758107 ) ) ;
#783 = CARTESIAN_POINT ( 'NONE',  ( 2.676585940248914053, 2.676585755977737069, -1.333974607172683680 ) ) ;
#784 = CARTESIAN_POINT ( 'NONE',  ( -2.545584324645416618, 2.545584499897719954, 3.166025392827316765 ) ) ;
#785 = ORIENTED_EDGE ( 'NONE', *, *, #6722, .F. ) ;
#786 = CARTESIAN_POINT ( 'NONE',  ( -1.634365909477758505, -3.207623430818668187, 4.933974585258436463 ) ) ;
#787 = ORIENTED_EDGE ( 'NONE', *, *, #1037, .F. ) ;
#788 = CARTESIAN_POINT ( 'NONE',  ( -4.257919638985431909, -0.6743880687212413516, -3.500000010957124097 ) ) ;
#789 = CARTESIAN_POINT ( 'NONE',  ( -0.5000000000000038858, -3.652765956095308741, 7.017525414450402010 ) ) ;
#790 = CARTESIAN_POINT ( 'NONE',  ( 1.957150696398380463, -3.841124844479640643, 5.099999989042878212 ) ) ;
#791 = CARTESIAN_POINT ( 'NONE',  ( 4.049522174361919191, -0.6413814460608517898, 9.399999989042877147 ) ) ;
#792 = CARTESIAN_POINT ( 'NONE',  ( -0.4999999999999928391, -4.025811538192691330, 1.999255968300563513 ) ) ;
#793 = CARTESIAN_POINT ( 'NONE',  ( -3.738661146426232484, -0.5921456213162119564, 5.466025392827315699 ) ) ;
#794 = CARTESIAN_POINT ( 'NONE',  ( -4.257919638985431909, -0.6743880687212415737, 8.499999989042878568 ) ) ;
#795 = CARTESIAN_POINT ( 'NONE',  ( 4.049522174361919191, -0.6413814460608517898, -3.500000010957123653 ) ) ;
#796 = CARTESIAN_POINT ( 'NONE',  ( -3.841124709738404253, 1.957150960842943821, -3.700000010957121610 ) ) ;
#797 = CARTESIAN_POINT ( 'NONE',  ( 4.049522174361919191, -0.6413814460608517898, -1.500000010957123653 ) ) ;
#798 = CARTESIAN_POINT ( 'NONE',  ( 0.4999999999999801825, -4.025807440708810248, 7.001219970121128178 ) ) ;
#799 = CARTESIAN_POINT ( 'NONE',  ( 4.049522174361919191, -0.6413814460608517898, 2.499999989042876347 ) ) ;
#800 = ADVANCED_FACE ( 'NONE', ( #3873 ), #2338, .F. ) ;
#801 = CARTESIAN_POINT ( 'NONE',  ( 0.6413811672690400423, -4.049522218518203154, 8.099999989042876436 ) ) ;
#802 = CARTESIAN_POINT ( 'NONE',  ( -3.600003115103224349, 0.2833065389301239745, 10.55819818773159113 ) ) ;
#803 = CARTESIAN_POINT ( 'NONE',  ( -2.545584324645416618, 2.545584499897719510, 0.3339745852584362629 ) ) ;
#804 = CARTESIAN_POINT ( 'NONE',  ( -3.738661146426231596, -0.5921456213162122895, -3.366025414741566024 ) ) ;
#805 = ORIENTED_EDGE ( 'NONE', *, *, #3977, .T. ) ;
#806 = CARTESIAN_POINT ( 'NONE',  ( -3.738661146426232484, -0.5921456213162119564, -2.533974607172683413 ) ) ;
#807 = CARTESIAN_POINT ( 'NONE',  ( -1.957150696398379353, 3.841124844479640643, 7.199999989042875193 ) ) ;
#808 = CARTESIAN_POINT ( 'NONE',  ( -2.899137703068391581, 2.899137902661292454, -1.800000010957121921 ) ) ;
#809 = CARTESIAN_POINT ( 'NONE',  ( 3.048333987505708276, 3.048333777641312192, -3.200000010957123386 ) ) ;
#810 = CARTESIAN_POINT ( 'NONE',  ( 4.257919638985431909, 0.6743880687212407965, -0.5000000109571227647 ) ) ;
#811 = CARTESIAN_POINT ( 'NONE',  ( 1.634365909477759171, 3.207623430818668187, 8.766025392827316409 ) ) ;
#812 = CARTESIAN_POINT ( 'NONE',  ( 2.545584324645417063, -2.545584499897719066, 9.333974585258436818 ) ) ;
#813 = CARTESIAN_POINT ( 'NONE',  ( 3.841124709738403809, -1.957150960842944709, 6.399999989042877147 ) ) ;
#814 = CARTESIAN_POINT ( 'NONE',  ( -0.5000000000000616174, -4.069397989875152000, 0.01126703599204118694 ) ) ;
#815 = DIRECTION ( 'NONE',  ( 0.000000000000000000, 0.000000000000000000, -1.000000000000000000 ) ) ;
#816 = CARTESIAN_POINT ( 'NONE',  ( -1.634365909477758949, -3.207623430818668631, -0.2339746071726833132 ) ) ;
#817 = EDGE_CURVE ( 'NONE', #2528, #5994, #2336, .T. ) ;
#818 = FACE_OUTER_BOUND ( 'NONE', #5875, .T. ) ;
#819 = CARTESIAN_POINT ( 'NONE',  ( -2.545584324645416618, 2.545584499897719954, -2.833974607172683235 ) ) ;
#820 = CARTESIAN_POINT ( 'NONE',  ( 2.676585940248914053, 2.676585755977737069, -1.333974607172683680 ) ) ;
#821 = VERTEX_POINT ( 'NONE', #1189 ) ;
#822 = ORIENTED_EDGE ( 'NONE', *, *, #5194, .T. ) ;
#823 = DIRECTION ( 'NONE',  ( -2.407693239918955638E-17, -1.000000000000000000, -0.000000000000000000 ) ) ;
#824 = CARTESIAN_POINT ( 'NONE',  ( 2.899137703068392025, -2.899137902661292454, 0.2999999890428758365 ) ) ;
#825 = CARTESIAN_POINT ( 'NONE',  ( -0.6413811672690397092, 4.049522218518203154, 1.999999989042877679 ) ) ;
#826 = CARTESIAN_POINT ( 'NONE',  ( 0.6413811672690400423, -4.049522218518203154, 6.999999989042877679 ) ) ;
#827 = CARTESIAN_POINT ( 'NONE',  ( 0.5921458787066047336, 3.738661105659600192, -3.133974607172682614 ) ) ;
#828 = CARTESIAN_POINT ( 'NONE',  ( 3.207623543337573047, 1.634365688646974624, 2.566025392827317120 ) ) ;
#829 = CARTESIAN_POINT ( 'NONE',  ( 1.861361174683003439, 3.653126685099039594, 9.799999989042879278 ) ) ;
#830 = CARTESIAN_POINT ( 'NONE',  ( -1.957150696398379353, 3.841124844479640643, 6.099999989042877324 ) ) ;
#831 = CARTESIAN_POINT ( 'NONE',  ( -0.5921458787066038454, -3.738661105659599304, 9.033974585258434331 ) ) ;
#832 = ADVANCED_FACE ( 'NONE', ( #1088 ), #5508, .F. ) ;
#833 = DIRECTION ( 'NONE',  ( 0.000000000000000000, -0.8660254037844384856, 0.5000000000000003331 ) ) ;
#834 = CARTESIAN_POINT ( 'NONE',  ( 0.5000000000000004441, -5.979130371550698264, 8.000000000000000000 ) ) ;
#835 = CARTESIAN_POINT ( 'NONE',  ( 0.6743883618602999341, 4.257919592556767441, 2.999999989042876347 ) ) ;
#836 = CARTESIAN_POINT ( 'NONE',  ( 0.6743883618602999341, 4.257919592556767441, 2.999999989042876347 ) ) ;
#837 = CARTESIAN_POINT ( 'NONE',  ( 3.048333987505707832, 3.048333777641312192, -0.3000000109571222540 ) ) ;
#838 = CARTESIAN_POINT ( 'NONE',  ( -1.119642015746628250, 3.951577269373844903, 7.999999999999994671 ) ) ;
#839 = CARTESIAN_POINT ( 'NONE',  ( 0.4999999999999986122, -3.652754938499276349, 5.982783283860944934 ) ) ;
#840 = ORIENTED_EDGE ( 'NONE', *, *, #5556, .F. ) ;
#841 = CARTESIAN_POINT ( 'NONE',  ( -3.372694867087378423, 1.718474014398682526, -2.733974607172684035 ) ) ;
#842 = EDGE_CURVE ( 'NONE', #1262, #3120, #5675, .T. ) ;
#843 = CARTESIAN_POINT ( 'NONE',  ( -3.841124709738404253, 1.957150960842944709, -0.6000000109571239637 ) ) ;
#844 = CARTESIAN_POINT ( 'NONE',  ( 0.5921458787066045115, 3.738661105659599748, 6.033974585258434331 ) ) ;
#845 = CARTESIAN_POINT ( 'NONE',  ( -3.555678006756805676, 0.5631641965412353956, 3.366025392827316498 ) ) ;
#846 = CARTESIAN_POINT ( 'NONE',  ( -0.6743883618602996011, -4.257919592556767441, 2.899999989042877591 ) ) ;
#847 = CARTESIAN_POINT ( 'NONE',  ( -3.738661146426231596, -0.5921456213162122895, 6.633974585258435752 ) ) ;
#848 = CARTESIAN_POINT ( 'NONE',  ( 2.676585940248914053, 2.676585755977737069, -3.333974607172683235 ) ) ;
#849 = CYLINDRICAL_SURFACE ( 'NONE', #3192, 3.600000000000000089 ) ;
#850 = CARTESIAN_POINT ( 'NONE',  ( 1.957150696398380241, -3.841124844479640199, 2.199999989042876525 ) ) ;
#851 = CARTESIAN_POINT ( 'NONE',  ( -3.048333987505707832, -3.048333777641312636, 7.799999989042877502 ) ) ;
#852 = CARTESIAN_POINT ( 'NONE',  ( -0.5000000000000038858, -3.740407263734022436, 4.995272759698121234 ) ) ;
#853 = CARTESIAN_POINT ( 'NONE',  ( 1.634365909477759171, 3.207623430818668187, -1.233974607172684257 ) ) ;
#854 = CARTESIAN_POINT ( 'NONE',  ( -2.545584324645416618, 2.545584499897719954, 5.166025392827316765 ) ) ;
#855 = CARTESIAN_POINT ( 'NONE',  ( -3.555678006756805676, 0.5631641965412353956, -4.633974607172684834 ) ) ;
#856 = ORIENTED_EDGE ( 'NONE', *, *, #6509, .F. ) ;
#857 = VERTEX_POINT ( 'NONE', #6054 ) ;
#858 = CARTESIAN_POINT ( 'NONE',  ( 0.4999999999999888423, -3.565108693995177269, 1.960550053940178339 ) ) ;
#859 = CARTESIAN_POINT ( 'NONE',  ( 4.257919638985431909, 0.6743880687212407965, 5.499999989042877679 ) ) ;
#860 = CARTESIAN_POINT ( 'NONE',  ( 3.555678006756805676, -0.5631641965412358397, 4.366025392827316942 ) ) ;
#861 = CARTESIAN_POINT ( 'NONE',  ( -2.899137703068391581, 2.899137902661292898, 10.19999998904287786 ) ) ;
#862 = CARTESIAN_POINT ( 'NONE',  ( -3.555678006756805676, 0.5631641965412353956, -4.633974607172684834 ) ) ;
#863 = CARTESIAN_POINT ( 'NONE',  ( 3.599999999999997868, -3.948796571318586148E-15, 4.415402147540224753 ) ) ;
#864 = CARTESIAN_POINT ( 'NONE',  ( -4.049522174361919191, 0.6413814460608511236, 8.399999989042878923 ) ) ;
#865 = CARTESIAN_POINT ( 'NONE',  ( 3.048333987505708276, 3.048333777641312192, 5.699999989042876081 ) ) ;
#866 = CARTESIAN_POINT ( 'NONE',  ( 3.555678006756805676, -0.5631641965412353956, 1.533974585258435885 ) ) ;
#867 =( GEOMETRIC_REPRESENTATION_CONTEXT ( 3 ) GLOBAL_UNCERTAINTY_ASSIGNED_CONTEXT ( ( #1075 ) ) GLOBAL_UNIT_ASSIGNED_CONTEXT ( ( #6656, #2152, #3766 ) ) REPRESENTATION_CONTEXT ( 'NONE', 'WORKASPACE' ) );
#868 = CARTESIAN_POINT ( 'NONE',  ( -3.048333987505707832, -3.048333777641312636, -2.200000010957122942 ) ) ;
#869 = ORIENTED_EDGE ( 'NONE', *, *, #6138, .F. ) ;
#870 = CARTESIAN_POINT ( 'NONE',  ( 4.049522174361919191, -0.6413814460608517898, 4.499999989042876791 ) ) ;
#871 = CARTESIAN_POINT ( 'NONE',  ( 1.861361174683003883, 3.653126685099039594, 4.899999989042876258 ) ) ;
#872 = CARTESIAN_POINT ( 'NONE',  ( 4.257919638985430133, 0.6743880687212409075, -2.500000010957122765 ) ) ;
#873 = CARTESIAN_POINT ( 'NONE',  ( 5.648503389048214807, -7.012595083141776264, 1.441570563357339685 ) ) ;
#874 = CARTESIAN_POINT ( 'NONE',  ( -3.599999999999998312, 3.313675444463149654E-15, 4.583351339971343918 ) ) ;
#875 = ORIENTED_EDGE ( 'NONE', *, *, #5918, .T. ) ;
#876 = ADVANCED_FACE ( 'NONE', ( #192 ), #4009, .F. ) ;
#877 = CARTESIAN_POINT ( 'NONE',  ( 4.257919638985431909, 0.6743880687212407965, 8.599999989042872883 ) ) ;
#878 =( BOUNDED_CURVE ( )  B_SPLINE_CURVE ( 2, ( #5105, #2407, #1256, #1909, #6705, #1827, #1788, #1867, #1181 ),
 .UNSPECIFIED., .F., .F. ) 
 B_SPLINE_CURVE_WITH_KNOTS ( ( 3, 2, 2, 2, 3 ),
 ( 0.5468556431958115915, 0.5500000000000000444, 0.5625000000000000000, 0.5749999999999999556, 0.5753583102557262574 ),
 .UNSPECIFIED. ) 
 CURVE ( )  GEOMETRIC_REPRESENTATION_ITEM ( )  RATIONAL_B_SPLINE_CURVE ( ( 0.9815706371881782744, 0.9876883379193583945, 1.000000000000000000, 0.9510565162951535312, 1.000000000000000000, 0.9510565162951535312, 1.000000000000000000, 0.9985970438270064253, 0.9972745186276317231 ) ) 
 REPRESENTATION_ITEM ( '' )  );
#879 = B_SPLINE_CURVE_WITH_KNOTS ( 'NONE', 3,
 ( #3255, #567, #5552, #3825 ),
 .UNSPECIFIED., .F., .F.,
 ( 4, 4 ),
 ( 0.001191533194916386679, 0.001701329626505832578 ),
 .UNSPECIFIED. ) ;
#880 = CARTESIAN_POINT ( 'NONE',  ( 3.048333987505708276, 3.048333777641312192, 0.7999999890428763916 ) ) ;
#881 = EDGE_CURVE ( 'NONE', #950, #4039, #2667, .T. ) ;
#882 = DIRECTION ( 'NONE',  ( 0.000000000000000000, 0.8660254037844385966, 0.5000000000000001110 ) ) ;
#883 = CARTESIAN_POINT ( 'NONE',  ( -1.957150696398379353, 3.841124844479640643, 2.099999989042876436 ) ) ;
#884 = CARTESIAN_POINT ( 'NONE',  ( -1.634365909477758505, -3.207623430818668187, -1.066025414741563981 ) ) ;
#885 = CARTESIAN_POINT ( 'NONE',  ( 3.555678006756805676, -0.5631641965412358397, -3.633974607172683502 ) ) ;
#886 = CARTESIAN_POINT ( 'NONE',  ( -4.000000000000000888, -8.062257748298549132, 1.965508509272160476 ) ) ;
#887 = CARTESIAN_POINT ( 'NONE',  ( -1.957150696398379353, 3.841124844479639755, 2.099999989042876436 ) ) ;
#888 = CARTESIAN_POINT ( 'NONE',  ( 4.049522174361919191, -0.6413814460608517898, 4.499999989042876791 ) ) ;
#889 = CARTESIAN_POINT ( 'NONE',  ( -3.841124709738404253, 1.957150960842943821, 6.299999989042879278 ) ) ;
#890 = CARTESIAN_POINT ( 'NONE',  ( 1.861361174683003883, 3.653126685099039594, 4.899999989042876258 ) ) ;
#891 = CARTESIAN_POINT ( 'NONE',  ( 2.676585940248914053, 2.676585755977737069, 4.666025392827315876 ) ) ;
#892 = CARTESIAN_POINT ( 'NONE',  ( 4.049522174361919191, -0.6413814460608517898, 6.499999989042876791 ) ) ;
#893 = ORIENTED_EDGE ( 'NONE', *, *, #4161, .F. ) ;
#894 = ORIENTED_EDGE ( 'NONE', *, *, #5961, .F. ) ;
#895 = AXIS2_PLACEMENT_3D ( 'NONE', #1654, #3839, #4212 ) ;
#896 = CARTESIAN_POINT ( 'NONE',  ( 0.6743883618602993790, 4.257919592556766553, 5.899999989042878035 ) ) ;
#897 = CARTESIAN_POINT ( 'NONE',  ( -1.217371670653483395, -3.981255754532451618, 0.8542547703716991681 ) ) ;
#898 = CARTESIAN_POINT ( 'NONE',  ( -3.207623543337572602, -1.634365688646974846, 3.566025392827317120 ) ) ;
#899 = CARTESIAN_POINT ( 'NONE',  ( 1.957150696398380463, -3.841124844479640643, -0.9000000109571220097 ) ) ;
#900 = CARTESIAN_POINT ( 'NONE',  ( 3.372694867087377979, -1.718474014398682970, -3.733974607172682258 ) ) ;
#901 = CARTESIAN_POINT ( 'NONE',  ( -4.257919638985431909, -0.6743880687212416847, 4.499999989042878568 ) ) ;
#902 = CARTESIAN_POINT ( 'NONE',  ( 1.957150696398380463, -3.841124844479640643, 7.099999989042877324 ) ) ;
#903 = CARTESIAN_POINT ( 'NONE',  ( -3.841124709738404253, 1.957150960842944709, 4.299999989042877502 ) ) ;
#904 = CARTESIAN_POINT ( 'NONE',  ( -3.207623543337572602, -1.634365688646975068, 4.733974585258436285 ) ) ;
#905 = CARTESIAN_POINT ( 'NONE',  ( -2.899137703068391581, 2.899137902661292454, 10.19999998904287786 ) ) ;
#906 = CARTESIAN_POINT ( 'NONE',  ( 4.257919638985431909, 0.6743880687212407965, 8.599999989042872883 ) ) ;
#907 = CARTESIAN_POINT ( 'NONE',  ( -3.841124709738404253, 1.957150960842944709, 1.399999989042875814 ) ) ;
#908 = CARTESIAN_POINT ( 'NONE',  ( 3.048333987505708276, 3.048333777641312192, 8.799999989042873949 ) ) ;
#909 = CARTESIAN_POINT ( 'NONE',  ( 3.207623543337573047, 1.634365688646974624, 9.733974585258437173 ) ) ;
#910 = CARTESIAN_POINT ( 'NONE',  ( -0.08038081135962392432, 3.984114923579435530, 1.706362995198627536E-13 ) ) ;
#911 = CARTESIAN_POINT ( 'NONE',  ( -4.049522174361919191, 0.6413814460608511236, 10.39999998904287892 ) ) ;
#912 = ORIENTED_EDGE ( 'NONE', *, *, #5581, .T. ) ;
#913 = CARTESIAN_POINT ( 'NONE',  ( 3.841124709738403809, -1.957150960842944709, 6.399999989042877147 ) ) ;
#914 = CARTESIAN_POINT ( 'NONE',  ( 0.6743883618602999341, 4.257919592556767441, 2.999999989042876347 ) ) ;
#915 = CARTESIAN_POINT ( 'NONE',  ( 0.5631639517484254842, -3.555678045528177122, 5.133974585258435752 ) ) ;
#916 = ADVANCED_FACE ( 'NONE', ( #4047 ), #2366, .T. ) ;
#917 = CARTESIAN_POINT ( 'NONE',  ( -2.899137703068391581, 2.899137902661292898, 7.299999989042876614 ) ) ;
#918 = CARTESIAN_POINT ( 'NONE',  ( -3.048333987505707832, -3.048333777641312636, 4.699999989042877857 ) ) ;
#919 = CARTESIAN_POINT ( 'NONE',  ( 3.738661146426232040, 0.5921456213162114013, 1.633974585258435086 ) ) ;
#920 = CARTESIAN_POINT ( 'NONE',  ( 1.718473782203455258, -3.372694985396755829, 1.233974585258436063 ) ) ;
#921 = CARTESIAN_POINT ( 'NONE',  ( 0.6413811672690400423, -4.049522218518203154, 8.099999989042876436 ) ) ;
#922 = CARTESIAN_POINT ( 'NONE',  ( 5.999999999999999112, 7.347880794884118750E-16, 8.500000000000000000 ) ) ;
#923 = EDGE_CURVE ( 'NONE', #4182, #2595, #1687, .T. ) ;
#924 =( LENGTH_UNIT ( ) NAMED_UNIT ( * ) SI_UNIT ( .MILLI., .METRE. ) );
#925 = CARTESIAN_POINT ( 'NONE',  ( 3.841124709738403809, -1.957150960842944709, 6.399999989042877147 ) ) ;
#926 = CARTESIAN_POINT ( 'NONE',  ( 4.049522174361919191, -0.6413814460608513457, 5.399999989042878035 ) ) ;
#927 = APPLICATION_CONTEXT ( 'automotive_design' ) ;
#928 = CARTESIAN_POINT ( 'NONE',  ( -3.048333987505707832, -3.048333777641312636, 7.799999989042877502 ) ) ;
#929 = CARTESIAN_POINT ( 'NONE',  ( 2.545584324645417063, -2.545584499897719510, 6.166025392827316765 ) ) ;
#930 = AXIS2_PLACEMENT_3D ( 'NONE', #5517, #637, #2279 ) ;
#931 = CARTESIAN_POINT ( 'NONE',  ( -3.555678006756805676, 0.5631641965412353956, -2.633974607172684390 ) ) ;
#932 = ORIENTED_EDGE ( 'NONE', *, *, #2364, .F. ) ;
#933 = EDGE_LOOP ( 'NONE', ( #1319, #5496, #2679, #1843 ) ) ;
#934 = CARTESIAN_POINT ( 'NONE',  ( -1.861361174683002995, -3.653126685099040039, 6.799999989042878390 ) ) ;
#935 = B_SPLINE_CURVE_WITH_KNOTS ( 'NONE', 3,
 ( #858, #5842, #2546, #1433, #970, #5317, #4117, #4754, #1003, #6920 ),
 .UNSPECIFIED., .F., .F.,
 ( 4, 3, 3, 4 ),
 ( 0.000000000000000000, 0.0001356333429383593445, 0.0002712666813019917527, 0.0005204467713536393113 ),
 .UNSPECIFIED. ) ;
#936 = EDGE_CURVE ( 'NONE', #3708, #5702, #1564, .T. ) ;
#937 = CARTESIAN_POINT ( 'NONE',  ( -1.957150696398379353, 3.841124844479640643, 0.09999998904287703272 ) ) ;
#938 = CARTESIAN_POINT ( 'NONE',  ( 3.555678006756805676, -0.5631641965412358397, 2.366025392827316498 ) ) ;
#939 = CARTESIAN_POINT ( 'NONE',  ( -0.6743883618602996011, -4.257919592556767441, 2.899999989042877591 ) ) ;
#940 = CARTESIAN_POINT ( 'NONE',  ( 0.000000000000000000, 0.000000000000000000, 8.000000000000000000 ) ) ;
#941 = CARTESIAN_POINT ( 'NONE',  ( 1.861361174683003439, 3.653126685099039594, 3.799999989042877058 ) ) ;
#942 = CARTESIAN_POINT ( 'NONE',  ( 2.899137703068392025, -2.899137902661292454, 9.199999989042879633 ) ) ;
#943 = CARTESIAN_POINT ( 'NONE',  ( -1.718473782203454592, 3.372694985396755829, 6.233974585258436285 ) ) ;
#944 = CARTESIAN_POINT ( 'NONE',  ( -3.841124709738404253, 1.957150960842944709, 9.399999989042877147 ) ) ;
#945 = CARTESIAN_POINT ( 'NONE',  ( -3.653126813245570315, -1.861360923181276883, -0.3000000109571240303 ) ) ;
#946 = CARTESIAN_POINT ( 'NONE',  ( -1.957150696398379353, 3.841124844479640643, 3.199999989042876525 ) ) ;
#947 = CARTESIAN_POINT ( 'NONE',  ( 3.048333987505707832, 3.048333777641312192, -2.300000010957122587 ) ) ;
#948 = CARTESIAN_POINT ( 'NONE',  ( -3.653126813245570315, -1.861360923181276883, 7.699999989042876081 ) ) ;
#949 = CARTESIAN_POINT ( 'NONE',  ( 2.899137703068392025, -2.899137902661292010, 7.199999989042878745 ) ) ;
#950 = VERTEX_POINT ( 'NONE', #719 ) ;
#951 = CARTESIAN_POINT ( 'NONE',  ( -4.049522174361919191, 0.6413814460608515677, 7.499999989042877679 ) ) ;
#952 = CARTESIAN_POINT ( 'NONE',  ( -1.957150696398379353, 3.841124844479640643, 7.199999989042875193 ) ) ;
#953 = CARTESIAN_POINT ( 'NONE',  ( -3.841124709738404253, 1.957150960842944709, 1.399999989042875814 ) ) ;
#954 = LINE ( 'NONE', #1588, #6107 ) ;
#955 = CARTESIAN_POINT ( 'NONE',  ( 3.841124709738403809, -1.957150960842944709, 6.399999989042877147 ) ) ;
#956 = CARTESIAN_POINT ( 'NONE',  ( -2.899137703068391581, 2.899137902661292898, 2.199999989042878301 ) ) ;
#957 = CARTESIAN_POINT ( 'NONE',  ( 2.545584324645417063, -2.545584499897719066, 3.333974585258435486 ) ) ;
#958 = CARTESIAN_POINT ( 'NONE',  ( -3.738661146426231596, -0.5921456213162122895, 2.633974585258435308 ) ) ;
#959 = PRODUCT_DEFINITION_SHAPE ( 'NONE', 'NONE',  #1722 ) ;
#960 = CARTESIAN_POINT ( 'NONE',  ( -0.6413811672690397092, 4.049522218518203154, 7.099999989042876436 ) ) ;
#961 = CARTESIAN_POINT ( 'NONE',  ( -0.4999999999999991673, -4.028522837190234185, 8.843623452936083044E-13 ) ) ;
#962 = FILL_AREA_STYLE ('',( #1496 ) ) ;
#963 = CARTESIAN_POINT ( 'NONE',  ( 0.6413811672690400423, -4.049522218518203154, 8.099999989042876436 ) ) ;
#964 = CARTESIAN_POINT ( 'NONE',  ( -0.6743883618602991570, -4.257919592556766553, 8.899999989042878923 ) ) ;
#965 = CARTESIAN_POINT ( 'NONE',  ( -1.861361174683003439, -3.653126685099040039, 5.899999989042876258 ) ) ;
#966 = CARTESIAN_POINT ( 'NONE',  ( -3.738661146426232484, -0.5921456213162119564, 1.466025392827317031 ) ) ;
#967 = CARTESIAN_POINT ( 'NONE',  ( 0.5921458787066047336, 3.738661105659600192, -3.133974607172682614 ) ) ;
#968 = ORIENTED_EDGE ( 'NONE', *, *, #5925, .F. ) ;
#969 = ORIENTED_EDGE ( 'NONE', *, *, #4916, .T. ) ;
#970 = CARTESIAN_POINT ( 'NONE',  ( 0.5000000000000091038, -3.740386045253435210, 2.005076071718538078 ) ) ;
#971 = CARTESIAN_POINT ( 'NONE',  ( -1.861361174683003439, -3.653126685099040039, -3.200000010957122054 ) ) ;
#972 = CARTESIAN_POINT ( 'NONE',  ( 1.634365909477759171, 3.207623430818668187, 2.766025392827315965 ) ) ;
#973 = CARTESIAN_POINT ( 'NONE',  ( -2.899137703068391581, 2.899137902661292898, 4.199999989042877857 ) ) ;
#974 = DIRECTION ( 'NONE',  ( 0.000000000000000000, 0.000000000000000000, 1.000000000000000000 ) ) ;
#975 = CIRCLE ( 'NONE', #2681, 2.750000000000000000 ) ;
#976 = CARTESIAN_POINT ( 'NONE',  ( 2.899137703068392025, -2.899137902661292010, -0.8000000109571226981 ) ) ;
#977 = CARTESIAN_POINT ( 'NONE',  ( 3.653126813245570315, 1.861360923181276661, 7.599999989042878212 ) ) ;
#978 = CARTESIAN_POINT ( 'NONE',  ( -3.207623543337572602, -1.634365688646975068, 2.733974585258435397 ) ) ;
#979 = CARTESIAN_POINT ( 'NONE',  ( 3.653126813245570315, 1.861360923181276661, -3.300000010957123031 ) ) ;
#980 = CARTESIAN_POINT ( 'NONE',  ( 3.841124709738403809, -1.957150960842944709, 8.399999989042877147 ) ) ;
#981 = AXIS2_PLACEMENT_3D ( 'NONE', #3435, #2824, #4458 ) ;
#982 = CARTESIAN_POINT ( 'NONE',  ( -1.634365909477758505, -3.207623430818668187, 4.933974585258436463 ) ) ;
#983 = CARTESIAN_POINT ( 'NONE',  ( -4.049522174361919191, 0.6413814460608515677, 7.499999989042877679 ) ) ;
#984 = CARTESIAN_POINT ( 'NONE',  ( 4.049522174361919191, -0.6413814460608513457, 9.399999989042877147 ) ) ;
#985 = VERTEX_POINT ( 'NONE', #6746 ) ;
#986 = CARTESIAN_POINT ( 'NONE',  ( -1.957150696398379353, 3.841124844479640643, 3.199999989042876525 ) ) ;
#987 = CARTESIAN_POINT ( 'NONE',  ( -0.6743883618602996011, -4.257919592556767441, 1.999999989042875903 ) ) ;
#988 = CARTESIAN_POINT ( 'NONE',  ( 1.861361174683003883, 3.653126685099039594, 9.799999989042879278 ) ) ;
#989 = CARTESIAN_POINT ( 'NONE',  ( 0.5000000000000103251, -3.828002993398348153, 0.02742446289999949174 ) ) ;
#990 = CARTESIAN_POINT ( 'NONE',  ( -4.257919638985431909, -0.6743880687212414626, 7.599999989042875548 ) ) ;
#991 = CARTESIAN_POINT ( 'NONE',  ( 1.957150696398380463, -3.841124844479640643, -2.900000010957122232 ) ) ;
#992 = CARTESIAN_POINT ( 'NONE',  ( -3.555678006756805676, 0.5631641965412349515, 0.5339745852584367736 ) ) ;
#993 = CARTESIAN_POINT ( 'NONE',  ( -3.555678006756805676, 0.5631641965412349515, 0.5339745852584367736 ) ) ;
#994 = CARTESIAN_POINT ( 'NONE',  ( -2.899137703068391581, 2.899137902661292898, 3.299999989042876614 ) ) ;
#995 = CARTESIAN_POINT ( 'NONE',  ( 3.555678006756805676, -0.5631641965412358397, 4.366025392827316942 ) ) ;
#996 = CARTESIAN_POINT ( 'NONE',  ( -2.899137703068391581, 2.899137902661292898, 3.299999989042876614 ) ) ;
#997 = CARTESIAN_POINT ( 'NONE',  ( 1.957150696398380463, -3.841124844479640643, 7.099999989042877324 ) ) ;
#998 = CARTESIAN_POINT ( 'NONE',  ( -0.6413811672690397092, 4.049522218518203154, 7.099999989042876436 ) ) ;
#999 = CARTESIAN_POINT ( 'NONE',  ( 0.5631639517484252622, -3.555678045528178011, 3.966025392827316587 ) ) ;
#1000 = CARTESIAN_POINT ( 'NONE',  ( 1.957150696398380463, -3.841124844479640643, 8.199999989042876081 ) ) ;
#1001 = ORIENTED_EDGE ( 'NONE', *, *, #5375, .T. ) ;
#1002 = VERTEX_POINT ( 'NONE', #6665 ) ;
#1003 = CARTESIAN_POINT ( 'NONE',  ( 0.5000000000000029976, -3.988946302579067016, 2.068572082517018629 ) ) ;
#1004 = CARTESIAN_POINT ( 'NONE',  ( 2.899137703068392025, -2.899137902661292454, 1.199999989042877413 ) ) ;
#1005 = CARTESIAN_POINT ( 'NONE',  ( -2.545584324645416618, 2.545584499897719954, -0.8339746071726831245 ) ) ;
#1006 = CARTESIAN_POINT ( 'NONE',  ( -4.000000000000000888, -5.986100377805715134, 0.7668384925380955508 ) ) ;
#1007 = CARTESIAN_POINT ( 'NONE',  ( -4.049522174361919191, 0.6413814460608511236, 2.399999989042878923 ) ) ;
#1008 = CARTESIAN_POINT ( 'NONE',  ( -1.957150696398379353, 3.841124844479640643, -1.900000010957122898 ) ) ;
#1009 = CARTESIAN_POINT ( 'NONE',  ( -3.555678006756805676, 0.5631641965412349515, 6.533974585258436107 ) ) ;
#1010 = UNCERTAINTY_MEASURE_WITH_UNIT (LENGTH_MEASURE( 1.000000000000000082E-05 ), #924, 'distance_accuracy_value', 'NONE');
#1011 = CARTESIAN_POINT ( 'NONE',  ( -4.100000000000000533, 0.3226770689847697771, 10.42422188911698733 ) ) ;
#1012 = AXIS2_PLACEMENT_3D ( 'NONE', #152, #6207, #5637 ) ;
#1013 = CARTESIAN_POINT ( 'NONE',  ( -0.6743883618602996011, -4.257919592556767441, -1.095712409693305744E-08 ) ) ;
#1014 = CARTESIAN_POINT ( 'NONE',  ( -4.000000000000000888, -3.186100377805715755, 5.616580753730949560 ) ) ;
#1015 = CARTESIAN_POINT ( 'NONE',  ( -1.634365909477758505, -3.207623430818668187, 2.933974585258436019 ) ) ;
#1016 = DIRECTION ( 'NONE',  ( -1.000000000000000000, 0.000000000000000000, 0.000000000000000000 ) ) ;
#1017 = CARTESIAN_POINT ( 'NONE',  ( 0.6743883618602993790, 4.257919592556766553, 9.899999989042875370 ) ) ;
#1018 = EDGE_LOOP ( 'NONE', ( #440, #2225, #3524, #7001, #1570, #5687 ) ) ;
#1019 = CARTESIAN_POINT ( 'NONE',  ( 1.861361174683003883, 3.653126685099039594, 2.899999989042875814 ) ) ;
#1020 = CARTESIAN_POINT ( 'NONE',  ( -4.257919638985431909, -0.6743880687212413516, 5.599999989042876436 ) ) ;
#1021 = CARTESIAN_POINT ( 'NONE',  ( 1.957150696398380463, -3.841124844479640643, 9.099999989042876436 ) ) ;
#1022 = EDGE_CURVE ( 'NONE', #3474, #5249, #878, .T. ) ;
#1023 = CARTESIAN_POINT ( 'NONE',  ( 6.851844444053114103, -5.838763422503097544, 6.749999999999999112 ) ) ;
#1024 = CARTESIAN_POINT ( 'NONE',  ( -1.282762685831216221, -3.947937365295798084, 7.948745712837160582 ) ) ;
#1025 = CARTESIAN_POINT ( 'NONE',  ( -4.049522174361919191, 0.6413814460608511236, 10.39999998904287892 ) ) ;
#1026 = CARTESIAN_POINT ( 'NONE',  ( 1.634365909477758727, 3.207623430818667742, 3.933974585258435130 ) ) ;
#1027 = CARTESIAN_POINT ( 'NONE',  ( -3.738661146426231596, -0.5921456213162122895, -3.366025414741566024 ) ) ;
#1028 = B_SPLINE_CURVE_WITH_KNOTS ( 'NONE', 3,
 ( #396, #2570, #1620, #5995, #6493, #3648, #3872, #2031, #1155, #3305, #3805, #6029, #5463, #5958, #1086, #5428, #4709, #582, #1997, #549, #2765, #2731, #4176, #6333, #1460, #4017, #653, #5645, #160, #6596, #616, #3412, #4054, #3980 ),
 .UNSPECIFIED., .F., .F.,
 ( 4, 2, 2, 2, 2, 2, 2, 2, 2, 2, 2, 2, 2, 2, 2, 2, 4 ),
 ( 0.000000000000000000, 0.0007208320092181743190, 0.001441664018436348638, 0.002162496027654523065, 0.002883328036872697276, 0.003604160046090871487, 0.004324992055309045264, 0.005045824064527219474, 0.005766656073745392817, 0.006487488082963567028, 0.007208320092181741238, 0.007929152101399914582, 0.008649984110618088792, 0.009370816119836264738, 0.01009164812905443895, 0.01081248013827261316, 0.01153331214749078737 ),
 .UNSPECIFIED. ) ;
#1029 = CARTESIAN_POINT ( 'NONE',  ( 1.718473782203455036, -3.372694985396756273, 8.066025392827315343 ) ) ;
#1030 = CARTESIAN_POINT ( 'NONE',  ( -1.957150696398379353, 3.841124844479640643, -2.800000010957124363 ) ) ;
#1031 = CARTESIAN_POINT ( 'NONE',  ( 0.6413811672690402643, -4.049522218518203154, 6.999999989042877679 ) ) ;
#1032 = CARTESIAN_POINT ( 'NONE',  ( -1.861361174683003439, -3.653126685099040039, 7.899999989042876258 ) ) ;
#1033 = CARTESIAN_POINT ( 'NONE',  ( -1.957150696398379353, 3.841124844479640643, 1.199999989042875415 ) ) ;
#1034 = CARTESIAN_POINT ( 'NONE',  ( -0.6413811672690397092, 4.049522218518203154, 5.099999989042876436 ) ) ;
#1035 = ORIENTED_EDGE ( 'NONE', *, *, #4211, .T. ) ;
#1036 = CARTESIAN_POINT ( 'NONE',  ( -1.634365909477758949, -3.207623430818668631, 5.766025392827316409 ) ) ;
#1037 = EDGE_CURVE ( 'NONE', #2528, #5702, #6127, .T. ) ;
#1038 = CARTESIAN_POINT ( 'NONE',  ( -3.207623543337572602, -1.634365688646975068, 0.7339745852584355079 ) ) ;
#1039 = CARTESIAN_POINT ( 'NONE',  ( 1.861361174683003883, 3.653126685099039594, -2.200000010957122942 ) ) ;
#1040 = CIRCLE ( 'NONE', #930, 1.599999999999999867 ) ;
#1041 = CARTESIAN_POINT ( 'NONE',  ( 1.718473782203455036, -3.372694985396756273, 0.06602539282731662018 ) ) ;
#1042 = CARTESIAN_POINT ( 'NONE',  ( -1.718473782203454592, 3.372694985396756273, 5.066025392827315343 ) ) ;
#1043 = CARTESIAN_POINT ( 'NONE',  ( -4.257919638985431909, -0.6743880687212415737, 2.499999989042877679 ) ) ;
#1044 = CARTESIAN_POINT ( 'NONE',  ( 3.653126813245570315, 1.861360923181276661, -2.400000010957121788 ) ) ;
#1045 = CARTESIAN_POINT ( 'NONE',  ( -0.4999999999999979461, -4.069397989875159993, 6.011267035992046814 ) ) ;
#1046 = CARTESIAN_POINT ( 'NONE',  ( 3.841124709738403809, -1.957150960842944709, 9.299999989042879278 ) ) ;
#1047 = CARTESIAN_POINT ( 'NONE',  ( -3.653126813245570315, -1.861360923181276883, -0.3000000109571240303 ) ) ;
#1048 = FACE_OUTER_BOUND ( 'NONE', #485, .T. ) ;
#1049 = CARTESIAN_POINT ( 'NONE',  ( 3.738661146426232040, 0.5921456213162114013, 7.633974585258436640 ) ) ;
#1050 = CARTESIAN_POINT ( 'NONE',  ( -3.653126813245570315, -1.861360923181276883, 5.699999989042876969 ) ) ;
#1051 = CARTESIAN_POINT ( 'NONE',  ( 0.6743883618602993790, 4.257919592556766553, 7.899999989042878035 ) ) ;
#1052 = CARTESIAN_POINT ( 'NONE',  ( -1.957150696398379353, 3.841124844479640643, 5.199999989042876969 ) ) ;
#1053 = CARTESIAN_POINT ( 'NONE',  ( 0.6413811672690400423, -4.049522218518203154, 4.099999989042876436 ) ) ;
#1054 = CARTESIAN_POINT ( 'NONE',  ( -3.841124709738404253, 1.957150960842944709, 8.299999989042875725 ) ) ;
#1055 = CARTESIAN_POINT ( 'NONE',  ( -4.000000000000000888, -5.986100377805715134, 7.233161507461903561 ) ) ;
#1056 = DIRECTION ( 'NONE',  ( 0.000000000000000000, 0.000000000000000000, 1.000000000000000000 ) ) ;
#1057 = CARTESIAN_POINT ( 'NONE',  ( -4.049522174361919191, 0.6413814460608515677, -1.600000010957123076 ) ) ;
#1058 = CARTESIAN_POINT ( 'NONE',  ( -0.5631639517484252622, 3.555678045528177567, -1.866025414741564248 ) ) ;
#1059 = DIRECTION ( 'NONE',  ( 1.000000000000000000, 0.000000000000000000, -0.000000000000000000 ) ) ;
#1060 = CARTESIAN_POINT ( 'NONE',  ( 3.555678006756805676, -0.5631641965412358397, 8.366025392827316054 ) ) ;
#1061 = EDGE_CURVE ( 'NONE', #4080, #5186, #2107, .T. ) ;
#1062 = CARTESIAN_POINT ( 'NONE',  ( 2.899137703068392025, -2.899137902661292454, 0.2999999890428758365 ) ) ;
#1063 = CARTESIAN_POINT ( 'NONE',  ( 3.048333987505707832, 3.048333777641312192, -0.3000000109571222540 ) ) ;
#1064 = CARTESIAN_POINT ( 'NONE',  ( 1.861361174683003883, 3.653126685099039594, -1.100000010957124408 ) ) ;
#1065 = CARTESIAN_POINT ( 'NONE',  ( 3.048333987505708276, 3.048333777641312192, -1.200000010957123830 ) ) ;
#1066 = CARTESIAN_POINT ( 'NONE',  ( 3.048333987505708276, 3.048333777641312192, 0.7999999890428763916 ) ) ;
#1067 = CARTESIAN_POINT ( 'NONE',  ( -3.555678006756805676, 0.5631641965412353956, 5.366025392827316942 ) ) ;
#1068 = CARTESIAN_POINT ( 'NONE',  ( 1.718473782203455258, -3.372694985396755829, 1.233974585258436063 ) ) ;
#1069 = CARTESIAN_POINT ( 'NONE',  ( 0.000000000000000000, 0.000000000000000000, 10.00000000000000000 ) ) ;
#1070 = CARTESIAN_POINT ( 'NONE',  ( -0.5921458787066042895, -3.738661105659599748, -0.1339746071726838628 ) ) ;
#1071 = CARTESIAN_POINT ( 'NONE',  ( -3.207623543337572602, -1.634365688646974846, 5.566025392827317120 ) ) ;
#1072 = CARTESIAN_POINT ( 'NONE',  ( -0.6413811672690400423, 4.049522218518203154, 1.999999989042877679 ) ) ;
#1073 = CARTESIAN_POINT ( 'NONE',  ( 1.957150696398380463, -3.841124844479640643, 3.099999989042878212 ) ) ;
#1074 = CARTESIAN_POINT ( 'NONE',  ( -2.676585940248912721, -2.676585755977737513, -1.166025414741563404 ) ) ;
#1075 = UNCERTAINTY_MEASURE_WITH_UNIT (LENGTH_MEASURE( 1.000000000000000082E-05 ), #6656, 'distance_accuracy_value', 'NONE');
#1076 = CARTESIAN_POINT ( 'NONE',  ( -4.100000000000004974, -1.839369435481412074, 10.59276800152989928 ) ) ;
#1077 = CARTESIAN_POINT ( 'NONE',  ( -3.048333987505707832, -3.048333777641312636, -4.200000010957123386 ) ) ;
#1078 = CARTESIAN_POINT ( 'NONE',  ( 1.861361174683003883, 3.653126685099039594, 0.8999999890428757032 ) ) ;
#1079 = VECTOR ( 'NONE', #739, 1000.000000000000000 ) ;
#1080 = CARTESIAN_POINT ( 'NONE',  ( -3.207623543337572602, -1.634365688646974846, 1.566025392827316232 ) ) ;
#1081 = CARTESIAN_POINT ( 'NONE',  ( -3.372694867087378423, 1.718474014398681859, 4.433974585258435575 ) ) ;
#1082 = CARTESIAN_POINT ( 'NONE',  ( 0.6743883618602999341, 4.257919592556767441, 6.999999989042875903 ) ) ;
#1083 = CARTESIAN_POINT ( 'NONE',  ( -0.6413811672690400423, 4.049522218518203154, 1.999999989042877679 ) ) ;
#1084 = CARTESIAN_POINT ( 'NONE',  ( -1.861361174683003439, -3.653126685099040039, 1.899999989042876480 ) ) ;
#1085 = CARTESIAN_POINT ( 'NONE',  ( 3.841124709738403809, -1.957150960842944709, 6.399999989042877147 ) ) ;
#1086 = CARTESIAN_POINT ( 'NONE',  ( -3.993179308139835904, 0.9604324664556330715, -1.054275021361364088E-13 ) ) ;
#1087 = CARTESIAN_POINT ( 'NONE',  ( 2.899137703068392025, -2.899137902661292454, -3.700000010957124275 ) ) ;
#1088 = FACE_OUTER_BOUND ( 'NONE', #454, .T. ) ;
#1089 = CARTESIAN_POINT ( 'NONE',  ( 0.000000000000000000, 0.000000000000000000, 8.000000000000000000 ) ) ;
#1090 = CARTESIAN_POINT ( 'NONE',  ( 1.861361174683003439, 3.653126685099039594, 7.799999989042878390 ) ) ;
#1091 = CARTESIAN_POINT ( 'NONE',  ( 1.861361174683003439, 3.653126685099039594, 3.799999989042877058 ) ) ;
#1092 = CARTESIAN_POINT ( 'NONE',  ( -3.555678006756805676, 0.5631641965412349515, -1.466025414741565003 ) ) ;
#1093 = CYLINDRICAL_SURFACE ( 'NONE', #2837, 2.750000000000000000 ) ;
#1094 = EDGE_CURVE ( 'NONE', #216, #3567, #6919, .T. ) ;
#1095 = CARTESIAN_POINT ( 'NONE',  ( 3.653126813245570315, 1.861360923181276661, -1.300000010957123253 ) ) ;
#1096 = CARTESIAN_POINT ( 'NONE',  ( 0.6413811672690402643, -4.049522218518203154, 0.9999999890428785676 ) ) ;
#1097 = CARTESIAN_POINT ( 'NONE',  ( 3.841124709738403809, -1.957150960842944709, 3.299999989042878390 ) ) ;
#1098 = CARTESIAN_POINT ( 'NONE',  ( 3.841124709738403809, -1.957150960842944709, -1.600000010957122631 ) ) ;
#1099 = CARTESIAN_POINT ( 'NONE',  ( 1.957150696398380463, -3.841124844479640643, 0.1999999890428764415 ) ) ;
#1100 = CARTESIAN_POINT ( 'NONE',  ( -4.257919638985431909, -0.6743880687212413516, 5.599999989042876436 ) ) ;
#1101 = CARTESIAN_POINT ( 'NONE',  ( 3.841124709738403809, -1.957150960842944709, -2.700000010957121610 ) ) ;
#1102 = CARTESIAN_POINT ( 'NONE',  ( -3.372694867087378423, 1.718474014398682526, 9.266025392827316409 ) ) ;
#1103 =( BOUNDED_SURFACE ( )  B_SPLINE_SURFACE ( 1, 2, ( 
 ( #6288, #4732, #6897, #2526, #3601, #4165, #6866, #6322, #3635, #1517, #5790, #6965, #3135, #2593, #4264, #5265, #3706, #382, #2053, #5822, #4231, #6389, #948, #5890, #983, #4662, #6829, #1953, #4133, #1082, #2221, #1648, #2760, #3300, #4859, #2727, #2254, #4396, #5458, #6556, #3267, #1683, #1050, #3866, #7032, #2120, #4891, #5424, #483, #2660, #6489, #6590, #1715, #3368, #577, #4925, #4296, #3901, #544, #2693, #1150, #4362, #6522, #3768, #5394, #13, #5923, #1615, #4430, #3834, #43, #4960, #4829, #5990, #2794, #1116, #6455, #2189, #6024, #3333, #5953, #5492, #611, #1183, #78, #3801, #6056, #6999, #1583, #3234, #515, #2154, #4329, #4543, #1871, #6130, #6628, #3521, #195, #3406, #116, #5032, #1293, #4089, #2330, #5601, #2449, #6709, #6210, #1752, #6668, #1332, #2292, #722, #2907, #1220, #3939, #155, #5563, #2871, #685, #4581, #4503, #2984, #6168, #3483, #5678, #1791, #6750, #3974, #2947, #1259, #647, #5071, #795, #3445, #5147, #2369, #4466, #5528, #4617, #1830, #6786, #5640, #6092, #4012, #4997 ),
 ( #236, #760, #4050, #5108, #2410, #271, #1912, #6248, #1369, #2832, #3557, #2519, #2621, #4792, #6415, #6348, #942, #6960, #1476, #4691, #5748, #3699, #1946, #3056, #5323, #3129, #3093, #6281, #4190, #3662, #5848, #2081, #977, #4258, #6890, #3164, #6315, #5713, #1980, #1439, #3628, #6382, #5815, #6858, #446, #1407, #1511, #830, #3018, #2012, #5183, #865, #5291, #307, #2485, #4124, #5257, #412, #2587, #3594, #4760, #5222, #341, #4157, #5783, #903, #375, #2552, #4225, #6822, #4655, #4725, #6926, #2047, #2147, #507, #2248, #1073, #6992, #1677, #37, #5388, #477, #4823, #7025, #2214, #6550, #4424, #3228, #6018, #2655, #5418, #5983, #5486, #3860, #71, #3828, #6449, #1144, #604, #2113, #4289, #2687, #2786, #4918, #1542, #538, #3327, #4954, #1109, #6515, #3734, #4355, #1576, #5883, #3762, #2720, #2181, #4390, #3293, #4321, #5452, #4885, #570, #1642, #5915, #3792, #1008, #2754, #3197, #5356, #6480, #1044, #4854, #1607, #5946, #3259, #5, #147, #6584, #1709, #5555, #5670, #788, #2442, #2360, #4002 ) ),
 .UNSPECIFIED., .F., .F., .T. ) 
 B_SPLINE_SURFACE_WITH_KNOTS ( ( 2, 2 ),
 ( 3, 2, 2, 2, 2, 2, 2, 2, 2, 2, 2, 2, 2, 2, 2, 2, 2, 2, 2, 2, 2, 2, 2, 2, 2, 2, 2, 2, 2, 2, 2, 2, 2, 2, 2, 2, 2, 2, 2, 2, 2, 2, 2, 2, 2, 2, 2, 2, 2, 2, 2, 2, 2, 2, 2, 2, 2, 2, 2, 2, 2, 2, 2, 2, 2, 2, 2, 2, 2, 2, 2, 2, 2, 3 ),
 ( 0.000000000000000000, 1.000000000000000000 ),
 ( 0.1004491996277696586, 0.1093556431958115360, 0.1125000000000000028, 0.1250000000000000000, 0.1375000000000000111, 0.1499999999999999944, 0.1625000000000000056, 0.1749999999999999889, 0.1875000000000000000, 0.2000000000000000111, 0.2124999999999999944, 0.2250000000000000056, 0.2374999999999999889, 0.2500000000000000000, 0.2625000000000000111, 0.2750000000000000222, 0.2874999999999999778, 0.2999999999999999889, 0.3125000000000000000, 0.3250000000000000111, 0.3375000000000000222, 0.3499999999999999778, 0.3624999999999999889, 0.3750000000000000000, 0.3875000000000000111, 0.4000000000000000222, 0.4124999999999999778, 0.4249999999999999889, 0.4375000000000000000, 0.4500000000000000111, 0.4625000000000000222, 0.4749999999999999778, 0.4874999999999999889, 0.5000000000000000000, 0.5124999999999999556, 0.5250000000000000222, 0.5374999999999999778, 0.5500000000000000444, 0.5625000000000000000, 0.5749999999999999556, 0.5875000000000000222, 0.5999999999999999778, 0.6125000000000000444, 0.6250000000000000000, 0.6374999999999999556, 0.6500000000000000222, 0.6624999999999999778, 0.6750000000000000444, 0.6875000000000000000, 0.6999999999999999556, 0.7125000000000000222, 0.7249999999999999778, 0.7375000000000000444, 0.7500000000000000000, 0.7624999999999999556, 0.7750000000000000222, 0.7874999999999999778, 0.8000000000000000444, 0.8125000000000000000, 0.8249999999999999556, 0.8375000000000000222, 0.8499999999999999778, 0.8625000000000000444, 0.8750000000000000000, 0.8874999999999999556, 0.9000000000000000222, 0.9124999999999999778, 0.9250000000000000444, 0.9375000000000000000, 0.9499999999999999556, 0.9625000000000000222, 0.9749999999999999778, 0.9875000000000000444, 1.000000000000000000 ),
 .UNSPECIFIED. ) 
 GEOMETRIC_REPRESENTATION_ITEM ( )  RATIONAL_B_SPLINE_SURFACE ( (
 ( 0.9815706371881780523, 0.9815706371881780523, 0.9815706371881780523, 0.9876883379193582835, 1.000000000000000000, 0.9510565162951535312, 1.000000000000000000, 0.9510565162951535312, 1.000000000000000000, 0.9510565162951535312, 1.000000000000000000, 0.9510565162951535312, 1.000000000000000000, 0.9510565162951535312, 1.000000000000000000, 0.9510565162951535312, 1.000000000000000000, 0.9510565162951535312, 1.000000000000000000, 0.9510565162951535312, 1.000000000000000000, 0.9510565162951535312, 1.000000000000000000, 0.9510565162951535312, 1.000000000000000000, 0.9510565162951535312, 1.000000000000000000, 0.9510565162951535312, 1.000000000000000000, 0.9510565162951535312, 1.000000000000000000, 0.9510565162951535312, 1.000000000000000000, 0.9510565162951535312, 1.000000000000000000, 0.9510565162951535312, 1.000000000000000000, 0.9510565162951535312, 1.000000000000000000, 0.9510565162951535312, 1.000000000000000000, 0.9510565162951535312, 1.000000000000000000, 0.9510565162951535312, 1.000000000000000000, 0.9510565162951535312, 1.000000000000000000, 0.9510565162951535312, 1.000000000000000000, 0.9510565162951535312, 1.000000000000000000, 0.9510565162951535312, 1.000000000000000000, 0.9510565162951535312, 1.000000000000000000, 0.9510565162951535312, 1.000000000000000000, 0.9510565162951535312, 1.000000000000000000, 0.9510565162951535312, 1.000000000000000000, 0.9510565162951535312, 1.000000000000000000, 0.9510565162951535312, 1.000000000000000000, 0.9510565162951535312, 1.000000000000000000, 0.9510565162951535312, 1.000000000000000000, 0.9510565162951535312, 1.000000000000000000, 0.9510565162951535312, 1.000000000000000000, 0.9510565162951535312, 1.000000000000000000, 0.9510565162951535312, 1.000000000000000000, 0.9510565162951535312, 1.000000000000000000, 0.9510565162951535312, 1.000000000000000000, 0.9510565162951535312, 1.000000000000000000, 0.9510565162951535312, 1.000000000000000000, 0.9510565162951535312, 1.000000000000000000, 0.9510565162951535312, 1.000000000000000000, 0.9510565162951535312, 1.000000000000000000, 0.9510565162951535312, 1.000000000000000000, 0.9510565162951535312, 1.000000000000000000, 0.9510565162951535312, 1.000000000000000000, 0.9510565162951535312, 1.000000000000000000, 0.9510565162951535312, 1.000000000000000000, 0.9510565162951535312, 1.000000000000000000, 0.9510565162951535312, 1.000000000000000000, 0.9510565162951535312, 1.000000000000000000, 0.9510565162951535312, 1.000000000000000000, 0.9510565162951535312, 1.000000000000000000, 0.9510565162951535312, 1.000000000000000000, 0.9510565162951535312, 1.000000000000000000, 0.9510565162951535312, 1.000000000000000000, 0.9510565162951535312, 1.000000000000000000, 0.9510565162951535312, 1.000000000000000000, 0.9510565162951535312, 1.000000000000000000, 0.9510565162951535312, 1.000000000000000000, 0.9510565162951535312, 1.000000000000000000, 0.9510565162951535312, 1.000000000000000000, 0.9510565162951535312, 1.000000000000000000, 0.9510565162951535312, 1.000000000000000000, 0.9510565162951535312, 1.000000000000000000, 0.9510565162951535312, 1.000000000000000000, 0.9510565162951535312, 1.000000000000000000, 0.9510565162951535312, 1.000000000000000000, 0.9510565162951535312, 1.000000000000000000, 0.9510565162951535312, 1.000000000000000000, 0.9510565162951535312, 1.000000000000000000),
 ( 0.9815706371881780523, 0.9815706371881780523, 0.9815706371881780523, 0.9876883379193582835, 1.000000000000000000, 0.9510565162951535312, 1.000000000000000000, 0.9510565162951535312, 1.000000000000000000, 0.9510565162951535312, 1.000000000000000000, 0.9510565162951535312, 1.000000000000000000, 0.9510565162951535312, 1.000000000000000000, 0.9510565162951535312, 1.000000000000000000, 0.9510565162951535312, 1.000000000000000000, 0.9510565162951535312, 1.000000000000000000, 0.9510565162951535312, 1.000000000000000000, 0.9510565162951535312, 1.000000000000000000, 0.9510565162951535312, 1.000000000000000000, 0.9510565162951535312, 1.000000000000000000, 0.9510565162951535312, 1.000000000000000000, 0.9510565162951535312, 1.000000000000000000, 0.9510565162951535312, 1.000000000000000000, 0.9510565162951535312, 1.000000000000000000, 0.9510565162951535312, 1.000000000000000000, 0.9510565162951535312, 1.000000000000000000, 0.9510565162951535312, 1.000000000000000000, 0.9510565162951535312, 1.000000000000000000, 0.9510565162951535312, 1.000000000000000000, 0.9510565162951535312, 1.000000000000000000, 0.9510565162951535312, 1.000000000000000000, 0.9510565162951535312, 1.000000000000000000, 0.9510565162951535312, 1.000000000000000000, 0.9510565162951535312, 1.000000000000000000, 0.9510565162951535312, 1.000000000000000000, 0.9510565162951535312, 1.000000000000000000, 0.9510565162951535312, 1.000000000000000000, 0.9510565162951535312, 1.000000000000000000, 0.9510565162951535312, 1.000000000000000000, 0.9510565162951535312, 1.000000000000000000, 0.9510565162951535312, 1.000000000000000000, 0.9510565162951535312, 1.000000000000000000, 0.9510565162951535312, 1.000000000000000000, 0.9510565162951535312, 1.000000000000000000, 0.9510565162951535312, 1.000000000000000000, 0.9510565162951535312, 1.000000000000000000, 0.9510565162951535312, 1.000000000000000000, 0.9510565162951535312, 1.000000000000000000, 0.9510565162951535312, 1.000000000000000000, 0.9510565162951535312, 1.000000000000000000, 0.9510565162951535312, 1.000000000000000000, 0.9510565162951535312, 1.000000000000000000, 0.9510565162951535312, 1.000000000000000000, 0.9510565162951535312, 1.000000000000000000, 0.9510565162951535312, 1.000000000000000000, 0.9510565162951535312, 1.000000000000000000, 0.9510565162951535312, 1.000000000000000000, 0.9510565162951535312, 1.000000000000000000, 0.9510565162951535312, 1.000000000000000000, 0.9510565162951535312, 1.000000000000000000, 0.9510565162951535312, 1.000000000000000000, 0.9510565162951535312, 1.000000000000000000, 0.9510565162951535312, 1.000000000000000000, 0.9510565162951535312, 1.000000000000000000, 0.9510565162951535312, 1.000000000000000000, 0.9510565162951535312, 1.000000000000000000, 0.9510565162951535312, 1.000000000000000000, 0.9510565162951535312, 1.000000000000000000, 0.9510565162951535312, 1.000000000000000000, 0.9510565162951535312, 1.000000000000000000, 0.9510565162951535312, 1.000000000000000000, 0.9510565162951535312, 1.000000000000000000, 0.9510565162951535312, 1.000000000000000000, 0.9510565162951535312, 1.000000000000000000, 0.9510565162951535312, 1.000000000000000000, 0.9510565162951535312, 1.000000000000000000, 0.9510565162951535312, 1.000000000000000000, 0.9510565162951535312, 1.000000000000000000, 0.9510565162951535312, 1.000000000000000000) ) ) 
 REPRESENTATION_ITEM ( '' )  SURFACE ( )  );
#1104 = CARTESIAN_POINT ( 'NONE',  ( -3.841124709738404253, 1.957150960842944709, 0.2999999890428775018 ) ) ;
#1105 = CARTESIAN_POINT ( 'NONE',  ( 3.555678006756805676, -0.5631641965412353956, 1.533974585258435885 ) ) ;
#1106 = CARTESIAN_POINT ( 'NONE',  ( -0.5000000000000049960, -3.565108693995175493, 1.871765981903404041 ) ) ;
#1107 = CARTESIAN_POINT ( 'NONE',  ( -3.738661146426232484, -0.5921456213162119564, 7.466025392827316587 ) ) ;
#1108 = CARTESIAN_POINT ( 'NONE',  ( -0.6413811672690400423, 4.049522218518203154, -2.000000010957122321 ) ) ;
#1109 = CARTESIAN_POINT ( 'NONE',  ( 0.6743883618602999341, 4.257919592556767441, -0.1000000109571217294 ) ) ;
#1110 = DIRECTION ( 'NONE',  ( 0.000000000000000000, 0.000000000000000000, 1.000000000000000000 ) ) ;
#1111 = AXIS2_PLACEMENT_3D ( 'NONE', #2599, #1556, #5304 ) ;
#1112 = CARTESIAN_POINT ( 'NONE',  ( 1.861361174683003883, 3.653126685099039594, 7.799999989042878390 ) ) ;
#1113 = CARTESIAN_POINT ( 'NONE',  ( 2.899137703068392025, -2.899137902661292454, -1.700000010957124275 ) ) ;
#1114 = CARTESIAN_POINT ( 'NONE',  ( 4.049522174361919191, -0.6413814460608517898, -1.500000010957123653 ) ) ;
#1115 = CARTESIAN_POINT ( 'NONE',  ( 1.634365909477758727, 3.207623430818667742, 3.933974585258435130 ) ) ;
#1116 = CARTESIAN_POINT ( 'NONE',  ( 3.841124709738403809, -1.957150960842944709, 2.399999989042877147 ) ) ;
#1117 = CARTESIAN_POINT ( 'NONE',  ( 1.957150696398380463, -3.841124844479640643, -0.9000000109571220097 ) ) ;
#1118 = CARTESIAN_POINT ( 'NONE',  ( 3.653126813245570315, 1.861360923181276661, 0.6999999890428768579 ) ) ;
#1119 = CARTESIAN_POINT ( 'NONE',  ( 1.861361174683003883, 3.653126685099039594, 0.8999999890428757032 ) ) ;
#1120 = VERTEX_POINT ( 'NONE', #4108 ) ;
#1121 = SURFACE_STYLE_FILL_AREA ( #962 ) ;
#1122 = CARTESIAN_POINT ( 'NONE',  ( 3.372694867087378423, -1.718474014398682970, 4.266025392827316409 ) ) ;
#1123 = DIRECTION ( 'NONE',  ( 0.000000000000000000, 1.000000000000000000, -0.000000000000000000 ) ) ;
#1124 = CARTESIAN_POINT ( 'NONE',  ( 4.257919638985430133, 0.6743880687212409075, 9.499999989042878568 ) ) ;
#1125 = CARTESIAN_POINT ( 'NONE',  ( 0.5921458787066045115, 3.738661105659599748, -1.966025414741563671 ) ) ;
#1126 = CARTESIAN_POINT ( 'NONE',  ( 3.841124709738403809, -1.957150960842944709, 7.299999989042879278 ) ) ;
#1127 = CARTESIAN_POINT ( 'NONE',  ( -3.599999999635204784, -5.124947355626040474E-05, 9.415406697682357162 ) ) ;
#1128 = FACE_OUTER_BOUND ( 'NONE', #1018, .T. ) ;
#1129 = CARTESIAN_POINT ( 'NONE',  ( -3.841124709738404253, 1.957150960842944709, -2.600000010957123742 ) ) ;
#1130 = EDGE_CURVE ( 'NONE', #1310, #2488, #3074, .T. ) ;
#1131 = CARTESIAN_POINT ( 'NONE',  ( 3.653126813245570315, 1.861360923181276883, 3.599999989042878212 ) ) ;
#1132 = LINE ( 'NONE', #3917, #3063 ) ;
#1133 = CARTESIAN_POINT ( 'NONE',  ( -1.957150696398379353, 3.841124844479640643, 1.199999989042875415 ) ) ;
#1134 = CARTESIAN_POINT ( 'NONE',  ( 4.049522174361919191, -0.6413814460608517898, 0.4999999890428763472 ) ) ;
#1135 = CARTESIAN_POINT ( 'NONE',  ( 4.257919638985431909, 0.6743880687212407965, 2.599999989042875548 ) ) ;
#1136 = CARTESIAN_POINT ( 'NONE',  ( 0.6743883618602993790, 4.257919592556766553, -0.1000000109571217294 ) ) ;
#1137 = EDGE_CURVE ( 'NONE', #3838, #4647, #3531, .T. ) ;
#1138 = CARTESIAN_POINT ( 'NONE',  ( 1.634365909477759171, 3.207623430818668187, 4.766025392827316409 ) ) ;
#1139 = CARTESIAN_POINT ( 'NONE',  ( 0.000000000000000000, 0.000000000000000000, 8.000000000000000000 ) ) ;
#1140 = CARTESIAN_POINT ( 'NONE',  ( -3.372694867087378423, 1.718474014398681859, 4.433974585258435575 ) ) ;
#1141 = CARTESIAN_POINT ( 'NONE',  ( 3.207623543337573047, 1.634365688646974624, 1.733974585258436507 ) ) ;
#1142 = CARTESIAN_POINT ( 'NONE',  ( 0.5921458787066047336, 3.738661105659600192, 4.866025392827316942 ) ) ;
#1143 = CARTESIAN_POINT ( 'NONE',  ( -0.5921458787066038454, -3.738661105659599304, 9.033974585258434331 ) ) ;
#1144 = CARTESIAN_POINT ( 'NONE',  ( 0.6413811672690400423, -4.049522218518203154, 0.9999999890428785676 ) ) ;
#1145 = CARTESIAN_POINT ( 'NONE',  ( 0.5921458787066045115, 3.738661105659599748, -1.966025414741563671 ) ) ;
#1146 = CARTESIAN_POINT ( 'NONE',  ( -3.841124709738404253, 1.957150960842944709, 4.299999989042877502 ) ) ;
#1147 = CARTESIAN_POINT ( 'NONE',  ( 0.6743883618602999341, 4.257919592556767441, 0.9999999890428767912 ) ) ;
#1148 = CARTESIAN_POINT ( 'NONE',  ( -4.049522174361919191, 0.6413814460608515677, -2.500000010957124541 ) ) ;
#1149 = CARTESIAN_POINT ( 'NONE',  ( 2.676585940248913165, 2.676585755977737069, -0.1660254147415641812 ) ) ;
#1150 = CARTESIAN_POINT ( 'NONE',  ( -1.861361174683003439, -3.653126685099040039, 3.899999989042876702 ) ) ;
#1151 = CARTESIAN_POINT ( 'NONE',  ( -0.6743883618602991570, -4.257919592556766553, 2.899999989042877591 ) ) ;
#1152 = CARTESIAN_POINT ( 'NONE',  ( -4.257919638985431909, -0.6743880687212413516, 5.599999989042876436 ) ) ;
#1153 = CARTESIAN_POINT ( 'NONE',  ( -1.957150696398379353, 3.841124844479640643, -2.800000010957124363 ) ) ;
#1154 = ORIENTED_EDGE ( 'NONE', *, *, #6410, .T. ) ;
#1155 = CARTESIAN_POINT ( 'NONE',  ( -2.960041631584589439, 2.847275468280327626, 2.671600236361083864E-16 ) ) ;
#1156 = CARTESIAN_POINT ( 'NONE',  ( -3.555678006756805676, 0.5631641965412353956, 9.366025392827317830 ) ) ;
#1157 = CARTESIAN_POINT ( 'NONE',  ( 1.957150696398380241, -3.841124844479640199, 4.199999989042876081 ) ) ;
#1158 = CARTESIAN_POINT ( 'NONE',  ( 4.049522174361919191, -0.6413814460608513457, 1.399999989042877813 ) ) ;
#1159 = CARTESIAN_POINT ( 'NONE',  ( 4.000000000000000888, -8.062257748298549132, 5.803349819904133788 ) ) ;
#1160 = CARTESIAN_POINT ( 'NONE',  ( 2.899137703068392025, -2.899137902661292010, 5.199999989042877857 ) ) ;
#1161 = CARTESIAN_POINT ( 'NONE',  ( -3.372694867087378423, 1.718474014398681859, -3.566025414741563537 ) ) ;
#1162 = CARTESIAN_POINT ( 'NONE',  ( 2.545584324645417063, -2.545584499897719510, 2.166025392827315876 ) ) ;
#1163 = CARTESIAN_POINT ( 'NONE',  ( -0.6413811672690397092, 4.049522218518203154, -2.900000010957124008 ) ) ;
#1164 = CARTESIAN_POINT ( 'NONE',  ( -4.257919638985431909, -0.6743880687212415737, 0.4999999890428779570 ) ) ;
#1165 = DIRECTION ( 'NONE',  ( -1.000000000000000000, 0.000000000000000000, 0.000000000000000000 ) ) ;
#1166 = CARTESIAN_POINT ( 'NONE',  ( 2.899137703068392025, -2.899137902661292454, 2.299999989042875725 ) ) ;
#1167 = CARTESIAN_POINT ( 'NONE',  ( -3.048333987505707832, -3.048333777641312636, -2.200000010957122942 ) ) ;
#1168 = CARTESIAN_POINT ( 'NONE',  ( 2.899137703068392025, -2.899137902661292454, 2.299999989042875725 ) ) ;
#1169 = CARTESIAN_POINT ( 'NONE',  ( -0.6413811672690400423, 4.049522218518203154, 1.999999989042877679 ) ) ;
#1170 = CARTESIAN_POINT ( 'NONE',  ( -0.5921458787066042895, -3.738661105659599748, 7.866025392827318719 ) ) ;
#1171 = DIRECTION ( 'NONE',  ( -1.000000000000000000, -0.000000000000000000, -0.000000000000000000 ) ) ;
#1172 = CARTESIAN_POINT ( 'NONE',  ( 3.207623543337573047, 1.634365688646974624, 1.733974585258436507 ) ) ;
#1173 = LINE ( 'NONE', #3891, #4005 ) ;
#1174 = CARTESIAN_POINT ( 'NONE',  ( 1.634365909477759171, 3.207623430818668187, 6.766025392827316409 ) ) ;
#1175 = CARTESIAN_POINT ( 'NONE',  ( 3.372694867087377979, -1.718474014398682526, 7.433974585258435575 ) ) ;
#1176 = EDGE_CURVE ( 'NONE', #1970, #3567, #2421, .T. ) ;
#1177 = CARTESIAN_POINT ( 'NONE',  ( -0.4999999999999992784, -5.979130371550698264, 8.000000000000000000 ) ) ;
#1178 = CARTESIAN_POINT ( 'NONE',  ( 3.738661146426232040, 0.5921456213162114013, -2.366025414741564692 ) ) ;
#1179 = CARTESIAN_POINT ( 'NONE',  ( 0.6413811672690400423, -4.049522218518203154, 6.999999989042877679 ) ) ;
#1180 = CARTESIAN_POINT ( 'NONE',  ( -3.653126813245570315, -1.861360923181276883, -4.300000010957123919 ) ) ;
#1181 = CARTESIAN_POINT ( 'NONE',  ( 0.4999999999999888423, -3.565108693995177269, 1.960550053940178339 ) ) ;
#1182 = CARTESIAN_POINT ( 'NONE',  ( 0.5921458787066045115, 3.738661105659599748, 2.033974585258436552 ) ) ;
#1183 = CARTESIAN_POINT ( 'NONE',  ( -4.257919638985431909, -0.6743880687212413516, 1.599999989042876214 ) ) ;
#1184 = CARTESIAN_POINT ( 'NONE',  ( 3.653126813245570315, 1.861360923181276883, 1.599999989042878434 ) ) ;
#1185 = CARTESIAN_POINT ( 'NONE',  ( -3.048333987505707832, -3.048333777641312636, 1.799999989042877058 ) ) ;
#1186 = CARTESIAN_POINT ( 'NONE',  ( -2.899137703068391581, 2.899137902661292898, -0.7000000109571233864 ) ) ;
#1187 = ORIENTED_EDGE ( 'NONE', *, *, #1371, .F. ) ;
#1188 = CARTESIAN_POINT ( 'NONE',  ( 3.653126813245570315, 1.861360923181276661, 6.699999989042876969 ) ) ;
#1189 = CARTESIAN_POINT ( 'NONE',  ( -3.599999999999998757, 6.019843724108054435E-15, 1.415402147540224309 ) ) ;
#1190 = CARTESIAN_POINT ( 'NONE',  ( 3.048333987505708276, 3.048333777641312192, 4.799999989042876614 ) ) ;
#1191 = CARTESIAN_POINT ( 'NONE',  ( 4.257919638985430133, 0.6743880687212409075, 1.499999989042876791 ) ) ;
#1192 = CARTESIAN_POINT ( 'NONE',  ( -0.6413813114312745256, 4.049522195685150372, 7.999999999999372058 ) ) ;
#1193 = CARTESIAN_POINT ( 'NONE',  ( -0.6743883618602991570, -4.257919592556766553, 8.899999989042878923 ) ) ;
#1194 = CARTESIAN_POINT ( 'NONE',  ( -3.555678006756805676, 0.5631641965412353956, 7.366025392827317830 ) ) ;
#1195 = CARTESIAN_POINT ( 'NONE',  ( 3.555678006756805676, -0.5631641965412358397, 0.3660253928273165536 ) ) ;
#1196 = CARTESIAN_POINT ( 'NONE',  ( -3.841124709738404253, 1.957150960842944709, -4.600000010957123742 ) ) ;
#1197 = CARTESIAN_POINT ( 'NONE',  ( -2.676585940248912721, -2.676585755977737513, 8.833974585258436818 ) ) ;
#1198 = DIRECTION ( 'NONE',  ( -0.000000000000000000, -0.000000000000000000, -1.000000000000000000 ) ) ;
#1199 = CARTESIAN_POINT ( 'NONE',  ( 3.653126813245570315, 1.861360923181276661, 2.699999989042876969 ) ) ;
#1200 = CARTESIAN_POINT ( 'NONE',  ( -4.100000000000004974, -1.839369435481412074, 10.59276800152989928 ) ) ;
#1201 = CARTESIAN_POINT ( 'NONE',  ( -0.6743883618602996011, -4.257919592556767441, -4.000000010957124097 ) ) ;
#1202 = CARTESIAN_POINT ( 'NONE',  ( -0.6413811672690400423, 4.049522218518203154, -2.000000010957122321 ) ) ;
#1203 = VECTOR ( 'NONE', #1862, 1000.000000000000000 ) ;
#1204 = ORIENTED_EDGE ( 'NONE', *, *, #2412, .T. ) ;
#1205 = CARTESIAN_POINT ( 'NONE',  ( 2.676585940248914053, 2.676585755977737069, 2.666025392827315876 ) ) ;
#1206 = CARTESIAN_POINT ( 'NONE',  ( 3.600000000000000089, 0.8642834671560708504, 4.492136753985124464 ) ) ;
#1207 = DIRECTION ( 'NONE',  ( 1.000000000000000000, 0.000000000000000000, 0.000000000000000000 ) ) ;
#1208 = CARTESIAN_POINT ( 'NONE',  ( 1.718473782203455036, -3.372694985396756273, -3.933974607172682436 ) ) ;
#1209 = CARTESIAN_POINT ( 'NONE',  ( -0.5631639517484252622, 3.555678045528177567, 2.133974585258435752 ) ) ;
#1210 = CARTESIAN_POINT ( 'NONE',  ( 0.5631639517484252622, -3.555678045528178011, -2.033974607172682969 ) ) ;
#1211 = CARTESIAN_POINT ( 'NONE',  ( 0.5000000000000131006, -3.720424548291199063, 1.004764581231410722E-12 ) ) ;
#1212 = CARTESIAN_POINT ( 'NONE',  ( -3.555678006756805676, 0.5631641965412349515, 8.533974585258436107 ) ) ;
#1213 = CARTESIAN_POINT ( 'NONE',  ( 0.5000000000000004441, -9.003074372223599298, -0.1847404773994473226 ) ) ;
#1214 = CARTESIAN_POINT ( 'NONE',  ( -0.6413813114312745256, 4.049522195685150372, 7.999999999999372058 ) ) ;
#1215 = CARTESIAN_POINT ( 'NONE',  ( 2.899137703068392025, -2.899137902661292454, 5.199999989042877857 ) ) ;
#1216 = CARTESIAN_POINT ( 'NONE',  ( -1.861361174683003439, -3.653126685099040039, -2.100000010957123742 ) ) ;
#1217 = CARTESIAN_POINT ( 'NONE',  ( 0.6413811672690400423, -4.049522218518203154, -1.900000010957123120 ) ) ;
#1218 = CARTESIAN_POINT ( 'NONE',  ( 0.000000000000000000, 0.000000000000000000, 10.00000000000000000 ) ) ;
#1219 = CARTESIAN_POINT ( 'NONE',  ( 2.676585940248913165, 2.676585755977737069, 1.833974585258435708 ) ) ;
#1220 = CARTESIAN_POINT ( 'NONE',  ( 3.841124709738403809, -1.957150960842944709, -1.600000010957122631 ) ) ;
#1221 = CARTESIAN_POINT ( 'NONE',  ( 1.957150696398380463, -3.841124844479640643, 3.099999989042878212 ) ) ;
#1222 = CARTESIAN_POINT ( 'NONE',  ( 3.841124709738403809, -1.957150960842944709, 4.399999989042875370 ) ) ;
#1223 = EDGE_CURVE ( 'NONE', #2488, #3655, #3112, .T. ) ;
#1224 = AXIS2_PLACEMENT_3D ( 'NONE', #132, #2307, #663 ) ;
#1225 = FACE_OUTER_BOUND ( 'NONE', #2389, .T. ) ;
#1226 = VERTEX_POINT ( 'NONE', #4175 ) ;
#1227 = CARTESIAN_POINT ( 'NONE',  ( 4.257919638985431909, 0.6743880687212407965, 6.599999989042875548 ) ) ;
#1228 = CARTESIAN_POINT ( 'NONE',  ( 4.000000000000000888, -5.986100377805715134, 3.999999999999998224 ) ) ;
#1229 = CARTESIAN_POINT ( 'NONE',  ( 4.257919638985431909, 0.6743880687212407965, 4.599999989042876436 ) ) ;
#1230 = CARTESIAN_POINT ( 'NONE',  ( -4.257919638985431909, -0.6743880687212415737, 4.499999989042877679 ) ) ;
#1231 = CARTESIAN_POINT ( 'NONE',  ( -3.657861959202034274, -1.867583980305525859, 8.000000000000072831 ) ) ;
#1232 = CARTESIAN_POINT ( 'NONE',  ( -4.257919638985431909, -0.6743880687212415737, 4.499999989042877679 ) ) ;
#1233 = CARTESIAN_POINT ( 'NONE',  ( 3.372694867087377979, -1.718474014398682970, 0.2660253928273171864 ) ) ;
#1234 = CARTESIAN_POINT ( 'NONE',  ( -2.899137703068391581, 2.899137902661292898, 9.299999989042877502 ) ) ;
#1235 = CARTESIAN_POINT ( 'NONE',  ( -3.555678006756805676, 0.5631641965412349515, 10.53397458525843611 ) ) ;
#1236 = B_SPLINE_CURVE_WITH_KNOTS ( 'NONE', 3,
 ( #4004, #4495, #789, #6161, #3476, #2978, #1863, #4043, #3966, #1906 ),
 .UNSPECIFIED., .F., .F.,
 ( 4, 3, 3, 4 ),
 ( 0.000000000000000000, 0.0001356333446764935850, 0.0002712666841590262944, 0.0005203910659086940149 ),
 .UNSPECIFIED. ) ;
#1237 = CARTESIAN_POINT ( 'NONE',  ( -1.634365909477758505, -3.207623430818668187, 0.9339745852584360186 ) ) ;
#1238 = CARTESIAN_POINT ( 'NONE',  ( 0.6743883618602999341, 4.257919592556767441, 9.899999989042875370 ) ) ;
#1239 = CARTESIAN_POINT ( 'NONE',  ( -1.957150696398379353, 3.841124844479640643, -2.800000010957124363 ) ) ;
#1240 = CARTESIAN_POINT ( 'NONE',  ( -4.257919638985431909, -0.6743880687212415737, 0.4999999890428779570 ) ) ;
#1241 = EDGE_LOOP ( 'NONE', ( #932, #4251, #3066, #6738 ) ) ;
#1242 = CARTESIAN_POINT ( 'NONE',  ( -1.718473782203454592, 3.372694985396756273, -0.9339746071726841015 ) ) ;
#1243 = CARTESIAN_POINT ( 'NONE',  ( 0.4999999999999985012, -3.740386045253436098, 4.005076071718534969 ) ) ;
#1244 = CARTESIAN_POINT ( 'NONE',  ( 3.841124709738403809, -1.957150960842944709, -0.7000000109571216100 ) ) ;
#1245 = CARTESIAN_POINT ( 'NONE',  ( -4.099999999584540866, -5.836745599459155853E-05, 9.549381293897914347 ) ) ;
#1246 = DIRECTION ( 'NONE',  ( 0.000000000000000000, 0.8660254037844383745, -0.5000000000000004441 ) ) ;
#1247 = CARTESIAN_POINT ( 'NONE',  ( 0.5921458787066047336, 3.738661105659600192, 0.8660253928273169421 ) ) ;
#1248 = CARTESIAN_POINT ( 'NONE',  ( -7.454616696332049486, -5.162029467601588095, 1.242616054375788037 ) ) ;
#1249 = CARTESIAN_POINT ( 'NONE',  ( -4.257919638985431909, -0.6743880687212415737, -3.500000010957124097 ) ) ;
#1250 = CARTESIAN_POINT ( 'NONE',  ( -0.5000000000000095479, -3.740407263734021992, 0.9952727596981214564 ) ) ;
#1251 = ADVANCED_FACE ( 'NONE', ( #1458 ), #849, .F. ) ;
#1252 = CYLINDRICAL_SURFACE ( 'NONE', #2864, 3.600000000000000089 ) ;
#1253 = CARTESIAN_POINT ( 'NONE',  ( -1.861361174683003439, -3.653126685099040039, 6.799999989042878390 ) ) ;
#1254 = CARTESIAN_POINT ( 'NONE',  ( -0.6743883618602996011, -4.257919592556767441, 2.899999989042877591 ) ) ;
#1255 = CARTESIAN_POINT ( 'NONE',  ( -0.6743883618602996011, -4.257919592556767441, 4.899999989042877147 ) ) ;
#1256 = CARTESIAN_POINT ( 'NONE',  ( 3.555678006756805676, -0.5631641965412358397, 2.366025392827316498 ) ) ;
#1257 = CARTESIAN_POINT ( 'NONE',  ( -3.738661146426232484, -0.5921456213162119564, 7.466025392827316587 ) ) ;
#1258 = CARTESIAN_POINT ( 'NONE',  ( 1.634365909477758727, 3.207623430818667742, 1.933974585258435130 ) ) ;
#1259 = CARTESIAN_POINT ( 'NONE',  ( 3.048333987505708276, 3.048333777641312192, -3.200000010957123386 ) ) ;
#1260 = CARTESIAN_POINT ( 'NONE',  ( -1.957150696398379353, 3.841124844479640199, -1.900000010957122898 ) ) ;
#1261 = CARTESIAN_POINT ( 'NONE',  ( -3.653126813245570315, -1.861360923181276883, -4.300000010957123919 ) ) ;
#1262 = VERTEX_POINT ( 'NONE', #433 ) ;
#1263 = CARTESIAN_POINT ( 'NONE',  ( -0.6743883618602996011, -4.257919592556767441, 7.999999989042875903 ) ) ;
#1264 = CARTESIAN_POINT ( 'NONE',  ( -0.5631639517484248181, 3.555678045528178011, 6.966025392827316587 ) ) ;
#1265 = CARTESIAN_POINT ( 'NONE',  ( 4.257919638985431909, 0.6743880687212407965, 6.599999989042875548 ) ) ;
#1266 = CARTESIAN_POINT ( 'NONE',  ( 3.048333987505707832, 3.048333777641312192, 5.699999989042876081 ) ) ;
#1267 = CARTESIAN_POINT ( 'NONE',  ( -4.078914445033953839, 0.4800890579118052837, 7.999999999999988454 ) ) ;
#1268 = CARTESIAN_POINT ( 'NONE',  ( -2.545584324645416618, 2.545584499897719510, -1.666025414741563848 ) ) ;
#1269 = CARTESIAN_POINT ( 'NONE',  ( 1.718473782203455036, -3.372694985396756273, 0.06602539282731662018 ) ) ;
#1270 = CARTESIAN_POINT ( 'NONE',  ( 0.6743883618602999341, 4.257919592556767441, 6.999999989042875903 ) ) ;
#1271 = CARTESIAN_POINT ( 'NONE',  ( -3.048333987505707388, -3.048333777641312636, -3.300000010957120811 ) ) ;
#1272 = CARTESIAN_POINT ( 'NONE',  ( 1.957150696398380463, -3.841124844479640643, -3.800000010957123919 ) ) ;
#1273 = CARTESIAN_POINT ( 'NONE',  ( -3.841124709738404253, 1.957150960842944709, 8.299999989042875725 ) ) ;
#1274 = CARTESIAN_POINT ( 'NONE',  ( -3.372694867087378423, 1.718474014398681859, 8.433974585258436463 ) ) ;
#1275 = ORIENTED_EDGE ( 'NONE', *, *, #4747, .F. ) ;
#1276 = CARTESIAN_POINT ( 'NONE',  ( 3.738661146426232484, 0.5921456213162111792, 0.4660253928273159763 ) ) ;
#1277 = CARTESIAN_POINT ( 'NONE',  ( -2.899137703068391581, 2.899137902661292898, 3.299999989042876614 ) ) ;
#1278 = CARTESIAN_POINT ( 'NONE',  ( -0.4999999999999979461, -4.069397989875159993, 4.011267035992046814 ) ) ;
#1279 = CARTESIAN_POINT ( 'NONE',  ( 3.555678006756805676, -0.5631641965412358397, 0.3660253928273165536 ) ) ;
#1280 = FACE_BOUND ( 'NONE', #5716, .T. ) ;
#1281 = CARTESIAN_POINT ( 'NONE',  ( 3.738661146426232484, 0.5921456213162111792, 0.4660253928273159763 ) ) ;
#1282 = CARTESIAN_POINT ( 'NONE',  ( -3.555678006756805676, 0.5631641965412353956, 3.366025392827316498 ) ) ;
#1283 = CARTESIAN_POINT ( 'NONE',  ( 2.676585940248913165, 2.676585755977737069, 1.833974585258435708 ) ) ;
#1284 = ORIENTED_EDGE ( 'NONE', *, *, #3169, .T. ) ;
#1285 = CARTESIAN_POINT ( 'NONE',  ( 0.5000000000000032196, -4.069397989875159993, 2.989223782170679300 ) ) ;
#1286 = DIRECTION ( 'NONE',  ( -1.000000000000000000, 0.000000000000000000, 0.000000000000000000 ) ) ;
#1287 = CARTESIAN_POINT ( 'NONE',  ( 3.653126813245570315, 1.861360923181276661, 7.599999989042878212 ) ) ;
#1288 = CARTESIAN_POINT ( 'NONE',  ( -2.899137703068391581, 2.899137902661292898, 4.199999989042877857 ) ) ;
#1289 = CARTESIAN_POINT ( 'NONE',  ( -3.048333987505707832, -3.048333777641312636, 6.699999989042876081 ) ) ;
#1290 = CARTESIAN_POINT ( 'NONE',  ( -0.5000000000000424105, -3.895066202844927439, 1.963171921366783756 ) ) ;
#1291 = CARTESIAN_POINT ( 'NONE',  ( 2.545584324645417063, -2.545584499897719510, 2.166025392827315876 ) ) ;
#1292 = CARTESIAN_POINT ( 'NONE',  ( 1.718473782203455258, -3.372694985396755829, -2.766025414741564159 ) ) ;
#1293 = CARTESIAN_POINT ( 'NONE',  ( -3.653126813245570315, -1.861360923181276883, -0.3000000109571240303 ) ) ;
#1294 = CARTESIAN_POINT ( 'NONE',  ( -3.653126813245569871, -1.861360923181277105, -3.400000010957122676 ) ) ;
#1295 = FACE_OUTER_BOUND ( 'NONE', #6776, .T. ) ;
#1296 = CARTESIAN_POINT ( 'NONE',  ( -3.599999999999997868, -1.467943733322380928E-08, 6.583351341274645385 ) ) ;
#1297 = VERTEX_POINT ( 'NONE', #4672 ) ;
#1298 = CARTESIAN_POINT ( 'NONE',  ( 1.861361174683003883, 3.653126685099039594, 8.899999989042877147 ) ) ;
#1299 = CARTESIAN_POINT ( 'NONE',  ( 1.957150696398380463, -3.841124844479640643, 7.099999989042877324 ) ) ;
#1300 = CARTESIAN_POINT ( 'NONE',  ( -3.599999999999998312, 2.595712431496132535E-14, 0.5833513399713420311 ) ) ;
#1301 = CARTESIAN_POINT ( 'NONE',  ( -2.545584324645416618, 2.545584499897719954, 1.166025392827316987 ) ) ;
#1302 = ORIENTED_EDGE ( 'NONE', *, *, #1883, .T. ) ;
#1303 = CARTESIAN_POINT ( 'NONE',  ( -3.207623543337572602, -1.634365688646974846, -0.4339746071726838239 ) ) ;
#1304 = CARTESIAN_POINT ( 'NONE',  ( 4.049522174361919191, -0.6413814460608517898, 6.499999989042876791 ) ) ;
#1305 = CARTESIAN_POINT ( 'NONE',  ( 3.207623543337573047, 1.634365688646974624, 9.733974585258437173 ) ) ;
#1306 = CARTESIAN_POINT ( 'NONE',  ( -1.957150696398379353, 3.841124844479640643, -2.800000010957124363 ) ) ;
#1307 = CARTESIAN_POINT ( 'NONE',  ( 1.957150696398380463, -3.841124844479640643, 7.099999989042877324 ) ) ;
#1308 = CARTESIAN_POINT ( 'NONE',  ( -3.599999999635204784, -5.124947355626040474E-05, 9.415406697682357162 ) ) ;
#1309 = CARTESIAN_POINT ( 'NONE',  ( 1.634365909477758727, 3.207623430818667742, 7.933974585258435575 ) ) ;
#1310 = VERTEX_POINT ( 'NONE', #3647 ) ;
#1311 = CARTESIAN_POINT ( 'NONE',  ( -3.738661146426232484, -0.5921456213162119564, -0.5339746071726833021 ) ) ;
#1312 = CARTESIAN_POINT ( 'NONE',  ( 0.4999999999999985012, -3.652754938499274573, 3.982783283860946266 ) ) ;
#1313 = CARTESIAN_POINT ( 'NONE',  ( -0.5000000000000363043, -3.982227779572554471, 3.987235122701802137 ) ) ;
#1314 = CARTESIAN_POINT ( 'NONE',  ( -2.545584324645416618, 2.545584499897719954, -2.833974607172683235 ) ) ;
#1315 = CARTESIAN_POINT ( 'NONE',  ( -0.4999999999999991673, -3.608940165819220613, 5.028631538309713100 ) ) ;
#1316 = AXIS2_PLACEMENT_3D ( 'NONE', #1014, #4327, #6486 ) ;
#1317 = CARTESIAN_POINT ( 'NONE',  ( 2.545584324645417063, -2.545584499897719510, 0.1660253928273160151 ) ) ;
#1318 = CARTESIAN_POINT ( 'NONE',  ( 1.718473782203455036, -3.372694985396756273, 4.066025392827317120 ) ) ;
#1319 = ORIENTED_EDGE ( 'NONE', *, *, #3200, .F. ) ;
#1320 = DIRECTION ( 'NONE',  ( 1.000000000000000000, 0.000000000000000000, 0.000000000000000000 ) ) ;
#1321 = CARTESIAN_POINT ( 'NONE',  ( 3.207623543337573047, 1.634365688646974624, 3.733974585258436285 ) ) ;
#1322 = EDGE_LOOP ( 'NONE', ( #2431, #2055, #5629 ) ) ;
#1323 = DIRECTION ( 'NONE',  ( 1.000000000000000000, -0.000000000000000000, 0.000000000000000000 ) ) ;
#1324 = CARTESIAN_POINT ( 'NONE',  ( 0.4999999999999888423, -3.565108693995177269, 1.960550053940178339 ) ) ;
#1325 = CARTESIAN_POINT ( 'NONE',  ( 3.841124709738403809, -1.957150960842944709, 1.299999989042878612 ) ) ;
#1326 = CARTESIAN_POINT ( 'NONE',  ( -0.6743883618602996011, -4.257919592556767441, 6.899999989042878923 ) ) ;
#1327 = CARTESIAN_POINT ( 'NONE',  ( 2.899137703068392025, -2.899137902661292454, 9.199999989042879633 ) ) ;
#1328 = CARTESIAN_POINT ( 'NONE',  ( 0.5316208998581658518, -3.560673973034905071, 3.131244317493136364 ) ) ;
#1329 = CARTESIAN_POINT ( 'NONE',  ( 3.207623543337573047, 1.634365688646974624, 6.566025392827317120 ) ) ;
#1330 = B_SPLINE_CURVE_WITH_KNOTS ( 'NONE', 3,
 ( #4036, #1315, #180, #4528, #852, #6773, #2436, #1816, #782, #2971 ),
 .UNSPECIFIED., .F., .F.,
 ( 4, 3, 3, 4 ),
 ( 0.000000000000000000, 0.0001356333446764944252, 0.0002712666841590264570, 0.0005203910659086936896 ),
 .UNSPECIFIED. ) ;
#1331 = CARTESIAN_POINT ( 'NONE',  ( -2.545584324645416618, 2.545584499897719510, -3.666025414741564070 ) ) ;
#1332 = CARTESIAN_POINT ( 'NONE',  ( 3.048333987505708276, 3.048333777641312192, -1.200000010957123830 ) ) ;
#1333 = CARTESIAN_POINT ( 'NONE',  ( -0.5631639517484252622, 3.555678045528177567, 10.13397458525843575 ) ) ;
#1334 = CARTESIAN_POINT ( 'NONE',  ( 1.861361174683003883, 3.653126685099039594, -3.100000010957124630 ) ) ;
#1335 = VERTEX_POINT ( 'NONE', #326 ) ;
#1336 = CARTESIAN_POINT ( 'NONE',  ( -1.957150696398379353, 3.841124844479640643, 5.199999989042876969 ) ) ;
#1337 = CARTESIAN_POINT ( 'NONE',  ( -4.049522174361919191, 0.6413814460608515677, 3.499999989042876347 ) ) ;
#1338 = CARTESIAN_POINT ( 'NONE',  ( 1.957150696398380463, -3.841124844479640643, -0.9000000109571220097 ) ) ;
#1339 = FACE_OUTER_BOUND ( 'NONE', #2374, .T. ) ;
#1340 = CARTESIAN_POINT ( 'NONE',  ( 0.5921458787066047336, 3.738661105659599748, 0.8660253928273169421 ) ) ;
#1341 = ORIENTED_EDGE ( 'NONE', *, *, #72, .T. ) ;
#1342 = EDGE_CURVE ( 'NONE', #6290, #4608, #358, .T. ) ;
#1343 = CARTESIAN_POINT ( 'NONE',  ( 0.6413811672690400423, -4.049522218518203154, 6.099999989042876436 ) ) ;
#1344 = CARTESIAN_POINT ( 'NONE',  ( 0.6413811672690400423, -4.049522218518203154, 6.099999989042876436 ) ) ;
#1345 = CARTESIAN_POINT ( 'NONE',  ( -4.257919638985431909, -0.6743880687212415737, -1.500000010957122099 ) ) ;
#1346 = CARTESIAN_POINT ( 'NONE',  ( 4.000000000000000888, -8.062257748298549132, 10.00000000000000000 ) ) ;
#1347 = CARTESIAN_POINT ( 'NONE',  ( 3.048333987505708276, 3.048333777641312192, -0.3000000109571222540 ) ) ;
#1348 = CARTESIAN_POINT ( 'NONE',  ( 0.5000000000000024425, -4.069397989875159105, 4.539223782170672905 ) ) ;
#1349 = CARTESIAN_POINT ( 'NONE',  ( -3.599999999782404814, -3.958111353286947247E-05, 10.58335485414687582 ) ) ;
#1350 = ORIENTED_EDGE ( 'NONE', *, *, #72, .F. ) ;
#1351 = CARTESIAN_POINT ( 'NONE',  ( -2.545584324645416618, 2.545584499897719954, 3.166025392827316765 ) ) ;
#1352 = CARTESIAN_POINT ( 'NONE',  ( -6.720610260001265601, -5.986100377805715134, 7.233161507461903561 ) ) ;
#1353 = CARTESIAN_POINT ( 'NONE',  ( 0.6743883618602993790, 4.257919592556766553, 1.899999989042878035 ) ) ;
#1354 = CARTESIAN_POINT ( 'NONE',  ( -2.676585940248913165, -2.676585755977737513, -4.333974607172681459 ) ) ;
#1355 = LINE ( 'NONE', #5699, #4903 ) ;
#1356 = EDGE_CURVE ( 'NONE', #3047, #4266, #6840, .T. ) ;
#1357 = CARTESIAN_POINT ( 'NONE',  ( -3.372694867087378423, 1.718474014398682526, -2.733974607172684035 ) ) ;
#1358 = CARTESIAN_POINT ( 'NONE',  ( 1.634365909477759171, 3.207623430818668187, -1.233974607172684257 ) ) ;
#1359 = ORIENTED_EDGE ( 'NONE', *, *, #5149, .T. ) ;
#1360 = APPLICATION_PROTOCOL_DEFINITION ( 'draft international standard', 'automotive_design', 1998, #927 ) ;
#1361 = VERTEX_POINT ( 'NONE', #4779 ) ;
#1362 = CARTESIAN_POINT ( 'NONE',  ( -0.4999999999999923395, -4.069397989875159993, 0.9112670359920481689 ) ) ;
#1363 = CARTESIAN_POINT ( 'NONE',  ( -1.861361174683003439, -3.653126685099040039, 1.899999989042876480 ) ) ;
#1364 = CARTESIAN_POINT ( 'NONE',  ( -2.899137703068391581, 2.899137902661292898, 6.199999989042877857 ) ) ;
#1365 = CARTESIAN_POINT ( 'NONE',  ( -0.6743883618602996011, -4.257919592556767441, 6.899999989042878923 ) ) ;
#1366 = CARTESIAN_POINT ( 'NONE',  ( 0.6743883618602999341, 4.257919592556767441, 8.999999989042876791 ) ) ;
#1367 = CARTESIAN_POINT ( 'NONE',  ( -3.555678006756805676, 0.5631641965412353956, 3.366025392827316498 ) ) ;
#1368 = CARTESIAN_POINT ( 'NONE',  ( 3.048333987505707832, 3.048333777641312192, 7.699999989042878745 ) ) ;
#1369 = CARTESIAN_POINT ( 'NONE',  ( -0.6413811672690397092, 4.049522218518203154, 9.999999989042878568 ) ) ;
#1370 = CARTESIAN_POINT ( 'NONE',  ( 4.257919638985430133, 0.6743880687212409075, -2.500000010957122765 ) ) ;
#1371 = EDGE_CURVE ( 'NONE', #2020, #3655, #2839, .T. ) ;
#1372 = CARTESIAN_POINT ( 'NONE',  ( -4.049522174361919191, 0.6413814460608515677, -0.5000000109571227647 ) ) ;
#1373 = CARTESIAN_POINT ( 'NONE',  ( 0.4999999999999979461, -3.851466211747807122, 7.049280857965499969 ) ) ;
#1374 = CARTESIAN_POINT ( 'NONE',  ( -3.841124709738404253, 1.957150960842944709, 3.399999989042875814 ) ) ;
#1375 = CARTESIAN_POINT ( 'NONE',  ( 4.257919638985431909, 0.6743880687212407965, 8.599999989042872883 ) ) ;
#1376 = CARTESIAN_POINT ( 'NONE',  ( -3.555678006756805676, 0.5631641965412349515, 10.53397458525843611 ) ) ;
#1377 = DIRECTION ( 'NONE',  ( 1.000000000000000000, 0.000000000000000000, -0.000000000000000000 ) ) ;
#1378 = CARTESIAN_POINT ( 'NONE',  ( -0.4999999999999992784, -3.565108693995177713, 5.039698219489776143 ) ) ;
#1379 = ORIENTED_EDGE ( 'NONE', *, *, #3786, .T. ) ;
#1380 = CARTESIAN_POINT ( 'NONE',  ( 1.718473782203455036, -3.372694985396756273, -3.933974607172682436 ) ) ;
#1381 =( BOUNDED_CURVE ( )  B_SPLINE_CURVE ( 2, ( #5094, #4246, #1498, #2643, #4178, #4812, #2033, #6404, #5803 ),
 .UNSPECIFIED., .F., .T. ) 
 B_SPLINE_CURVE_WITH_KNOTS ( ( 3, 2, 2, 2, 3 ),
 ( 0.2968556431958115360, 0.2999999999999999889, 0.3125000000000000000, 0.3250000000000000111, 0.3253583102557262019 ),
 .UNSPECIFIED. ) 
 CURVE ( )  GEOMETRIC_REPRESENTATION_ITEM ( )  RATIONAL_B_SPLINE_CURVE ( ( 0.9815706371881782744, 0.9876883379193583945, 1.000000000000000000, 0.9510565162951535312, 1.000000000000000000, 0.9510565162951535312, 1.000000000000000000, 0.9985970438270068694, 0.9972745186276326113 ) ) 
 REPRESENTATION_ITEM ( '' )  );
#1382 = AXIS2_PLACEMENT_3D ( 'NONE', #3400, #678, #715 ) ;
#1383 = CARTESIAN_POINT ( 'NONE',  ( 1.957150696398380463, -3.841124844479640643, 0.1999999890428764415 ) ) ;
#1384 = CARTESIAN_POINT ( 'NONE',  ( -2.676585940248912721, -2.676585755977737513, 6.833974585258436818 ) ) ;
#1385 = CARTESIAN_POINT ( 'NONE',  ( 1.861361174683003883, 3.653126685099039594, -3.100000010957124630 ) ) ;
#1386 = CARTESIAN_POINT ( 'NONE',  ( -0.6743883618602996011, -4.257919592556767441, 0.8999999890428772575 ) ) ;
#1387 = CARTESIAN_POINT ( 'NONE',  ( 1.718473782203455258, -3.372694985396755829, 7.233974585258436285 ) ) ;
#1388 = CARTESIAN_POINT ( 'NONE',  ( 3.738661146426232484, 0.5921456213162111792, -3.533974607172683857 ) ) ;
#1389 = CARTESIAN_POINT ( 'NONE',  ( -0.6413813089465514317, -4.049522196078693348, 1.080141941131699540E-15 ) ) ;
#1390 = CARTESIAN_POINT ( 'NONE',  ( 4.257919638985431909, 0.6743880687212406855, 2.599999989042875548 ) ) ;
#1391 = CARTESIAN_POINT ( 'NONE',  ( 3.653126813245570315, 1.861360923181276661, 6.699999989042876969 ) ) ;
#1392 = DIRECTION ( 'NONE',  ( 1.000000000000000000, 0.000000000000000000, 0.000000000000000000 ) ) ;
#1393 = CARTESIAN_POINT ( 'NONE',  ( -2.545584324645416618, 2.545584499897719954, -0.8339746071726831245 ) ) ;
#1394 = CARTESIAN_POINT ( 'NONE',  ( 3.555678006756805676, -0.5631641965412358397, 2.366025392827316498 ) ) ;
#1395 = CARTESIAN_POINT ( 'NONE',  ( 4.257919638985431909, 0.6743880687212407965, 6.599999989042875548 ) ) ;
#1396 = ORIENTED_EDGE ( 'NONE', *, *, #3011, .T. ) ;
#1397 = EDGE_LOOP ( 'NONE', ( #3549, #5722, #1187 ) ) ;
#1398 = AXIS2_PLACEMENT_3D ( 'NONE', #5129, #5585, #6152 ) ;
#1399 = CARTESIAN_POINT ( 'NONE',  ( -3.048333987505707388, -3.048333777641312636, 6.699999989042877857 ) ) ;
#1400 = CARTESIAN_POINT ( 'NONE',  ( 3.653126813245570315, 1.861360923181276661, 1.599999989042878434 ) ) ;
#1401 = CARTESIAN_POINT ( 'NONE',  ( 1.634365909477759171, 3.207623430818668187, 6.766025392827316409 ) ) ;
#1402 = CARTESIAN_POINT ( 'NONE',  ( 0.6413811672690400423, -4.049522218518203154, 4.999999989042877679 ) ) ;
#1403 = CARTESIAN_POINT ( 'NONE',  ( -1.718473782203454592, 3.372694985396756273, -2.933974607172684657 ) ) ;
#1404 = EDGE_CURVE ( 'NONE', #4608, #4069, #3580, .T. ) ;
#1405 = CARTESIAN_POINT ( 'NONE',  ( 3.207623543337573047, 1.634365688646974624, 4.566025392827317120 ) ) ;
#1406 = CARTESIAN_POINT ( 'NONE',  ( 2.899137703068392025, -2.899137902661292010, 9.199999989042879633 ) ) ;
#1407 = CARTESIAN_POINT ( 'NONE',  ( -3.841124709738404253, 1.957150960842944709, 6.299999989042879278 ) ) ;
#1408 = CARTESIAN_POINT ( 'NONE',  ( 2.676585940248913165, 2.676585755977737069, 9.833974585258433265 ) ) ;
#1409 = CARTESIAN_POINT ( 'NONE',  ( -4.049522174361919191, 0.6413814460608515677, -2.500000010957124541 ) ) ;
#1410 = ORIENTED_EDGE ( 'NONE', *, *, #4306, .F. ) ;
#1411 = CARTESIAN_POINT ( 'NONE',  ( 3.048333987505708276, 3.048333777641312192, 0.7999999890428763916 ) ) ;
#1412 = CARTESIAN_POINT ( 'NONE',  ( 0.6743883618602999341, 4.257919592556767441, 6.999999989042875903 ) ) ;
#1413 = CARTESIAN_POINT ( 'NONE',  ( -0.6413811672690400423, 4.049522218518203154, -2.000000010957122321 ) ) ;
#1414 = CARTESIAN_POINT ( 'NONE',  ( 4.000000000000000888, -8.062257748298549132, 2.196650180095863103 ) ) ;
#1415 = CARTESIAN_POINT ( 'NONE',  ( -2.676585940248912721, -2.676585755977737513, -3.166025414741562738 ) ) ;
#1416 = ORIENTED_EDGE ( 'NONE', *, *, #4730, .T. ) ;
#1417 = CARTESIAN_POINT ( 'NONE',  ( -3.555678006756805676, 0.5631641965412353956, -4.633974607172684834 ) ) ;
#1418 = CARTESIAN_POINT ( 'NONE',  ( -1.957150696398379353, 3.841124844479640643, -0.8000000109571244744 ) ) ;
#1419 = DIRECTION ( 'NONE',  ( 0.000000000000000000, 0.000000000000000000, 1.000000000000000000 ) ) ;
#1420 = CARTESIAN_POINT ( 'NONE',  ( 2.899137703068392025, -2.899137902661292454, 3.199999989042877413 ) ) ;
#1421 = CARTESIAN_POINT ( 'NONE',  ( 3.738661146426232040, 0.5921456213162114013, -0.3660254147415646364 ) ) ;
#1422 = CARTESIAN_POINT ( 'NONE',  ( 2.545584324645417063, -2.545584499897719510, -3.833974607172684124 ) ) ;
#1423 = CARTESIAN_POINT ( 'NONE',  ( -6.720610260001267378, -5.986100377805715134, 0.7668384925380955508 ) ) ;
#1424 = CARTESIAN_POINT ( 'NONE',  ( -0.4999999999999995559, -3.565108693995175937, 3.871765981903404708 ) ) ;
#1425 = CARTESIAN_POINT ( 'NONE',  ( 4.257919638985431909, 0.6743880687212407965, 8.599999989042872883 ) ) ;
#1426 = CARTESIAN_POINT ( 'NONE',  ( 3.653126813245570315, 1.861360923181276883, 9.599999989042878212 ) ) ;
#1427 = VECTOR ( 'NONE', #3536, 1000.000000000000000 ) ;
#1428 = CARTESIAN_POINT ( 'NONE',  ( -1.957150696398379353, 3.841124844479640643, 7.199999989042875193 ) ) ;
#1429 = CARTESIAN_POINT ( 'NONE',  ( -3.738661146426232484, -0.5921456213162119564, 5.466025392827315699 ) ) ;
#1430 = CARTESIAN_POINT ( 'NONE',  ( 3.048333987505708276, 3.048333777641312192, 8.799999989042873949 ) ) ;
#1431 = ORIENTED_EDGE ( 'NONE', *, *, #5132, .F. ) ;
#1432 = ORIENTED_EDGE ( 'NONE', *, *, #1975, .F. ) ;
#1433 = CARTESIAN_POINT ( 'NONE',  ( 0.5000000000000091038, -3.696570492327021284, 1.993929677904390019 ) ) ;
#1434 = CARTESIAN_POINT ( 'NONE',  ( -1.634365909477758949, -3.207623430818668631, 3.766025392827316853 ) ) ;
#1435 = CARTESIAN_POINT ( 'NONE',  ( 3.841124709738403809, -1.957150960842944709, -0.7000000109571216100 ) ) ;
#1436 = CARTESIAN_POINT ( 'NONE',  ( -3.372694867087378423, 1.718474014398682526, -4.733974607172682703 ) ) ;
#1437 = CARTESIAN_POINT ( 'NONE',  ( 0.5000000000000000000, -3.938634081600968173, 1.025240456233659891 ) ) ;
#1438 = CARTESIAN_POINT ( 'NONE',  ( -4.100003547756451816, 0.3226546693370858088, 10.42422359151603395 ) ) ;
#1439 = CARTESIAN_POINT ( 'NONE',  ( -0.6743883618602996011, -4.257919592556767441, 6.899999989042878923 ) ) ;
#1440 = CARTESIAN_POINT ( 'NONE',  ( 0.5631639517484254842, -3.555678045528177122, 5.133974585258435752 ) ) ;
#1441 = CARTESIAN_POINT ( 'NONE',  ( 4.257919638985430133, 0.6743880687212409075, 9.499999989042878568 ) ) ;
#1442 = CARTESIAN_POINT ( 'NONE',  ( -2.545584324645416618, 2.545584499897719954, 7.166025392827316765 ) ) ;
#1443 = CARTESIAN_POINT ( 'NONE',  ( -1.861361174683003439, -3.653126685099040039, 3.899999989042876702 ) ) ;
#1444 = EDGE_CURVE ( 'NONE', #4183, #6272, #2288, .T. ) ;
#1445 = CARTESIAN_POINT ( 'NONE',  ( -1.957150696398379353, 3.841124844479640643, 5.199999989042876969 ) ) ;
#1446 = CARTESIAN_POINT ( 'NONE',  ( 3.653126813245570315, 1.861360923181276883, -2.400000010957121788 ) ) ;
#1447 = ADVANCED_FACE ( 'NONE', ( #4408 ), #1093, .F. ) ;
#1448 = CYLINDRICAL_SURFACE ( 'NONE', #5522, 3.600000000000000089 ) ;
#1449 = CARTESIAN_POINT ( 'NONE',  ( 1.957150696398380463, -3.841124844479640643, 7.099999989042877324 ) ) ;
#1450 = ORIENTED_EDGE ( 'NONE', *, *, #5132, .T. ) ;
#1451 = CARTESIAN_POINT ( 'NONE',  ( -0.5921458787066042895, -3.738661105659599748, -4.133974607172684834 ) ) ;
#1452 = CARTESIAN_POINT ( 'NONE',  ( 1.957150696398380463, -3.841124844479640643, 2.199999989042876525 ) ) ;
#1453 = CARTESIAN_POINT ( 'NONE',  ( 0.000000000000000000, 0.000000000000000000, 0.000000000000000000 ) ) ;
#1454 = CARTESIAN_POINT ( 'NONE',  ( 2.899137703068392025, -2.899137902661292454, 1.199999989042877413 ) ) ;
#1455 = CARTESIAN_POINT ( 'NONE',  ( 0.5921458787066045115, 3.738661105659599748, 2.033974585258436552 ) ) ;
#1456 = CARTESIAN_POINT ( 'NONE',  ( 1.634365909477758727, 3.207623430818667742, 1.933974585258435130 ) ) ;
#1457 = CARTESIAN_POINT ( 'NONE',  ( -3.738661146426232484, -0.5921456213162119564, -2.533974607172683413 ) ) ;
#1458 = FACE_OUTER_BOUND ( 'NONE', #6986, .T. ) ;
#1459 = VECTOR ( 'NONE', #3773, 1000.000000000000000 ) ;
#1460 = CARTESIAN_POINT ( 'NONE',  ( -3.275371974847618883, -2.477898082330798779, 1.352404292294949277E-16 ) ) ;
#1461 = CARTESIAN_POINT ( 'NONE',  ( -4.257919638985431909, -0.6743880687212413516, 7.599999989042876436 ) ) ;
#1462 = CARTESIAN_POINT ( 'NONE',  ( 3.653126813245570315, 1.861360923181276883, 5.599999989042878212 ) ) ;
#1463 = CARTESIAN_POINT ( 'NONE',  ( -3.841124709738404253, 1.957150960842944709, 7.399999989042877147 ) ) ;
#1464 = CARTESIAN_POINT ( 'NONE',  ( -2.545584324645416618, 2.545584499897719954, 3.166025392827316765 ) ) ;
#1465 = CARTESIAN_POINT ( 'NONE',  ( -1.861361174683003439, -3.653126685099040039, 7.899999989042876258 ) ) ;
#1466 = ORIENTED_EDGE ( 'NONE', *, *, #4674, .F. ) ;
#1467 = ORIENTED_EDGE ( 'NONE', *, *, #6902, .F. ) ;
#1468 = CIRCLE ( 'NONE', #2145, 1.599999999999999867 ) ;
#1469 = CARTESIAN_POINT ( 'NONE',  ( -3.653126813245569871, -1.861360923181277105, 6.599999989042878212 ) ) ;
#1470 = CARTESIAN_POINT ( 'NONE',  ( 0.6743883618602999341, 4.257919592556767441, -0.1000000109571217294 ) ) ;
#1471 = CARTESIAN_POINT ( 'NONE',  ( -3.555678006756805676, 0.5631641965412353956, 1.366025392827317386 ) ) ;
#1472 = CARTESIAN_POINT ( 'NONE',  ( 3.048333987505708276, 3.048333777641312192, 3.699999989042877413 ) ) ;
#1473 = CARTESIAN_POINT ( 'NONE',  ( 0.5000000000000000000, -3.895048774917468482, 1.037255678360724298 ) ) ;
#1474 = ADVANCED_FACE ( 'NONE', ( #1128 ), #4293, .F. ) ;
#1475 = CARTESIAN_POINT ( 'NONE',  ( 0.6413811672690402643, -4.049522218518203154, 0.9999999890428785676 ) ) ;
#1476 = CARTESIAN_POINT ( 'NONE',  ( 0.6413811672690400423, -4.049522218518203154, 8.999999989042878568 ) ) ;
#1477 = CARTESIAN_POINT ( 'NONE',  ( 1.634365909477758727, 3.207623430818667742, 3.933974585258435130 ) ) ;
#1478 = CARTESIAN_POINT ( 'NONE',  ( -2.899137703068391581, 2.899137902661292898, 9.299999989042877502 ) ) ;
#1479 = CARTESIAN_POINT ( 'NONE',  ( -1.861361174683003439, -3.653126685099040039, -0.1000000109571234919 ) ) ;
#1480 = CARTESIAN_POINT ( 'NONE',  ( -4.049522174361919191, 0.6413814460608515677, 3.499999989042876347 ) ) ;
#1481 = CARTESIAN_POINT ( 'NONE',  ( 3.738661146426232040, 0.5921456213162114013, 9.633974585258435752 ) ) ;
#1482 = CARTESIAN_POINT ( 'NONE',  ( 5.872186443051712779, -6.826830002227351812, 1.373524864443387505 ) ) ;
#1483 = CARTESIAN_POINT ( 'NONE',  ( -4.257919638985431909, -0.6743880687212415737, 6.499999989042879456 ) ) ;
#1484 = VERTEX_POINT ( 'NONE', #5643 ) ;
#1485 = CARTESIAN_POINT ( 'NONE',  ( 2.676585940248914053, 2.676585755977737069, -3.333974607172683235 ) ) ;
#1486 = EDGE_CURVE ( 'NONE', #2511, #4039, #725, .T. ) ;
#1487 = CARTESIAN_POINT ( 'NONE',  ( -4.257919638985431909, -0.6743880687212413516, 3.599999989042876880 ) ) ;
#1488 = CARTESIAN_POINT ( 'NONE',  ( -4.257919638985431909, -0.6743880687212413516, 1.599999989042876214 ) ) ;
#1489 = CARTESIAN_POINT ( 'NONE',  ( 8.398150046557299575, -3.235904176632217855, 3.805723437260497999 ) ) ;
#1490 = CARTESIAN_POINT ( 'NONE',  ( -4.049522174361919191, 0.6413814460608515677, 7.499999989042877679 ) ) ;
#1491 = CARTESIAN_POINT ( 'NONE',  ( 1.957150696398380463, -3.841124844479640643, 3.099999989042878212 ) ) ;
#1492 = CARTESIAN_POINT ( 'NONE',  ( -1.718473782203454592, 3.372694985396755829, 2.233974585258434509 ) ) ;
#1493 = CARTESIAN_POINT ( 'NONE',  ( 0.5631639517484254842, -3.555678045528177122, 3.133974585258436640 ) ) ;
#1494 = CARTESIAN_POINT ( 'NONE',  ( 1.718473782203455036, -3.372694985396756273, -3.933974607172682436 ) ) ;
#1495 = CARTESIAN_POINT ( 'NONE',  ( 2.676585940248914053, 2.676585755977737069, 5.833974585258435930 ) ) ;
#1496 = FILL_AREA_STYLE_COLOUR ( '', #6351 ) ;
#1497 = CARTESIAN_POINT ( 'NONE',  ( -3.841124709738404253, 1.957150960842944709, 5.399999989042875370 ) ) ;
#1498 = CARTESIAN_POINT ( 'NONE',  ( 3.555678006756805676, -0.5631641965412358397, 6.366025392827316942 ) ) ;
#1499 = CARTESIAN_POINT ( 'NONE',  ( -3.738661146426232484, -0.5921456213162119564, -4.533974607172685189 ) ) ;
#1500 = CARTESIAN_POINT ( 'NONE',  ( 0.5631639517484252622, -3.555678045528178011, 1.966025392827317253 ) ) ;
#1501 = VECTOR ( 'NONE', #1110, 1000.000000000000000 ) ;
#1502 = CARTESIAN_POINT ( 'NONE',  ( -4.257919638985431909, -0.6743880687212413516, 7.599999989042876436 ) ) ;
#1503 = ORIENTED_EDGE ( 'NONE', *, *, #936, .T. ) ;
#1504 = ORIENTED_EDGE ( 'NONE', *, *, #2195, .F. ) ;
#1505 = LINE ( 'NONE', #5285, #6488 ) ;
#1506 = CARTESIAN_POINT ( 'NONE',  ( -3.048333987505707832, -3.048333777641312636, 0.6999999890428785232 ) ) ;
#1507 = CARTESIAN_POINT ( 'NONE',  ( -2.676585940248913165, -2.676585755977737513, 3.666025392827316765 ) ) ;
#1508 = CARTESIAN_POINT ( 'NONE',  ( -3.048333987505707832, -3.048333777641312636, 0.6999999890428785232 ) ) ;
#1509 = DIRECTION ( 'NONE',  ( 1.000000000000000000, 0.000000000000000000, 0.000000000000000000 ) ) ;
#1510 = CARTESIAN_POINT ( 'NONE',  ( 4.257919638985430133, 0.6743880687212409075, -0.5000000109571227647 ) ) ;
#1511 = CARTESIAN_POINT ( 'NONE',  ( -2.899137703068391581, 2.899137902661292898, 6.199999989042877857 ) ) ;
#1512 = CARTESIAN_POINT ( 'NONE',  ( 0.5631639517484254842, -3.555678045528177122, 7.133974585258435752 ) ) ;
#1513 = CARTESIAN_POINT ( 'NONE',  ( 4.049522174361919191, -0.6413814460608517898, 8.499999989042876791 ) ) ;
#1514 = CARTESIAN_POINT ( 'NONE',  ( 1.861361174683003883, 3.653126685099039594, -1.100000010957124408 ) ) ;
#1515 = CARTESIAN_POINT ( 'NONE',  ( -3.841124709738404253, 1.957150960842944709, 3.399999989042875814 ) ) ;
#1516 = CARTESIAN_POINT ( 'NONE',  ( 1.718473782203455258, -3.372694985396755829, 5.233974585258434509 ) ) ;
#1517 = CARTESIAN_POINT ( 'NONE',  ( 0.6743883618602999341, 4.257919592556767441, 8.999999989042876791 ) ) ;
#1518 = CARTESIAN_POINT ( 'NONE',  ( 0.6413811672690402643, -4.049522218518203154, 8.999999989042878568 ) ) ;
#1519 = ORIENTED_EDGE ( 'NONE', *, *, #5438, .T. ) ;
#1520 = CARTESIAN_POINT ( 'NONE',  ( 3.841124709738403809, -1.957150960842944709, 0.3999999890428768690 ) ) ;
#1521 = CARTESIAN_POINT ( 'NONE',  ( 1.957150696398380463, -3.841124844479640643, 2.199999989042876525 ) ) ;
#1522 = CARTESIAN_POINT ( 'NONE',  ( 1.861361174683003883, 3.653126685099039594, 4.899999989042876258 ) ) ;
#1523 = DIRECTION ( 'NONE',  ( 0.000000000000000000, 0.000000000000000000, 1.000000000000000000 ) ) ;
#1524 = DIRECTION ( 'NONE',  ( -1.000000000000000000, 0.000000000000000000, 0.000000000000000000 ) ) ;
#1525 = CARTESIAN_POINT ( 'NONE',  ( -0.6413811672690400423, 4.049522218518203154, 9.999999989042878568 ) ) ;
#1526 = CARTESIAN_POINT ( 'NONE',  ( 1.718473782203455258, -3.372694985396755829, -0.7660254147415639370 ) ) ;
#1527 = CARTESIAN_POINT ( 'NONE',  ( 3.555678006756805676, -0.5631641965412353956, 5.533974585258436107 ) ) ;
#1528 = CARTESIAN_POINT ( 'NONE',  ( -3.372694867087378423, 1.718474014398682526, -4.733974607172682703 ) ) ;
#1529 = CARTESIAN_POINT ( 'NONE',  ( -3.372694867087379311, 1.718474014398681859, 6.433974585258436463 ) ) ;
#1530 = CARTESIAN_POINT ( 'NONE',  ( -4.257919638985431909, -0.6743880687212413516, 3.599999989042876880 ) ) ;
#1531 = CARTESIAN_POINT ( 'NONE',  ( 4.049522174361919191, -0.6413814460608513457, 7.399999989042878035 ) ) ;
#1532 = CARTESIAN_POINT ( 'NONE',  ( -1.957150696398379353, 3.841124844479640643, 9.199999989042876081 ) ) ;
#1533 = CARTESIAN_POINT ( 'NONE',  ( -1.634365909477758949, -3.207623430818668631, 1.766025392827316853 ) ) ;
#1534 = CARTESIAN_POINT ( 'NONE',  ( -2.899137703068391581, 2.899137902661292898, 9.299999989042877502 ) ) ;
#1535 = EDGE_LOOP ( 'NONE', ( #5681, #2630, #7017, #2911, #6881 ) ) ;
#1536 = ORIENTED_EDGE ( 'NONE', *, *, #5755, .T. ) ;
#1537 = CARTESIAN_POINT ( 'NONE',  ( 4.257919638985431909, 0.6743880687212407965, -2.500000010957122765 ) ) ;
#1538 = CARTESIAN_POINT ( 'NONE',  ( -3.555678006756805676, 0.5631641965412353956, -0.6339746071726826138 ) ) ;
#1539 = CARTESIAN_POINT ( 'NONE',  ( 1.957150696398380241, -3.841124844479640199, 3.099999989042877768 ) ) ;
#1540 = AXIS2_PLACEMENT_3D ( 'NONE', #1623, #1056, #2733 ) ;
#1541 = CARTESIAN_POINT ( 'NONE',  ( -4.049522174361919191, 0.6413814460608511236, -1.600000010957123076 ) ) ;
#1542 = CARTESIAN_POINT ( 'NONE',  ( -3.841124709738404253, 1.957150960842944709, 0.2999999890428775018 ) ) ;
#1543 = CARTESIAN_POINT ( 'NONE',  ( 2.545584324645417063, -2.545584499897719066, 1.333974585258435486 ) ) ;
#1544 = EDGE_CURVE ( 'NONE', #3567, #1484, #1718, .T. ) ;
#1545 = CARTESIAN_POINT ( 'NONE',  ( -3.048333987505707832, -3.048333777641312636, -2.200000010957122942 ) ) ;
#1546 = CARTESIAN_POINT ( 'NONE',  ( -3.653126813245570315, -1.861360923181276883, 5.699999989042876969 ) ) ;
#1547 = VECTOR ( 'NONE', #2804, 1000.000000000000000 ) ;
#1548 = CARTESIAN_POINT ( 'NONE',  ( 9.000000000000001776, -5.986100377805715134, 2.399999999999998579 ) ) ;
#1549 = CARTESIAN_POINT ( 'NONE',  ( -1.634365909477758505, -3.207623430818668187, 6.933974585258436463 ) ) ;
#1550 = CARTESIAN_POINT ( 'NONE',  ( 0.000000000000000000, 0.000000000000000000, 10.00000000000000000 ) ) ;
#1551 = CARTESIAN_POINT ( 'NONE',  ( -1.957150696398379353, 3.841124844479640199, 6.099999989042877324 ) ) ;
#1552 = ORIENTED_EDGE ( 'NONE', *, *, #881, .F. ) ;
#1553 = CARTESIAN_POINT ( 'NONE',  ( 0.6413811672690400423, -4.049522218518203154, 4.099999989042876436 ) ) ;
#1554 = CARTESIAN_POINT ( 'NONE',  ( 0.6743883618602999341, 4.257919592556767441, 6.999999989042875903 ) ) ;
#1555 = CARTESIAN_POINT ( 'NONE',  ( -2.899137703068391581, 2.899137902661292898, 10.19999998904287786 ) ) ;
#1556 = DIRECTION ( 'NONE',  ( -0.000000000000000000, -0.000000000000000000, -1.000000000000000000 ) ) ;
#1557 = CARTESIAN_POINT ( 'NONE',  ( 2.899137703068392025, -2.899137902661292454, 6.299999989042876614 ) ) ;
#1558 = CARTESIAN_POINT ( 'NONE',  ( -1.861361174683003439, -3.653126685099040039, -1.200000010957122054 ) ) ;
#1559 = CARTESIAN_POINT ( 'NONE',  ( -1.718473782203454592, 3.372694985396755829, 4.233974585258436285 ) ) ;
#1560 = ADVANCED_FACE ( 'NONE', ( #1225 ), #4928, .F. ) ;
#1561 = CARTESIAN_POINT ( 'NONE',  ( 3.555678006756805676, -0.5631641965412353956, -2.466025414741564337 ) ) ;
#1562 = CARTESIAN_POINT ( 'NONE',  ( 2.545584324645417063, -2.545584499897719510, 8.166025392827316765 ) ) ;
#1563 = CARTESIAN_POINT ( 'NONE',  ( 0.6413811672690400423, -4.049522218518203154, -1.900000010957123120 ) ) ;
#1564 =( BOUNDED_CURVE ( )  B_SPLINE_CURVE ( 2, ( #4540, #1328, #4464, #2327, #2446, #2981, #3442, #5598, #1750 ),
 .UNSPECIFIED., .F., .F. ) 
 B_SPLINE_CURVE_WITH_KNOTS ( ( 3, 2, 2, 2, 3 ),
 ( 0.4767801530452608905, 0.4771824944446884653, 0.4912172736930378036, 0.5052520529413870864, 0.5087824817775351560 ),
 .UNSPECIFIED. ) 
 CURVE ( )  GEOMETRIC_REPRESENTATION_ITEM ( )  RATIONAL_B_SPLINE_CURVE ( ( 0.9972742755460253239, 0.9985969148941915563, 1.000000000000000000, 0.9510565162951535312, 1.000000000000000000, 0.9510565162951535312, 1.000000000000000000, 0.9876883360147290514, 0.9815706352953466052 ) ) 
 REPRESENTATION_ITEM ( '' )  );
#1565 = CARTESIAN_POINT ( 'NONE',  ( -4.257919638985431909, -0.6743880687212415737, 8.499999989042878568 ) ) ;
#1566 = CARTESIAN_POINT ( 'NONE',  ( -4.257919638985431909, -0.6743880687212413516, 5.599999989042876436 ) ) ;
#1567 = CARTESIAN_POINT ( 'NONE',  ( -2.899137703068391581, 2.899137902661292898, -0.7000000109571233864 ) ) ;
#1568 = CARTESIAN_POINT ( 'NONE',  ( -2.899137703068391581, 2.899137902661292898, 5.299999989042876614 ) ) ;
#1569 = VERTEX_POINT ( 'NONE', #763 ) ;
#1570 = ORIENTED_EDGE ( 'NONE', *, *, #817, .T. ) ;
#1571 = CARTESIAN_POINT ( 'NONE',  ( 3.738661146426232484, 0.5921456213162111792, 4.466025392827317475 ) ) ;
#1572 = DIRECTION ( 'NONE',  ( 0.000000000000000000, 0.000000000000000000, 1.000000000000000000 ) ) ;
#1573 = CARTESIAN_POINT ( 'NONE',  ( -2.676585940248913165, -2.676585755977737513, -2.333974607172683235 ) ) ;
#1574 = CARTESIAN_POINT ( 'NONE',  ( -3.048333987505707388, -3.048333777641312636, 4.699999989042877857 ) ) ;
#1575 = CARTESIAN_POINT ( 'NONE',  ( -1.957150696398379353, 3.841124844479640199, 2.099999989042876436 ) ) ;
#1576 = CARTESIAN_POINT ( 'NONE',  ( 4.257919638985431909, 0.6743880687212407965, -0.5000000109571227647 ) ) ;
#1577 = CARTESIAN_POINT ( 'NONE',  ( 1.634365909477758727, 3.207623430818667742, 1.933974585258435130 ) ) ;
#1578 = CARTESIAN_POINT ( 'NONE',  ( 1.861361174683003883, 3.653126685099039594, 9.799999989042879278 ) ) ;
#1579 = CARTESIAN_POINT ( 'NONE',  ( 3.653126813245570315, 1.861360923181276661, 0.6999999890428768579 ) ) ;
#1580 = EDGE_CURVE ( 'NONE', #4129, #6272, #3409, .T. ) ;
#1581 = FILL_AREA_STYLE ('',( #6453 ) ) ;
#1582 = CARTESIAN_POINT ( 'NONE',  ( -0.5921458787066038454, -3.738661105659599304, 5.033974585258436107 ) ) ;
#1583 = CARTESIAN_POINT ( 'NONE',  ( -0.6413811672690397092, 4.049522218518203154, 1.099999989042876214 ) ) ;
#1584 = CARTESIAN_POINT ( 'NONE',  ( 1.957150696398380463, -3.841124844479640643, 9.099999989042876436 ) ) ;
#1585 = CARTESIAN_POINT ( 'NONE',  ( -3.048333987505707832, -3.048333777641312636, -0.2000000109571228590 ) ) ;
#1586 = CARTESIAN_POINT ( 'NONE',  ( -4.049522174361919191, 0.6413814460608515677, 3.499999989042876347 ) ) ;
#1587 = CARTESIAN_POINT ( 'NONE',  ( 3.653126813245570315, 1.861360923181276661, -3.300000010957123031 ) ) ;
#1588 = CARTESIAN_POINT ( 'NONE',  ( -9.000000000000001776, 0.000000000000000000, 10.00000000000000000 ) ) ;
#1589 = DIRECTION ( 'NONE',  ( -0.000000000000000000, -0.000000000000000000, -1.000000000000000000 ) ) ;
#1590 = CARTESIAN_POINT ( 'NONE',  ( 0.6413811672690400423, -4.049522218518203154, -3.000000010957121432 ) ) ;
#1591 = CARTESIAN_POINT ( 'NONE',  ( 4.954843490742967482, -7.535190821755450408, 6.304413589008611929 ) ) ;
#1592 = CARTESIAN_POINT ( 'NONE',  ( 2.676585940248914053, 2.676585755977737069, 8.666025392827316765 ) ) ;
#1593 = CARTESIAN_POINT ( 'NONE',  ( 1.634365909477759171, 3.207623430818668187, 6.766025392827316409 ) ) ;
#1594 = CARTESIAN_POINT ( 'NONE',  ( -4.257919638985431909, -0.6743880687212413516, -2.400000010957123120 ) ) ;
#1595 = CARTESIAN_POINT ( 'NONE',  ( -1.861361174683002995, -3.653126685099040039, 0.7999999890428779459 ) ) ;
#1596 = CARTESIAN_POINT ( 'NONE',  ( -1.861361174683003439, -3.653126685099040039, -2.100000010957123742 ) ) ;
#1597 = CARTESIAN_POINT ( 'NONE',  ( 4.257919638985431909, 0.6743880687212407965, -3.400000010957124008 ) ) ;
#1598 = CARTESIAN_POINT ( 'NONE',  ( -4.049522174361919191, 0.6413814460608515677, 1.499999989042877235 ) ) ;
#1599 = CARTESIAN_POINT ( 'NONE',  ( -3.207623543337572602, -1.634365688646974846, 5.566025392827317120 ) ) ;
#1600 =( BOUNDED_CURVE ( )  B_SPLINE_CURVE ( 2, ( #1296, #3486, #46, #2224, #6027, #6753, #2414 ),
 .UNSPECIFIED., .F., .F. ) 
 B_SPLINE_CURVE_WITH_KNOTS ( ( 3, 2, 2, 3 ),
 ( 0.7193041700478404188, 0.7298085209153288844, 0.7438433001637004827, 0.7512537020341811811 ),
 .UNSPECIFIED. ) 
 CURVE ( )  GEOMETRIC_REPRESENTATION_ITEM ( )  RATIONAL_B_SPLINE_CURVE ( ( 0.9815706368731764719, 0.9633681786927602575, 1.000000000000000000, 0.9510565162951535312, 1.000000000000000000, 0.9741577065961823934, 0.9756050165396177309 ) ) 
 REPRESENTATION_ITEM ( '' )  );
#1601 = CARTESIAN_POINT ( 'NONE',  ( 2.545584324645417063, -2.545584499897719066, 1.333974585258435486 ) ) ;
#1602 = CARTESIAN_POINT ( 'NONE',  ( 4.000000000000000888, -5.986100377805715134, 6.749999999999998224 ) ) ;
#1603 = AXIS2_PLACEMENT_3D ( 'NONE', #2443, #5177, #4648 ) ;
#1604 = CARTESIAN_POINT ( 'NONE',  ( 0.5921458787066047336, 3.738661105659600192, 0.8660253928273169421 ) ) ;
#1605 = CARTESIAN_POINT ( 'NONE',  ( 1.634365909477759171, 3.207623430818668187, 8.766025392827316409 ) ) ;
#1606 = CARTESIAN_POINT ( 'NONE',  ( -3.841124709738404253, 1.957150960842943821, 0.2999999890428775018 ) ) ;
#1607 = CARTESIAN_POINT ( 'NONE',  ( 4.049522174361919191, -0.6413814460608517898, -2.600000010957122409 ) ) ;
#1608 = CARTESIAN_POINT ( 'NONE',  ( -3.207623543337572602, -1.634365688646975068, -3.266025414741564603 ) ) ;
#1609 = B_SPLINE_CURVE_WITH_KNOTS ( 'NONE', 3,
 ( #6102, #5648, #2379, #6794, #6718, #3565, #768, #4625, #2880, #5611, #1919, #1231, #4551, #1841, #164, #5042, #6140, #4512, #1267, #2341, #3528, #732, #2916, #5720, #2991, #5191, #2956, #4096, #6255, #4058, #2420, #838, #6637, #1762 ),
 .UNSPECIFIED., .F., .F.,
 ( 4, 2, 2, 2, 2, 2, 2, 2, 2, 2, 2, 2, 2, 2, 2, 2, 4 ),
 ( 0.000000000000000000, 0.0007208320092181760537, 0.001441664018436352107, 0.002162496027654528270, 0.002883328036872704215, 0.003604160046090879727, 0.004324992055309055672, 0.005045824064527230750, 0.005766656073745405828, 0.006487488082963581773, 0.007208320092181755984, 0.007929152101399933664, 0.008649984110618107874, 0.009370816119836283820, 0.01009164812905445976, 0.01081248013827263744, 0.01153331214749081166 ),
 .UNSPECIFIED. ) ;
#1610 = CARTESIAN_POINT ( 'NONE',  ( 1.861361174683003883, 3.653126685099039594, -3.100000010957124630 ) ) ;
#1611 = CARTESIAN_POINT ( 'NONE',  ( 4.257919638985431909, 0.6743880687212407965, 0.5999999890428755478 ) ) ;
#1612 = CARTESIAN_POINT ( 'NONE',  ( 2.899137703068392025, -2.899137902661292454, -3.700000010957124275 ) ) ;
#1613 = DIRECTION ( 'NONE',  ( -2.407693239918955638E-17, -1.000000000000000000, 0.000000000000000000 ) ) ;
#1614 = CARTESIAN_POINT ( 'NONE',  ( 3.555678006756805676, -0.5631641965412353956, 5.533974585258436107 ) ) ;
#1615 = CARTESIAN_POINT ( 'NONE',  ( -1.957150696398379353, 3.841124844479640643, 3.199999989042876525 ) ) ;
#1616 = CARTESIAN_POINT ( 'NONE',  ( -1.861361174683002995, -3.653126685099040039, 4.799999989042878390 ) ) ;
#1617 = EDGE_CURVE ( 'NONE', #6272, #6134, #1600, .T. ) ;
#1618 = CARTESIAN_POINT ( 'NONE',  ( 0.6743883618602999341, 4.257919592556767441, 2.999999989042876347 ) ) ;
#1619 = CARTESIAN_POINT ( 'NONE',  ( 1.861361174683003883, 3.653126685099039594, 2.899999989042875814 ) ) ;
#1620 = CARTESIAN_POINT ( 'NONE',  ( -1.115854082556780202, 3.952544306248692685, 4.920646298105315329E-15 ) ) ;
#1621 = CARTESIAN_POINT ( 'NONE',  ( -1.957150696398379353, 3.841124844479640643, -2.800000010957124363 ) ) ;
#1622 = CARTESIAN_POINT ( 'NONE',  ( 0.5000000701683767756, -3.565108684149226992, 5.128430125578461229 ) ) ;
#1623 = CARTESIAN_POINT ( 'NONE',  ( 0.000000000000000000, 0.000000000000000000, 8.500000000000000000 ) ) ;
#1624 = CARTESIAN_POINT ( 'NONE',  ( -2.899137703068391581, 2.899137902661292898, -1.800000010957121921 ) ) ;
#1625 = CARTESIAN_POINT ( 'NONE',  ( 5.642778421909009801, -7.017224904885437375, 6.556591091246424696 ) ) ;
#1626 = CARTESIAN_POINT ( 'NONE',  ( -0.6743883618602991570, -4.257919592556766553, 6.899999989042878923 ) ) ;
#1627 = CARTESIAN_POINT ( 'NONE',  ( -0.5921458787066038454, -3.738661105659599304, -2.966025414741564337 ) ) ;
#1628 = CARTESIAN_POINT ( 'NONE',  ( 3.207623543337573047, 1.634365688646974624, 4.566025392827317120 ) ) ;
#1629 = CARTESIAN_POINT ( 'NONE',  ( 3.841124709738403809, -1.957150960842944709, 0.3999999890428768690 ) ) ;
#1630 = CARTESIAN_POINT ( 'NONE',  ( 3.841124709738403809, -1.957150960842944709, 1.299999989042878612 ) ) ;
#1631 = CARTESIAN_POINT ( 'NONE',  ( -3.653126813245570315, -1.861360923181276883, 4.599999989042878212 ) ) ;
#1632 = CARTESIAN_POINT ( 'NONE',  ( 4.257919638985431909, 0.6743880687212407965, 0.5999999890428755478 ) ) ;
#1633 = CARTESIAN_POINT ( 'NONE',  ( 4.257919638985431909, 0.6743880687212407965, 2.599999989042875548 ) ) ;
#1634 = CARTESIAN_POINT ( 'NONE',  ( 0.6743883618602999341, 4.257919592556767441, 4.999999989042876791 ) ) ;
#1635 = CARTESIAN_POINT ( 'NONE',  ( 2.899137703068392025, -2.899137902661292010, -0.8000000109571226981 ) ) ;
#1636 = CARTESIAN_POINT ( 'NONE',  ( -1.718473782203454592, 3.372694985396756273, 7.066025392827317120 ) ) ;
#1637 = PLANE ( 'NONE',  #219 ) ;
#1638 = CARTESIAN_POINT ( 'NONE',  ( -1.634365909477758505, -3.207623430818668187, 2.933974585258436019 ) ) ;
#1639 = CARTESIAN_POINT ( 'NONE',  ( -3.599999999999997868, 2.264344887049818713E-15, 7.415402147540224753 ) ) ;
#1640 = CARTESIAN_POINT ( 'NONE',  ( -2.545584324645416618, 2.545584499897719954, 9.166025392827316765 ) ) ;
#1641 = CARTESIAN_POINT ( 'NONE',  ( -3.207623543337572602, -1.634365688646975068, 8.733974585258435397 ) ) ;
#1642 = CARTESIAN_POINT ( 'NONE',  ( -4.049522174361919191, 0.6413814460608515677, -1.600000010957123076 ) ) ;
#1643 = CARTESIAN_POINT ( 'NONE',  ( 2.545584324645417063, -2.545584499897719066, -2.666025414741564514 ) ) ;
#1644 = CARTESIAN_POINT ( 'NONE',  ( -1.957150696398379353, 3.841124844479640643, 8.099999989042878212 ) ) ;
#1645 = CARTESIAN_POINT ( 'NONE',  ( 3.048333987505708276, 3.048333777641312192, 0.7999999890428763916 ) ) ;
#1646 = CARTESIAN_POINT ( 'NONE',  ( -0.6413811672690397092, 4.049522218518203154, -0.9000000109571238971 ) ) ;
#1647 = CARTESIAN_POINT ( 'NONE',  ( 0.5631639517484254842, -3.555678045528177122, 5.133974585258435752 ) ) ;
#1648 = CARTESIAN_POINT ( 'NONE',  ( 3.048333987505708276, 3.048333777641312192, 6.799999989042875725 ) ) ;
#1649 = CARTESIAN_POINT ( 'NONE',  ( 3.841124709738403809, -1.957150960842944709, -0.7000000109571216100 ) ) ;
#1650 = CARTESIAN_POINT ( 'NONE',  ( -4.049522174361919191, 0.6413814460608515677, 1.499999989042877235 ) ) ;
#1651 = CARTESIAN_POINT ( 'NONE',  ( -3.841124709738404253, 1.957150960842944709, 1.399999989042875814 ) ) ;
#1652 = EDGE_CURVE ( 'NONE', #4078, #101, #4462, .T. ) ;
#1653 = ORIENTED_EDGE ( 'NONE', *, *, #2139, .T. ) ;
#1654 = CARTESIAN_POINT ( 'NONE',  ( -4.000000000000000888, -5.986100377805715134, 0.7668384925380955508 ) ) ;
#1655 = CARTESIAN_POINT ( 'NONE',  ( -3.372694867087378423, 1.718474014398682526, 9.266025392827316409 ) ) ;
#1656 = AXIS2_PLACEMENT_3D ( 'NONE', #244, #3454, #1377 ) ;
#1657 = DIRECTION ( 'NONE',  ( 1.000000000000000000, 0.000000000000000000, 0.000000000000000000 ) ) ;
#1658 = CARTESIAN_POINT ( 'NONE',  ( -4.099999999752186319, -4.507849041229200444E-05, 10.44938025793131686 ) ) ;
#1659 = CARTESIAN_POINT ( 'NONE',  ( 3.207623543337573047, 1.634365688646974624, -2.266025414741563715 ) ) ;
#1660 = CARTESIAN_POINT ( 'NONE',  ( 1.957150696398380463, -3.841124844479640643, 3.099999989042878212 ) ) ;
#1661 = CARTESIAN_POINT ( 'NONE',  ( 4.000000000000000888, -5.986100377805715134, 3.999999999999998224 ) ) ;
#1662 = CARTESIAN_POINT ( 'NONE',  ( 3.738661146426232484, 0.5921456213162111792, 4.466025392827317475 ) ) ;
#1663 = CARTESIAN_POINT ( 'NONE',  ( -3.048333987505707832, -3.048333777641312636, -2.200000010957122942 ) ) ;
#1664 = CARTESIAN_POINT ( 'NONE',  ( -2.899137703068391581, 2.899137902661292454, 2.199999989042878301 ) ) ;
#1665 = CARTESIAN_POINT ( 'NONE',  ( -1.861361174683003439, -3.653126685099040039, 2.799999989042877946 ) ) ;
#1666 = B_SPLINE_CURVE_WITH_KNOTS ( 'NONE', 3,
 ( #6678, #5721, #839, #3027, #4021, #2493, #4663, #3455, #1954, #733 ),
 .UNSPECIFIED., .F., .F.,
 ( 4, 3, 3, 4 ),
 ( 0.000000000000000000, 0.0001356333429383608895, 0.0002712666813019933790, 0.0005204467713536394197 ),
 .UNSPECIFIED. ) ;
#1667 = CARTESIAN_POINT ( 'NONE',  ( 0.6413811672690400423, -4.049522218518203154, 2.099999989042876880 ) ) ;
#1668 = CARTESIAN_POINT ( 'NONE',  ( 3.653126813245570315, 1.861360923181276661, -1.300000010957123253 ) ) ;
#1669 = CARTESIAN_POINT ( 'NONE',  ( 1.861361174683003883, 3.653126685099039594, 0.8999999890428757032 ) ) ;
#1670 = CARTESIAN_POINT ( 'NONE',  ( 1.861361174683003439, 3.653126685099039594, -2.200000010957122942 ) ) ;
#1671 = CARTESIAN_POINT ( 'NONE',  ( 0.5921458787066047336, 3.738661105659600192, 6.866025392827316054 ) ) ;
#1672 = CARTESIAN_POINT ( 'NONE',  ( 3.841124709738403809, -1.957150960842944709, -2.700000010957121610 ) ) ;
#1673 = CARTESIAN_POINT ( 'NONE',  ( -2.545584324645416618, 2.545584499897719510, 4.333974585258435930 ) ) ;
#1674 = DIRECTION ( 'NONE',  ( -0.000000000000000000, -0.000000000000000000, -1.000000000000000000 ) ) ;
#1675 = CARTESIAN_POINT ( 'NONE',  ( -3.372694867087378423, 1.718474014398682526, 9.266025392827316409 ) ) ;
#1676 = CARTESIAN_POINT ( 'NONE',  ( 3.555678006756805676, -0.5631641965412353956, 9.533974585258436107 ) ) ;
#1677 = CARTESIAN_POINT ( 'NONE',  ( -0.6743883618602996011, -4.257919592556767441, 2.899999989042877591 ) ) ;
#1678 = CARTESIAN_POINT ( 'NONE',  ( -1.634365909477758505, -3.207623430818668187, -1.066025414741563981 ) ) ;
#1679 = CARTESIAN_POINT ( 'NONE',  ( 0.6413811672690400423, -4.049522218518203154, 4.999999989042877679 ) ) ;
#1680 = CARTESIAN_POINT ( 'NONE',  ( 4.257919638985431909, 0.6743880687212407965, -1.400000010957124230 ) ) ;
#1681 = CARTESIAN_POINT ( 'NONE',  ( -3.048333987505707832, -3.048333777641312636, -2.200000010957122942 ) ) ;
#1682 = CARTESIAN_POINT ( 'NONE',  ( -2.545584324645416618, 2.545584499897719510, 2.333974585258436374 ) ) ;
#1683 = CARTESIAN_POINT ( 'NONE',  ( -3.048333987505707832, -3.048333777641312636, 5.799999989042874837 ) ) ;
#1684 = CARTESIAN_POINT ( 'NONE',  ( 4.049522174361919191, -0.6413814460608513457, 3.399999989042878035 ) ) ;
#1685 = CARTESIAN_POINT ( 'NONE',  ( -3.048333987505707832, -3.048333777641312636, -0.2000000109571228590 ) ) ;
#1686 = ORIENTED_EDGE ( 'NONE', *, *, #4444, .F. ) ;
#1687 = CIRCLE ( 'NONE', #5899, 2.750000000000000000 ) ;
#1688 = SURFACE_STYLE_USAGE ( .BOTH. , #4368 ) ;
#1689 = CARTESIAN_POINT ( 'NONE',  ( -0.4999999999999968914, -3.565108693995176381, 7.871765981903404708 ) ) ;
#1690 = DIRECTION ( 'NONE',  ( 1.000000000000000000, 0.000000000000000000, 0.000000000000000000 ) ) ;
#1691 = CARTESIAN_POINT ( 'NONE',  ( -0.6743883618602991570, -4.257919592556766553, 2.899999989042877591 ) ) ;
#1692 = CARTESIAN_POINT ( 'NONE',  ( 4.000000000000000888, -5.986100377805715134, 3.999999999999998224 ) ) ;
#1693 = CARTESIAN_POINT ( 'NONE',  ( -4.049522174361919191, 0.6413814460608511236, 4.399999989042878035 ) ) ;
#1694 = CARTESIAN_POINT ( 'NONE',  ( 3.207623543337573047, 1.634365688646974624, -2.266025414741563715 ) ) ;
#1695 = ADVANCED_FACE ( 'NONE', ( #2951 ), #2391, .F. ) ;
#1696 = CARTESIAN_POINT ( 'NONE',  ( 1.718473782203455036, -3.372694985396756273, 6.066025392827316232 ) ) ;
#1697 = CARTESIAN_POINT ( 'NONE',  ( 2.899137703068392025, -2.899137902661292454, -1.700000010957124275 ) ) ;
#1698 = CARTESIAN_POINT ( 'NONE',  ( 4.257919638985430133, 0.6743880687212409075, 1.499999989042876791 ) ) ;
#1699 = CARTESIAN_POINT ( 'NONE',  ( 0.6743883618602999341, 4.257919592556767441, -2.100000010957121965 ) ) ;
#1700 = CARTESIAN_POINT ( 'NONE',  ( 4.257919638985431909, 0.6743880687212407965, 2.599999989042875548 ) ) ;
#1701 = CARTESIAN_POINT ( 'NONE',  ( 3.841124709738403809, -1.957150960842944709, 0.3999999890428768690 ) ) ;
#1702 = CARTESIAN_POINT ( 'NONE',  ( -2.899137703068391581, 2.899137902661292898, 3.299999989042876614 ) ) ;
#1703 = CARTESIAN_POINT ( 'NONE',  ( -3.048333987505707388, -3.048333777641312636, 2.699999989042877857 ) ) ;
#1704 = CARTESIAN_POINT ( 'NONE',  ( 3.372694867087378423, -1.718474014398682970, 0.2660253928273171309 ) ) ;
#1705 = CARTESIAN_POINT ( 'NONE',  ( 3.653126813245570315, 1.861360923181276661, -2.400000010957121788 ) ) ;
#1706 = CARTESIAN_POINT ( 'NONE',  ( -3.738661146426231596, -0.5921456213162122895, 4.633974585258436640 ) ) ;
#1707 = DIRECTION ( 'NONE',  ( -0.000000000000000000, -0.000000000000000000, -1.000000000000000000 ) ) ;
#1708 = CARTESIAN_POINT ( 'NONE',  ( 3.738661146426232040, 0.5921456213162114013, 7.633974585258436640 ) ) ;
#1709 = CARTESIAN_POINT ( 'NONE',  ( -1.861361174683003439, -3.653126685099040039, -3.200000010957122054 ) ) ;
#1710 = CARTESIAN_POINT ( 'NONE',  ( 0.5631639517484254842, -3.555678045528177122, -2.866025414741563360 ) ) ;
#1711 = CARTESIAN_POINT ( 'NONE',  ( 1.957150696398380463, -3.841124844479640643, 7.099999989042877324 ) ) ;
#1712 = CARTESIAN_POINT ( 'NONE',  ( -0.6743883618602996011, -4.257919592556767441, -4.000000010957124097 ) ) ;
#1713 = CARTESIAN_POINT ( 'NONE',  ( -1.861361174683003439, -3.653126685099040039, -0.1000000109571234919 ) ) ;
#1714 = CARTESIAN_POINT ( 'NONE',  ( 3.207623543337573047, 1.634365688646974624, -0.2660254147415636039 ) ) ;
#1715 = CARTESIAN_POINT ( 'NONE',  ( 3.653126813245570315, 1.861360923181276661, 4.699999989042876969 ) ) ;
#1716 = CARTESIAN_POINT ( 'NONE',  ( 0.6413811672690402643, -4.049522218518203154, 2.999999989042878568 ) ) ;
#1717 = CARTESIAN_POINT ( 'NONE',  ( 1.861361174683003883, 3.653126685099039594, 2.899999989042875814 ) ) ;
#1718 = LINE ( 'NONE', #3869, #662 ) ;
#1719 = EDGE_LOOP ( 'NONE', ( #1204, #1302 ) ) ;
#1720 = CARTESIAN_POINT ( 'NONE',  ( 3.048333987505708276, 3.048333777641312192, 8.799999989042873949 ) ) ;
#1721 = DIRECTION ( 'NONE',  ( -0.000000000000000000, -0.000000000000000000, -1.000000000000000000 ) ) ;
#1722 = PRODUCT_DEFINITION ( 'UNKNOWN', '', #418, #3794 ) ;
#1723 = CARTESIAN_POINT ( 'NONE',  ( -6.720610260001267378, -5.986100377805715134, 0.7668384925380955508 ) ) ;
#1724 = CARTESIAN_POINT ( 'NONE',  ( 0.6413811672690402643, -4.049522218518203154, 2.999999989042878568 ) ) ;
#1725 = CARTESIAN_POINT ( 'NONE',  ( 2.676585940248913165, 2.676585755977737069, -2.166025414741564514 ) ) ;
#1726 = CARTESIAN_POINT ( 'NONE',  ( -3.841124709738404253, 1.957150960842943821, 6.299999989042879278 ) ) ;
#1727 = CARTESIAN_POINT ( 'NONE',  ( 0.5631639517484252622, -3.555678045528178011, 7.966025392827317475 ) ) ;
#1728 = CARTESIAN_POINT ( 'NONE',  ( -0.5631639517484248181, 3.555678045528178011, 2.966025392827316587 ) ) ;
#1729 = CARTESIAN_POINT ( 'NONE',  ( -3.841124709738404253, 1.957150960842944709, 5.399999989042875370 ) ) ;
#1730 = CARTESIAN_POINT ( 'NONE',  ( -2.899137703068391581, 2.899137902661292454, 0.1999999890428781624 ) ) ;
#1731 = CARTESIAN_POINT ( 'NONE',  ( 1.861361174683003883, 3.653126685099039594, -2.200000010957122942 ) ) ;
#1732 = CARTESIAN_POINT ( 'NONE',  ( -1.957150696398379353, 3.841124844479640643, 3.199999989042876525 ) ) ;
#1733 = CARTESIAN_POINT ( 'NONE',  ( -3.653126813245570315, -1.861360923181276883, -4.300000010957123919 ) ) ;
#1734 = CARTESIAN_POINT ( 'NONE',  ( 4.257919638985431909, 0.6743880687212407965, -3.400000010957124008 ) ) ;
#1735 = CARTESIAN_POINT ( 'NONE',  ( -4.049522174361919191, 0.6413814460608511236, 2.399999989042878923 ) ) ;
#1736 = ORIENTED_EDGE ( 'NONE', *, *, #6300, .T. ) ;
#1737 = CARTESIAN_POINT ( 'NONE',  ( 3.207623543337573047, 1.634365688646974624, 2.566025392827317120 ) ) ;
#1738 = CARTESIAN_POINT ( 'NONE',  ( 1.861361174683003883, 3.653126685099039594, 2.899999989042875814 ) ) ;
#1739 = CARTESIAN_POINT ( 'NONE',  ( -4.257919638985431909, -0.6743880687212413516, 0.4999999890428779570 ) ) ;
#1740 = CARTESIAN_POINT ( 'NONE',  ( -1.634365909477758505, -3.207623430818668187, 0.9339745852584360186 ) ) ;
#1741 = CARTESIAN_POINT ( 'NONE',  ( -4.250000000000000888, 0.000000000000000000, 8.000000000000000000 ) ) ;
#1742 = CARTESIAN_POINT ( 'NONE',  ( 3.372694867087377979, -1.718474014398682970, -1.733974607172682703 ) ) ;
#1743 = DIRECTION ( 'NONE',  ( -1.000000000000000000, -0.000000000000000000, -0.000000000000000000 ) ) ;
#1744 = CARTESIAN_POINT ( 'NONE',  ( 3.048333987505707832, 3.048333777641312192, -2.300000010957122587 ) ) ;
#1745 = CARTESIAN_POINT ( 'NONE',  ( -0.4999999999999993339, -8.986100377805716022, 10.00000000000000000 ) ) ;
#1746 = CARTESIAN_POINT ( 'NONE',  ( 0.5708636361245780222, -4.060691095733282907, 0.09464057543864765054 ) ) ;
#1747 = CARTESIAN_POINT ( 'NONE',  ( 3.653126813245570315, 1.861360923181276661, 3.599999989042878212 ) ) ;
#1748 = CARTESIAN_POINT ( 'NONE',  ( 1.861361174683003883, 3.653126685099039594, -3.100000010957124630 ) ) ;
#1749 = CARTESIAN_POINT ( 'NONE',  ( -4.257919638985431909, -0.6743880687212413516, 1.599999989042876214 ) ) ;
#1750 = CARTESIAN_POINT ( 'NONE',  ( 3.599999999999998757, 4.410407838885627001E-08, 3.583351343887083207 ) ) ;
#1751 = CARTESIAN_POINT ( 'NONE',  ( -0.5921458787066038454, -3.738661105659599304, -0.9660254147415644477 ) ) ;
#1752 = CARTESIAN_POINT ( 'NONE',  ( 0.6743883618602999341, 4.257919592556767441, -1.000000010957123209 ) ) ;
#1753 = ADVANCED_FACE ( 'NONE', ( #5660 ), #6230, .F. ) ;
#1754 = CARTESIAN_POINT ( 'NONE',  ( -3.841124709738404253, 1.957150960842943821, 0.2999999890428775018 ) ) ;
#1755 = CARTESIAN_POINT ( 'NONE',  ( -1.957150696398379353, 3.841124844479640643, 3.199999989042876525 ) ) ;
#1756 = CARTESIAN_POINT ( 'NONE',  ( -1.861361174683003439, -3.653126685099040039, -4.100000010957123742 ) ) ;
#1757 = ORIENTED_EDGE ( 'NONE', *, *, #56, .T. ) ;
#1758 = CARTESIAN_POINT ( 'NONE',  ( 2.899137703068392025, -2.899137902661292454, 8.299999989042877502 ) ) ;
#1759 = CARTESIAN_POINT ( 'NONE',  ( 1.634365909477759171, 3.207623430818668187, 8.766025392827316409 ) ) ;
#1760 = CARTESIAN_POINT ( 'NONE',  ( 3.048333987505708276, 3.048333777641312192, 6.799999989042875725 ) ) ;
#1761 = CARTESIAN_POINT ( 'NONE',  ( -2.899137703068391581, 2.899137902661292454, 6.199999989042877857 ) ) ;
#1762 = CARTESIAN_POINT ( 'NONE',  ( -0.6413813114312745256, 4.049522195685150372, 7.999999999999372058 ) ) ;
#1763 = CARTESIAN_POINT ( 'NONE',  ( 3.048333987505707832, 3.048333777641312192, 5.699999989042876081 ) ) ;
#1764 = CARTESIAN_POINT ( 'NONE',  ( 3.555678006756805676, -0.5631641965412358397, -1.633974607172683502 ) ) ;
#1765 = CARTESIAN_POINT ( 'NONE',  ( -4.257919638985431909, -0.6743880687212413516, 7.599999989042876436 ) ) ;
#1766 = CARTESIAN_POINT ( 'NONE',  ( -1.861361174683002995, -3.653126685099040039, -3.200000010957122054 ) ) ;
#1767 = EDGE_CURVE ( 'NONE', #4069, #2528, #4476, .T. ) ;
#1768 = CARTESIAN_POINT ( 'NONE',  ( 3.599999999999998757, -6.489281078740333703E-15, 2.415402147540223421 ) ) ;
#1769 = CARTESIAN_POINT ( 'NONE',  ( -4.049522174361919191, 0.6413814460608515677, 8.399999989042878923 ) ) ;
#1770 = CARTESIAN_POINT ( 'NONE',  ( -3.653126813245570315, -1.861360923181276883, -2.300000010957123919 ) ) ;
#1771 = CARTESIAN_POINT ( 'NONE',  ( 3.048333987505707832, 3.048333777641312192, -2.300000010957122587 ) ) ;
#1772 = AXIS2_PLACEMENT_3D ( 'NONE', #6997, #5360, #5920 ) ;
#1773 = ORIENTED_EDGE ( 'NONE', *, *, #2853, .F. ) ;
#1774 = CARTESIAN_POINT ( 'NONE',  ( 3.738661146426232484, 0.5921456213162111792, 2.466025392827315255 ) ) ;
#1775 = CARTESIAN_POINT ( 'NONE',  ( 0.5921458787066047336, 3.738661105659599748, 4.866025392827316942 ) ) ;
#1776 = DIRECTION ( 'NONE',  ( 1.000000000000000000, 0.000000000000000000, -0.000000000000000000 ) ) ;
#1777 = CARTESIAN_POINT ( 'NONE',  ( 0.5631639517484252622, -3.555678045528178011, -4.033974607172682525 ) ) ;
#1778 = CARTESIAN_POINT ( 'NONE',  ( 0.5000000000000004441, -3.565108693995177269, 10.00000000000000000 ) ) ;
#1779 = CARTESIAN_POINT ( 'NONE',  ( -2.545584324645416618, 2.545584499897719954, 1.166025392827316987 ) ) ;
#1780 = CARTESIAN_POINT ( 'NONE',  ( -0.4999999999999995559, -3.646030824578028184, 5.894248989059481580 ) ) ;
#1781 = CARTESIAN_POINT ( 'NONE',  ( 1.718473782203455258, -3.372694985396755829, 9.233974585258435397 ) ) ;
#1782 = CARTESIAN_POINT ( 'NONE',  ( -0.5000000000000095479, -3.696586610426562114, 1.006399086944288257 ) ) ;
#1783 = LINE ( 'NONE', #5063, #5922 ) ;
#1784 = CARTESIAN_POINT ( 'NONE',  ( -1.957150696398379353, 3.841124844479640643, 4.099999989042879101 ) ) ;
#1785 = CARTESIAN_POINT ( 'NONE',  ( -0.6413811672690397092, 4.049522218518203154, 9.999999989042878568 ) ) ;
#1786 =( BOUNDED_SURFACE ( )  B_SPLINE_SURFACE ( 1, 2, ( 
 ( #564, #65, #3355, #1102, #4417, #533, #6987, #3252, #4879, #7053, #597, #2747, #3785, #6044, #4846, #2242, #6577, #1170, #3286, #5513, #4350, #634, #6508, #5446, #5382, #1636, #31, #1671, #501, #3854, #2138, #7019, #5940, #4315, #3821, #6474, #5413, #5480, #1036, #4818, #1599, #5977, #1067, #2209, #4383, #2106, #6544, #6012, #1138, #4283, #6443, #1571, #3319, #3757, #5909, #778, #3391, #669, #1812, #6731, #6688, #217, #6769, #2967, #1351, #5090, #2854, #255, #1893, #1205, #1737, #1774, #4070, #6189, #3541, #3993, #5659, #5128, #3466, #6649, #2432, #5695, #6229, #5548, #5016, #6151, #5620, #3503, #2390, #3426, #4562, #1276, #1852, #742, #138, #5052, #4599, #2927, #4032, #2817, #4983, #1311, #102, #5584, #2275, #1242, #706, #2889, #4452, #6612, #3958, #3924, #2313, #6078, #4485, #6114, #175, #2351, #4524, #4778, #5239, #1457, #6264, #357, #3646, #4744, #3575, #6909, #5202, #848, #1962, #1388, #885, #3037, #1422, #1494, #4107, #6946, #5729, #2536, #325, #3610, #6839, #1528, #4707 ),
 ( #4671, #3073, #2064, #1995, #5765, #2029, #3717, #4141, #4637, #6874, #4174, #2501, #1928, #6296, #6331, #5799, #921, #4209, #3111, #5309, #5276, #394, #3681, #2568, #6366, #5833, #960, #3146, #432, #2604, #5166, #4243, #6400, #813, #6802, #3001, #289, #2468, #157, #6592, #4809, #1152, #5341, #6670, #2256, #4962, #3335, #80, #3370, #4432, #463, #613, #3868, #1222, #5494, #6524, #2097, #6026, #45, #2639, #5867, #3408, #5460, #1793, #994, #1755, #3941, #4398, #1717, #6978, #2332, #3903, #4505, #2834, #6094, #5530, #6059, #4365, #2796, #1185, #5565, #649, #1650, #3836, #4999, #2223, #5992, #3182, #687, #579, #1118, #3302, #2873, #5034, #6558, #118, #2762, #4927, #2294, #1685, #4468, #6630, #1372, #4619, #6824, #273, #3058, #724, #343, #6752, #6170, #4657, #797, #2986, #197, #1832, #3523, #2371, #5110, #868, #5150, #3559, #1409, #6213, #4545, #6711, #4014, #5603, #1334, #310, #6250, #2413, #1948, #6789, #4694, #3596, #2950, #5750, #2451, #3020, #4583, #5680, #2909, #4091, #1914 ) ),
 .UNSPECIFIED., .F., .F., .T. ) 
 B_SPLINE_SURFACE_WITH_KNOTS ( ( 2, 2 ),
 ( 3, 2, 2, 2, 2, 2, 2, 2, 2, 2, 2, 2, 2, 2, 2, 2, 2, 2, 2, 2, 2, 2, 2, 2, 2, 2, 2, 2, 2, 2, 2, 2, 2, 2, 2, 2, 2, 2, 2, 2, 2, 2, 2, 2, 2, 2, 2, 2, 2, 2, 2, 2, 2, 2, 2, 2, 2, 2, 2, 2, 2, 2, 2, 2, 2, 2, 2, 2, 2, 2, 2, 2, 3 ),
 ( 0.000000000000000000, 1.000000000000000000 ),
 ( 0.1093553605738695755, 0.1125000000000000028, 0.1250000000000000000, 0.1375000000000000111, 0.1499999999999999944, 0.1625000000000000056, 0.1749999999999999889, 0.1875000000000000000, 0.2000000000000000111, 0.2124999999999999944, 0.2250000000000000056, 0.2374999999999999889, 0.2500000000000000000, 0.2625000000000000111, 0.2750000000000000222, 0.2874999999999999778, 0.2999999999999999889, 0.3125000000000000000, 0.3250000000000000111, 0.3375000000000000222, 0.3499999999999999778, 0.3624999999999999889, 0.3750000000000000000, 0.3875000000000000111, 0.4000000000000000222, 0.4124999999999999778, 0.4249999999999999889, 0.4375000000000000000, 0.4500000000000000111, 0.4625000000000000222, 0.4749999999999999778, 0.4874999999999999889, 0.5000000000000000000, 0.5124999999999999556, 0.5250000000000000222, 0.5374999999999999778, 0.5500000000000000444, 0.5625000000000000000, 0.5749999999999999556, 0.5875000000000000222, 0.5999999999999999778, 0.6125000000000000444, 0.6250000000000000000, 0.6374999999999999556, 0.6500000000000000222, 0.6624999999999999778, 0.6750000000000000444, 0.6875000000000000000, 0.6999999999999999556, 0.7125000000000000222, 0.7249999999999999778, 0.7375000000000000444, 0.7500000000000000000, 0.7624999999999999556, 0.7750000000000000222, 0.7874999999999999778, 0.8000000000000000444, 0.8125000000000000000, 0.8249999999999999556, 0.8375000000000000222, 0.8499999999999999778, 0.8625000000000000444, 0.8750000000000000000, 0.8874999999999999556, 0.9000000000000000222, 0.9124999999999999778, 0.9250000000000000444, 0.9375000000000000000, 0.9499999999999999556, 0.9625000000000000222, 0.9749999999999999778, 0.9875000000000000444, 1.000000000000000000 ),
 .UNSPECIFIED. ) 
 GEOMETRIC_REPRESENTATION_ITEM ( )  RATIONAL_B_SPLINE_SURFACE ( (
 ( 0.9815695374925029748, 0.9876872313191653596, 1.000000000000000000, 0.9510565162951535312, 1.000000000000000000, 0.9510565162951535312, 1.000000000000000000, 0.9510565162951535312, 1.000000000000000000, 0.9510565162951535312, 1.000000000000000000, 0.9510565162951535312, 1.000000000000000000, 0.9510565162951535312, 1.000000000000000000, 0.9510565162951535312, 1.000000000000000000, 0.9510565162951535312, 1.000000000000000000, 0.9510565162951535312, 1.000000000000000000, 0.9510565162951535312, 1.000000000000000000, 0.9510565162951535312, 1.000000000000000000, 0.9510565162951535312, 1.000000000000000000, 0.9510565162951535312, 1.000000000000000000, 0.9510565162951535312, 1.000000000000000000, 0.9510565162951535312, 1.000000000000000000, 0.9510565162951535312, 1.000000000000000000, 0.9510565162951535312, 1.000000000000000000, 0.9510565162951535312, 1.000000000000000000, 0.9510565162951535312, 1.000000000000000000, 0.9510565162951535312, 1.000000000000000000, 0.9510565162951535312, 1.000000000000000000, 0.9510565162951535312, 1.000000000000000000, 0.9510565162951535312, 1.000000000000000000, 0.9510565162951535312, 1.000000000000000000, 0.9510565162951535312, 1.000000000000000000, 0.9510565162951535312, 1.000000000000000000, 0.9510565162951535312, 1.000000000000000000, 0.9510565162951535312, 1.000000000000000000, 0.9510565162951535312, 1.000000000000000000, 0.9510565162951535312, 1.000000000000000000, 0.9510565162951535312, 1.000000000000000000, 0.9510565162951535312, 1.000000000000000000, 0.9510565162951535312, 1.000000000000000000, 0.9510565162951535312, 1.000000000000000000, 0.9510565162951535312, 1.000000000000000000, 0.9510565162951535312, 1.000000000000000000, 0.9510565162951535312, 1.000000000000000000, 0.9510565162951535312, 1.000000000000000000, 0.9510565162951535312, 1.000000000000000000, 0.9510565162951535312, 1.000000000000000000, 0.9510565162951535312, 1.000000000000000000, 0.9510565162951535312, 1.000000000000000000, 0.9510565162951535312, 1.000000000000000000, 0.9510565162951535312, 1.000000000000000000, 0.9510565162951535312, 1.000000000000000000, 0.9510565162951535312, 1.000000000000000000, 0.9510565162951535312, 1.000000000000000000, 0.9510565162951535312, 1.000000000000000000, 0.9510565162951535312, 1.000000000000000000, 0.9510565162951535312, 1.000000000000000000, 0.9510565162951535312, 1.000000000000000000, 0.9510565162951535312, 1.000000000000000000, 0.9510565162951535312, 1.000000000000000000, 0.9510565162951535312, 1.000000000000000000, 0.9510565162951535312, 1.000000000000000000, 0.9510565162951535312, 1.000000000000000000, 0.9510565162951535312, 1.000000000000000000, 0.9510565162951535312, 1.000000000000000000, 0.9510565162951535312, 1.000000000000000000, 0.9510565162951535312, 1.000000000000000000, 0.9510565162951535312, 1.000000000000000000, 0.9510565162951535312, 1.000000000000000000, 0.9510565162951535312, 1.000000000000000000, 0.9510565162951535312, 1.000000000000000000, 0.9510565162951535312, 1.000000000000000000, 0.9510565162951535312, 1.000000000000000000, 0.9510565162951535312, 1.000000000000000000, 0.9510565162951535312, 1.000000000000000000, 0.9510565162951535312, 1.000000000000000000, 0.9510565162951535312, 1.000000000000000000, 0.9510565162951535312, 1.000000000000000000),
 ( 0.9815695374925029748, 0.9876872313191653596, 1.000000000000000000, 0.9510565162951535312, 1.000000000000000000, 0.9510565162951535312, 1.000000000000000000, 0.9510565162951535312, 1.000000000000000000, 0.9510565162951535312, 1.000000000000000000, 0.9510565162951535312, 1.000000000000000000, 0.9510565162951535312, 1.000000000000000000, 0.9510565162951535312, 1.000000000000000000, 0.9510565162951535312, 1.000000000000000000, 0.9510565162951535312, 1.000000000000000000, 0.9510565162951535312, 1.000000000000000000, 0.9510565162951535312, 1.000000000000000000, 0.9510565162951535312, 1.000000000000000000, 0.9510565162951535312, 1.000000000000000000, 0.9510565162951535312, 1.000000000000000000, 0.9510565162951535312, 1.000000000000000000, 0.9510565162951535312, 1.000000000000000000, 0.9510565162951535312, 1.000000000000000000, 0.9510565162951535312, 1.000000000000000000, 0.9510565162951535312, 1.000000000000000000, 0.9510565162951535312, 1.000000000000000000, 0.9510565162951535312, 1.000000000000000000, 0.9510565162951535312, 1.000000000000000000, 0.9510565162951535312, 1.000000000000000000, 0.9510565162951535312, 1.000000000000000000, 0.9510565162951535312, 1.000000000000000000, 0.9510565162951535312, 1.000000000000000000, 0.9510565162951535312, 1.000000000000000000, 0.9510565162951535312, 1.000000000000000000, 0.9510565162951535312, 1.000000000000000000, 0.9510565162951535312, 1.000000000000000000, 0.9510565162951535312, 1.000000000000000000, 0.9510565162951535312, 1.000000000000000000, 0.9510565162951535312, 1.000000000000000000, 0.9510565162951535312, 1.000000000000000000, 0.9510565162951535312, 1.000000000000000000, 0.9510565162951535312, 1.000000000000000000, 0.9510565162951535312, 1.000000000000000000, 0.9510565162951535312, 1.000000000000000000, 0.9510565162951535312, 1.000000000000000000, 0.9510565162951535312, 1.000000000000000000, 0.9510565162951535312, 1.000000000000000000, 0.9510565162951535312, 1.000000000000000000, 0.9510565162951535312, 1.000000000000000000, 0.9510565162951535312, 1.000000000000000000, 0.9510565162951535312, 1.000000000000000000, 0.9510565162951535312, 1.000000000000000000, 0.9510565162951535312, 1.000000000000000000, 0.9510565162951535312, 1.000000000000000000, 0.9510565162951535312, 1.000000000000000000, 0.9510565162951535312, 1.000000000000000000, 0.9510565162951535312, 1.000000000000000000, 0.9510565162951535312, 1.000000000000000000, 0.9510565162951535312, 1.000000000000000000, 0.9510565162951535312, 1.000000000000000000, 0.9510565162951535312, 1.000000000000000000, 0.9510565162951535312, 1.000000000000000000, 0.9510565162951535312, 1.000000000000000000, 0.9510565162951535312, 1.000000000000000000, 0.9510565162951535312, 1.000000000000000000, 0.9510565162951535312, 1.000000000000000000, 0.9510565162951535312, 1.000000000000000000, 0.9510565162951535312, 1.000000000000000000, 0.9510565162951535312, 1.000000000000000000, 0.9510565162951535312, 1.000000000000000000, 0.9510565162951535312, 1.000000000000000000, 0.9510565162951535312, 1.000000000000000000, 0.9510565162951535312, 1.000000000000000000, 0.9510565162951535312, 1.000000000000000000, 0.9510565162951535312, 1.000000000000000000, 0.9510565162951535312, 1.000000000000000000, 0.9510565162951535312, 1.000000000000000000) ) ) 
 REPRESENTATION_ITEM ( '' )  SURFACE ( )  );
#1787 = CARTESIAN_POINT ( 'NONE',  ( -1.861361174683003439, -3.653126685099040039, 4.799999989042878390 ) ) ;
#1788 = CARTESIAN_POINT ( 'NONE',  ( 0.5631639517484252622, -3.555678045528178011, 1.966025392827317253 ) ) ;
#1789 = CARTESIAN_POINT ( 'NONE',  ( -2.545584324645416618, 2.545584499897719954, 5.166025392827316765 ) ) ;
#1790 = CARTESIAN_POINT ( 'NONE',  ( -2.545584324645416618, 2.545584499897719510, -1.666025414741563848 ) ) ;
#1791 = CARTESIAN_POINT ( 'NONE',  ( -1.957150696398379353, 3.841124844479640643, -2.800000010957124363 ) ) ;
#1792 = CARTESIAN_POINT ( 'NONE',  ( 1.634365909477758727, 3.207623430818667742, 9.933974585258436463 ) ) ;
#1793 = CARTESIAN_POINT ( 'NONE',  ( -3.841124709738404253, 1.957150960842944709, 3.399999989042875814 ) ) ;
#1794 = AXIS2_PLACEMENT_3D ( 'NONE', #6395, #1523, #4302 ) ;
#1795 = CARTESIAN_POINT ( 'NONE',  ( 0.6743883618602999341, 4.257919592556767441, -1.000000010957123209 ) ) ;
#1796 = ORIENTED_EDGE ( 'NONE', *, *, #2280, .F. ) ;
#1797 = CARTESIAN_POINT ( 'NONE',  ( 4.257919638985431909, 0.6743880687212407965, 8.599999989042872883 ) ) ;
#1798 = CARTESIAN_POINT ( 'NONE',  ( 0.4999999999999982792, -3.565108693995175493, 3.960550053940179005 ) ) ;
#1799 = CARTESIAN_POINT ( 'NONE',  ( 4.049522174361919191, -0.6413814460608517898, 8.499999989042876791 ) ) ;
#1800 = CARTESIAN_POINT ( 'NONE',  ( -1.861361174683002995, -3.653126685099040039, 4.799999989042878390 ) ) ;
#1801 = AXIS2_PLACEMENT_3D ( 'NONE', #2470, #6266, #5204 ) ;
#1802 = CYLINDRICAL_SURFACE ( 'NONE', #4284, 3.600000000000000089 ) ;
#1803 = CARTESIAN_POINT ( 'NONE',  ( 0.5000000000000004441, -8.986100377805714245, 0.000000000000000000 ) ) ;
#1804 = CARTESIAN_POINT ( 'NONE',  ( 0.5631639517484252622, -3.555678045528178011, 3.966025392827316587 ) ) ;
#1805 = CARTESIAN_POINT ( 'NONE',  ( -3.048333987505707832, -3.048333777641312636, -4.200000010957123386 ) ) ;
#1806 = CARTESIAN_POINT ( 'NONE',  ( -4.257919638985431909, -0.6743880687212415737, -3.500000010957124097 ) ) ;
#1807 = CARTESIAN_POINT ( 'NONE',  ( 3.600000000000000533, 0.8642834671560696291, 2.492136753985121800 ) ) ;
#1808 = CARTESIAN_POINT ( 'NONE',  ( 3.653126813245570315, 1.861360923181276661, 5.599999989042878212 ) ) ;
#1809 = DIRECTION ( 'NONE',  ( 0.000000000000000000, 0.000000000000000000, 1.000000000000000000 ) ) ;
#1810 = CARTESIAN_POINT ( 'NONE',  ( -3.555678006756805676, 0.5631641965412349515, 6.533974585258436107 ) ) ;
#1811 = EDGE_LOOP ( 'NONE', ( #4800, #1431, #2976, #6985, #5001, #1001, #334, #6423 ) ) ;
#1812 = CARTESIAN_POINT ( 'NONE',  ( -1.634365909477758949, -3.207623430818668631, 3.766025392827316853 ) ) ;
#1813 = CARTESIAN_POINT ( 'NONE',  ( -4.250000000000000888, 0.000000000000000000, 8.500000000000000000 ) ) ;
#1814 = CARTESIAN_POINT ( 'NONE',  ( 0.5000000000000032196, -4.069397989875159993, 0.9892237821706797440 ) ) ;
#1815 = CARTESIAN_POINT ( 'NONE',  ( 0.5631639517484252622, -3.555678045528178011, -2.033974607172682969 ) ) ;
#1816 = CARTESIAN_POINT ( 'NONE',  ( -0.4999999999999966693, -3.908503232302564800, 4.952454607660044417 ) ) ;
#1817 = CARTESIAN_POINT ( 'NONE',  ( -3.738661146426232484, -0.5921456213162119564, 1.466025392827317031 ) ) ;
#1818 = CARTESIAN_POINT ( 'NONE',  ( 3.738661146426232484, 0.5921456213162111792, 2.466025392827315255 ) ) ;
#1819 = SHAPE_DEFINITION_REPRESENTATION ( #959, #3238 ) ;
#1820 = CARTESIAN_POINT ( 'NONE',  ( 0.5921458787066045115, 3.738661105659599748, 6.033974585258434331 ) ) ;
#1821 = VERTEX_POINT ( 'NONE', #6732 ) ;
#1822 = CARTESIAN_POINT ( 'NONE',  ( 0.5631639517484254842, -3.555678045528177122, 1.133974585258436640 ) ) ;
#1823 = CARTESIAN_POINT ( 'NONE',  ( -0.5000000000012061463, -4.069397989875012556, 2.461267035991946628 ) ) ;
#1824 = CARTESIAN_POINT ( 'NONE',  ( -0.6413811672690397092, 4.049522218518203154, 3.999999989042877679 ) ) ;
#1825 = CARTESIAN_POINT ( 'NONE',  ( -3.048333987505707832, -3.048333777641312636, 6.699999989042876081 ) ) ;
#1826 = CARTESIAN_POINT ( 'NONE',  ( 2.899137703068392025, -2.899137902661292454, 7.199999989042878745 ) ) ;
#1827 = CARTESIAN_POINT ( 'NONE',  ( 1.718473782203455036, -3.372694985396756273, 2.066025392827316676 ) ) ;
#1828 = CARTESIAN_POINT ( 'NONE',  ( 2.676585940248914053, 2.676585755977737069, 4.666025392827315876 ) ) ;
#1829 = CARTESIAN_POINT ( 'NONE',  ( 2.545584324645417063, -2.545584499897719066, -2.666025414741564514 ) ) ;
#1830 = CARTESIAN_POINT ( 'NONE',  ( -3.048333987505707832, -3.048333777641312636, -4.200000010957123386 ) ) ;
#1831 = CARTESIAN_POINT ( 'NONE',  ( -1.861361174683002995, -3.653126685099040039, -1.200000010957122054 ) ) ;
#1832 = CARTESIAN_POINT ( 'NONE',  ( 1.957150696398380463, -3.841124844479640643, -1.800000010957123475 ) ) ;
#1833 = CARTESIAN_POINT ( 'NONE',  ( 3.048333987505708276, 3.048333777641312192, -1.200000010957123830 ) ) ;
#1834 = CARTESIAN_POINT ( 'NONE',  ( -1.634365909477758949, -3.207623430818668631, 3.766025392827316853 ) ) ;
#1835 = CARTESIAN_POINT ( 'NONE',  ( -0.6743883618602996011, -4.257919592556767441, 5.999999989042876791 ) ) ;
#1836 =( BOUNDED_CURVE ( )  B_SPLINE_CURVE ( 2, ( #6274, #5774, #3085, #1704, #2680, #2780, #4947 ),
 .UNSPECIFIED., .F., .T. ) 
 B_SPLINE_CURVE_WITH_KNOTS ( ( 3, 2, 2, 3 ),
 ( 0.6718556431958115915, 0.6750000000000000444, 0.6875000000000000000, 0.6978183921996872208 ),
 .UNSPECIFIED. ) 
 CURVE ( )  GEOMETRIC_REPRESENTATION_ITEM ( )  RATIONAL_B_SPLINE_CURVE ( ( 0.9815706371881782744, 0.9876883379193583945, 1.000000000000000000, 0.9510565162951535312, 1.000000000000000000, 0.9595985551611513342, 0.9858975828473059977 ) ) 
 REPRESENTATION_ITEM ( '' )  );
#1837 = AXIS2_PLACEMENT_3D ( 'NONE', #5663, #1392, #1897 ) ;
#1838 = CARTESIAN_POINT ( 'NONE',  ( -3.653126813245570315, -1.861360923181276883, 3.699999989042876969 ) ) ;
#1839 = EDGE_CURVE ( 'NONE', #5994, #2075, #3920, .T. ) ;
#1840 = CARTESIAN_POINT ( 'NONE',  ( -3.841124709738404253, 1.957150960842943821, 4.299999989042877502 ) ) ;
#1841 = CARTESIAN_POINT ( 'NONE',  ( -3.930223885137019479, -1.192443516174729323, 7.999999999999996447 ) ) ;
#1842 = CARTESIAN_POINT ( 'NONE',  ( -1.634365909477758505, -3.207623430818668187, -3.066025414741563981 ) ) ;
#1843 = ORIENTED_EDGE ( 'NONE', *, *, #6703, .F. ) ;
#1844 = CARTESIAN_POINT ( 'NONE',  ( -1.634365909477758949, -3.207623430818668631, -2.233974607172683147 ) ) ;
#1845 = CARTESIAN_POINT ( 'NONE',  ( -4.100000000000000533, 0.3226770689847697771, 9.524221889116983419 ) ) ;
#1846 = CARTESIAN_POINT ( 'NONE',  ( 1.861361174683003439, 3.653126685099039594, -2.200000010957122942 ) ) ;
#1847 = CYLINDRICAL_SURFACE ( 'NONE', #623, 5.999999999999999112 ) ;
#1848 = CARTESIAN_POINT ( 'NONE',  ( 1.861361174683003883, 3.653126685099039594, 5.799999989042878390 ) ) ;
#1849 = LINE ( 'NONE', #6147, #2792 ) ;
#1850 = CARTESIAN_POINT ( 'NONE',  ( 0.5631639517484254842, -3.555678045528177122, 5.133974585258435752 ) ) ;
#1851 = VERTEX_POINT ( 'NONE', #6079 ) ;
#1852 = CARTESIAN_POINT ( 'NONE',  ( 3.555678006756805676, -0.5631641965412358397, 0.3660253928273165536 ) ) ;
#1853 = FACE_OUTER_BOUND ( 'NONE', #6729, .T. ) ;
#1854 = CARTESIAN_POINT ( 'NONE',  ( 0.6413811672690400423, -4.049522218518203154, 2.099999989042876880 ) ) ;
#1855 = CARTESIAN_POINT ( 'NONE',  ( 2.545584324645417063, -2.545584499897719510, -1.833974607172684124 ) ) ;
#1856 = DIRECTION ( 'NONE',  ( -0.000000000000000000, -0.000000000000000000, -1.000000000000000000 ) ) ;
#1857 = CARTESIAN_POINT ( 'NONE',  ( -2.676585940248913165, -2.676585755977737513, -2.333974607172683235 ) ) ;
#1858 = CARTESIAN_POINT ( 'NONE',  ( 1.634365909477759171, 3.207623430818668187, 0.7660253928273158541 ) ) ;
#1859 = ORIENTED_EDGE ( 'NONE', *, *, #3262, .F. ) ;
#1860 = CARTESIAN_POINT ( 'NONE',  ( -3.738661146426231596, -0.5921456213162122895, 4.633974585258436640 ) ) ;
#1861 = ORIENTED_EDGE ( 'NONE', *, *, #6178, .F. ) ;
#1862 = DIRECTION ( 'NONE',  ( -1.000000000000000000, -0.000000000000000000, -0.000000000000000000 ) ) ;
#1863 = CARTESIAN_POINT ( 'NONE',  ( -0.4999999999999966693, -3.828033666944107960, 6.972961463502938884 ) ) ;
#1864 = CARTESIAN_POINT ( 'NONE',  ( 0.6413811672690400423, -4.049522218518203154, 0.9999999890428785676 ) ) ;
#1865 = CARTESIAN_POINT ( 'NONE',  ( -3.841124709738404253, 1.957150960842944709, 2.299999989042877058 ) ) ;
#1866 = CARTESIAN_POINT ( 'NONE',  ( -0.6743883618602996011, -4.257919592556767441, 8.899999989042878923 ) ) ;
#1867 = CARTESIAN_POINT ( 'NONE',  ( 0.5316238024962158804, -3.560673513302305970, 1.963295376305274065 ) ) ;
#1868 = CARTESIAN_POINT ( 'NONE',  ( 2.676585940248914053, 2.676585755977737069, 2.666025392827315876 ) ) ;
#1869 = CARTESIAN_POINT ( 'NONE',  ( 3.653126813245570315, 1.861360923181276883, 9.599999989042878212 ) ) ;
#1870 = B_SPLINE_CURVE_WITH_KNOTS ( 'NONE', 3,
 ( #4699, #5329, #6355, #1482, #873, #349, #2018, #5229 ),
 .UNSPECIFIED., .F., .F.,
 ( 4, 2, 2, 4 ),
 ( 0.01293220906396788834, 0.01382269059513060658, 0.01471317212629332655, 0.01649413518861876649 ),
 .UNSPECIFIED. ) ;
#1871 = CARTESIAN_POINT ( 'NONE',  ( 4.049522174361919191, -0.6413814460608517898, 0.4999999890428763472 ) ) ;
#1872 = CARTESIAN_POINT ( 'NONE',  ( -2.899137703068391581, 2.899137902661292454, -3.800000010957122143 ) ) ;
#1873 = CARTESIAN_POINT ( 'NONE',  ( 0.9455359000865336538, -3.473609342117724985, 8.000000000000001776 ) ) ;
#1874 = ORIENTED_EDGE ( 'NONE', *, *, #936, .F. ) ;
#1875 = CARTESIAN_POINT ( 'NONE',  ( 4.049522174361919191, -0.6413814460608517898, 6.499999989042876791 ) ) ;
#1876 = CARTESIAN_POINT ( 'NONE',  ( 1.957150696398380463, -3.841124844479640643, 6.199999989042875193 ) ) ;
#1877 = CARTESIAN_POINT ( 'NONE',  ( -3.841124709738404253, 1.957150960842943821, -1.700000010957122498 ) ) ;
#1878 = CARTESIAN_POINT ( 'NONE',  ( 0.4999999999999834022, -3.565108693995177713, 7.960550053940177229 ) ) ;
#1879 = CARTESIAN_POINT ( 'NONE',  ( -1.718473782203454592, 3.372694985396755829, -1.766025414741565047 ) ) ;
#1880 = EDGE_LOOP ( 'NONE', ( #2958, #1035, #2545, #2037 ) ) ;
#1881 = CARTESIAN_POINT ( 'NONE',  ( -2.899137703068391581, 2.899137902661292898, 9.299999989042877502 ) ) ;
#1882 =( BOUNDED_CURVE ( )  B_SPLINE_CURVE ( 2, ( #2619, #5813, #6856, #475, #5255, #4287, #3162, #3626, #3195, #6413, #2585, #6924, #4188 ),
 .UNSPECIFIED., .F., .T. ) 
 B_SPLINE_CURVE_WITH_KNOTS ( ( 3, 2, 2, 2, 2, 2, 3 ),
 ( 0.5087824817775351560, 0.5192868321897532446, 0.5333216114381249540, 0.5473563906864966633, 0.5613911699348683726, 0.5754259491832400819, 0.5789563774732320312 ),
 .UNSPECIFIED. ) 
 CURVE ( )  GEOMETRIC_REPRESENTATION_ITEM ( )  RATIONAL_B_SPLINE_CURVE ( ( 0.9815706352953466052, 0.9633681802804244798, 1.000000000000000000, 0.9510565162951535312, 1.000000000000000000, 0.9510565162951535312, 1.000000000000000000, 0.9510565162951535312, 1.000000000000000000, 0.9510565162951535312, 1.000000000000000000, 0.9876883379193586165, 0.9815706371881784964 ) ) 
 REPRESENTATION_ITEM ( '' )  );
#1883 = EDGE_CURVE ( 'NONE', #5119, #3560, #1468, .T. ) ;
#1884 = CARTESIAN_POINT ( 'NONE',  ( -1.861361174683003439, -3.653126685099040039, -4.100000010957123742 ) ) ;
#1885 =( BOUNDED_SURFACE ( )  B_SPLINE_SURFACE ( 1, 2, ( 
 ( #448, #2623, #2014, #6350, #4192, #944, #1478, #4227, #3664, #5817, #2049, #5786, #6385, #906, #1513, #3096, #5261, #3771, #2597, #3672, #3175, #5957, #6426, #5333, #2157, #456, #2632, #952, #5301, #1554, #4300, #4862, #2124, #6901, #3804, #1085, #2664, #424, #7036, #387, #2022, #3270, #4802, #1020, #4770, #7003, #3744, #5894, #2057, #3208, #6939, #5367, #4332, #2561, #4268, #3139, #487, #4833, #1053, #6459, #6492, #5397, #3237, #1487, #1586, #5927, #518, #5859, #2696, #6969, #1619, #4736, #4201, #6359, #5826, #4235, #6393, #1521, #3710, #987, #2091, #5421, #6518, #1749, #3330, #4994, #3263, #2185, #5489, #1147, #4324, #1645, #541, #1611, #5560, #681, #2289, #7029, #3831, #5455, #5987, #3936, #4888, #113, #6553, #2867, #6484, #4463, #2217, #6089, #4393, #608, #2723, #1680, #2790, #3898, #1113, #5525, #1217, #8, #3297, #4358, #40, #573, #4427, #2757, #4922, #3863, #6625, #6021, #3403, #4957, #2150, #3797, #3365, #75, #2251, #6587, #5949, #1712, #6053, #1077, #1180, #645, #2829, #2903, #4046 ),
 ( #3590, #268, #5067, #2481, #5028, #4499, #861, #5104, #5673, #191, #4612, #6206, #3517, #6704, #791, #2365, #1327, #1942, #151, #1866, #5597, #2980, #5143, #5708, #2445, #4539, #5742, #6783, #1908, #6242, #3479, #718, #5179, #4085, #4008, #2326, #1826, #6164, #826, #1365, #6817, #1289, #232, #3014, #3970, #5636, #756, #2943, #3553, #6664, #2406, #302, #6277, #4577, #4651, #6126, #6745, #4120, #1402, #1255, #1787, #3441, #1631, #4757, #5253, #3281, #973, #2742, #2549, #6538, #5812, #1472, #3659, #6503, #3089, #1097, #2584, #1976, #3051, #939, #1665, #6379, #6923, #6854, #5440, #4222, #4345, #3816, #7048, #3696, #5971, #26, #559, #4906, #4154, #4874, #2204, #3161, #3125, #4378, #5288, #1508, #3849, #6006, #5218, #5320, #3624, #528, #338, #2515, #2707, #5845, #4687, #6310, #2169, #1435, #5778, #899, #372, #4722, #6886, #2009, #4187, #6345, #408, #2044, #5009, #2811, #3314, #1699, #1731, #59, #5507, #2775, #3882, #4977, #5543, #3385, #2848, #3350, #4942, #2237, #4411, #5475, #627, #6072, #4445 ) ),
 .UNSPECIFIED., .F., .F., .T. ) 
 B_SPLINE_SURFACE_WITH_KNOTS ( ( 2, 2 ),
 ( 3, 2, 2, 2, 2, 2, 2, 2, 2, 2, 2, 2, 2, 2, 2, 2, 2, 2, 2, 2, 2, 2, 2, 2, 2, 2, 2, 2, 2, 2, 2, 2, 2, 2, 2, 2, 2, 2, 2, 2, 2, 2, 2, 2, 2, 2, 2, 2, 2, 2, 2, 2, 2, 2, 2, 2, 2, 2, 2, 2, 2, 2, 2, 2, 2, 2, 2, 2, 2, 2, 2, 2, 2, 3 ),
 ( 0.000000000000000000, 1.000000000000000000 ),
 ( 0.1004491996277696586, 0.1093556431958115360, 0.1125000000000000028, 0.1250000000000000000, 0.1375000000000000111, 0.1499999999999999944, 0.1625000000000000056, 0.1749999999999999889, 0.1875000000000000000, 0.2000000000000000111, 0.2124999999999999944, 0.2250000000000000056, 0.2374999999999999889, 0.2500000000000000000, 0.2625000000000000111, 0.2750000000000000222, 0.2874999999999999778, 0.2999999999999999889, 0.3125000000000000000, 0.3250000000000000111, 0.3375000000000000222, 0.3499999999999999778, 0.3624999999999999889, 0.3750000000000000000, 0.3875000000000000111, 0.4000000000000000222, 0.4124999999999999778, 0.4249999999999999889, 0.4375000000000000000, 0.4500000000000000111, 0.4625000000000000222, 0.4749999999999999778, 0.4874999999999999889, 0.5000000000000000000, 0.5124999999999999556, 0.5250000000000000222, 0.5374999999999999778, 0.5500000000000000444, 0.5625000000000000000, 0.5749999999999999556, 0.5875000000000000222, 0.5999999999999999778, 0.6125000000000000444, 0.6250000000000000000, 0.6374999999999999556, 0.6500000000000000222, 0.6624999999999999778, 0.6750000000000000444, 0.6875000000000000000, 0.6999999999999999556, 0.7125000000000000222, 0.7249999999999999778, 0.7375000000000000444, 0.7500000000000000000, 0.7624999999999999556, 0.7750000000000000222, 0.7874999999999999778, 0.8000000000000000444, 0.8125000000000000000, 0.8249999999999999556, 0.8375000000000000222, 0.8499999999999999778, 0.8625000000000000444, 0.8750000000000000000, 0.8874999999999999556, 0.9000000000000000222, 0.9124999999999999778, 0.9250000000000000444, 0.9375000000000000000, 0.9499999999999999556, 0.9625000000000000222, 0.9749999999999999778, 0.9875000000000000444, 1.000000000000000000 ),
 .UNSPECIFIED. ) 
 GEOMETRIC_REPRESENTATION_ITEM ( )  RATIONAL_B_SPLINE_SURFACE ( (
 ( 0.9815706371881780523, 0.9815706371881780523, 0.9815706371881780523, 0.9876883379193582835, 1.000000000000000000, 0.9510565162951535312, 1.000000000000000000, 0.9510565162951535312, 1.000000000000000000, 0.9510565162951535312, 1.000000000000000000, 0.9510565162951535312, 1.000000000000000000, 0.9510565162951535312, 1.000000000000000000, 0.9510565162951535312, 1.000000000000000000, 0.9510565162951535312, 1.000000000000000000, 0.9510565162951535312, 1.000000000000000000, 0.9510565162951535312, 1.000000000000000000, 0.9510565162951535312, 1.000000000000000000, 0.9510565162951535312, 1.000000000000000000, 0.9510565162951535312, 1.000000000000000000, 0.9510565162951535312, 1.000000000000000000, 0.9510565162951535312, 1.000000000000000000, 0.9510565162951535312, 1.000000000000000000, 0.9510565162951535312, 1.000000000000000000, 0.9510565162951535312, 1.000000000000000000, 0.9510565162951535312, 1.000000000000000000, 0.9510565162951535312, 1.000000000000000000, 0.9510565162951535312, 1.000000000000000000, 0.9510565162951535312, 1.000000000000000000, 0.9510565162951535312, 1.000000000000000000, 0.9510565162951535312, 1.000000000000000000, 0.9510565162951535312, 1.000000000000000000, 0.9510565162951535312, 1.000000000000000000, 0.9510565162951535312, 1.000000000000000000, 0.9510565162951535312, 1.000000000000000000, 0.9510565162951535312, 1.000000000000000000, 0.9510565162951535312, 1.000000000000000000, 0.9510565162951535312, 1.000000000000000000, 0.9510565162951535312, 1.000000000000000000, 0.9510565162951535312, 1.000000000000000000, 0.9510565162951535312, 1.000000000000000000, 0.9510565162951535312, 1.000000000000000000, 0.9510565162951535312, 1.000000000000000000, 0.9510565162951535312, 1.000000000000000000, 0.9510565162951535312, 1.000000000000000000, 0.9510565162951535312, 1.000000000000000000, 0.9510565162951535312, 1.000000000000000000, 0.9510565162951535312, 1.000000000000000000, 0.9510565162951535312, 1.000000000000000000, 0.9510565162951535312, 1.000000000000000000, 0.9510565162951535312, 1.000000000000000000, 0.9510565162951535312, 1.000000000000000000, 0.9510565162951535312, 1.000000000000000000, 0.9510565162951535312, 1.000000000000000000, 0.9510565162951535312, 1.000000000000000000, 0.9510565162951535312, 1.000000000000000000, 0.9510565162951535312, 1.000000000000000000, 0.9510565162951535312, 1.000000000000000000, 0.9510565162951535312, 1.000000000000000000, 0.9510565162951535312, 1.000000000000000000, 0.9510565162951535312, 1.000000000000000000, 0.9510565162951535312, 1.000000000000000000, 0.9510565162951535312, 1.000000000000000000, 0.9510565162951535312, 1.000000000000000000, 0.9510565162951535312, 1.000000000000000000, 0.9510565162951535312, 1.000000000000000000, 0.9510565162951535312, 1.000000000000000000, 0.9510565162951535312, 1.000000000000000000, 0.9510565162951535312, 1.000000000000000000, 0.9510565162951535312, 1.000000000000000000, 0.9510565162951535312, 1.000000000000000000, 0.9510565162951535312, 1.000000000000000000, 0.9510565162951535312, 1.000000000000000000, 0.9510565162951535312, 1.000000000000000000, 0.9510565162951535312, 1.000000000000000000, 0.9510565162951535312, 1.000000000000000000, 0.9510565162951535312, 1.000000000000000000, 0.9510565162951535312, 1.000000000000000000, 0.9510565162951535312, 1.000000000000000000),
 ( 0.9815706371881780523, 0.9815706371881780523, 0.9815706371881780523, 0.9876883379193582835, 1.000000000000000000, 0.9510565162951535312, 1.000000000000000000, 0.9510565162951535312, 1.000000000000000000, 0.9510565162951535312, 1.000000000000000000, 0.9510565162951535312, 1.000000000000000000, 0.9510565162951535312, 1.000000000000000000, 0.9510565162951535312, 1.000000000000000000, 0.9510565162951535312, 1.000000000000000000, 0.9510565162951535312, 1.000000000000000000, 0.9510565162951535312, 1.000000000000000000, 0.9510565162951535312, 1.000000000000000000, 0.9510565162951535312, 1.000000000000000000, 0.9510565162951535312, 1.000000000000000000, 0.9510565162951535312, 1.000000000000000000, 0.9510565162951535312, 1.000000000000000000, 0.9510565162951535312, 1.000000000000000000, 0.9510565162951535312, 1.000000000000000000, 0.9510565162951535312, 1.000000000000000000, 0.9510565162951535312, 1.000000000000000000, 0.9510565162951535312, 1.000000000000000000, 0.9510565162951535312, 1.000000000000000000, 0.9510565162951535312, 1.000000000000000000, 0.9510565162951535312, 1.000000000000000000, 0.9510565162951535312, 1.000000000000000000, 0.9510565162951535312, 1.000000000000000000, 0.9510565162951535312, 1.000000000000000000, 0.9510565162951535312, 1.000000000000000000, 0.9510565162951535312, 1.000000000000000000, 0.9510565162951535312, 1.000000000000000000, 0.9510565162951535312, 1.000000000000000000, 0.9510565162951535312, 1.000000000000000000, 0.9510565162951535312, 1.000000000000000000, 0.9510565162951535312, 1.000000000000000000, 0.9510565162951535312, 1.000000000000000000, 0.9510565162951535312, 1.000000000000000000, 0.9510565162951535312, 1.000000000000000000, 0.9510565162951535312, 1.000000000000000000, 0.9510565162951535312, 1.000000000000000000, 0.9510565162951535312, 1.000000000000000000, 0.9510565162951535312, 1.000000000000000000, 0.9510565162951535312, 1.000000000000000000, 0.9510565162951535312, 1.000000000000000000, 0.9510565162951535312, 1.000000000000000000, 0.9510565162951535312, 1.000000000000000000, 0.9510565162951535312, 1.000000000000000000, 0.9510565162951535312, 1.000000000000000000, 0.9510565162951535312, 1.000000000000000000, 0.9510565162951535312, 1.000000000000000000, 0.9510565162951535312, 1.000000000000000000, 0.9510565162951535312, 1.000000000000000000, 0.9510565162951535312, 1.000000000000000000, 0.9510565162951535312, 1.000000000000000000, 0.9510565162951535312, 1.000000000000000000, 0.9510565162951535312, 1.000000000000000000, 0.9510565162951535312, 1.000000000000000000, 0.9510565162951535312, 1.000000000000000000, 0.9510565162951535312, 1.000000000000000000, 0.9510565162951535312, 1.000000000000000000, 0.9510565162951535312, 1.000000000000000000, 0.9510565162951535312, 1.000000000000000000, 0.9510565162951535312, 1.000000000000000000, 0.9510565162951535312, 1.000000000000000000, 0.9510565162951535312, 1.000000000000000000, 0.9510565162951535312, 1.000000000000000000, 0.9510565162951535312, 1.000000000000000000, 0.9510565162951535312, 1.000000000000000000, 0.9510565162951535312, 1.000000000000000000, 0.9510565162951535312, 1.000000000000000000, 0.9510565162951535312, 1.000000000000000000, 0.9510565162951535312, 1.000000000000000000, 0.9510565162951535312, 1.000000000000000000, 0.9510565162951535312, 1.000000000000000000) ) ) 
 REPRESENTATION_ITEM ( '' )  SURFACE ( )  );
#1886 = CARTESIAN_POINT ( 'NONE',  ( -4.049522174361919191, 0.6413814460608511236, -3.600000010957123298 ) ) ;
#1887 = FACE_OUTER_BOUND ( 'NONE', #6237, .T. ) ;
#1888 = CIRCLE ( 'NONE', #4169, 3.600000000000000089 ) ;
#1889 = CARTESIAN_POINT ( 'NONE',  ( -1.957150696398379353, 3.841124844479640643, 10.09999998904287466 ) ) ;
#1890 = CARTESIAN_POINT ( 'NONE',  ( -2.545584324645416618, 2.545584499897719954, 9.166025392827316765 ) ) ;
#1891 = CARTESIAN_POINT ( 'NONE',  ( 3.555678006756805676, -0.5631641965412353956, 5.533974585258436107 ) ) ;
#1892 = VERTEX_POINT ( 'NONE', #1813 ) ;
#1893 = CARTESIAN_POINT ( 'NONE',  ( 1.634365909477759171, 3.207623430818668187, 2.766025392827315965 ) ) ;
#1894 = CARTESIAN_POINT ( 'NONE',  ( 0.5000000000000024425, -3.988946302579067904, 4.068572082517017741 ) ) ;
#1895 = CARTESIAN_POINT ( 'NONE',  ( -2.899137703068391581, 2.899137902661292454, 2.199999989042878301 ) ) ;
#1896 = CARTESIAN_POINT ( 'NONE',  ( 2.545584324645417063, -2.545584499897719510, 0.1660253928273160151 ) ) ;
#1897 = DIRECTION ( 'NONE',  ( 0.000000000000000000, 0.000000000000000000, -1.000000000000000000 ) ) ;
#1898 = ADVANCED_FACE ( 'NONE', ( #1853 ), #5053, .F. ) ;
#1899 = VECTOR ( 'NONE', #1743, 1000.000000000000000 ) ;
#1900 = CARTESIAN_POINT ( 'NONE',  ( -0.5921458787066042895, -3.738661105659599748, -2.133974607172684390 ) ) ;
#1901 = CARTESIAN_POINT ( 'NONE',  ( -0.5631639517484248181, 3.555678045528178011, -1.033974607172683635 ) ) ;
#1902 = ORIENTED_EDGE ( 'NONE', *, *, #1371, .T. ) ;
#1903 = CARTESIAN_POINT ( 'NONE',  ( 0.5921458787066045115, 3.738661105659599748, 2.033974585258436552 ) ) ;
#1904 = ORIENTED_EDGE ( 'NONE', *, *, #5149, .F. ) ;
#1905 = CARTESIAN_POINT ( 'NONE',  ( -1.097120584650626229, -3.481363619734694215, 1.817573560101516605 ) ) ;
#1906 = CARTESIAN_POINT ( 'NONE',  ( -0.4999999999999975020, -4.069397989875159993, 6.911267035992047170 ) ) ;
#1907 = CARTESIAN_POINT ( 'NONE',  ( 4.049522174361919191, -0.6413814460608517898, 3.399999989042878035 ) ) ;
#1908 = CARTESIAN_POINT ( 'NONE',  ( -0.6413811672690397092, 4.049522218518203154, 7.999999989042877679 ) ) ;
#1909 = CARTESIAN_POINT ( 'NONE',  ( 3.372694867087378423, -1.718474014398682970, 2.266025392827316853 ) ) ;
#1910 = CARTESIAN_POINT ( 'NONE',  ( -2.545584324645416618, 2.545584499897719954, 3.166025392827316765 ) ) ;
#1911 = CARTESIAN_POINT ( 'NONE',  ( 0.5000000701683726678, -3.565108684149226992, 3.128430125577697396 ) ) ;
#1912 = CARTESIAN_POINT ( 'NONE',  ( -2.899137703068391581, 2.899137902661292898, 10.19999998904287786 ) ) ;
#1913 = CARTESIAN_POINT ( 'NONE',  ( -3.048333987505707388, -3.048333777641312636, -3.300000010957120811 ) ) ;
#1914 = CARTESIAN_POINT ( 'NONE',  ( -2.899137703068391581, 2.899137902661292898, -4.700000010957123386 ) ) ;
#1915 = CARTESIAN_POINT ( 'NONE',  ( -0.4999999999999995559, -3.565108693995175937, 3.871765981903404708 ) ) ;
#1916 = CARTESIAN_POINT ( 'NONE',  ( 3.048333987505708276, 3.048333777641312192, 2.799999989042875725 ) ) ;
#1917 = CARTESIAN_POINT ( 'NONE',  ( -2.899137703068391581, 2.899137902661292898, 3.299999989042876614 ) ) ;
#1918 = CARTESIAN_POINT ( 'NONE',  ( -2.899137703068391581, 2.899137902661292454, 0.1999999890428781624 ) ) ;
#1919 = CARTESIAN_POINT ( 'NONE',  ( -3.414465372686276368, -2.282378201525231631, 8.000000000000072831 ) ) ;
#1920 = CARTESIAN_POINT ( 'NONE',  ( -0.5921458787066038454, -3.738661105659599304, -2.966025414741564337 ) ) ;
#1921 = ORIENTED_EDGE ( 'NONE', *, *, #6181, .T. ) ;
#1922 = CARTESIAN_POINT ( 'NONE',  ( 2.545584324645417063, -2.545584499897719510, -3.833974607172684124 ) ) ;
#1923 = CARTESIAN_POINT ( 'NONE',  ( -0.6743883618602996011, -4.257919592556767441, 1.999999989042875903 ) ) ;
#1924 = CARTESIAN_POINT ( 'NONE',  ( -3.599999999782404814, -3.958111353286947247E-05, 10.58335485414687582 ) ) ;
#1925 = CARTESIAN_POINT ( 'NONE',  ( -3.841124709738404253, 1.957150960842944709, -2.600000010957123742 ) ) ;
#1926 = CARTESIAN_POINT ( 'NONE',  ( 0.6413811672690400423, -4.049522218518203154, 2.999999989042878568 ) ) ;
#1927 = CARTESIAN_POINT ( 'NONE',  ( -2.545584324645416618, 2.545584499897719510, 8.333974585258436818 ) ) ;
#1928 = CARTESIAN_POINT ( 'NONE',  ( 4.049522174361919191, -0.6413814460608517898, 8.499999989042876791 ) ) ;
#1929 = CARTESIAN_POINT ( 'NONE',  ( -4.000000000000000888, -5.986100377805715134, 0.7668384925380955508 ) ) ;
#1930 = CARTESIAN_POINT ( 'NONE',  ( -0.4999999999999980571, -3.998562879053499941, 7.991739376108847992 ) ) ;
#1931 = EDGE_CURVE ( 'NONE', #2836, #3992, #3291, .T. ) ;
#1932 = CARTESIAN_POINT ( 'NONE',  ( -3.841124709738404253, 1.957150960842944709, 7.399999989042877147 ) ) ;
#1933 = VECTOR ( 'NONE', #2537, 1000.000000000000000 ) ;
#1934 = FACE_OUTER_BOUND ( 'NONE', #2350, .T. ) ;
#1935 = CARTESIAN_POINT ( 'NONE',  ( -0.5631639517484248181, 3.555678045528178011, -3.033974607172683857 ) ) ;
#1936 = CARTESIAN_POINT ( 'NONE',  ( -3.372694867087378423, 1.718474014398682526, 3.266025392827316409 ) ) ;
#1937 = CARTESIAN_POINT ( 'NONE',  ( 3.048333987505708276, 3.048333777641312192, 6.799999989042875725 ) ) ;
#1938 = VERTEX_POINT ( 'NONE', #1352 ) ;
#1939 = ORIENTED_EDGE ( 'NONE', *, *, #6663, .T. ) ;
#1940 = CARTESIAN_POINT ( 'NONE',  ( 2.899137703068392025, -2.899137902661292454, 3.199999989042877413 ) ) ;
#1941 = CARTESIAN_POINT ( 'NONE',  ( -1.718473782203454592, 3.372694985396756273, 1.066025392827315788 ) ) ;
#1942 = CARTESIAN_POINT ( 'NONE',  ( 1.957150696398380463, -3.841124844479640643, 9.099999989042876436 ) ) ;
#1943 = CARTESIAN_POINT ( 'NONE',  ( -3.738661146426232484, -0.5921456213162119564, -4.533974607172685189 ) ) ;
#1944 = CARTESIAN_POINT ( 'NONE',  ( -2.545584324645416618, 2.545584499897719954, 7.166025392827316765 ) ) ;
#1945 = CARTESIAN_POINT ( 'NONE',  ( -2.899137703068391581, 2.899137902661292454, 10.19999998904287786 ) ) ;
#1946 = CARTESIAN_POINT ( 'NONE',  ( -3.653126813245570315, -1.861360923181276883, 8.599999989042878212 ) ) ;
#1947 = CARTESIAN_POINT ( 'NONE',  ( 4.049522174361919191, -0.6413814460608513457, -2.600000010957122409 ) ) ;
#1948 = CARTESIAN_POINT ( 'NONE',  ( 4.049522174361919191, -0.6413814460608517898, -3.500000010957123653 ) ) ;
#1949 = ORIENTED_EDGE ( 'NONE', *, *, #368, .F. ) ;
#1950 = CARTESIAN_POINT ( 'NONE',  ( 1.861361174683003883, 3.653126685099039594, 4.899999989042876258 ) ) ;
#1951 = CARTESIAN_POINT ( 'NONE',  ( 4.049522174361919191, -0.6413814460608517898, 2.499999989042876347 ) ) ;
#1952 = CARTESIAN_POINT ( 'NONE',  ( 2.899137703068392025, -2.899137902661292010, -0.8000000109571226981 ) ) ;
#1953 = CARTESIAN_POINT ( 'NONE',  ( -1.957150696398379353, 3.841124844479640643, 7.199999989042875193 ) ) ;
#1954 = CARTESIAN_POINT ( 'NONE',  ( 0.5000000000000024425, -3.988946302579067904, 6.068572082517017741 ) ) ;
#1955 = ORIENTED_EDGE ( 'NONE', *, *, #1486, .F. ) ;
#1956 = CARTESIAN_POINT ( 'NONE',  ( 3.048333987505708276, 3.048333777641312192, 8.799999989042873949 ) ) ;
#1957 = CARTESIAN_POINT ( 'NONE',  ( 0.6413811672690400423, -4.049522218518203154, 4.099999989042876436 ) ) ;
#1958 = CARTESIAN_POINT ( 'NONE',  ( -1.718473782203454592, 3.372694985396755829, 6.233974585258436285 ) ) ;
#1959 = DIRECTION ( 'NONE',  ( 0.000000000000000000, 0.5000000000000001110, -0.8660254037844385966 ) ) ;
#1960 = CARTESIAN_POINT ( 'NONE',  ( 1.957150696398380463, -3.841124844479640643, -0.9000000109571220097 ) ) ;
#1961 = CARTESIAN_POINT ( 'NONE',  ( -0.5921458787066038454, -3.738661105659599304, 7.033974585258436107 ) ) ;
#1962 = CARTESIAN_POINT ( 'NONE',  ( 3.207623543337573047, 1.634365688646974624, -3.433974607172682880 ) ) ;
#1963 = CARTESIAN_POINT ( 'NONE',  ( -0.4999999999999995559, -3.565108693995175937, 5.871765981903404708 ) ) ;
#1964 = CARTESIAN_POINT ( 'NONE',  ( 3.048333987505708276, 3.048333777641312192, 2.799999989042875725 ) ) ;
#1965 = CARTESIAN_POINT ( 'NONE',  ( 1.861361174683003883, 3.653126685099039594, 2.899999989042875814 ) ) ;
#1966 = CARTESIAN_POINT ( 'NONE',  ( -4.049522174361919191, 0.6413814460608511236, 6.399999989042878035 ) ) ;
#1967 = CARTESIAN_POINT ( 'NONE',  ( 3.738661146426232484, 0.5921456213162111792, -3.533974607172683857 ) ) ;
#1968 = CARTESIAN_POINT ( 'NONE',  ( 2.545584324645417063, -2.545584499897719510, 2.166025392827315876 ) ) ;
#1969 = CARTESIAN_POINT ( 'NONE',  ( 2.899137703068392025, -2.899137902661292454, 8.299999989042877502 ) ) ;
#1970 = VERTEX_POINT ( 'NONE', #743 ) ;
#1971 = VERTEX_POINT ( 'NONE', #779 ) ;
#1972 = CARTESIAN_POINT ( 'NONE',  ( 3.372694867087378423, -1.718474014398682526, 7.433974585258435575 ) ) ;
#1973 = CARTESIAN_POINT ( 'NONE',  ( 4.257919638985431909, 0.6743880687212407965, 3.499999989042877235 ) ) ;
#1974 = CARTESIAN_POINT ( 'NONE',  ( -1.634365909477758949, -3.207623430818668631, 5.766025392827316409 ) ) ;
#1975 = EDGE_CURVE ( 'NONE', #3390, #6457, #2789, .T. ) ;
#1976 = CARTESIAN_POINT ( 'NONE',  ( 1.957150696398380463, -3.841124844479640643, 3.099999989042878212 ) ) ;
#1977 = CARTESIAN_POINT ( 'NONE',  ( 3.207623543337573047, 1.634365688646974624, -3.433974607172682880 ) ) ;
#1978 = CARTESIAN_POINT ( 'NONE',  ( -1.957150696398379353, 3.841124844479639755, 4.099999989042879101 ) ) ;
#1979 = CARTESIAN_POINT ( 'NONE',  ( -0.6413811672690400423, 4.049522218518203154, 5.999999989042877679 ) ) ;
#1980 = CARTESIAN_POINT ( 'NONE',  ( 0.6413811672690400423, -4.049522218518203154, 6.999999989042877679 ) ) ;
#1981 = CARTESIAN_POINT ( 'NONE',  ( -3.372694867087378423, 1.718474014398681859, 4.433974585258435575 ) ) ;
#1982 = CARTESIAN_POINT ( 'NONE',  ( 1.861361174683003439, 3.653126685099039594, 9.799999989042879278 ) ) ;
#1983 = ORIENTED_EDGE ( 'NONE', *, *, #6410, .F. ) ;
#1984 = CARTESIAN_POINT ( 'NONE',  ( 0.6413811672690400423, -4.049522218518203154, 0.09999998904287703272 ) ) ;
#1985 = CARTESIAN_POINT ( 'NONE',  ( -2.899137703068391581, 2.899137902661292898, 5.299999989042876614 ) ) ;
#1986 = CARTESIAN_POINT ( 'NONE',  ( -1.861361174683002995, -3.653126685099040039, 0.7999999890428779459 ) ) ;
#1987 = CARTESIAN_POINT ( 'NONE',  ( -0.5000000000000616174, -4.069397989875152000, 0.01126703599204118868 ) ) ;
#1988 = CARTESIAN_POINT ( 'NONE',  ( 4.257919638985430133, 0.6743880687212409075, 5.499999989042877679 ) ) ;
#1989 = ORIENTED_EDGE ( 'NONE', *, *, #2459, .T. ) ;
#1990 = CARTESIAN_POINT ( 'NONE',  ( 3.653126813245570315, 1.861360923181276661, 6.699999989042876969 ) ) ;
#1991 = CARTESIAN_POINT ( 'NONE',  ( 3.048333987505708276, 3.048333777641312192, 4.799999989042876614 ) ) ;
#1992 = CARTESIAN_POINT ( 'NONE',  ( -0.6413813089465657535, -4.049522196078690683, 8.000000000000000000 ) ) ;
#1993 = CARTESIAN_POINT ( 'NONE',  ( -0.6743883618602996011, -4.257919592556767441, 4.899999989042877147 ) ) ;
#1994 = CARTESIAN_POINT ( 'NONE',  ( 0.5631639517484254842, -3.555678045528177122, -0.8660254147415634707 ) ) ;
#1995 = CARTESIAN_POINT ( 'NONE',  ( -3.841124709738404253, 1.957150960842944709, 9.399999989042877147 ) ) ;
#1996 = CARTESIAN_POINT ( 'NONE',  ( 0.5316238024962182118, -3.560673513302305970, 7.963295376305275397 ) ) ;
#1997 = CARTESIAN_POINT ( 'NONE',  ( -4.078914444738382272, -0.4800890604230220182, 7.761751311551688725E-16 ) ) ;
#1998 = CARTESIAN_POINT ( 'NONE',  ( -0.6413811672690397092, 4.049522218518203154, 5.099999989042876436 ) ) ;
#1999 = EDGE_CURVE ( 'NONE', #3390, #1851, #4931, .T. ) ;
#2000 = CARTESIAN_POINT ( 'NONE',  ( 1.861361174683003439, 3.653126685099039594, 5.799999989042878390 ) ) ;
#2001 = CARTESIAN_POINT ( 'NONE',  ( -3.207623543337572602, -1.634365688646974846, -4.433974607172683768 ) ) ;
#2002 = CARTESIAN_POINT ( 'NONE',  ( -3.207623543337572602, -1.634365688646974846, 5.566025392827317120 ) ) ;
#2003 = CARTESIAN_POINT ( 'NONE',  ( 1.634365909477759171, 3.207623430818668187, -3.233974607172684035 ) ) ;
#2004 = ORIENTED_EDGE ( 'NONE', *, *, #727, .F. ) ;
#2005 = ORIENTED_EDGE ( 'NONE', *, *, #2615, .F. ) ;
#2006 = DIRECTION ( 'NONE',  ( 0.000000000000000000, 0.000000000000000000, 1.000000000000000000 ) ) ;
#2007 = CARTESIAN_POINT ( 'NONE',  ( 4.049522174361919191, -0.6413814460608517898, -2.600000010957122409 ) ) ;
#2008 = CARTESIAN_POINT ( 'NONE',  ( 3.207623543337573047, 1.634365688646974624, 4.566025392827317120 ) ) ;
#2009 = CARTESIAN_POINT ( 'NONE',  ( -3.048333987505707832, -3.048333777641312636, -1.300000010957121699 ) ) ;
#2010 = CARTESIAN_POINT ( 'NONE',  ( -3.653126813245569871, -1.861360923181277105, 4.599999989042878212 ) ) ;
#2011 = CARTESIAN_POINT ( 'NONE',  ( -0.6743883618602991570, -4.257919592556766553, 6.899999989042878923 ) ) ;
#2012 = CARTESIAN_POINT ( 'NONE',  ( 0.6743883618602999341, 4.257919592556767441, 5.899999989042878035 ) ) ;
#2013 = CARTESIAN_POINT ( 'NONE',  ( -0.5921458787066038454, -3.738661105659599304, 5.033974585258436107 ) ) ;
#2014 = CARTESIAN_POINT ( 'NONE',  ( -4.099999999999999645, 1.932977342603504507E-16, 9.549376743755786379 ) ) ;
#2015 = CARTESIAN_POINT ( 'NONE',  ( 4.049522174361919191, -0.6413814460608517898, 0.4999999890428763472 ) ) ;
#2016 = CARTESIAN_POINT ( 'NONE',  ( 0.6413811672690400423, -4.049522218518203154, 4.099999989042876436 ) ) ;
#2017 = CARTESIAN_POINT ( 'NONE',  ( -4.257919638985431909, -0.6743880687212415737, -3.500000010957124097 ) ) ;
#2018 = CARTESIAN_POINT ( 'NONE',  ( 4.481349428200035234, -7.823441554012720012, 1.921706297058273227 ) ) ;
#2019 = CARTESIAN_POINT ( 'NONE',  ( -1.861361174683002995, -3.653126685099040039, 6.799999989042878390 ) ) ;
#2020 = VERTEX_POINT ( 'NONE', #3505 ) ;
#2021 = CARTESIAN_POINT ( 'NONE',  ( -4.049522174361919191, 0.6413814460608515677, 9.499999989042876791 ) ) ;
#2022 = CARTESIAN_POINT ( 'NONE',  ( -1.861361174683003439, -3.653126685099040039, 5.899999989042876258 ) ) ;
#2023 = CARTESIAN_POINT ( 'NONE',  ( 3.841124709738403809, -1.957150960842944709, 2.399999989042877147 ) ) ;
#2024 = CARTESIAN_POINT ( 'NONE',  ( 8.263777932490310008, -3.566195145751026807, 2.679088325405441395 ) ) ;
#2025 = CARTESIAN_POINT ( 'NONE',  ( 0.4999999999999979461, -3.726949556757874760, 5.083670836087073042 ) ) ;
#2026 = CARTESIAN_POINT ( 'NONE',  ( 1.861361174683003883, 3.653126685099039594, -0.2000000109571228868 ) ) ;
#2027 = CARTESIAN_POINT ( 'NONE',  ( -3.738661146426231596, -0.5921456213162122895, 0.6339745852584360852 ) ) ;
#2028 = CARTESIAN_POINT ( 'NONE',  ( 2.676585940248913165, 2.676585755977737069, 3.833974585258435486 ) ) ;
#2029 = CARTESIAN_POINT ( 'NONE',  ( -1.957150696398379353, 3.841124844479640643, 9.199999989042876081 ) ) ;
#2030 = CARTESIAN_POINT ( 'NONE',  ( -2.676585940248914053, -2.676585755977737513, 5.666025392827316765 ) ) ;
#2031 = CARTESIAN_POINT ( 'NONE',  ( -2.785875712414176864, 3.017724702824896799, -2.923536527458936562E-14 ) ) ;
#2032 = CARTESIAN_POINT ( 'NONE',  ( -3.653126813245570315, -1.861360923181276883, 5.699999989042876969 ) ) ;
#2033 = CARTESIAN_POINT ( 'NONE',  ( 0.5631639517484252622, -3.555678045528178011, 5.966025392827316587 ) ) ;
#2034 = CARTESIAN_POINT ( 'NONE',  ( 0.6413811672690400423, -4.049522218518203154, 6.099999989042876436 ) ) ;
#2035 = CARTESIAN_POINT ( 'NONE',  ( 3.738661146426232484, 0.5921456213162111792, 2.466025392827315255 ) ) ;
#2036 = CARTESIAN_POINT ( 'NONE',  ( 2.676585940248914053, 2.676585755977737069, -3.333974607172683235 ) ) ;
#2037 = ORIENTED_EDGE ( 'NONE', *, *, #4642, .F. ) ;
#2038 = EDGE_LOOP ( 'NONE', ( #298, #2816, #5299, #4715 ) ) ;
#2039 = CIRCLE ( 'NONE', #1801, 5.999999999999999112 ) ;
#2040 = CARTESIAN_POINT ( 'NONE',  ( 2.676585940248914053, 2.676585755977737069, 7.833974585258435930 ) ) ;
#2041 = PRODUCT ( 'Tr8x2 nut set', 'Tr8x2 nut set', '', ( #2510 ) ) ;
#2042 = CARTESIAN_POINT ( 'NONE',  ( -1.861361174683003439, -3.653126685099040039, -1.200000010957122054 ) ) ;
#2043 = CARTESIAN_POINT ( 'NONE',  ( 2.545584324645417063, -2.545584499897719510, 6.166025392827316765 ) ) ;
#2044 = CARTESIAN_POINT ( 'NONE',  ( -3.841124709738404253, 1.957150960842944709, -1.700000010957122498 ) ) ;
#2045 = CARTESIAN_POINT ( 'NONE',  ( 0.4999999999999982792, -3.726949556757873427, 1.083670836087074152 ) ) ;
#2046 = CARTESIAN_POINT ( 'NONE',  ( 3.048333987505707832, 3.048333777641312192, 1.699999989042877635 ) ) ;
#2047 = CARTESIAN_POINT ( 'NONE',  ( 4.257919638985431909, 0.6743880687212407965, 3.499999989042877235 ) ) ;
#2048 = CARTESIAN_POINT ( 'NONE',  ( -3.555678006756805676, 0.5631641965412349515, 2.533974585258436996 ) ) ;
#2049 = CARTESIAN_POINT ( 'NONE',  ( 1.861361174683003883, 3.653126685099039594, 8.899999989042877147 ) ) ;
#2050 = CARTESIAN_POINT ( 'NONE',  ( -1.957150696398379353, 3.841124844479640643, -0.8000000109571244744 ) ) ;
#2051 = CARTESIAN_POINT ( 'NONE',  ( 3.841124709738403809, -1.957150960842944709, 4.399999989042875370 ) ) ;
#2052 = CARTESIAN_POINT ( 'NONE',  ( 1.718473782203455258, -3.372694985396755829, 3.233974585258435841 ) ) ;
#2053 = CARTESIAN_POINT ( 'NONE',  ( 0.6413811672690400423, -4.049522218518203154, 8.099999989042876436 ) ) ;
#2054 = CARTESIAN_POINT ( 'NONE',  ( -0.6413811672690400423, 4.049522218518203154, 9.999999989042878568 ) ) ;
#2055 = ORIENTED_EDGE ( 'NONE', *, *, #3786, .F. ) ;
#2056 = CARTESIAN_POINT ( 'NONE',  ( 4.049522174361919191, -0.6413814460608517898, 2.499999989042876347 ) ) ;
#2057 = CARTESIAN_POINT ( 'NONE',  ( -0.6413811672690397092, 4.049522218518203154, 5.099999989042876436 ) ) ;
#2058 = CARTESIAN_POINT ( 'NONE',  ( -0.6743883618602996011, -4.257919592556767441, 3.999999989042876791 ) ) ;
#2059 = LINE ( 'NONE', #5929, #2372 ) ;
#2060 = CARTESIAN_POINT ( 'NONE',  ( 0.5708636398835420511, -4.060691095137920925, 6.094640575724332265 ) ) ;
#2061 = CARTESIAN_POINT ( 'NONE',  ( -4.049522174361919191, 0.6413814460608515677, 0.3999999890428787008 ) ) ;
#2062 = CARTESIAN_POINT ( 'NONE',  ( 0.5631639517484254842, -3.555678045528177122, 1.133974585258436640 ) ) ;
#2063 = CARTESIAN_POINT ( 'NONE',  ( 2.676585940248913165, 2.676585755977737069, 5.833974585258435930 ) ) ;
#2064 = CARTESIAN_POINT ( 'NONE',  ( -4.049522174361919191, 0.6413814460608515677, 9.499999989042876791 ) ) ;
#2065 = CARTESIAN_POINT ( 'NONE',  ( -1.718473782203454592, 3.372694985396755829, 6.233974585258436285 ) ) ;
#2066 = CARTESIAN_POINT ( 'NONE',  ( 0.6413811672690400423, -4.049522218518203154, 4.099999989042876436 ) ) ;
#2067 =( BOUNDED_SURFACE ( )  B_SPLINE_SURFACE ( 1, 2, ( 
 ( #4297, #6935, #911, #383, #4733, #6323, #2054, #1017, #2088, #5364, #5924, #3741, #984, #6456, #3669, #1584, #1518, #5891, #5298, #6390, #3636, #4799, #3707, #3205, #2594, #6898, #2661, #1051, #3769, #3235, #453, #4767, #4830, #516, #949, #1449, #5856, #3172, #2019, #4198, #6356, #1483, #5823, #4700, #6422, #1551, #3136, #5330, #2629, #7000, #6867, #1988, #4166, #5459, #2190, #6591, #3334, #44, #1616, #648, #2222, #3802, #2694, #6629, #4363, #3940, #5493, #5954, #4926, #2155, #3407, #6025, #1684, #4397, #3867, #1221, #1716, #1151, #6093, #612, #6557, #578, #2255, #2795, #4961, #2293, #1083, #117, #2728, #3902, #1184, #79, #5529, #5564, #4431, #6058, #4330, #4860, #3369, #7033, #2833, #4998, #4467, #1754, #6490, #3268, #5425, #5991, #545, #4892, #2761, #14, #6523, #1649, #3835, #1117, #3301, #3975, #1831, #4656, #4582, #5148, #5184, #2948, #6131, #1260, #3446, #2331, #5109, #4090, #2985, #1370, #1947, #6787, #4051, #308, #6710, #2486, #6751, #1913, #1294, #237, #6669, #796, #1872 ),
 ( #2411, #5602, #723, #6823, #4125, #6211, #1333, #6282, #1792, #1408, #2908, #4618, #6249, #5679, #3595, #3522, #272, #831, #5072, #196, #686, #2450, #3558, #2370, #5714, #3019, #2872, #5033, #156, #4544, #4504, #4013, #6169, #5641, #3484, #761, #1512, #4726, #2656, #3629, #3735, #5884, #1009, #4226, #5357, #943, #4824, #3130, #6383, #4158, #5292, #3700, #2622, #5849, #413, #6891, #1440, #2013, #6316, #5816, #904, #6349, #6416, #1981, #6993, #5784, #2588, #3094, #1477, #4191, #6450, #4761, #5258, #376, #3198, #478, #4290, #342, #6927, #2553, #978, #3663, #2048, #3165, #4793, #5324, #447, #2114, #1577, #5749, #6961, #2082, #866, #4259, #1543, #3057, #5223, #2520, #4692, #6859, #2755, #6585, #6051, #4391, #539, #5389, #508, #2721, #2826, #4322, #4919, #6551, #4425, #3328, #4356, #5487, #38, #6019, #1678, #1074, #5984, #5521, #605, #3861, #2787, #3260, #2215, #1145, #2688, #4955, #4855, #1178, #73, #4991, #1643, #6516, #1710, #2249, #4886, #641, #1608, #3895, #3362, #110, #2284 ) ),
 .UNSPECIFIED., .F., .F., .T. ) 
 B_SPLINE_SURFACE_WITH_KNOTS ( ( 2, 2 ),
 ( 3, 2, 2, 2, 2, 2, 2, 2, 2, 2, 2, 2, 2, 2, 2, 2, 2, 2, 2, 2, 2, 2, 2, 2, 2, 2, 2, 2, 2, 2, 2, 2, 2, 2, 2, 2, 2, 2, 2, 2, 2, 2, 2, 2, 2, 2, 2, 2, 2, 2, 2, 2, 2, 2, 2, 2, 2, 2, 2, 2, 2, 2, 2, 2, 2, 2, 2, 2, 2, 2, 2, 2, 3 ),
 ( 0.000000000000000000, 1.000000000000000000 ),
 ( 0.1093554249205430928, 0.1125000000000000028, 0.1250000000000000000, 0.1375000000000000111, 0.1499999999999999944, 0.1625000000000000056, 0.1749999999999999889, 0.1875000000000000000, 0.2000000000000000111, 0.2124999999999999944, 0.2250000000000000056, 0.2374999999999999889, 0.2500000000000000000, 0.2625000000000000111, 0.2750000000000000222, 0.2874999999999999778, 0.2999999999999999889, 0.3125000000000000000, 0.3250000000000000111, 0.3375000000000000222, 0.3499999999999999778, 0.3624999999999999889, 0.3750000000000000000, 0.3875000000000000111, 0.4000000000000000222, 0.4124999999999999778, 0.4249999999999999889, 0.4375000000000000000, 0.4500000000000000111, 0.4625000000000000222, 0.4749999999999999778, 0.4874999999999999889, 0.5000000000000000000, 0.5124999999999999556, 0.5250000000000000222, 0.5374999999999999778, 0.5500000000000000444, 0.5625000000000000000, 0.5749999999999999556, 0.5875000000000000222, 0.5999999999999999778, 0.6125000000000000444, 0.6250000000000000000, 0.6374999999999999556, 0.6500000000000000222, 0.6624999999999999778, 0.6750000000000000444, 0.6875000000000000000, 0.6999999999999999556, 0.7125000000000000222, 0.7249999999999999778, 0.7375000000000000444, 0.7500000000000000000, 0.7624999999999999556, 0.7750000000000000222, 0.7874999999999999778, 0.8000000000000000444, 0.8125000000000000000, 0.8249999999999999556, 0.8375000000000000222, 0.8499999999999999778, 0.8625000000000000444, 0.8750000000000000000, 0.8874999999999999556, 0.9000000000000000222, 0.9124999999999999778, 0.9250000000000000444, 0.9375000000000000000, 0.9499999999999999556, 0.9625000000000000222, 0.9749999999999999778, 0.9875000000000000444, 1.000000000000000000 ),
 .UNSPECIFIED. ) 
 GEOMETRIC_REPRESENTATION_ITEM ( )  RATIONAL_B_SPLINE_SURFACE ( (
 ( 0.9815697878597295922, 0.9876874832671946880, 1.000000000000000000, 0.9510565162951535312, 1.000000000000000000, 0.9510565162951535312, 1.000000000000000000, 0.9510565162951535312, 1.000000000000000000, 0.9510565162951535312, 1.000000000000000000, 0.9510565162951535312, 1.000000000000000000, 0.9510565162951535312, 1.000000000000000000, 0.9510565162951535312, 1.000000000000000000, 0.9510565162951535312, 1.000000000000000000, 0.9510565162951535312, 1.000000000000000000, 0.9510565162951535312, 1.000000000000000000, 0.9510565162951535312, 1.000000000000000000, 0.9510565162951535312, 1.000000000000000000, 0.9510565162951535312, 1.000000000000000000, 0.9510565162951535312, 1.000000000000000000, 0.9510565162951535312, 1.000000000000000000, 0.9510565162951535312, 1.000000000000000000, 0.9510565162951535312, 1.000000000000000000, 0.9510565162951535312, 1.000000000000000000, 0.9510565162951535312, 1.000000000000000000, 0.9510565162951535312, 1.000000000000000000, 0.9510565162951535312, 1.000000000000000000, 0.9510565162951535312, 1.000000000000000000, 0.9510565162951535312, 1.000000000000000000, 0.9510565162951535312, 1.000000000000000000, 0.9510565162951535312, 1.000000000000000000, 0.9510565162951535312, 1.000000000000000000, 0.9510565162951535312, 1.000000000000000000, 0.9510565162951535312, 1.000000000000000000, 0.9510565162951535312, 1.000000000000000000, 0.9510565162951535312, 1.000000000000000000, 0.9510565162951535312, 1.000000000000000000, 0.9510565162951535312, 1.000000000000000000, 0.9510565162951535312, 1.000000000000000000, 0.9510565162951535312, 1.000000000000000000, 0.9510565162951535312, 1.000000000000000000, 0.9510565162951535312, 1.000000000000000000, 0.9510565162951535312, 1.000000000000000000, 0.9510565162951535312, 1.000000000000000000, 0.9510565162951535312, 1.000000000000000000, 0.9510565162951535312, 1.000000000000000000, 0.9510565162951535312, 1.000000000000000000, 0.9510565162951535312, 1.000000000000000000, 0.9510565162951535312, 1.000000000000000000, 0.9510565162951535312, 1.000000000000000000, 0.9510565162951535312, 1.000000000000000000, 0.9510565162951535312, 1.000000000000000000, 0.9510565162951535312, 1.000000000000000000, 0.9510565162951535312, 1.000000000000000000, 0.9510565162951535312, 1.000000000000000000, 0.9510565162951535312, 1.000000000000000000, 0.9510565162951535312, 1.000000000000000000, 0.9510565162951535312, 1.000000000000000000, 0.9510565162951535312, 1.000000000000000000, 0.9510565162951535312, 1.000000000000000000, 0.9510565162951535312, 1.000000000000000000, 0.9510565162951535312, 1.000000000000000000, 0.9510565162951535312, 1.000000000000000000, 0.9510565162951535312, 1.000000000000000000, 0.9510565162951535312, 1.000000000000000000, 0.9510565162951535312, 1.000000000000000000, 0.9510565162951535312, 1.000000000000000000, 0.9510565162951535312, 1.000000000000000000, 0.9510565162951535312, 1.000000000000000000, 0.9510565162951535312, 1.000000000000000000, 0.9510565162951535312, 1.000000000000000000, 0.9510565162951535312, 1.000000000000000000, 0.9510565162951535312, 1.000000000000000000, 0.9510565162951535312, 1.000000000000000000, 0.9510565162951535312, 1.000000000000000000, 0.9510565162951535312, 1.000000000000000000, 0.9510565162951535312, 1.000000000000000000),
 ( 0.9815697878597295922, 0.9876874832671946880, 1.000000000000000000, 0.9510565162951535312, 1.000000000000000000, 0.9510565162951535312, 1.000000000000000000, 0.9510565162951535312, 1.000000000000000000, 0.9510565162951535312, 1.000000000000000000, 0.9510565162951535312, 1.000000000000000000, 0.9510565162951535312, 1.000000000000000000, 0.9510565162951535312, 1.000000000000000000, 0.9510565162951535312, 1.000000000000000000, 0.9510565162951535312, 1.000000000000000000, 0.9510565162951535312, 1.000000000000000000, 0.9510565162951535312, 1.000000000000000000, 0.9510565162951535312, 1.000000000000000000, 0.9510565162951535312, 1.000000000000000000, 0.9510565162951535312, 1.000000000000000000, 0.9510565162951535312, 1.000000000000000000, 0.9510565162951535312, 1.000000000000000000, 0.9510565162951535312, 1.000000000000000000, 0.9510565162951535312, 1.000000000000000000, 0.9510565162951535312, 1.000000000000000000, 0.9510565162951535312, 1.000000000000000000, 0.9510565162951535312, 1.000000000000000000, 0.9510565162951535312, 1.000000000000000000, 0.9510565162951535312, 1.000000000000000000, 0.9510565162951535312, 1.000000000000000000, 0.9510565162951535312, 1.000000000000000000, 0.9510565162951535312, 1.000000000000000000, 0.9510565162951535312, 1.000000000000000000, 0.9510565162951535312, 1.000000000000000000, 0.9510565162951535312, 1.000000000000000000, 0.9510565162951535312, 1.000000000000000000, 0.9510565162951535312, 1.000000000000000000, 0.9510565162951535312, 1.000000000000000000, 0.9510565162951535312, 1.000000000000000000, 0.9510565162951535312, 1.000000000000000000, 0.9510565162951535312, 1.000000000000000000, 0.9510565162951535312, 1.000000000000000000, 0.9510565162951535312, 1.000000000000000000, 0.9510565162951535312, 1.000000000000000000, 0.9510565162951535312, 1.000000000000000000, 0.9510565162951535312, 1.000000000000000000, 0.9510565162951535312, 1.000000000000000000, 0.9510565162951535312, 1.000000000000000000, 0.9510565162951535312, 1.000000000000000000, 0.9510565162951535312, 1.000000000000000000, 0.9510565162951535312, 1.000000000000000000, 0.9510565162951535312, 1.000000000000000000, 0.9510565162951535312, 1.000000000000000000, 0.9510565162951535312, 1.000000000000000000, 0.9510565162951535312, 1.000000000000000000, 0.9510565162951535312, 1.000000000000000000, 0.9510565162951535312, 1.000000000000000000, 0.9510565162951535312, 1.000000000000000000, 0.9510565162951535312, 1.000000000000000000, 0.9510565162951535312, 1.000000000000000000, 0.9510565162951535312, 1.000000000000000000, 0.9510565162951535312, 1.000000000000000000, 0.9510565162951535312, 1.000000000000000000, 0.9510565162951535312, 1.000000000000000000, 0.9510565162951535312, 1.000000000000000000, 0.9510565162951535312, 1.000000000000000000, 0.9510565162951535312, 1.000000000000000000, 0.9510565162951535312, 1.000000000000000000, 0.9510565162951535312, 1.000000000000000000, 0.9510565162951535312, 1.000000000000000000, 0.9510565162951535312, 1.000000000000000000, 0.9510565162951535312, 1.000000000000000000, 0.9510565162951535312, 1.000000000000000000, 0.9510565162951535312, 1.000000000000000000, 0.9510565162951535312, 1.000000000000000000, 0.9510565162951535312, 1.000000000000000000, 0.9510565162951535312, 1.000000000000000000) ) ) 
 REPRESENTATION_ITEM ( '' )  SURFACE ( )  );
#2068 = CARTESIAN_POINT ( 'NONE',  ( -3.048333987505707388, -3.048333777641312636, 8.699999989042879633 ) ) ;
#2069 = CARTESIAN_POINT ( 'NONE',  ( 3.048333987505708276, 3.048333777641312192, 6.799999989042875725 ) ) ;
#2070 = CARTESIAN_POINT ( 'NONE',  ( -3.738661146426232484, -0.5921456213162119564, 3.466025392827317031 ) ) ;
#2071 = VECTOR ( 'NONE', #5557, 1000.000000000000000 ) ;
#2072 = CARTESIAN_POINT ( 'NONE',  ( -1.718473782203454592, 3.372694985396756273, -2.933974607172684657 ) ) ;
#2073 = ORIENTED_EDGE ( 'NONE', *, *, #3969, .F. ) ;
#2074 = EDGE_CURVE ( 'NONE', #2595, #2439, #5103, .T. ) ;
#2075 = VERTEX_POINT ( 'NONE', #6804 ) ;
#2076 = CARTESIAN_POINT ( 'NONE',  ( -4.049522174361919191, 0.6413814460608511236, 6.399999989042878035 ) ) ;
#2077 = CARTESIAN_POINT ( 'NONE',  ( 3.841124709738403809, -1.957150960842944709, -0.7000000109571216100 ) ) ;
#2078 = CARTESIAN_POINT ( 'NONE',  ( -3.207623543337572602, -1.634365688646974846, -0.4339746071726838239 ) ) ;
#2079 = CARTESIAN_POINT ( 'NONE',  ( -1.861361174683002995, -3.653126685099040039, 4.799999989042878390 ) ) ;
#2080 = CARTESIAN_POINT ( 'NONE',  ( -4.257919638985431909, -0.6743880687212415737, -1.500000010957122099 ) ) ;
#2081 = CARTESIAN_POINT ( 'NONE',  ( 3.048333987505708276, 3.048333777641312192, 7.699999989042878745 ) ) ;
#2082 = CARTESIAN_POINT ( 'NONE',  ( 3.738661146426232040, 0.5921456213162114013, 1.633974585258435086 ) ) ;
#2083 = CARTESIAN_POINT ( 'NONE',  ( 1.957150696398380463, -3.841124844479640643, -3.800000010957123919 ) ) ;
#2084 = EDGE_CURVE ( 'NONE', #4041, #6340, #3086, .T. ) ;
#2085 = CARTESIAN_POINT ( 'NONE',  ( 0.6743883618602999341, 4.257919592556767441, 4.999999989042876791 ) ) ;
#2086 = CARTESIAN_POINT ( 'NONE',  ( 3.555678006756805676, -0.5631641965412353956, 3.533974585258436107 ) ) ;
#2087 = CARTESIAN_POINT ( 'NONE',  ( -0.4999999999999992784, -3.565108693995177713, 3.039698219489806785 ) ) ;
#2088 = CARTESIAN_POINT ( 'NONE',  ( 1.861361174683003439, 3.653126685099039594, 9.799999989042879278 ) ) ;
#2089 = ORIENTED_EDGE ( 'NONE', *, *, #2139, .F. ) ;
#2090 = CARTESIAN_POINT ( 'NONE',  ( 0.6743883618602999341, 4.257919592556767441, 0.9999999890428767912 ) ) ;
#2091 = CARTESIAN_POINT ( 'NONE',  ( -1.861361174683003439, -3.653126685099040039, 1.899999989042876480 ) ) ;
#2092 = CARTESIAN_POINT ( 'NONE',  ( -4.099999999999999645, 1.932977342603504507E-16, 10.44937674375579029 ) ) ;
#2093 = CARTESIAN_POINT ( 'NONE',  ( 0.5000000000000032196, -4.069397989875159993, 0.9892237821706797440 ) ) ;
#2094 = CARTESIAN_POINT ( 'NONE',  ( 4.257919638985431909, 0.6743880687212407965, -2.500000010957122765 ) ) ;
#2095 = CARTESIAN_POINT ( 'NONE',  ( -3.207623543337572602, -1.634365688646975068, 2.733974585258435397 ) ) ;
#2096 = CARTESIAN_POINT ( 'NONE',  ( 0.5921458787066047336, 3.738661105659600192, 8.866025392827316054 ) ) ;
#2097 = CARTESIAN_POINT ( 'NONE',  ( 0.6413811672690400423, -4.049522218518203154, 4.099999989042876436 ) ) ;
#2098 = EDGE_CURVE ( 'NONE', #3304, #402, #3296, .T. ) ;
#2099 = CARTESIAN_POINT ( 'NONE',  ( 3.841124709738403809, -1.957150960842944709, -3.600000010957123298 ) ) ;
#2100 = CARTESIAN_POINT ( 'NONE',  ( -0.6413811672690400423, 4.049522218518203154, 9.999999989042878568 ) ) ;
#2101 = CARTESIAN_POINT ( 'NONE',  ( 4.257919638985431909, 0.6743880687212407965, 6.599999989042875548 ) ) ;
#2102 = CARTESIAN_POINT ( 'NONE',  ( -4.049522174361919191, 0.6413814460608515677, -0.5000000109571227647 ) ) ;
#2103 = CARTESIAN_POINT ( 'NONE',  ( -0.6743883618602996011, -4.257919592556767441, -1.095712409693305744E-08 ) ) ;
#2104 = ORIENTED_EDGE ( 'NONE', *, *, #5114, .F. ) ;
#2105 = ORIENTED_EDGE ( 'NONE', *, *, #2615, .T. ) ;
#2106 = CARTESIAN_POINT ( 'NONE',  ( -1.718473782203454592, 3.372694985396756273, 5.066025392827315343 ) ) ;
#2107 =( BOUNDED_CURVE ( )  B_SPLINE_CURVE ( 2, ( #3971, #2830, #4708, #1996, #6297 ),
 .UNSPECIFIED., .F., .F. ) 
 B_SPLINE_CURVE_WITH_KNOTS ( ( 3, 2, 3 ),
 ( 0.1978183921996871653, 0.2000000000000000111, 0.2003583102557262852 ),
 .UNSPECIFIED. ) 
 CURVE ( )  GEOMETRIC_REPRESENTATION_ITEM ( )  RATIONAL_B_SPLINE_CURVE ( ( 0.9858975828473055536, 0.9914579611340017529, 1.000000000000000000, 0.9985970438270065364, 0.9972745186276319451 ) ) 
 REPRESENTATION_ITEM ( '' )  );
#2108 = EDGE_CURVE ( 'NONE', #4266, #1297, #2039, .T. ) ;
#2109 = CARTESIAN_POINT ( 'NONE',  ( -4.257919638985431909, -0.6743880687212413516, 0.4999999890428779570 ) ) ;
#2110 = CARTESIAN_POINT ( 'NONE',  ( 0.5631639517484252622, -3.555678045528178011, -2.033974607172682969 ) ) ;
#2111 = CARTESIAN_POINT ( 'NONE',  ( 3.599999999999998757, -6.489281078740333703E-15, 0.4154021475402236985 ) ) ;
#2112 = CARTESIAN_POINT ( 'NONE',  ( 0.6413811672690402643, -4.049522218518203154, 2.999999989042878568 ) ) ;
#2113 = CARTESIAN_POINT ( 'NONE',  ( -1.861361174683003439, -3.653126685099040039, 0.7999999890428779459 ) ) ;
#2114 = CARTESIAN_POINT ( 'NONE',  ( 0.5921458787066045115, 3.738661105659599748, 2.033974585258436552 ) ) ;
#2115 = CARTESIAN_POINT ( 'NONE',  ( -4.099999999999999645, 1.932977342603504507E-16, 10.44937674375579029 ) ) ;
#2116 = CARTESIAN_POINT ( 'NONE',  ( -1.957150696398379353, 3.841124844479640643, -0.8000000109571244744 ) ) ;
#2117 = VECTOR ( 'NONE', #2862, 1000.000000000000000 ) ;
#2118 = FACE_BOUND ( 'NONE', #3021, .T. ) ;
#2119 = CARTESIAN_POINT ( 'NONE',  ( -0.5921458787066038454, -3.738661105659599304, 7.033974585258436107 ) ) ;
#2120 = CARTESIAN_POINT ( 'NONE',  ( -3.841124709738404253, 1.957150960842944709, 5.399999989042875370 ) ) ;
#2121 = CARTESIAN_POINT ( 'NONE',  ( 3.599999999999998757, -6.489281078740333703E-15, 0.4154021475402236985 ) ) ;
#2122 = EDGE_LOOP ( 'NONE', ( #4701, #4281, #4569, #869, #856 ) ) ;
#2123 = CARTESIAN_POINT ( 'NONE',  ( 1.957150696398380463, -3.841124844479640643, 4.199999989042876969 ) ) ;
#2124 = CARTESIAN_POINT ( 'NONE',  ( 3.653126813245570315, 1.861360923181276661, 6.699999989042876969 ) ) ;
#2125 = CARTESIAN_POINT ( 'NONE',  ( -4.257919638985431909, -0.6743880687212413516, 8.499999989042878568 ) ) ;
#2126 = CARTESIAN_POINT ( 'NONE',  ( 8.389683128724639616, -3.258113433810551296, 4.399414394357955338 ) ) ;
#2127 = PRODUCT_RELATED_PRODUCT_CATEGORY ( 'part', '', ( #2041 ) ) ;
#2128 = CARTESIAN_POINT ( 'NONE',  ( -1.957150696398379353, 3.841124844479640643, -1.900000010957122898 ) ) ;
#2129 = CARTESIAN_POINT ( 'NONE',  ( 3.555678006756805676, -0.5631641965412353956, 3.533974585258436107 ) ) ;
#2130 = CARTESIAN_POINT ( 'NONE',  ( -3.372694867087378423, 1.718474014398682526, 9.266025392827316409 ) ) ;
#2131 = CARTESIAN_POINT ( 'NONE',  ( -3.555678006756805676, 0.5631641965412353956, 9.366025392827317830 ) ) ;
#2132 = CARTESIAN_POINT ( 'NONE',  ( -3.048333987505707832, -3.048333777641312636, -0.2000000109571228590 ) ) ;
#2133 = CARTESIAN_POINT ( 'NONE',  ( -3.653126813245569871, -1.861360923181277105, 2.599999989042877324 ) ) ;
#2134 = CARTESIAN_POINT ( 'NONE',  ( 1.861361174683003883, 3.653126685099039594, 8.899999989042877147 ) ) ;
#2135 = CARTESIAN_POINT ( 'NONE',  ( 3.048333987505708276, 3.048333777641312192, -3.200000010957123386 ) ) ;
#2136 = CARTESIAN_POINT ( 'NONE',  ( 1.861361174683003883, 3.653126685099039594, 2.899999989042875814 ) ) ;
#2137 = ORIENTED_EDGE ( 'NONE', *, *, #5581, .F. ) ;
#2138 = CARTESIAN_POINT ( 'NONE',  ( 3.207623543337573047, 1.634365688646974624, 6.566025392827317120 ) ) ;
#2139 = EDGE_CURVE ( 'NONE', #6149, #1938, #4972, .T. ) ;
#2140 = CARTESIAN_POINT ( 'NONE',  ( -3.372694867087378423, 1.718474014398681859, 2.433974585258435130 ) ) ;
#2141 = CARTESIAN_POINT ( 'NONE',  ( -1.718473782203454592, 3.372694985396755829, 2.233974585258434509 ) ) ;
#2142 = CARTESIAN_POINT ( 'NONE',  ( 3.555678006756805676, -0.5631641965412358397, 0.3660253928273165536 ) ) ;
#2143 = EDGE_CURVE ( 'NONE', #6457, #6238, #6153, .T. ) ;
#2144 = CARTESIAN_POINT ( 'NONE',  ( -0.5921458787066042895, -3.738661105659599748, 7.866025392827318719 ) ) ;
#2145 = AXIS2_PLACEMENT_3D ( 'NONE', #3504, #3994, #4486 ) ;
#2146 = CARTESIAN_POINT ( 'NONE',  ( -3.841124709738404253, 1.957150960842943821, 2.299999989042877058 ) ) ;
#2147 = CARTESIAN_POINT ( 'NONE',  ( 4.049522174361919191, -0.6413814460608517898, 3.399999989042878035 ) ) ;
#2148 = CARTESIAN_POINT ( 'NONE',  ( 0.000000000000000000, 0.000000000000000000, 8.000000000000000000 ) ) ;
#2149 = CARTESIAN_POINT ( 'NONE',  ( 0.6413811672690400423, -4.049522218518203154, -1.900000010957123120 ) ) ;
#2150 = CARTESIAN_POINT ( 'NONE',  ( 3.653126813245570315, 1.861360923181276661, -3.300000010957123031 ) ) ;
#2151 = CARTESIAN_POINT ( 'NONE',  ( 4.049522174361919191, -0.6413814460608517898, -3.500000010957123653 ) ) ;
#2152 =( NAMED_UNIT ( * ) PLANE_ANGLE_UNIT ( ) SI_UNIT ( $, .RADIAN. ) );
#2153 = CARTESIAN_POINT ( 'NONE',  ( 0.5921458787066045115, 3.738661105659599748, 6.033974585258434331 ) ) ;
#2154 = CARTESIAN_POINT ( 'NONE',  ( 3.048333987505708276, 3.048333777641312192, 0.7999999890428763916 ) ) ;
#2155 = CARTESIAN_POINT ( 'NONE',  ( 3.048333987505707832, 3.048333777641312192, 3.699999989042877413 ) ) ;
#2156 = CARTESIAN_POINT ( 'NONE',  ( 4.257919638985431909, 0.6743880687212407965, 4.599999989042876436 ) ) ;
#2157 = CARTESIAN_POINT ( 'NONE',  ( -4.049522174361919191, 0.6413814460608515677, 7.499999989042877679 ) ) ;
#2158 = FACE_OUTER_BOUND ( 'NONE', #1397, .T. ) ;
#2159 = CARTESIAN_POINT ( 'NONE',  ( -0.6413811672690397092, 4.049522218518203154, -2.900000010957124008 ) ) ;
#2160 = DIRECTION ( 'NONE',  ( -1.000000000000000000, -0.000000000000000000, -0.000000000000000000 ) ) ;
#2161 = DIRECTION ( 'NONE',  ( -1.000000000000000000, 0.000000000000000000, 0.000000000000000000 ) ) ;
#2162 = CARTESIAN_POINT ( 'NONE',  ( -1.861361174683003439, -3.653126685099040039, -3.200000010957122054 ) ) ;
#2163 = CARTESIAN_POINT ( 'NONE',  ( 4.049522174361919191, -0.6413814460608513457, 7.399999989042878035 ) ) ;
#2164 = CARTESIAN_POINT ( 'NONE',  ( 0.5921458787066045115, 3.738661105659599748, 0.03397458525843630867 ) ) ;
#2165 = CARTESIAN_POINT ( 'NONE',  ( 3.207623543337573047, 1.634365688646974624, 6.566025392827317120 ) ) ;
#2166 = CARTESIAN_POINT ( 'NONE',  ( -2.899137703068391581, 2.899137902661292898, 1.299999989042876614 ) ) ;
#2167 = MANIFOLD_SOLID_BREP ( 'Cut-Extrude5', #6344 ) ;
#2168 = CARTESIAN_POINT ( 'NONE',  ( -3.048333987505707388, -3.048333777641312636, 4.699999989042877857 ) ) ;
#2169 = CARTESIAN_POINT ( 'NONE',  ( 4.049522174361919191, -0.6413814460608517898, -0.6000000109571221873 ) ) ;
#2170 = CARTESIAN_POINT ( 'NONE',  ( 0.6743883618602999341, 4.257919592556767441, 0.9999999890428767912 ) ) ;
#2171 = CARTESIAN_POINT ( 'NONE',  ( -3.653126813245570315, -1.861360923181276883, 1.699999989042876081 ) ) ;
#2172 = CARTESIAN_POINT ( 'NONE',  ( 3.653126813245570315, 1.861360923181276661, 2.699999989042876969 ) ) ;
#2173 = CARTESIAN_POINT ( 'NONE',  ( -1.861361174683002995, -3.653126685099040039, -1.200000010957122054 ) ) ;
#2174 = DIRECTION ( 'NONE',  ( -1.000000000000000000, -0.000000000000000000, -0.000000000000000000 ) ) ;
#2175 = CARTESIAN_POINT ( 'NONE',  ( 1.634365909477758727, 3.207623430818667742, -0.06602541474156481405 ) ) ;
#2176 = CARTESIAN_POINT ( 'NONE',  ( 1.634365909477758727, 3.207623430818667742, 1.933974585258435130 ) ) ;
#2177 = VECTOR ( 'NONE', #1246, 1000.000000000000000 ) ;
#2178 = CARTESIAN_POINT ( 'NONE',  ( 3.738661146426232484, 0.5921456213162111792, 4.466025392827317475 ) ) ;
#2179 = EDGE_CURVE ( 'NONE', #6391, #3304, #2395, .T. ) ;
#2180 = CARTESIAN_POINT ( 'NONE',  ( 3.048333987505707832, 3.048333777641312192, 3.699999989042877413 ) ) ;
#2181 = CARTESIAN_POINT ( 'NONE',  ( 1.957150696398380463, -3.841124844479640643, -0.9000000109571220097 ) ) ;
#2182 = CARTESIAN_POINT ( 'NONE',  ( -4.000000000000000888, -8.062257748298549132, 6.034491490727839746 ) ) ;
#2183 = ADVANCED_FACE ( 'NONE', ( #2158 ), #3338, .F. ) ;
#2184 = CARTESIAN_POINT ( 'NONE',  ( -3.048333987505707832, -3.048333777641312636, 8.699999989042879633 ) ) ;
#2185 = CARTESIAN_POINT ( 'NONE',  ( -1.957150696398379353, 3.841124844479640643, 1.199999989042875415 ) ) ;
#2186 = CARTESIAN_POINT ( 'NONE',  ( -0.6743883618602996011, -4.257919592556767441, 1.999999989042875903 ) ) ;
#2187 = CARTESIAN_POINT ( 'NONE',  ( -0.5000000000000445199, -3.807913843934094267, 5.939075346948504475 ) ) ;
#2188 = CARTESIAN_POINT ( 'NONE',  ( -0.5631639517484252622, 3.555678045528177567, 6.133974585258435752 ) ) ;
#2189 = CARTESIAN_POINT ( 'NONE',  ( 1.957150696398380463, -3.841124844479640643, 2.199999989042876525 ) ) ;
#2190 = CARTESIAN_POINT ( 'NONE',  ( 2.899137703068392025, -2.899137902661292010, 5.199999989042877857 ) ) ;
#2191 = CARTESIAN_POINT ( 'NONE',  ( -0.6413811672690397092, 4.049522218518203154, 3.099999989042876436 ) ) ;
#2192 = ORIENTED_EDGE ( 'NONE', *, *, #3127, .F. ) ;
#2193 = CARTESIAN_POINT ( 'NONE',  ( -0.5000000000000095479, -3.740407263734021992, 2.995272759698121678 ) ) ;
#2194 = CARTESIAN_POINT ( 'NONE',  ( 8.052519607810797453, -4.022579025793818097, 2.065801554174790944 ) ) ;
#2195 = EDGE_CURVE ( 'NONE', #367, #1970, #1028, .T. ) ;
#2196 = CARTESIAN_POINT ( 'NONE',  ( 1.861361174683003883, 3.653126685099039594, 4.899999989042876258 ) ) ;
#2197 = CARTESIAN_POINT ( 'NONE',  ( -1.957150696398379353, 3.841124844479640199, 8.099999989042878212 ) ) ;
#2198 = CARTESIAN_POINT ( 'NONE',  ( -3.600000000000000089, 0.000000000000000000, 10.00000000000000000 ) ) ;
#2199 = CARTESIAN_POINT ( 'NONE',  ( 4.257919638985430133, 0.6743880687212409075, 7.499999989042877679 ) ) ;
#2200 = CARTESIAN_POINT ( 'NONE',  ( -0.5631639517484252622, 3.555678045528177567, 0.1339745852584356967 ) ) ;
#2201 = CARTESIAN_POINT ( 'NONE',  ( -1.634365909477758949, -3.207623430818668631, 7.766025392827317297 ) ) ;
#2202 = CARTESIAN_POINT ( 'NONE',  ( -2.899137703068391581, 2.899137902661292898, -0.7000000109571233864 ) ) ;
#2203 = CARTESIAN_POINT ( 'NONE',  ( -1.861361174683002995, -3.653126685099040039, 2.799999989042877946 ) ) ;
#2204 = CARTESIAN_POINT ( 'NONE',  ( 2.899137703068392025, -2.899137902661292454, 1.199999989042877413 ) ) ;
#2205 = CARTESIAN_POINT ( 'NONE',  ( -0.6413811672690397092, 4.049522218518203154, 3.099999989042876436 ) ) ;
#2206 = CARTESIAN_POINT ( 'NONE',  ( 0.6413811672690400423, -4.049522218518203154, 2.099999989042876880 ) ) ;
#2207 = CARTESIAN_POINT ( 'NONE',  ( 4.049522174361919191, -0.6413814460608517898, 2.499999989042876347 ) ) ;
#2208 = CARTESIAN_POINT ( 'NONE',  ( -4.049522174361919191, 0.6413814460608511236, -1.600000010957123076 ) ) ;
#2209 = CARTESIAN_POINT ( 'NONE',  ( -3.372694867087378423, 1.718474014398682526, 5.266025392827317297 ) ) ;
#2210 = CARTESIAN_POINT ( 'NONE',  ( 4.049522174361919191, -0.6413814460608517898, -2.600000010957122409 ) ) ;
#2211 = CARTESIAN_POINT ( 'NONE',  ( 3.555678006756805676, -0.5631641965412353956, 5.533974585258436107 ) ) ;
#2212 = CARTESIAN_POINT ( 'NONE',  ( -1.634365909477758949, -3.207623430818668631, 5.766025392827316409 ) ) ;
#2213 = CARTESIAN_POINT ( 'NONE',  ( -3.048333987505707388, -3.048333777641312636, -3.300000010957120811 ) ) ;
#2214 = CARTESIAN_POINT ( 'NONE',  ( -3.841124709738404253, 1.957150960842944709, 2.299999989042877058 ) ) ;
#2215 = CARTESIAN_POINT ( 'NONE',  ( -0.5631639517484252622, 3.555678045528177567, -1.866025414741564248 ) ) ;
#2216 = CARTESIAN_POINT ( 'NONE',  ( -3.841124709738404253, 1.957150960842944709, 8.299999989042875725 ) ) ;
#2217 = CARTESIAN_POINT ( 'NONE',  ( -0.6413811672690397092, 4.049522218518203154, -0.9000000109571238971 ) ) ;
#2218 = CARTESIAN_POINT ( 'NONE',  ( -3.841124709738404253, 1.957150960842944709, -0.6000000109571239637 ) ) ;
#2219 = AXIS2_PLACEMENT_3D ( 'NONE', #6396, #3107, #1524 ) ;
#2220 = CARTESIAN_POINT ( 'NONE',  ( -3.738661146426231596, -0.5921456213162122895, -3.366025414741566024 ) ) ;
#2221 = CARTESIAN_POINT ( 'NONE',  ( 1.861361174683003883, 3.653126685099039594, 6.899999989042876258 ) ) ;
#2222 = CARTESIAN_POINT ( 'NONE',  ( -3.653126813245569871, -1.861360923181277105, 4.599999989042878212 ) ) ;
#2223 = CARTESIAN_POINT ( 'NONE',  ( -1.957150696398379353, 3.841124844479640643, 1.199999989042875415 ) ) ;
#2224 = CARTESIAN_POINT ( 'NONE',  ( -2.676585940248913165, -2.676585755977737513, 6.833974585258435930 ) ) ;
#2225 = ORIENTED_EDGE ( 'NONE', *, *, #6948, .T. ) ;
#2226 = CARTESIAN_POINT ( 'NONE',  ( -0.5000000000000045519, -3.608940165819219725, 3.028631538309712656 ) ) ;
#2227 = CARTESIAN_POINT ( 'NONE',  ( 3.738661146426232484, 0.5921456213162111792, 8.466025392827319251 ) ) ;
#2228 = AXIS2_PLACEMENT_3D ( 'NONE', #238, #2521, #6132 ) ;
#2229 = FACE_OUTER_BOUND ( 'NONE', #6740, .T. ) ;
#2230 = CARTESIAN_POINT ( 'NONE',  ( 0.6743883618602993790, 4.257919592556766553, 7.899999989042878035 ) ) ;
#2231 = CARTESIAN_POINT ( 'NONE',  ( -2.545584324645416618, 2.545584499897719510, -3.666025414741564070 ) ) ;
#2232 = CARTESIAN_POINT ( 'NONE',  ( -1.861361174683002995, -3.653126685099040039, 8.799999989042877502 ) ) ;
#2233 = CARTESIAN_POINT ( 'NONE',  ( 3.738661146426232040, 0.5921456213162114013, -0.3660254147415646364 ) ) ;
#2234 = CARTESIAN_POINT ( 'NONE',  ( 2.676585940248914053, 2.676585755977737069, 6.666025392827316765 ) ) ;
#2235 = CARTESIAN_POINT ( 'NONE',  ( -4.257919638985431909, -0.6743880687212413516, 1.599999989042876214 ) ) ;
#2236 = CARTESIAN_POINT ( 'NONE',  ( 0.6413811672690402643, -4.049522218518203154, 2.999999989042878568 ) ) ;
#2237 = CARTESIAN_POINT ( 'NONE',  ( -3.048333987505707832, -3.048333777641312636, -3.300000010957120811 ) ) ;
#2238 = CARTESIAN_POINT ( 'NONE',  ( -4.049522174361919191, 0.6413814460608515677, 1.499999989042877235 ) ) ;
#2239 = CARTESIAN_POINT ( 'NONE',  ( -0.6413811672690397092, 4.049522218518203154, -0.9000000109571238971 ) ) ;
#2240 = CARTESIAN_POINT ( 'NONE',  ( -0.6743883618602996011, -4.257919592556767441, 1.999999989042875903 ) ) ;
#2241 = CARTESIAN_POINT ( 'NONE',  ( 4.257919638985430133, 0.6743880687212409075, 1.499999989042876791 ) ) ;
#2242 = CARTESIAN_POINT ( 'NONE',  ( 1.718473782203455036, -3.372694985396756273, 8.066025392827315343 ) ) ;
#2243 = CARTESIAN_POINT ( 'NONE',  ( 0.6413811672690400423, -4.049522218518203154, -1.000000010957121432 ) ) ;
#2244 = CARTESIAN_POINT ( 'NONE',  ( 2.676585940248913165, 2.676585755977737069, 1.833974585258435708 ) ) ;
#2245 = CYLINDRICAL_SURFACE ( 'NONE', #5472, 3.600000000000000089 ) ;
#2246 = CARTESIAN_POINT ( 'NONE',  ( -3.555678006756805676, 0.5631641965412353956, 7.366025392827317830 ) ) ;
#2247 = CARTESIAN_POINT ( 'NONE',  ( 3.207623543337573047, 1.634365688646974624, 7.733974585258436285 ) ) ;
#2248 = CARTESIAN_POINT ( 'NONE',  ( 2.899137703068392025, -2.899137902661292454, 3.199999989042877413 ) ) ;
#2249 = CARTESIAN_POINT ( 'NONE',  ( -0.5921458787066038454, -3.738661105659599304, -2.966025414741564337 ) ) ;
#2250 = CARTESIAN_POINT ( 'NONE',  ( 1.861361174683003883, 3.653126685099039594, 3.799999989042877058 ) ) ;
#2251 = CARTESIAN_POINT ( 'NONE',  ( 2.899137703068392025, -2.899137902661292454, -3.700000010957124275 ) ) ;
#2252 = CARTESIAN_POINT ( 'NONE',  ( 1.957150696398380463, -3.841124844479640643, -1.800000010957123475 ) ) ;
#2253 = CARTESIAN_POINT ( 'NONE',  ( 3.555678006756805676, -0.5631641965412353956, -2.466025414741564337 ) ) ;
#2254 = CARTESIAN_POINT ( 'NONE',  ( 2.899137703068392025, -2.899137902661292454, 6.299999989042876614 ) ) ;
#2255 = CARTESIAN_POINT ( 'NONE',  ( -4.049522174361919191, 0.6413814460608511236, 2.399999989042878923 ) ) ;
#2256 = CARTESIAN_POINT ( 'NONE',  ( -2.899137703068391581, 2.899137902661292898, 5.299999989042876614 ) ) ;
#2257 = CARTESIAN_POINT ( 'NONE',  ( -0.6743883618602996011, -4.257919592556767441, -4.000000010957124097 ) ) ;
#2258 = ORIENTED_EDGE ( 'NONE', *, *, #6663, .F. ) ;
#2259 = B_SPLINE_CURVE_WITH_KNOTS ( 'NONE', 3,
 ( #1214, #6123, #4219, #404 ),
 .UNSPECIFIED., .F., .F.,
 ( 4, 4 ),
 ( 0.000000000000000000, 0.001689737647456895572 ),
 .UNSPECIFIED. ) ;
#2260 = CARTESIAN_POINT ( 'NONE',  ( 0.6743883618602999341, 4.257919592556767441, 4.999999989042876791 ) ) ;
#2261 = CARTESIAN_POINT ( 'NONE',  ( 7.646538293281373910, -4.749943686075410731, 1.537139885258814287 ) ) ;
#2262 = CARTESIAN_POINT ( 'NONE',  ( -2.899137703068391581, 2.899137902661292898, 5.299999989042876614 ) ) ;
#2263 = CARTESIAN_POINT ( 'NONE',  ( 0.6413811672690402643, -4.049522218518203154, 6.999999989042877679 ) ) ;
#2264 = CARTESIAN_POINT ( 'NONE',  ( -3.738661146426231596, -0.5921456213162122895, -3.366025414741566024 ) ) ;
#2265 = CARTESIAN_POINT ( 'NONE',  ( 1.957150696398380463, -3.841124844479640643, 9.099999989042876436 ) ) ;
#2266 = CARTESIAN_POINT ( 'NONE',  ( -1.718473782203454592, 3.372694985396756273, 7.066025392827317120 ) ) ;
#2267 = CARTESIAN_POINT ( 'NONE',  ( -3.555678006756805676, 0.5631641965412353956, 1.366025392827317386 ) ) ;
#2268 = FACE_OUTER_BOUND ( 'NONE', #933, .T. ) ;
#2269 = CARTESIAN_POINT ( 'NONE',  ( -3.653126813245569871, -1.861360923181277105, 4.599999989042878212 ) ) ;
#2270 = FACE_OUTER_BOUND ( 'NONE', #311, .T. ) ;
#2271 = CARTESIAN_POINT ( 'NONE',  ( -3.048333987505707832, -3.048333777641312636, -0.2000000109571228590 ) ) ;
#2272 = CARTESIAN_POINT ( 'NONE',  ( 4.257919638985431909, 0.6743880687212407965, 5.499999989042877679 ) ) ;
#2273 = CARTESIAN_POINT ( 'NONE',  ( 0.6413811672690400423, -4.049522218518203154, -3.900000010957123120 ) ) ;
#2274 = CARTESIAN_POINT ( 'NONE',  ( 4.049522174361919191, -0.6413814460608513457, -2.600000010957122409 ) ) ;
#2275 = CARTESIAN_POINT ( 'NONE',  ( -2.545584324645416618, 2.545584499897719954, -0.8339746071726831245 ) ) ;
#2276 = CARTESIAN_POINT ( 'NONE',  ( -0.6413811672690397092, 4.049522218518203154, 3.099999989042876436 ) ) ;
#2277 = CARTESIAN_POINT ( 'NONE',  ( -4.049522174361919191, 0.6413814460608515677, 0.3999999890428787008 ) ) ;
#2278 = CARTESIAN_POINT ( 'NONE',  ( -0.5631639517484252622, 3.555678045528177567, 4.133974585258435752 ) ) ;
#2279 = DIRECTION ( 'NONE',  ( 0.000000000000000000, 0.000000000000000000, -1.000000000000000000 ) ) ;
#2280 = EDGE_CURVE ( 'NONE', #4664, #4929, #5002, .T. ) ;
#2281 = CARTESIAN_POINT ( 'NONE',  ( 0.5631639517484252622, -3.555678045528178011, 5.966025392827316587 ) ) ;
#2282 = CARTESIAN_POINT ( 'NONE',  ( 0.5921458787066045115, 3.738661105659599748, 10.03397458525843433 ) ) ;
#2283 = CARTESIAN_POINT ( 'NONE',  ( 3.372694867087378423, -1.718474014398682526, 1.433974585258436463 ) ) ;
#2284 = CARTESIAN_POINT ( 'NONE',  ( -2.545584324645416618, 2.545584499897719510, -3.666025414741564070 ) ) ;
#2285 = VECTOR ( 'NONE', #1674, 1000.000000000000000 ) ;
#2286 = CARTESIAN_POINT ( 'NONE',  ( 3.653126813245570315, 1.861360923181276661, 5.599999989042878212 ) ) ;
#2287 = CARTESIAN_POINT ( 'NONE',  ( -3.841124709738404253, 1.957150960842944709, -4.600000010957123742 ) ) ;
#2288 =( BOUNDED_CURVE ( )  B_SPLINE_CURVE ( 2, ( #6910, #4210, #6367, #1495, #3683, #3147, #6947, #2065, #4244, #1529, #3718, #3002, #7010 ),
 .UNSPECIFIED., .F., .F. ) 
 B_SPLINE_CURVE_WITH_KNOTS ( ( 3, 2, 2, 2, 2, 2, 3 ),
 ( 0.6491302742612528043, 0.6596346246734703378, 0.6736694039218419361, 0.6877041831702136454, 0.7017389624185854657, 0.7157737416669571751, 0.7193041700478404188 ),
 .UNSPECIFIED. ) 
 CURVE ( )  GEOMETRIC_REPRESENTATION_ITEM ( )  RATIONAL_B_SPLINE_CURVE ( ( 0.9815706352953446068, 0.9633681802804264782, 1.000000000000000000, 0.9510565162951535312, 1.000000000000000000, 0.9510565162951535312, 1.000000000000000000, 0.9510565162951535312, 1.000000000000000000, 0.9510565162951535312, 1.000000000000000000, 0.9876883376023932737, 0.9815706368731764719 ) ) 
 REPRESENTATION_ITEM ( '' )  );
#2289 = CARTESIAN_POINT ( 'NONE',  ( 2.899137703068392025, -2.899137902661292454, 0.2999999890428758365 ) ) ;
#2290 = CARTESIAN_POINT ( 'NONE',  ( -0.5000000000012061463, -4.069397989875012556, 2.011267035991950003 ) ) ;
#2291 = CARTESIAN_POINT ( 'NONE',  ( -3.372694867087378423, 1.718474014398681859, 0.4339745852584355190 ) ) ;
#2292 = CARTESIAN_POINT ( 'NONE',  ( 3.653126813245570315, 1.861360923181276661, -1.300000010957123253 ) ) ;
#2293 = CARTESIAN_POINT ( 'NONE',  ( -1.957150696398379353, 3.841124844479640199, 2.099999989042876436 ) ) ;
#2294 = CARTESIAN_POINT ( 'NONE',  ( -1.861361174683003439, -3.653126685099040039, -0.1000000109571234919 ) ) ;
#2295 = CARTESIAN_POINT ( 'NONE',  ( 3.653126813245570315, 1.861360923181276661, -1.300000010957123253 ) ) ;
#2296 = ORIENTED_EDGE ( 'NONE', *, *, #3605, .T. ) ;
#2297 = ADVANCED_FACE ( 'NONE', ( #6135 ), #3077, .F. ) ;
#2298 = CARTESIAN_POINT ( 'NONE',  ( -4.099999999999999645, 1.932977342603504507E-16, 9.549376743755786379 ) ) ;
#2299 = CARTESIAN_POINT ( 'NONE',  ( -2.676585940248914053, -2.676585755977737513, 7.666025392827316765 ) ) ;
#2300 = CARTESIAN_POINT ( 'NONE',  ( -3.841124709738404253, 1.957150960842944709, 5.399999989042875370 ) ) ;
#2301 = CARTESIAN_POINT ( 'NONE',  ( -1.957150696398379353, 3.841124844479640199, 2.099999989042876436 ) ) ;
#2302 = CARTESIAN_POINT ( 'NONE',  ( -2.676585940248912721, -2.676585755977737513, -3.166025414741562738 ) ) ;
#2303 = CARTESIAN_POINT ( 'NONE',  ( 0.6413811672690402643, -4.049522218518203154, 8.999999989042878568 ) ) ;
#2304 = CARTESIAN_POINT ( 'NONE',  ( -0.5921458787066042895, -3.738661105659599748, -0.1339746071726838628 ) ) ;
#2305 = CARTESIAN_POINT ( 'NONE',  ( 3.048333987505708276, 3.048333777641312192, 8.799999989042873949 ) ) ;
#2306 = CARTESIAN_POINT ( 'NONE',  ( 3.207623543337573047, 1.634365688646974624, 7.733974585258436285 ) ) ;
#2307 = DIRECTION ( 'NONE',  ( 0.000000000000000000, -0.4999999999999999445, 0.8660254037844387076 ) ) ;
#2308 = CARTESIAN_POINT ( 'NONE',  ( 0.6413811672690400423, -4.049522218518203154, -1.900000010957123120 ) ) ;
#2309 = CARTESIAN_POINT ( 'NONE',  ( 0.6413811672690400423, -4.049522218518203154, -3.900000010957123120 ) ) ;
#2310 = CARTESIAN_POINT ( 'NONE',  ( 4.049522174361919191, -0.6413814460608517898, -1.500000010957123653 ) ) ;
#2311 = CARTESIAN_POINT ( 'NONE',  ( -2.899137703068391581, 2.899137902661292454, 0.1999999890428781624 ) ) ;
#2312 = ORIENTED_EDGE ( 'NONE', *, *, #6581, .T. ) ;
#2313 = CARTESIAN_POINT ( 'NONE',  ( 3.555678006756805676, -0.5631641965412358397, -1.633974607172683502 ) ) ;
#2314 = CARTESIAN_POINT ( 'NONE',  ( 0.000000000000000000, 0.000000000000000000, 10.00000000000000000 ) ) ;
#2315 = CARTESIAN_POINT ( 'NONE',  ( -3.048333987505707832, -3.048333777641312636, 0.6999999890428785232 ) ) ;
#2316 = CARTESIAN_POINT ( 'NONE',  ( -3.738661146426232484, -0.5921456213162119564, -4.533974607172685189 ) ) ;
#2317 = CARTESIAN_POINT ( 'NONE',  ( 0.5000000701683781079, -3.565108684149226992, 1.128430125576952214 ) ) ;
#2318 = CARTESIAN_POINT ( 'NONE',  ( 3.207623543337573047, 1.634365688646974624, 2.566025392827317120 ) ) ;
#2319 = CARTESIAN_POINT ( 'NONE',  ( -3.599999999999998757, 6.019843724108054435E-15, 1.415402147540224309 ) ) ;
#2320 = CARTESIAN_POINT ( 'NONE',  ( -0.5631639517484252622, 3.555678045528177567, 8.133974585258435752 ) ) ;
#2321 = CARTESIAN_POINT ( 'NONE',  ( 0.5000000000000032196, -4.025807440708808471, 3.001219970121130398 ) ) ;
#2322 = CARTESIAN_POINT ( 'NONE',  ( 1.957150696398380241, -3.841124844479640199, 0.1999999890428764138 ) ) ;
#2323 = ADVANCED_FACE ( 'NONE', ( #2353 ), #1637, .T. ) ;
#2324 = CARTESIAN_POINT ( 'NONE',  ( -4.257919638985431909, -0.6743880687212413516, 6.499999989042879456 ) ) ;
#2325 = CARTESIAN_POINT ( 'NONE',  ( -4.100000000000002309, -0.9196847177407059259, 10.52107237264284478 ) ) ;
#2326 = CARTESIAN_POINT ( 'NONE',  ( 3.841124709738403809, -1.957150960842944709, 7.299999989042879278 ) ) ;
#2327 = CARTESIAN_POINT ( 'NONE',  ( 1.718473782203455258, -3.372694985396755829, 3.233974585258435841 ) ) ;
#2328 = CARTESIAN_POINT ( 'NONE',  ( 0.5921458787066047336, 3.738661105659600192, 6.866025392827316054 ) ) ;
#2329 = CARTESIAN_POINT ( 'NONE',  ( -1.718473782203454592, 3.372694985396755829, 0.2339745852584350916 ) ) ;
#2330 = CARTESIAN_POINT ( 'NONE',  ( -4.049522174361919191, 0.6413814460608515677, -0.5000000109571227647 ) ) ;
#2331 = CARTESIAN_POINT ( 'NONE',  ( 0.6743883618602993790, 4.257919592556766553, -2.100000010957121965 ) ) ;
#2332 = CARTESIAN_POINT ( 'NONE',  ( 3.653126813245570315, 1.861360923181276661, 2.699999989042876969 ) ) ;
#2333 = CARTESIAN_POINT ( 'NONE',  ( -1.957150696398379353, 3.841124844479640643, -0.8000000109571244744 ) ) ;
#2334 = EDGE_LOOP ( 'NONE', ( #6409, #6526, #1154, #1504 ) ) ;
#2335 = CARTESIAN_POINT ( 'NONE',  ( 2.899137703068392025, -2.899137902661292454, 6.299999989042876614 ) ) ;
#2336 =( BOUNDED_CURVE ( )  B_SPLINE_CURVE ( 2, ( #84, #17, #583, #1122, #3306, #6634, #3907, #6063, #1798 ),
 .UNSPECIFIED., .F., .F. ) 
 B_SPLINE_CURVE_WITH_KNOTS ( ( 3, 2, 2, 2, 3 ),
 ( 0.4218556431958115360, 0.4249999999999999889, 0.4375000000000000000, 0.4500000000000000111, 0.4503583102556586448 ),
 .UNSPECIFIED. ) 
 CURVE ( )  GEOMETRIC_REPRESENTATION_ITEM ( )  RATIONAL_B_SPLINE_CURVE ( ( 0.9815706371881782744, 0.9876883379193583945, 1.000000000000000000, 0.9510565162951535312, 1.000000000000000000, 0.9510565162951535312, 1.000000000000000000, 0.9985970438272713245, 0.9972745186281312124 ) ) 
 REPRESENTATION_ITEM ( '' )  );
#2337 = CIRCLE ( 'NONE', #4496, 1.599999999999999867 ) ;
#2338 = CYLINDRICAL_SURFACE ( 'NONE', #4423, 4.250000000000000888 ) ;
#2339 = CARTESIAN_POINT ( 'NONE',  ( -2.899137703068391581, 2.899137902661292898, 7.299999989042876614 ) ) ;
#2340 = CARTESIAN_POINT ( 'NONE',  ( 1.861361174683003439, 3.653126685099039594, 5.799999989042878390 ) ) ;
#2341 = CARTESIAN_POINT ( 'NONE',  ( -3.994630111045241350, 0.9544416322457741630, 7.999999999999986677 ) ) ;
#2342 = CARTESIAN_POINT ( 'NONE',  ( 0.6743883618602993790, 4.257919592556766553, 3.899999989042877591 ) ) ;
#2343 = CARTESIAN_POINT ( 'NONE',  ( -3.372694867087378423, 1.718474014398682526, 3.266025392827316409 ) ) ;
#2344 = CYLINDRICAL_SURFACE ( 'NONE', #3216, 1.599999999999999867 ) ;
#2345 = CARTESIAN_POINT ( 'NONE',  ( 1.957150696398380463, -3.841124844479640643, -2.900000010957122232 ) ) ;
#2346 = CARTESIAN_POINT ( 'NONE',  ( -4.049522174361919191, 0.6413814460608515677, -2.500000010957124541 ) ) ;
#2347 = CARTESIAN_POINT ( 'NONE',  ( -1.861361174683003439, -3.653126685099040039, 6.799999989042878390 ) ) ;
#2348 = CARTESIAN_POINT ( 'NONE',  ( 3.653126813245570315, 1.861360923181276661, -3.300000010957123031 ) ) ;
#2349 = CARTESIAN_POINT ( 'NONE',  ( 3.207623543337573047, 1.634365688646974624, 5.733974585258436285 ) ) ;
#2350 = EDGE_LOOP ( 'NONE', ( #366, #47, #1284, #1939 ) ) ;
#2351 = CARTESIAN_POINT ( 'NONE',  ( -0.5921458787066042895, -3.738661105659599748, -2.133974607172684390 ) ) ;
#2352 = DIRECTION ( 'NONE',  ( -1.000000000000000000, 0.000000000000000000, 0.000000000000000000 ) ) ;
#2353 = FACE_OUTER_BOUND ( 'NONE', #6825, .T. ) ;
#2354 = CARTESIAN_POINT ( 'NONE',  ( -0.6413811672690397092, 4.049522218518203154, 9.099999989042876436 ) ) ;
#2355 = DIRECTION ( 'NONE',  ( 0.000000000000000000, 0.000000000000000000, 1.000000000000000000 ) ) ;
#2356 = CARTESIAN_POINT ( 'NONE',  ( -3.372694867087378423, 1.718474014398682526, 1.266025392827316409 ) ) ;
#2357 = CARTESIAN_POINT ( 'NONE',  ( 1.718473782203455036, -3.372694985396756273, 2.066025392827316676 ) ) ;
#2358 = CARTESIAN_POINT ( 'NONE',  ( 3.207623543337573047, 1.634365688646974624, 9.733974585258437173 ) ) ;
#2359 = EDGE_LOOP ( 'NONE', ( #159, #2400, #2296, #3190 ) ) ;
#2360 = CARTESIAN_POINT ( 'NONE',  ( -3.841124709738404253, 1.957150960842944709, -3.700000010957121610 ) ) ;
#2361 = LINE ( 'NONE', #1823, #6846 ) ;
#2362 = CARTESIAN_POINT ( 'NONE',  ( -3.841124709738404253, 1.957150960842944709, 6.299999989042879278 ) ) ;
#2363 = CARTESIAN_POINT ( 'NONE',  ( 1.861361174683003883, 3.653126685099039594, 7.799999989042878390 ) ) ;
#2364 = EDGE_CURVE ( 'NONE', #1569, #2836, #6080, .T. ) ;
#2365 = CARTESIAN_POINT ( 'NONE',  ( 3.841124709738403809, -1.957150960842944709, 9.299999989042879278 ) ) ;
#2366 = PLANE ( 'NONE',  #1012 ) ;
#2367 = CARTESIAN_POINT ( 'NONE',  ( -3.372694867087378423, 1.718474014398682526, 5.266025392827317297 ) ) ;
#2368 = CARTESIAN_POINT ( 'NONE',  ( 3.738661146426232040, 0.5921456213162114013, 1.633974585258435086 ) ) ;
#2369 = CARTESIAN_POINT ( 'NONE',  ( 1.957150696398380463, -3.841124844479640643, -3.800000010957123919 ) ) ;
#2370 = CARTESIAN_POINT ( 'NONE',  ( -3.372694867087378423, 1.718474014398681859, 8.433974585258436463 ) ) ;
#2371 = CARTESIAN_POINT ( 'NONE',  ( -0.6743883618602996011, -4.257919592556767441, -2.000000010957124097 ) ) ;
#2372 = VECTOR ( 'NONE', #3240, 1000.000000000000000 ) ;
#2373 = CARTESIAN_POINT ( 'NONE',  ( 3.653126813245570315, 1.861360923181276661, -3.300000010957123031 ) ) ;
#2374 = EDGE_LOOP ( 'NONE', ( #280, #6795, #6936, #5157, #1466, #4282, #2398, #4484, #5036, #5315, #264 ) ) ;
#2375 = CARTESIAN_POINT ( 'NONE',  ( -4.049522174361919191, 0.6413814460608515677, 5.499999989042876791 ) ) ;
#2376 = CARTESIAN_POINT ( 'NONE',  ( -1.634365909477758949, -3.207623430818668631, 1.766025392827316853 ) ) ;
#2377 = CARTESIAN_POINT ( 'NONE',  ( -2.899137703068391581, 2.899137902661292898, 5.299999989042876614 ) ) ;
#2378 = CARTESIAN_POINT ( 'NONE',  ( -0.6743883618602991570, -4.257919592556766553, 6.899999989042878923 ) ) ;
#2379 = CARTESIAN_POINT ( 'NONE',  ( -1.115854080123322101, -3.952544306935689367, 8.000000000000003553 ) ) ;
#2380 = CARTESIAN_POINT ( 'NONE',  ( 1.634365909477758727, 3.207623430818667742, -2.066025414741564870 ) ) ;
#2381 = VERTEX_POINT ( 'NONE', #4948 ) ;
#2382 = CARTESIAN_POINT ( 'NONE',  ( -0.5921458787066042895, -3.738661105659599748, -2.133974607172684390 ) ) ;
#2383 = CARTESIAN_POINT ( 'NONE',  ( -3.653126813245570315, -1.861360923181276883, -4.300000010957123919 ) ) ;
#2384 = CARTESIAN_POINT ( 'NONE',  ( 3.372694867087377979, -1.718474014398682526, 9.433974585258436463 ) ) ;
#2385 = CARTESIAN_POINT ( 'NONE',  ( -1.718473782203454592, 3.372694985396756273, 3.066025392827317120 ) ) ;
#2386 = CARTESIAN_POINT ( 'NONE',  ( 0.6743883618602999341, 4.257919592556767441, 5.899999989042878035 ) ) ;
#2387 = CARTESIAN_POINT ( 'NONE',  ( 2.899137703068392025, -2.899137902661292454, -1.700000010957124275 ) ) ;
#2388 = CARTESIAN_POINT ( 'NONE',  ( 3.738661146426232040, 0.5921456213162114013, 7.633974585258436640 ) ) ;
#2389 = EDGE_LOOP ( 'NONE', ( #4547, #2509, #3620, #174 ) ) ;
#2390 = CARTESIAN_POINT ( 'NONE',  ( 1.634365909477759171, 3.207623430818668187, 0.7660253928273158541 ) ) ;
#2391 = PLANE ( 'NONE',  #1398 ) ;
#2392 = CARTESIAN_POINT ( 'NONE',  ( 3.841124709738403809, -1.957150960842944709, 1.299999989042878390 ) ) ;
#2393 = CARTESIAN_POINT ( 'NONE',  ( 3.555678006756805676, -0.5631641965412358397, -1.633974607172683502 ) ) ;
#2394 = CARTESIAN_POINT ( 'NONE',  ( -1.097120583345147837, -3.481363620399867465, 2.985522752657895573 ) ) ;
#2395 = B_SPLINE_CURVE_WITH_KNOTS ( 'NONE', 3,
 ( #4863, #2226, #2538, #6911, #2193, #5801, #7037, #4333, #6561, #5277 ),
 .UNSPECIFIED., .F., .F.,
 ( 4, 3, 3, 4 ),
 ( 0.000000000000000000, 0.0001356333446764943168, 0.0002712666841590274328, 0.0005203910659086944486 ),
 .UNSPECIFIED. ) ;
#2396 = CARTESIAN_POINT ( 'NONE',  ( -1.634365909477758949, -3.207623430818668631, 1.766025392827316853 ) ) ;
#2397 = CARTESIAN_POINT ( 'NONE',  ( -3.207623543337572602, -1.634365688646974846, 3.566025392827317120 ) ) ;
#2398 = ORIENTED_EDGE ( 'NONE', *, *, #4197, .T. ) ;
#2399 = CARTESIAN_POINT ( 'NONE',  ( -0.5631639517484252622, 3.555678045528177567, 6.133974585258435752 ) ) ;
#2400 = ORIENTED_EDGE ( 'NONE', *, *, #2280, .T. ) ;
#2401 = CARTESIAN_POINT ( 'NONE',  ( 0.000000000000000000, 0.000000000000000000, 8.500000000000000000 ) ) ;
#2402 = CARTESIAN_POINT ( 'NONE',  ( 3.048333987505708276, 3.048333777641312192, 0.7999999890428762805 ) ) ;
#2403 = CARTESIAN_POINT ( 'NONE',  ( -0.6743883618602996011, -4.257919592556767441, 6.899999989042878923 ) ) ;
#2404 = CARTESIAN_POINT ( 'NONE',  ( -0.6413811672690397092, 4.049522218518203154, 3.999999989042877679 ) ) ;
#2405 = EDGE_CURVE ( 'NONE', #101, #4620, #4204, .T. ) ;
#2406 = CARTESIAN_POINT ( 'NONE',  ( 1.861361174683003883, 3.653126685099039594, 5.799999989042878390 ) ) ;
#2407 = CARTESIAN_POINT ( 'NONE',  ( 3.599999999999997424, -0.2833262069134597216, 2.390247292901423570 ) ) ;
#2408 = CARTESIAN_POINT ( 'NONE',  ( -2.676585940248913165, -2.676585755977737513, 3.666025392827316765 ) ) ;
#2409 = CARTESIAN_POINT ( 'NONE',  ( -1.861361174683002995, -3.653126685099040039, 4.799999989042878390 ) ) ;
#2410 = CARTESIAN_POINT ( 'NONE',  ( -4.049522174361919191, 0.6413814460608515677, 10.39999998904287892 ) ) ;
#2411 = CARTESIAN_POINT ( 'NONE',  ( -3.599999999782404814, -3.958111353286947247E-05, 10.58335485414687582 ) ) ;
#2412 = EDGE_CURVE ( 'NONE', #3560, #5119, #3823, .T. ) ;
#2413 = CARTESIAN_POINT ( 'NONE',  ( 4.257919638985431909, 0.6743880687212407965, -3.400000010957124008 ) ) ;
#2414 = CARTESIAN_POINT ( 'NONE',  ( -0.4999999999999992784, -3.565108693995177713, 7.039698219484952446 ) ) ;
#2415 = FACE_OUTER_BOUND ( 'NONE', #4298, .T. ) ;
#2416 = CARTESIAN_POINT ( 'NONE',  ( 0.6743883618602999341, 4.257919592556767441, 6.999999989042875903 ) ) ;
#2417 = VECTOR ( 'NONE', #421, 1000.000000000000000 ) ;
#2418 = CARTESIAN_POINT ( 'NONE',  ( 3.653126813245570315, 1.861360923181276661, 6.699999989042876969 ) ) ;
#2419 = CARTESIAN_POINT ( 'NONE',  ( 0.6413811672690402643, -4.049522218518203154, -1.000000010957121432 ) ) ;
#2420 = CARTESIAN_POINT ( 'NONE',  ( -1.576716250283519249, 3.792430226826739137, 7.999999999999996447 ) ) ;
#2421 = B_SPLINE_CURVE_WITH_KNOTS ( 'NONE', 3,
 ( #1389, #6402, #6803, #961 ),
 .UNSPECIFIED., .F., .F.,
 ( 4, 4 ),
 ( 0.000000000000000000, 0.0001427475875138352779 ),
 .UNSPECIFIED. ) ;
#2422 = CARTESIAN_POINT ( 'NONE',  ( -2.676585940248913165, -2.676585755977737513, 4.833974585258435042 ) ) ;
#2423 = ORIENTED_EDGE ( 'NONE', *, *, #3562, .F. ) ;
#2424 = CARTESIAN_POINT ( 'NONE',  ( 1.718473782203455036, -3.372694985396756273, 2.066025392827316676 ) ) ;
#2425 = CARTESIAN_POINT ( 'NONE',  ( -4.257919638985431909, -0.6743880687212413516, -4.400000010957124452 ) ) ;
#2426 = CARTESIAN_POINT ( 'NONE',  ( 2.676585940248913165, 2.676585755977737069, 7.833974585258435930 ) ) ;
#2427 = CARTESIAN_POINT ( 'NONE',  ( -4.049522174361919191, 0.6413814460608515677, -4.500000010957124985 ) ) ;
#2428 = CARTESIAN_POINT ( 'NONE',  ( -4.100000000000000533, 0.3226770689847697771, 10.42422188911698733 ) ) ;
#2429 = CARTESIAN_POINT ( 'NONE',  ( -0.6413811672690397092, 4.049522218518203154, -0.9000000109571238971 ) ) ;
#2430 = CARTESIAN_POINT ( 'NONE',  ( -3.207623543337572602, -1.634365688646975068, 4.733974585258436285 ) ) ;
#2431 = ORIENTED_EDGE ( 'NONE', *, *, #4721, .F. ) ;
#2432 = CARTESIAN_POINT ( 'NONE',  ( -3.207623543337572602, -1.634365688646974846, 1.566025392827316232 ) ) ;
#2433 = CARTESIAN_POINT ( 'NONE',  ( 1.634365909477759171, 3.207623430818668187, 4.766025392827316409 ) ) ;
#2434 = CARTESIAN_POINT ( 'NONE',  ( -0.4999999999999978351, -4.025811538192691330, 3.999255968300563957 ) ) ;
#2435 = CARTESIAN_POINT ( 'NONE',  ( 3.372694867087377979, -1.718474014398682970, -3.733974607172682258 ) ) ;
#2436 = CARTESIAN_POINT ( 'NONE',  ( -0.4999999999999966693, -3.828033666944107960, 4.972961463502937995 ) ) ;
#2437 = CARTESIAN_POINT ( 'NONE',  ( 3.555678006756805676, -0.5631641965412358397, 0.3660253928273165536 ) ) ;
#2438 = CARTESIAN_POINT ( 'NONE',  ( -3.555678006756805676, 0.5631641965412353956, -0.6339746071726826138 ) ) ;
#2439 = VERTEX_POINT ( 'NONE', #3393 ) ;
#2440 = CARTESIAN_POINT ( 'NONE',  ( 1.718473782203455258, -3.372694985396755829, 5.233974585258434509 ) ) ;
#2441 = VERTEX_POINT ( 'NONE', #5018 ) ;
#2442 = CARTESIAN_POINT ( 'NONE',  ( -4.049522174361919191, 0.6413814460608515677, -3.600000010957123298 ) ) ;
#2443 = CARTESIAN_POINT ( 'NONE',  ( 9.000000000000001776, -5.986100377805715134, 3.999999999999998224 ) ) ;
#2444 = CARTESIAN_POINT ( 'NONE',  ( 1.861361174683003883, 3.653126685099039594, 5.799999989042878390 ) ) ;
#2445 = CARTESIAN_POINT ( 'NONE',  ( -4.049522174361919191, 0.6413814460608515677, 8.399999989042878923 ) ) ;
#2446 = CARTESIAN_POINT ( 'NONE',  ( 2.545584324645417063, -2.545584499897719066, 3.333974585258435486 ) ) ;
#2447 = CARTESIAN_POINT ( 'NONE',  ( -1.718473782203454592, 3.372694985396756273, 5.066025392827315343 ) ) ;
#2448 = CARTESIAN_POINT ( 'NONE',  ( 3.653126813245570315, 1.861360923181276883, 7.599999989042878212 ) ) ;
#2449 = CARTESIAN_POINT ( 'NONE',  ( -2.899137703068391581, 2.899137902661292898, -0.7000000109571233864 ) ) ;
#2450 = CARTESIAN_POINT ( 'NONE',  ( -3.738661146426231596, -0.5921456213162122895, 8.633974585258437529 ) ) ;
#2451 = CARTESIAN_POINT ( 'NONE',  ( -1.861361174683003439, -3.653126685099040039, -4.100000010957123742 ) ) ;
#2452 = VERTEX_POINT ( 'NONE', #6652 ) ;
#2453 = CARTESIAN_POINT ( 'NONE',  ( -2.899137703068391581, 2.899137902661292898, 1.299999989042876614 ) ) ;
#2454 = CARTESIAN_POINT ( 'NONE',  ( -0.6413811672690397092, 4.049522218518203154, 9.099999989042876436 ) ) ;
#2455 = CARTESIAN_POINT ( 'NONE',  ( 4.049522174361919191, -0.6413814460608513457, -0.6000000109571221873 ) ) ;
#2456 = CARTESIAN_POINT ( 'NONE',  ( -3.599999999999995648, 0.2833262069134688255, 0.5581964853325425135 ) ) ;
#2457 = CARTESIAN_POINT ( 'NONE',  ( 0.5921458787066045115, 3.738661105659599748, -1.966025414741563671 ) ) ;
#2458 = ORIENTED_EDGE ( 'NONE', *, *, #727, .T. ) ;
#2459 = EDGE_CURVE ( 'NONE', #2611, #4078, #6534, .T. ) ;
#2460 = CARTESIAN_POINT ( 'NONE',  ( 1.861361174683003883, 3.653126685099039594, 8.899999989042877147 ) ) ;
#2461 = CARTESIAN_POINT ( 'NONE',  ( -4.049522174361919191, 0.6413814460608515677, -0.5000000109571227647 ) ) ;
#2462 = CARTESIAN_POINT ( 'NONE',  ( -2.899137703068391581, 2.899137902661292454, -3.800000010957122143 ) ) ;
#2463 = CARTESIAN_POINT ( 'NONE',  ( -0.5631639517484248181, 3.555678045528178011, 2.966025392827316587 ) ) ;
#2464 = VECTOR ( 'NONE', #3990, 1000.000000000000000 ) ;
#2465 = CARTESIAN_POINT ( 'NONE',  ( -3.653126813245570315, -1.861360923181276883, 4.599999989042878212 ) ) ;
#2466 = CARTESIAN_POINT ( 'NONE',  ( 0.5921458787066047336, 3.738661105659600192, 8.866025392827316054 ) ) ;
#2467 = CARTESIAN_POINT ( 'NONE',  ( -2.676585940248912721, -2.676585755977737513, 8.833974585258436818 ) ) ;
#2468 = CARTESIAN_POINT ( 'NONE',  ( -0.6743883618602996011, -4.257919592556767441, 5.999999989042876791 ) ) ;
#2469 = CARTESIAN_POINT ( 'NONE',  ( -0.4999999999999989453, -4.042147619173365847, 0.003756654100999759667 ) ) ;
#2470 = CARTESIAN_POINT ( 'NONE',  ( 0.000000000000000000, 0.000000000000000000, 8.000000000000000000 ) ) ;
#2471 = CARTESIAN_POINT ( 'NONE',  ( 3.207623543337573047, 1.634365688646974624, -1.433974607172682880 ) ) ;
#2472 = DIRECTION ( 'NONE',  ( -1.000000000000000000, 0.000000000000000000, 0.000000000000000000 ) ) ;
#2473 = AXIS2_PLACEMENT_3D ( 'NONE', #2401, #5024, #4534 ) ;
#2474 = CARTESIAN_POINT ( 'NONE',  ( -0.5921458787066042895, -3.738661105659599748, -0.1339746071726838628 ) ) ;
#2475 = CARTESIAN_POINT ( 'NONE',  ( -1.718473782203454592, 3.372694985396756273, 1.066025392827315788 ) ) ;
#2476 = CARTESIAN_POINT ( 'NONE',  ( -3.555678006756805676, 0.5631641965412353956, 1.366025392827317386 ) ) ;
#2477 = ORIENTED_EDGE ( 'NONE', *, *, #4642, .T. ) ;
#2478 = EDGE_LOOP ( 'NONE', ( #6594, #4646, #4561, #1861 ) ) ;
#2479 = CYLINDRICAL_SURFACE ( 'NONE', #1603, 1.599999999999999867 ) ;
#2480 = CARTESIAN_POINT ( 'NONE',  ( -3.841124709738404253, 1.957150960842944709, 6.299999989042879278 ) ) ;
#2481 = CARTESIAN_POINT ( 'NONE',  ( -4.100000000000000533, 0.3226770689847697771, 10.42422188911698733 ) ) ;
#2482 = CARTESIAN_POINT ( 'NONE',  ( -2.545584324645416618, 2.545584499897719954, -4.833974607172683235 ) ) ;
#2483 = CARTESIAN_POINT ( 'NONE',  ( -2.676585940248913165, -2.676585755977737513, 7.666025392827315876 ) ) ;
#2484 = CARTESIAN_POINT ( 'NONE',  ( 4.049522174361919191, -0.6413814460608513457, 7.399999989042878035 ) ) ;
#2485 = CARTESIAN_POINT ( 'NONE',  ( 4.049522174361919191, -0.6413814460608517898, 5.399999989042878035 ) ) ;
#2486 = CARTESIAN_POINT ( 'NONE',  ( -0.6743883618602991570, -4.257919592556766553, -3.100000010957122409 ) ) ;
#2487 = CARTESIAN_POINT ( 'NONE',  ( 0.8033327461727799434, -3.567405365802501560, 7.999999999999998224 ) ) ;
#2488 = VERTEX_POINT ( 'NONE', #1006 ) ;
#2489 = CARTESIAN_POINT ( 'NONE',  ( -0.6413811672690397092, 4.049522218518203154, 1.099999989042876214 ) ) ;
#2490 = CARTESIAN_POINT ( 'NONE',  ( 3.653126813245570315, 1.861360923181276661, 2.699999989042876969 ) ) ;
#2491 = CARTESIAN_POINT ( 'NONE',  ( 1.957150696398380463, -3.841124844479640643, -2.900000010957122232 ) ) ;
#2492 = CARTESIAN_POINT ( 'NONE',  ( -0.4999999999999992784, -3.565108693995177713, 5.039698219489776143 ) ) ;
#2493 = CARTESIAN_POINT ( 'NONE',  ( 0.4999999999999997780, -3.784196729904269141, 6.016241616572052919 ) ) ;
#2494 = ORIENTED_EDGE ( 'NONE', *, *, #4364, .T. ) ;
#2495 = CARTESIAN_POINT ( 'NONE',  ( -4.100004593621992655, 0.3226480660034077852, 9.524224093377002376 ) ) ;
#2496 = CARTESIAN_POINT ( 'NONE',  ( 2.899137703068392025, -2.899137902661292454, 2.299999989042875725 ) ) ;
#2497 = CARTESIAN_POINT ( 'NONE',  ( -3.207623543337572602, -1.634365688646975068, 6.733974585258436285 ) ) ;
#2498 = CYLINDRICAL_SURFACE ( 'NONE', #4949, 1.599999999999999867 ) ;
#2499 = CARTESIAN_POINT ( 'NONE',  ( -2.899137703068391581, 2.899137902661292898, 4.199999989042877857 ) ) ;
#2500 = CARTESIAN_POINT ( 'NONE',  ( 3.555678006756805676, -0.5631641965412353956, 7.533974585258436107 ) ) ;
#2501 = CARTESIAN_POINT ( 'NONE',  ( 4.257919638985431909, 0.6743880687212407965, 8.599999989042872883 ) ) ;
#2502 = DIRECTION ( 'NONE',  ( 0.000000000000000000, 0.000000000000000000, 1.000000000000000000 ) ) ;
#2503 = CARTESIAN_POINT ( 'NONE',  ( -3.653126813245569871, -1.861360923181277105, 2.599999989042877324 ) ) ;
#2504 = CARTESIAN_POINT ( 'NONE',  ( -0.6743883618602996011, -4.257919592556767441, 3.999999989042876791 ) ) ;
#2505 = CARTESIAN_POINT ( 'NONE',  ( -4.257919638985431909, -0.6743880687212415737, 6.499999989042879456 ) ) ;
#2506 = CARTESIAN_POINT ( 'NONE',  ( 1.634365909477759171, 3.207623430818668187, -3.233974607172684035 ) ) ;
#2507 = CARTESIAN_POINT ( 'NONE',  ( -0.5631639517484248181, 3.555678045528178011, 4.966025392827316587 ) ) ;
#2508 = CARTESIAN_POINT ( 'NONE',  ( -3.048333987505707832, -3.048333777641312636, 7.799999989042877502 ) ) ;
#2509 = ORIENTED_EDGE ( 'NONE', *, *, #7018, .T. ) ;
#2510 = PRODUCT_CONTEXT ( 'NONE', #6146, 'mechanical' ) ;
#2511 = VERTEX_POINT ( 'NONE', #4255 ) ;
#2512 = CARTESIAN_POINT ( 'NONE',  ( 0.4999999999999913403, -4.069397989875159993, 4.989223782170678412 ) ) ;
#2513 = CARTESIAN_POINT ( 'NONE',  ( 0.6743883618602999341, 4.257919592556767441, 3.899999989042877591 ) ) ;
#2514 = CARTESIAN_POINT ( 'NONE',  ( 1.718473782203455036, -3.372694985396756273, 4.066025392827317120 ) ) ;
#2515 = CARTESIAN_POINT ( 'NONE',  ( 0.6743883618602999341, 4.257919592556767441, -0.1000000109571217294 ) ) ;
#2516 = CARTESIAN_POINT ( 'NONE',  ( -3.207623543337572602, -1.634365688646974846, -2.433974607172683768 ) ) ;
#2517 = CARTESIAN_POINT ( 'NONE',  ( -0.4999999999999987232, -5.986100377805715134, 3.999999999999998224 ) ) ;
#2518 = CARTESIAN_POINT ( 'NONE',  ( -3.841124709738404253, 1.957150960842943821, 6.299999989042879278 ) ) ;
#2519 = CARTESIAN_POINT ( 'NONE',  ( 3.048333987505708276, 3.048333777641312192, 9.699999989042877857 ) ) ;
#2520 = CARTESIAN_POINT ( 'NONE',  ( -0.5921458787066038454, -3.738661105659599304, 1.033974585258435441 ) ) ;
#2521 = DIRECTION ( 'NONE',  ( -0.000000000000000000, -0.000000000000000000, -1.000000000000000000 ) ) ;
#2522 = CARTESIAN_POINT ( 'NONE',  ( 4.000000000000000888, -5.986100377805715134, 3.999999999999998224 ) ) ;
#2523 = CARTESIAN_POINT ( 'NONE',  ( 4.257919638985431909, 0.6743880687212407965, 2.599999989042875548 ) ) ;
#2524 = CARTESIAN_POINT ( 'NONE',  ( 1.861361174683003883, 3.653126685099039594, 6.899999989042876258 ) ) ;
#2525 = CARTESIAN_POINT ( 'NONE',  ( -3.653126813245569871, -1.861360923181277105, -3.400000010957122676 ) ) ;
#2526 = CARTESIAN_POINT ( 'NONE',  ( -4.100000000000000533, 0.3226770689847697771, 9.524221889116983419 ) ) ;
#2527 = CARTESIAN_POINT ( 'NONE',  ( 0.5631639517484254842, -3.555678045528177122, -2.866025414741563360 ) ) ;
#2528 = VERTEX_POINT ( 'NONE', #863 ) ;
#2529 = EDGE_CURVE ( 'NONE', #5702, #5462, #1882, .T. ) ;
#2530 = CARTESIAN_POINT ( 'NONE',  ( -3.841124709738404253, 1.957150960842944709, 7.399999989042877147 ) ) ;
#2531 = AXIS2_PLACEMENT_3D ( 'NONE', #2932, #2355, #3469 ) ;
#2532 = CARTESIAN_POINT ( 'NONE',  ( 0.6743883618602999341, 4.257919592556767441, -1.000000010957123209 ) ) ;
#2533 = DIRECTION ( 'NONE',  ( 0.000000000000000000, 0.000000000000000000, 1.000000000000000000 ) ) ;
#2534 = CARTESIAN_POINT ( 'NONE',  ( -4.049522174361919191, 0.6413814460608515677, 4.399999989042878035 ) ) ;
#2535 = CARTESIAN_POINT ( 'NONE',  ( 1.634365909477758727, 3.207623430818667742, 1.933974585258435130 ) ) ;
#2536 = CARTESIAN_POINT ( 'NONE',  ( -2.676585940248913165, -2.676585755977737513, -4.333974607172681459 ) ) ;
#2537 = DIRECTION ( 'NONE',  ( -0.000000000000000000, -0.000000000000000000, -1.000000000000000000 ) ) ;
#2538 = CARTESIAN_POINT ( 'NONE',  ( -0.5000000000000095479, -3.652765956095308297, 3.017525414450402010 ) ) ;
#2539 = CARTESIAN_POINT ( 'NONE',  ( 4.049522174361919191, -0.6413814460608517898, 2.499999989042876347 ) ) ;
#2540 = CARTESIAN_POINT ( 'NONE',  ( -0.6413811672690400423, 4.049522218518203154, 5.999999989042877679 ) ) ;
#2541 = CARTESIAN_POINT ( 'NONE',  ( -4.100004593621992655, 0.3226480660034077852, 9.524224093377002376 ) ) ;
#2542 = CARTESIAN_POINT ( 'NONE',  ( 3.738661146426232484, 0.5921456213162111792, 6.466025392827315699 ) ) ;
#2543 = CARTESIAN_POINT ( 'NONE',  ( -0.6413811672690397092, 4.049522218518203154, 7.099999989042876436 ) ) ;
#2544 = EDGE_LOOP ( 'NONE', ( #120, #3943, #4314, #2005 ) ) ;
#2545 = ORIENTED_EDGE ( 'NONE', *, *, #417, .F. ) ;
#2546 = CARTESIAN_POINT ( 'NONE',  ( 0.5000000000000091038, -3.652754938499274573, 1.982783283860948709 ) ) ;
#2547 = CARTESIAN_POINT ( 'NONE',  ( 0.6413811672690400423, -4.049522218518203154, -1.000000010957121432 ) ) ;
#2548 = CARTESIAN_POINT ( 'NONE',  ( 2.676585940248914053, 2.676585755977737069, 2.666025392827315876 ) ) ;
#2549 = CARTESIAN_POINT ( 'NONE',  ( -0.6413811672690397092, 4.049522218518203154, 3.999999989042877679 ) ) ;
#2550 = CARTESIAN_POINT ( 'NONE',  ( -0.6413811672690400423, 4.049522218518203154, 3.999999989042877679 ) ) ;
#2551 = CARTESIAN_POINT ( 'NONE',  ( 1.861361174683003439, 3.653126685099039594, 5.799999989042878390 ) ) ;
#2552 = CARTESIAN_POINT ( 'NONE',  ( -1.957150696398379353, 3.841124844479640643, 4.099999989042879101 ) ) ;
#2553 = CARTESIAN_POINT ( 'NONE',  ( -2.676585940248912721, -2.676585755977737513, 2.833974585258435930 ) ) ;
#2554 = CARTESIAN_POINT ( 'NONE',  ( -0.6413811672690400423, 4.049522218518203154, 9.999999989042878568 ) ) ;
#2555 = CARTESIAN_POINT ( 'NONE',  ( -3.599999999999997424, 0.2833262069134573902, 7.390247292901424458 ) ) ;
#2556 = CARTESIAN_POINT ( 'NONE',  ( 4.257919638985431909, 0.6743880687212407965, 4.599999989042876436 ) ) ;
#2557 = CARTESIAN_POINT ( 'NONE',  ( 0.6413811672690400423, -4.049522218518203154, 8.099999989042876436 ) ) ;
#2558 = CARTESIAN_POINT ( 'NONE',  ( -3.599999999782404814, -3.958111353286947247E-05, 10.58335485414687582 ) ) ;
#2559 = EDGE_LOOP ( 'NONE', ( #6918, #4964, #5173, #615, #5892, #1989, #4768, #6882 ) ) ;
#2560 = CARTESIAN_POINT ( 'NONE',  ( -0.6413811672690397092, 4.049522218518203154, 9.099999989042876436 ) ) ;
#2561 = CARTESIAN_POINT ( 'NONE',  ( 4.257919638985431909, 0.6743880687212407965, 4.599999989042876436 ) ) ;
#2562 = CARTESIAN_POINT ( 'NONE',  ( -4.049522174361919191, 0.6413814460608515677, 3.499999989042876347 ) ) ;
#2563 = CARTESIAN_POINT ( 'NONE',  ( 8.356792408891225321, -3.341567465484944766, 3.220271258858137475 ) ) ;
#2564 = CARTESIAN_POINT ( 'NONE',  ( -0.4999999999999987232, -5.986100377805715134, 3.999999999999998224 ) ) ;
#2565 = CARTESIAN_POINT ( 'NONE',  ( 1.861361174683003883, 3.653126685099039594, 1.799999989042877058 ) ) ;
#2566 = CARTESIAN_POINT ( 'NONE',  ( -3.555678006756805676, 0.5631641965412349515, 2.533974585258436996 ) ) ;
#2567 = CARTESIAN_POINT ( 'NONE',  ( 3.555678006756805676, -0.5631641965412353956, 3.533974585258436107 ) ) ;
#2568 = CARTESIAN_POINT ( 'NONE',  ( -3.841124709738404253, 1.957150960842944709, 7.399999989042877147 ) ) ;
#2569 = CARTESIAN_POINT ( 'NONE',  ( -3.599999999999997868, 3.451745254649113680E-15, 5.415402147540224753 ) ) ;
#2570 = CARTESIAN_POINT ( 'NONE',  ( -0.8821173289415706886, 4.011393355994855803, -5.125019657202089898E-16 ) ) ;
#2571 = CARTESIAN_POINT ( 'NONE',  ( 3.048333987505708276, 3.048333777641312192, 8.799999989042873949 ) ) ;
#2572 =( BOUNDED_SURFACE ( )  B_SPLINE_SURFACE ( 1, 2, ( 
 ( #1308, #2964, #252, #4596, #1890, #286, #4635, #2466, #811, #2999, #5164, #4579, #5638, #269, #3016, #3481, #4048, #6245, #304, #2483, #2982, #1257, #5676, #3555, #1944, #5145, #3519, #2328, #4122, #6208, #1329, #683, #5599, #4501, #153, #3972, #6747, #4653, #6820, #6666, #758, #793, #2945, #2367, #1789, #2447, #720, #234, #6128, #1828, #1405, #3443, #4614, #6279, #5106, #2905, #5069, #193, #4541, #2408, #4087, #6784, #1367, #3592, #1910, #5711, #5181, #6706, #2869, #1868, #828, #4010, #5030, #6166, #1291, #5700, #6195, #4037, #2396, #4146, #2972, #1817, #6694, #2356, #3998, #3546, #5057, #5665, #222, #6235, #6156, #1281, #2437, #294, #1317, #4567, #5734, #2474, #3508, #3582, #3471, #2933, #5207, #6774, #1393, #5625, #748, #4677, #853, #783, #5134, #5095, #4643, #6736, #260, #4112, #4604, #1900, #6807, #1857, #330, #4076, #3043, #1357, #819, #3006, #1935, #5171, #2506, #6269, #6844, #1967, #6302, #3431, #5589, #711, #2895, #181, #4529, #2575, #2001, #1499, #3651, #5872, #4712 ),
 ( #467, #2541, #6438, #3151, #6336, #1532, #3186, #3687, #2134, #2676, #5378, #7014, #4247, #6371, #2644, #4311, #4749, #5804, #1032, #928, #3753, #6878, #3116, #1463, #5280, #1428, #998, #3722, #399, #2069, #6405, #2101, #6914, #4179, #5345, #4214, #2034, #5837, #965, #4813, #5312, #1566, #436, #362, #3616, #2608, #4782, #6951, #890, #6982, #4278, #3079, #5769, #5905, #3219, #497, #4842, #5245, #4446, #96, #529, #4943, #3315, #4379, #6040, #1732, #2205, #2776, #4978, #6073, #1199, #1700, #2743, #3883, #1166, #3351, #1667, #3386, #3850, #60, #4875, #6008, #2238, #5509, #4412, #1133, #560, #2170, #4907, #7049, #6539, #1632, #628, #2708, #27, #5476, #6573, #2812, #593, #2271, #5441, #133, #6607, #4346, #6504, #5409, #3817, #3918, #1064, #5544, #3282, #664, #5972, #1098, #2849, #5011, #2308, #6470, #1596, #3782, #5937, #3249, #2346, #1925, #2997, #1306, #5654, #2922, #1385, #809, #3033, #3498, #284, #6799, #5123, #1272, #774, #3572, #4480, #2962, #5047, #250, #2427, #5162, #4104 ) ),
 .UNSPECIFIED., .F., .F., .T. ) 
 B_SPLINE_SURFACE_WITH_KNOTS ( ( 2, 2 ),
 ( 3, 2, 2, 2, 2, 2, 2, 2, 2, 2, 2, 2, 2, 2, 2, 2, 2, 2, 2, 2, 2, 2, 2, 2, 2, 2, 2, 2, 2, 2, 2, 2, 2, 2, 2, 2, 2, 2, 2, 2, 2, 2, 2, 2, 2, 2, 2, 2, 2, 2, 2, 2, 2, 2, 2, 2, 2, 2, 2, 2, 2, 2, 2, 2, 2, 2, 2, 2, 2, 2, 2, 2, 3 ),
 ( 0.000000000000000000, 1.000000000000000000 ),
 ( 0.1093553605738695755, 0.1125000000000000028, 0.1250000000000000000, 0.1375000000000000111, 0.1499999999999999944, 0.1625000000000000056, 0.1749999999999999889, 0.1875000000000000000, 0.2000000000000000111, 0.2124999999999999944, 0.2250000000000000056, 0.2374999999999999889, 0.2500000000000000000, 0.2625000000000000111, 0.2750000000000000222, 0.2874999999999999778, 0.2999999999999999889, 0.3125000000000000000, 0.3250000000000000111, 0.3375000000000000222, 0.3499999999999999778, 0.3624999999999999889, 0.3750000000000000000, 0.3875000000000000111, 0.4000000000000000222, 0.4124999999999999778, 0.4249999999999999889, 0.4375000000000000000, 0.4500000000000000111, 0.4625000000000000222, 0.4749999999999999778, 0.4874999999999999889, 0.5000000000000000000, 0.5124999999999999556, 0.5250000000000000222, 0.5374999999999999778, 0.5500000000000000444, 0.5625000000000000000, 0.5749999999999999556, 0.5875000000000000222, 0.5999999999999999778, 0.6125000000000000444, 0.6250000000000000000, 0.6374999999999999556, 0.6500000000000000222, 0.6624999999999999778, 0.6750000000000000444, 0.6875000000000000000, 0.6999999999999999556, 0.7125000000000000222, 0.7249999999999999778, 0.7375000000000000444, 0.7500000000000000000, 0.7624999999999999556, 0.7750000000000000222, 0.7874999999999999778, 0.8000000000000000444, 0.8125000000000000000, 0.8249999999999999556, 0.8375000000000000222, 0.8499999999999999778, 0.8625000000000000444, 0.8750000000000000000, 0.8874999999999999556, 0.9000000000000000222, 0.9124999999999999778, 0.9250000000000000444, 0.9375000000000000000, 0.9499999999999999556, 0.9625000000000000222, 0.9749999999999999778, 0.9875000000000000444, 1.000000000000000000 ),
 .UNSPECIFIED. ) 
 GEOMETRIC_REPRESENTATION_ITEM ( )  RATIONAL_B_SPLINE_SURFACE ( (
 ( 0.9815695374925029748, 0.9876872313191653596, 1.000000000000000000, 0.9510565162951535312, 1.000000000000000000, 0.9510565162951535312, 1.000000000000000000, 0.9510565162951535312, 1.000000000000000000, 0.9510565162951535312, 1.000000000000000000, 0.9510565162951535312, 1.000000000000000000, 0.9510565162951535312, 1.000000000000000000, 0.9510565162951535312, 1.000000000000000000, 0.9510565162951535312, 1.000000000000000000, 0.9510565162951535312, 1.000000000000000000, 0.9510565162951535312, 1.000000000000000000, 0.9510565162951535312, 1.000000000000000000, 0.9510565162951535312, 1.000000000000000000, 0.9510565162951535312, 1.000000000000000000, 0.9510565162951535312, 1.000000000000000000, 0.9510565162951535312, 1.000000000000000000, 0.9510565162951535312, 1.000000000000000000, 0.9510565162951535312, 1.000000000000000000, 0.9510565162951535312, 1.000000000000000000, 0.9510565162951535312, 1.000000000000000000, 0.9510565162951535312, 1.000000000000000000, 0.9510565162951535312, 1.000000000000000000, 0.9510565162951535312, 1.000000000000000000, 0.9510565162951535312, 1.000000000000000000, 0.9510565162951535312, 1.000000000000000000, 0.9510565162951535312, 1.000000000000000000, 0.9510565162951535312, 1.000000000000000000, 0.9510565162951535312, 1.000000000000000000, 0.9510565162951535312, 1.000000000000000000, 0.9510565162951535312, 1.000000000000000000, 0.9510565162951535312, 1.000000000000000000, 0.9510565162951535312, 1.000000000000000000, 0.9510565162951535312, 1.000000000000000000, 0.9510565162951535312, 1.000000000000000000, 0.9510565162951535312, 1.000000000000000000, 0.9510565162951535312, 1.000000000000000000, 0.9510565162951535312, 1.000000000000000000, 0.9510565162951535312, 1.000000000000000000, 0.9510565162951535312, 1.000000000000000000, 0.9510565162951535312, 1.000000000000000000, 0.9510565162951535312, 1.000000000000000000, 0.9510565162951535312, 1.000000000000000000, 0.9510565162951535312, 1.000000000000000000, 0.9510565162951535312, 1.000000000000000000, 0.9510565162951535312, 1.000000000000000000, 0.9510565162951535312, 1.000000000000000000, 0.9510565162951535312, 1.000000000000000000, 0.9510565162951535312, 1.000000000000000000, 0.9510565162951535312, 1.000000000000000000, 0.9510565162951535312, 1.000000000000000000, 0.9510565162951535312, 1.000000000000000000, 0.9510565162951535312, 1.000000000000000000, 0.9510565162951535312, 1.000000000000000000, 0.9510565162951535312, 1.000000000000000000, 0.9510565162951535312, 1.000000000000000000, 0.9510565162951535312, 1.000000000000000000, 0.9510565162951535312, 1.000000000000000000, 0.9510565162951535312, 1.000000000000000000, 0.9510565162951535312, 1.000000000000000000, 0.9510565162951535312, 1.000000000000000000, 0.9510565162951535312, 1.000000000000000000, 0.9510565162951535312, 1.000000000000000000, 0.9510565162951535312, 1.000000000000000000, 0.9510565162951535312, 1.000000000000000000, 0.9510565162951535312, 1.000000000000000000, 0.9510565162951535312, 1.000000000000000000, 0.9510565162951535312, 1.000000000000000000, 0.9510565162951535312, 1.000000000000000000, 0.9510565162951535312, 1.000000000000000000, 0.9510565162951535312, 1.000000000000000000, 0.9510565162951535312, 1.000000000000000000, 0.9510565162951535312, 1.000000000000000000),
 ( 0.9815695374925029748, 0.9876872313191653596, 1.000000000000000000, 0.9510565162951535312, 1.000000000000000000, 0.9510565162951535312, 1.000000000000000000, 0.9510565162951535312, 1.000000000000000000, 0.9510565162951535312, 1.000000000000000000, 0.9510565162951535312, 1.000000000000000000, 0.9510565162951535312, 1.000000000000000000, 0.9510565162951535312, 1.000000000000000000, 0.9510565162951535312, 1.000000000000000000, 0.9510565162951535312, 1.000000000000000000, 0.9510565162951535312, 1.000000000000000000, 0.9510565162951535312, 1.000000000000000000, 0.9510565162951535312, 1.000000000000000000, 0.9510565162951535312, 1.000000000000000000, 0.9510565162951535312, 1.000000000000000000, 0.9510565162951535312, 1.000000000000000000, 0.9510565162951535312, 1.000000000000000000, 0.9510565162951535312, 1.000000000000000000, 0.9510565162951535312, 1.000000000000000000, 0.9510565162951535312, 1.000000000000000000, 0.9510565162951535312, 1.000000000000000000, 0.9510565162951535312, 1.000000000000000000, 0.9510565162951535312, 1.000000000000000000, 0.9510565162951535312, 1.000000000000000000, 0.9510565162951535312, 1.000000000000000000, 0.9510565162951535312, 1.000000000000000000, 0.9510565162951535312, 1.000000000000000000, 0.9510565162951535312, 1.000000000000000000, 0.9510565162951535312, 1.000000000000000000, 0.9510565162951535312, 1.000000000000000000, 0.9510565162951535312, 1.000000000000000000, 0.9510565162951535312, 1.000000000000000000, 0.9510565162951535312, 1.000000000000000000, 0.9510565162951535312, 1.000000000000000000, 0.9510565162951535312, 1.000000000000000000, 0.9510565162951535312, 1.000000000000000000, 0.9510565162951535312, 1.000000000000000000, 0.9510565162951535312, 1.000000000000000000, 0.9510565162951535312, 1.000000000000000000, 0.9510565162951535312, 1.000000000000000000, 0.9510565162951535312, 1.000000000000000000, 0.9510565162951535312, 1.000000000000000000, 0.9510565162951535312, 1.000000000000000000, 0.9510565162951535312, 1.000000000000000000, 0.9510565162951535312, 1.000000000000000000, 0.9510565162951535312, 1.000000000000000000, 0.9510565162951535312, 1.000000000000000000, 0.9510565162951535312, 1.000000000000000000, 0.9510565162951535312, 1.000000000000000000, 0.9510565162951535312, 1.000000000000000000, 0.9510565162951535312, 1.000000000000000000, 0.9510565162951535312, 1.000000000000000000, 0.9510565162951535312, 1.000000000000000000, 0.9510565162951535312, 1.000000000000000000, 0.9510565162951535312, 1.000000000000000000, 0.9510565162951535312, 1.000000000000000000, 0.9510565162951535312, 1.000000000000000000, 0.9510565162951535312, 1.000000000000000000, 0.9510565162951535312, 1.000000000000000000, 0.9510565162951535312, 1.000000000000000000, 0.9510565162951535312, 1.000000000000000000, 0.9510565162951535312, 1.000000000000000000, 0.9510565162951535312, 1.000000000000000000, 0.9510565162951535312, 1.000000000000000000, 0.9510565162951535312, 1.000000000000000000, 0.9510565162951535312, 1.000000000000000000, 0.9510565162951535312, 1.000000000000000000, 0.9510565162951535312, 1.000000000000000000, 0.9510565162951535312, 1.000000000000000000, 0.9510565162951535312, 1.000000000000000000, 0.9510565162951535312, 1.000000000000000000, 0.9510565162951535312, 1.000000000000000000) ) ) 
 REPRESENTATION_ITEM ( '' )  SURFACE ( )  );
#2573 = CARTESIAN_POINT ( 'NONE',  ( -4.099999999752186319, -4.507849041229200444E-05, 10.44938025793131686 ) ) ;
#2574 = VECTOR ( 'NONE', #4223, 1000.000000000000000 ) ;
#2575 = CARTESIAN_POINT ( 'NONE',  ( -2.676585940248913165, -2.676585755977737513, -4.333974607172681459 ) ) ;
#2576 = CARTESIAN_POINT ( 'NONE',  ( 3.555678006756805676, -0.5631641965412358397, 4.366025392827316942 ) ) ;
#2577 = CARTESIAN_POINT ( 'NONE',  ( 3.207623543337573047, 1.634365688646974624, -3.433974607172682880 ) ) ;
#2578 = ORIENTED_EDGE ( 'NONE', *, *, #4100, .F. ) ;
#2579 =( BOUNDED_CURVE ( )  B_SPLINE_CURVE ( 2, ( #414, #2555, #5293, #3166, #1442, #3131, #378, #2589, #4762, #5851, #6928, #6892, #3631 ),
 .UNSPECIFIED., .F., .F. ) 
 B_SPLINE_CURVE_WITH_KNOTS ( ( 3, 2, 2, 2, 2, 2, 3 ),
 ( 0.2343556431958115360, 0.2374999999999999889, 0.2500000000000000000, 0.2625000000000000111, 0.2750000000000000222, 0.2874999999999999778, 0.2968556431958115360 ),
 .UNSPECIFIED. ) 
 CURVE ( )  GEOMETRIC_REPRESENTATION_ITEM ( )  RATIONAL_B_SPLINE_CURVE ( ( 0.9815706371881782744, 0.9876883379193583945, 1.000000000000000000, 0.9510565162951535312, 1.000000000000000000, 0.9510565162951535312, 1.000000000000000000, 0.9510565162951535312, 1.000000000000000000, 0.9510565162951535312, 1.000000000000000000, 0.9633681783757951367, 0.9815706371881782744 ) ) 
 REPRESENTATION_ITEM ( '' )  );
#2580 = ORIENTED_EDGE ( 'NONE', *, *, #6178, .T. ) ;
#2581 = CARTESIAN_POINT ( 'NONE',  ( 0.9333306517190402829, 3.476908669211595804, 7.999999998754899089 ) ) ;
#2582 = CARTESIAN_POINT ( 'NONE',  ( 3.048333987505708276, 3.048333777641312192, -2.300000010957122587 ) ) ;
#2583 = CARTESIAN_POINT ( 'NONE',  ( 3.207623543337573047, 1.634365688646974624, 2.566025392827317120 ) ) ;
#2584 = CARTESIAN_POINT ( 'NONE',  ( 2.899137703068392025, -2.899137902661292454, 3.199999989042877413 ) ) ;
#2585 = CARTESIAN_POINT ( 'NONE',  ( -3.555678006756805676, 0.5631641965412349515, 4.533974585258436107 ) ) ;
#2586 = CARTESIAN_POINT ( 'NONE',  ( -4.257919638985431909, -0.6743880687212415737, 0.4999999890428779570 ) ) ;
#2587 = CARTESIAN_POINT ( 'NONE',  ( 0.6413811672690400423, -4.049522218518203154, 4.999999989042877679 ) ) ;
#2588 = CARTESIAN_POINT ( 'NONE',  ( -0.5631639517484252622, 3.555678045528177567, 4.133974585258435752 ) ) ;
#2589 = CARTESIAN_POINT ( 'NONE',  ( 0.5921458787066047336, 3.738661105659599748, 6.866025392827316054 ) ) ;
#2590 = CARTESIAN_POINT ( 'NONE',  ( 3.841124709738403809, -1.957150960842944709, 4.399999989042875370 ) ) ;
#2591 = CARTESIAN_POINT ( 'NONE',  ( 4.257919638985431909, 0.6743880687212407965, 4.599999989042876436 ) ) ;
#2592 = CARTESIAN_POINT ( 'NONE',  ( -3.555678006756805676, 0.5631641965412349515, 4.533974585258436107 ) ) ;
#2593 = CARTESIAN_POINT ( 'NONE',  ( 4.257919638985431909, 0.6743880687212407965, 8.599999989042872883 ) ) ;
#2594 = CARTESIAN_POINT ( 'NONE',  ( -2.899137703068391581, 2.899137902661292454, 8.199999989042877857 ) ) ;
#2595 = VERTEX_POINT ( 'NONE', #5220 ) ;
#2596 = CARTESIAN_POINT ( 'NONE',  ( 0.5631639517484252622, -3.555678045528178011, -4.033974607172682525 ) ) ;
#2597 = CARTESIAN_POINT ( 'NONE',  ( 0.6413811672690400423, -4.049522218518203154, 8.099999989042876436 ) ) ;
#2598 = CARTESIAN_POINT ( 'NONE',  ( 4.257919638985431909, 0.6743880687212407965, 0.5999999890428755478 ) ) ;
#2599 = CARTESIAN_POINT ( 'NONE',  ( 0.000000000000000000, 0.000000000000000000, 10.00000000000000000 ) ) ;
#2600 = CARTESIAN_POINT ( 'NONE',  ( 4.257919638985431909, 0.6743880687212406855, 6.599999989042875548 ) ) ;
#2601 = CARTESIAN_POINT ( 'NONE',  ( -3.841124709738404253, 1.957150960842944709, 2.299999989042877058 ) ) ;
#2602 = CARTESIAN_POINT ( 'NONE',  ( -2.676585940248912721, -2.676585755977737513, 2.833974585258435930 ) ) ;
#2603 = CARTESIAN_POINT ( 'NONE',  ( -2.545584324645416618, 2.545584499897719510, 6.333974585258435930 ) ) ;
#2604 = CARTESIAN_POINT ( 'NONE',  ( 3.048333987505708276, 3.048333777641312192, 6.799999989042875725 ) ) ;
#2605 = CARTESIAN_POINT ( 'NONE',  ( -0.4999999999999992784, -3.565108693995177713, 10.00000000000000000 ) ) ;
#2606 = CARTESIAN_POINT ( 'NONE',  ( 3.653126813245570315, 1.861360923181276661, 8.699999989042877857 ) ) ;
#2607 = CARTESIAN_POINT ( 'NONE',  ( -0.6413811672690400423, 4.049522218518203154, 7.999999989042877679 ) ) ;
#2608 = CARTESIAN_POINT ( 'NONE',  ( -1.957150696398379353, 3.841124844479640643, 5.199999989042876969 ) ) ;
#2609 = CARTESIAN_POINT ( 'NONE',  ( 1.634365909477759171, 3.207623430818668187, 6.766025392827316409 ) ) ;
#2610 = CARTESIAN_POINT ( 'NONE',  ( -2.899137703068391581, 2.899137902661292898, 7.299999989042876614 ) ) ;
#2611 = VERTEX_POINT ( 'NONE', #373 ) ;
#2612 = ORIENTED_EDGE ( 'NONE', *, *, #5961, .T. ) ;
#2613 = CARTESIAN_POINT ( 'NONE',  ( 2.899137703068392025, -2.899137902661292010, 5.199999989042877857 ) ) ;
#2614 = AXIS2_PLACEMENT_3D ( 'NONE', #1218, #3366, #5068 ) ;
#2615 = EDGE_CURVE ( 'NONE', #5193, #6149, #5321, .T. ) ;
#2616 =( BOUNDED_CURVE ( )  B_SPLINE_CURVE ( 2, ( #5809, #6376, #934, #1399, #1469, #4717, #2076, #4184, #335, #5213, #6883, #896, #3587, #6813, #4252, #6307, #2649, #472, #2613, #4787, #5250, #6956, #2512 ),
 .UNSPECIFIED., .F., .F. ) 
 B_SPLINE_CURVE_WITH_KNOTS ( ( 3, 2, 2, 2, 2, 2, 2, 2, 2, 2, 2, 3 ),
 ( 0.2483675870281897846, 0.2561565164019707352, 0.2701912991113589735, 0.2842260818207472672, 0.2982608645301355610, 0.3122956472395238547, 0.3263304299489121485, 0.3403652126583003867, 0.3543999953676886805, 0.3684347780770769742, 0.3824695607864652125, 0.3832582764242201678 ),
 .UNSPECIFIED. ) 
 CURVE ( )  GEOMETRIC_REPRESENTATION_ITEM ( )  RATIONAL_B_SPLINE_CURVE ( ( 0.9758240785687564145, 0.9728376743853084374, 1.000000000000000000, 0.9510565162951535312, 1.000000000000000000, 0.9510565162951535312, 1.000000000000000000, 0.9510565162951535312, 1.000000000000000000, 0.9510565162951535312, 1.000000000000000000, 0.9510565162951535312, 1.000000000000000000, 0.9510565162951535312, 1.000000000000000000, 0.9510565162951535312, 1.000000000000000000, 0.9510565162951535312, 1.000000000000000000, 0.9510565162951535312, 1.000000000000000000, 0.9972495127453313568, 0.9948081649129285609 ) ) 
 REPRESENTATION_ITEM ( '' )  );
#2617 = CARTESIAN_POINT ( 'NONE',  ( -4.049522174361919191, 0.6413814460608515677, -3.600000010957123298 ) ) ;
#2618 = CARTESIAN_POINT ( 'NONE',  ( -2.545584324645416618, 2.545584499897719954, 3.166025392827316765 ) ) ;
#2619 = CARTESIAN_POINT ( 'NONE',  ( 3.599999999999998757, 4.410407838885627001E-08, 3.583351343887083207 ) ) ;
#2620 = CARTESIAN_POINT ( 'NONE',  ( -1.957150696398379353, 3.841124844479640199, 4.099999989042879101 ) ) ;
#2621 = CARTESIAN_POINT ( 'NONE',  ( 3.653126813245570315, 1.861360923181276661, 9.599999989042878212 ) ) ;
#2622 = CARTESIAN_POINT ( 'NONE',  ( 3.555678006756805676, -0.5631641965412353956, 5.533974585258436107 ) ) ;
#2623 = CARTESIAN_POINT ( 'NONE',  ( -4.100000000000002309, -0.9196847177407059259, 9.621072372642844428 ) ) ;
#2624 = CARTESIAN_POINT ( 'NONE',  ( -0.6413811672690397092, 4.049522218518203154, -2.900000010957124008 ) ) ;
#2625 = CARTESIAN_POINT ( 'NONE',  ( 1.957150696398380463, -3.841124844479640643, 6.199999989042875193 ) ) ;
#2626 = EDGE_CURVE ( 'NONE', #3119, #6238, #5469, .T. ) ;
#2627 = CARTESIAN_POINT ( 'NONE',  ( -0.5921458787066038454, -3.738661105659599304, 3.033974585258435663 ) ) ;
#2628 = CARTESIAN_POINT ( 'NONE',  ( 0.4622106987568113112, 3.788464854558688977, -7.619762081387636515E-16 ) ) ;
#2629 = CARTESIAN_POINT ( 'NONE',  ( 1.861361174683003439, 3.653126685099039594, 5.799999989042878390 ) ) ;
#2630 = ORIENTED_EDGE ( 'NONE', *, *, #6814, .T. ) ;
#2631 = CARTESIAN_POINT ( 'NONE',  ( -0.6413811672690397092, 4.049522218518203154, 1.099999989042876214 ) ) ;
#2632 = CARTESIAN_POINT ( 'NONE',  ( -2.899137703068391581, 2.899137902661292898, 7.299999989042876614 ) ) ;
#2633 = CARTESIAN_POINT ( 'NONE',  ( 3.653126813245570315, 1.861360923181276661, 9.599999989042878212 ) ) ;
#2634 = CARTESIAN_POINT ( 'NONE',  ( 7.646671218941354375, -4.749679755725462194, 6.462628440490220783 ) ) ;
#2635 = CARTESIAN_POINT ( 'NONE',  ( -4.000000000000000888, -3.186100377805715755, 2.383419246269047775 ) ) ;
#2636 = CARTESIAN_POINT ( 'NONE',  ( -3.653126813245570315, -1.861360923181276883, -1.400000010957122676 ) ) ;
#2637 = CARTESIAN_POINT ( 'NONE',  ( -3.207623543337572602, -1.634365688646975068, 0.7339745852584355079 ) ) ;
#2638 = CARTESIAN_POINT ( 'NONE',  ( -2.545584324645416618, 2.545584499897719510, -1.666025414741563848 ) ) ;
#2639 = CARTESIAN_POINT ( 'NONE',  ( -3.048333987505707832, -3.048333777641312636, 3.799999989042876614 ) ) ;
#2640 = CARTESIAN_POINT ( 'NONE',  ( 0.5631639517484252622, -3.555678045528178011, 7.966025392827317475 ) ) ;
#2641 = EDGE_CURVE ( 'NONE', #2381, #4217, #5881, .T. ) ;
#2642 = CARTESIAN_POINT ( 'NONE',  ( 4.257919638985431909, 0.6743880687212407965, 6.599999989042875548 ) ) ;
#2643 = CARTESIAN_POINT ( 'NONE',  ( 3.372694867087378423, -1.718474014398682970, 6.266025392827315521 ) ) ;
#2644 = CARTESIAN_POINT ( 'NONE',  ( 2.899137703068392025, -2.899137902661292454, 8.299999989042877502 ) ) ;
#2645 = CARTESIAN_POINT ( 'NONE',  ( 1.861361174683003883, 3.653126685099039594, -3.100000010957124630 ) ) ;
#2646 = CARTESIAN_POINT ( 'NONE',  ( 1.861361174683003883, 3.653126685099039594, 6.899999989042876258 ) ) ;
#2647 = EDGE_LOOP ( 'NONE', ( #4982, #2918, #5381, #6251 ) ) ;
#2648 = ORIENTED_EDGE ( 'NONE', *, *, #4306, .T. ) ;
#2649 = CARTESIAN_POINT ( 'NONE',  ( 4.049522174361919191, -0.6413814460608513457, 5.399999989042878035 ) ) ;
#2650 = CARTESIAN_POINT ( 'NONE',  ( -4.257919638985431909, -0.6743880687212413516, -3.500000010957124097 ) ) ;
#2651 = CARTESIAN_POINT ( 'NONE',  ( 2.545584324645417063, -2.545584499897719510, -1.833974607172684124 ) ) ;
#2652 = VECTOR ( 'NONE', #158, 1000.000000000000000 ) ;
#2653 = CARTESIAN_POINT ( 'NONE',  ( -4.049522174361919191, 0.6413814460608511236, 4.399999989042878035 ) ) ;
#2654 = CARTESIAN_POINT ( 'NONE',  ( 4.257919638985430133, 0.6743880687212409075, 3.499999989042877235 ) ) ;
#2655 = CARTESIAN_POINT ( 'NONE',  ( 1.861361174683003883, 3.653126685099039594, 1.799999989042877058 ) ) ;
#2656 = CARTESIAN_POINT ( 'NONE',  ( -1.634365909477758505, -3.207623430818668187, 6.933974585258436463 ) ) ;
#2657 = CARTESIAN_POINT ( 'NONE',  ( 4.049522174361919191, -0.6413814460608517898, 9.399999989042877147 ) ) ;
#2658 = CARTESIAN_POINT ( 'NONE',  ( 0.6743883618602999341, 4.257919592556767441, -3.000000010957122321 ) ) ;
#2659 = CARTESIAN_POINT ( 'NONE',  ( 1.634365909477758727, 3.207623430818667742, 7.933974585258435575 ) ) ;
#2660 = CARTESIAN_POINT ( 'NONE',  ( 0.6743883618602999341, 4.257919592556767441, 4.999999989042876791 ) ) ;
#2661 = CARTESIAN_POINT ( 'NONE',  ( -0.6413811672690400423, 4.049522218518203154, 7.999999989042877679 ) ) ;
#2662 = VERTEX_POINT ( 'NONE', #2111 ) ;
#2663 = CARTESIAN_POINT ( 'NONE',  ( -1.861361174683003439, -3.653126685099040039, -0.1000000109571234919 ) ) ;
#2664 = CARTESIAN_POINT ( 'NONE',  ( 2.899137703068392025, -2.899137902661292454, 6.299999989042876614 ) ) ;
#2665 = CARTESIAN_POINT ( 'NONE',  ( -3.048333987505707832, -3.048333777641312636, 8.699999989042879633 ) ) ;
#2666 = CARTESIAN_POINT ( 'NONE',  ( 8.262835935655839847, -3.568382536441875086, 5.324868912288255984 ) ) ;
#2667 = B_SPLINE_CURVE_WITH_KNOTS ( 'NONE', 3,
 ( #2290, #792, #2868, #4613, #1290, #5029, #3518, #3480, #233, #5674 ),
 .UNSPECIFIED., .F., .F.,
 ( 4, 3, 3, 4 ),
 ( 0.000000000000000000, 0.0001356333316564110414, 0.0002712666646230627900, 0.0005232287769239020968 ),
 .UNSPECIFIED. ) ;
#2668 = FACE_OUTER_BOUND ( 'NONE', #3637, .T. ) ;
#2669 = EDGE_CURVE ( 'NONE', #1226, #1569, #2337, .T. ) ;
#2670 = CARTESIAN_POINT ( 'NONE',  ( 3.653126813245570315, 1.861360923181276883, 9.599999989042878212 ) ) ;
#2671 = CARTESIAN_POINT ( 'NONE',  ( 1.634365909477758727, 3.207623430818667742, -0.06602541474156481405 ) ) ;
#2672 = CARTESIAN_POINT ( 'NONE',  ( -2.676585940248912721, -2.676585755977737513, -3.166025414741562738 ) ) ;
#2673 = CARTESIAN_POINT ( 'NONE',  ( -3.372694867087378423, 1.718474014398682526, 5.266025392827317297 ) ) ;
#2674 = CARTESIAN_POINT ( 'NONE',  ( 1.957150696398380463, -3.841124844479640643, 0.1999999890428764415 ) ) ;
#2675 = CARTESIAN_POINT ( 'NONE',  ( 3.653126813245570315, 1.861360923181276883, -0.4000000109571216766 ) ) ;
#2676 = CARTESIAN_POINT ( 'NONE',  ( 3.048333987505708276, 3.048333777641312192, 8.799999989042873949 ) ) ;
#2677 = CARTESIAN_POINT ( 'NONE',  ( -2.899137703068391581, 2.899137902661292898, -2.700000010957123386 ) ) ;
#2678 = CARTESIAN_POINT ( 'NONE',  ( -3.841124709738404253, 1.957150960842944709, 5.399999989042875370 ) ) ;
#2679 = ORIENTED_EDGE ( 'NONE', *, *, #1931, .T. ) ;
#2680 = CARTESIAN_POINT ( 'NONE',  ( 2.545584324645417063, -2.545584499897719510, 0.1660253928273160151 ) ) ;
#2681 = AXIS2_PLACEMENT_3D ( 'NONE', #1661, #4938, #3845 ) ;
#2682 = CARTESIAN_POINT ( 'NONE',  ( 0.5631639517484254842, -3.555678045528177122, 1.133974585258436640 ) ) ;
#2683 = CARTESIAN_POINT ( 'NONE',  ( -3.653126813245570315, -1.861360923181276883, -3.400000010957122676 ) ) ;
#2684 = CARTESIAN_POINT ( 'NONE',  ( -2.676585940248913165, -2.676585755977737513, -0.3339746071726826249 ) ) ;
#2685 = CARTESIAN_POINT ( 'NONE',  ( -3.600004033424187622, 0.2833007408810408467, 9.390249497161443415 ) ) ;
#2686 = CARTESIAN_POINT ( 'NONE',  ( -1.861361174683002995, -3.653126685099040039, 0.7999999890428779459 ) ) ;
#2687 = CARTESIAN_POINT ( 'NONE',  ( -3.653126813245570315, -1.861360923181276883, 0.5999999890428774352 ) ) ;
#2688 = CARTESIAN_POINT ( 'NONE',  ( 1.634365909477758727, 3.207623430818667742, -2.066025414741564870 ) ) ;
#2689 = CARTESIAN_POINT ( 'NONE',  ( 3.048333987505708276, 3.048333777641312192, -3.200000010957123386 ) ) ;
#2690 = CARTESIAN_POINT ( 'NONE',  ( 4.257919638985431909, 0.6743880687212407965, -1.400000010957124230 ) ) ;
#2691 = CARTESIAN_POINT ( 'NONE',  ( -0.5000000000000360822, -3.895066202844926107, 5.963171921366782868 ) ) ;
#2692 = CARTESIAN_POINT ( 'NONE',  ( -3.555678006756805676, 0.5631641965412349515, 6.533974585258436107 ) ) ;
#2693 = CARTESIAN_POINT ( 'NONE',  ( -0.6743883618602996011, -4.257919592556767441, 3.999999989042876791 ) ) ;
#2694 = CARTESIAN_POINT ( 'NONE',  ( -4.049522174361919191, 0.6413814460608511236, 4.399999989042878035 ) ) ;
#2695 = CARTESIAN_POINT ( 'NONE',  ( 3.841124709738403809, -1.957150960842944709, 4.399999989042875370 ) ) ;
#2696 = CARTESIAN_POINT ( 'NONE',  ( -0.6413811672690397092, 4.049522218518203154, 3.099999989042876436 ) ) ;
#2697 = CARTESIAN_POINT ( 'NONE',  ( -1.957150696398379353, 3.841124844479640643, 8.099999989042878212 ) ) ;
#2698 = CARTESIAN_POINT ( 'NONE',  ( 3.599999999999999201, 4.410412574535703716E-08, 5.583351343887088092 ) ) ;
#2699 = CYLINDRICAL_SURFACE ( 'NONE', #5515, 4.250000000000000888 ) ;
#2700 = CARTESIAN_POINT ( 'NONE',  ( -1.957150696398379353, 3.841124844479640199, 10.09999998904287466 ) ) ;
#2701 = CARTESIAN_POINT ( 'NONE',  ( 3.555678006756805676, -0.5631641965412353956, -2.466025414741564337 ) ) ;
#2702 = CARTESIAN_POINT ( 'NONE',  ( 3.738661146426232484, 0.5921456213162111792, 8.466025392827319251 ) ) ;
#2703 = CARTESIAN_POINT ( 'NONE',  ( 3.738661146426232484, 0.5921456213162111792, 6.466025392827315699 ) ) ;
#2704 = CARTESIAN_POINT ( 'NONE',  ( 3.841124709738403809, -1.957150960842944709, 2.399999989042877147 ) ) ;
#2705 = EDGE_CURVE ( 'NONE', #402, #4553, #3437, .T. ) ;
#2706 = CARTESIAN_POINT ( 'NONE',  ( -0.6743883618602991570, -4.257919592556766553, 2.899999989042877591 ) ) ;
#2707 = CARTESIAN_POINT ( 'NONE',  ( 1.861361174683003883, 3.653126685099039594, -0.2000000109571228868 ) ) ;
#2708 = CARTESIAN_POINT ( 'NONE',  ( 3.841124709738403809, -1.957150960842944709, 0.3999999890428768690 ) ) ;
#2709 = CARTESIAN_POINT ( 'NONE',  ( 3.841124709738403809, -1.957150960842944709, 2.399999989042877147 ) ) ;
#2710 = CARTESIAN_POINT ( 'NONE',  ( 3.841124709738403809, -1.957150960842944709, 4.399999989042875370 ) ) ;
#2711 = CARTESIAN_POINT ( 'NONE',  ( -3.653126813245569871, -1.861360923181277105, -3.400000010957122676 ) ) ;
#2712 = EDGE_CURVE ( 'NONE', #4647, #1821, #69, .T. ) ;
#2713 = AXIS2_PLACEMENT_3D ( 'NONE', #6606, #1198, #1165 ) ;
#2714 = FACE_OUTER_BOUND ( 'NONE', #439, .T. ) ;
#2715 = CARTESIAN_POINT ( 'NONE',  ( 0.5921458787066045115, 3.738661105659599748, 0.03397458525843630867 ) ) ;
#2716 = CARTESIAN_POINT ( 'NONE',  ( -0.6413813116414870397, 4.049522195651856116, 1.535003439802544666E-11 ) ) ;
#2717 = CARTESIAN_POINT ( 'NONE',  ( 2.676585940248914053, 2.676585755977737069, 6.666025392827316765 ) ) ;
#2718 = AXIS2_PLACEMENT_3D ( 'NONE', #670, #2352, #2855 ) ;
#2719 = CARTESIAN_POINT ( 'NONE',  ( -0.6743883618602991570, -4.257919592556766553, 2.899999989042877591 ) ) ;
#2720 = CARTESIAN_POINT ( 'NONE',  ( 2.899137703068392025, -2.899137902661292454, -0.8000000109571226981 ) ) ;
#2721 = CARTESIAN_POINT ( 'NONE',  ( 0.5921458787066045115, 3.738661105659599748, 0.03397458525843630867 ) ) ;
#2722 = CARTESIAN_POINT ( 'NONE',  ( 4.049522174361919191, -0.6413814460608517898, -3.500000010957123653 ) ) ;
#2723 = CARTESIAN_POINT ( 'NONE',  ( 3.653126813245570315, 1.861360923181276661, -1.300000010957123253 ) ) ;
#2724 = CARTESIAN_POINT ( 'NONE',  ( 3.841124709738403809, -1.957150960842944709, 2.399999989042877147 ) ) ;
#2725 = DIRECTION ( 'NONE',  ( -1.000000000000000000, 0.000000000000000000, 0.000000000000000000 ) ) ;
#2726 = CARTESIAN_POINT ( 'NONE',  ( -1.718473782203454592, 3.372694985396755829, 8.233974585258435397 ) ) ;
#2727 = CARTESIAN_POINT ( 'NONE',  ( 3.841124709738403809, -1.957150960842944709, 6.399999989042877147 ) ) ;
#2728 = CARTESIAN_POINT ( 'NONE',  ( 1.861361174683003439, 3.653126685099039594, 1.799999989042877058 ) ) ;
#2729 = CARTESIAN_POINT ( 'NONE',  ( -3.653126813245570315, -1.861360923181276883, -0.3000000109571240303 ) ) ;
#2730 = ORIENTED_EDGE ( 'NONE', *, *, #1022, .F. ) ;
#2731 = CARTESIAN_POINT ( 'NONE',  ( -3.763664675270071758, -1.644085874493865118, -1.857532775659225297E-16 ) ) ;
#2732 = CARTESIAN_POINT ( 'NONE',  ( -0.5631639517484248181, 3.555678045528178011, 8.966025392827315699 ) ) ;
#2733 = DIRECTION ( 'NONE',  ( 1.000000000000000000, 0.000000000000000000, 0.000000000000000000 ) ) ;
#2734 = CARTESIAN_POINT ( 'NONE',  ( -3.653126813245569871, -1.861360923181277105, 8.599999989042878212 ) ) ;
#2735 = LINE ( 'NONE', #2198, #3376 ) ;
#2736 = EDGE_CURVE ( 'NONE', #5097, #5210, #3150, .T. ) ;
#2737 = CARTESIAN_POINT ( 'NONE',  ( 3.841124709738403809, -1.957150960842944709, 3.299999989042878390 ) ) ;
#2738 = CARTESIAN_POINT ( 'NONE',  ( 3.207623543337573047, 1.634365688646974624, -0.2660254147415636039 ) ) ;
#2739 = CARTESIAN_POINT ( 'NONE',  ( 0.5921458787066047336, 3.738661105659600192, 4.866025392827316942 ) ) ;
#2740 = CARTESIAN_POINT ( 'NONE',  ( 1.957150696398380463, -3.841124844479640643, 2.199999989042876525 ) ) ;
#2741 = CARTESIAN_POINT ( 'NONE',  ( -4.049522174361919191, 0.6413814460608511236, 0.3999999890428787008 ) ) ;
#2742 = CARTESIAN_POINT ( 'NONE',  ( -1.957150696398379353, 3.841124844479640643, 4.099999989042879101 ) ) ;
#2743 = CARTESIAN_POINT ( 'NONE',  ( 4.049522174361919191, -0.6413814460608517898, 2.499999989042876347 ) ) ;
#2744 = CARTESIAN_POINT ( 'NONE',  ( 2.899137703068392025, -2.899137902661292454, 0.2999999890428758365 ) ) ;
#2745 = CARTESIAN_POINT ( 'NONE',  ( 4.049522174361919191, -0.6413814460608517898, 4.499999989042876791 ) ) ;
#2746 = CARTESIAN_POINT ( 'NONE',  ( -0.6743883618602991570, -4.257919592556766553, -3.100000010957122409 ) ) ;
#2747 = CARTESIAN_POINT ( 'NONE',  ( 3.738661146426232484, 0.5921456213162111792, 8.466025392827319251 ) ) ;
#2748 = CARTESIAN_POINT ( 'NONE',  ( 4.257919638985431909, 0.6743880687212407965, -0.5000000109571227647 ) ) ;
#2749 = CARTESIAN_POINT ( 'NONE',  ( 2.676585940248913165, 2.676585755977737069, 5.833974585258435930 ) ) ;
#2750 = DIRECTION ( 'NONE',  ( 1.000000000000000000, 0.000000000000000000, 0.000000000000000000 ) ) ;
#2751 = AXIS2_PLACEMENT_3D ( 'NONE', #6193, #5133, #3962 ) ;
#2752 = DIRECTION ( 'NONE',  ( 0.000000000000000000, 1.000000000000000000, -0.000000000000000000 ) ) ;
#2753 = CARTESIAN_POINT ( 'NONE',  ( -3.841124709738404253, 1.957150960842943821, -1.700000010957122498 ) ) ;
#2754 = CARTESIAN_POINT ( 'NONE',  ( -0.6413811672690397092, 4.049522218518203154, -2.000000010957122321 ) ) ;
#2755 = CARTESIAN_POINT ( 'NONE',  ( -3.207623543337572602, -1.634365688646975068, 0.7339745852584355079 ) ) ;
#2756 = CARTESIAN_POINT ( 'NONE',  ( -4.049522174361919191, 0.6413814460608515677, 8.399999989042878923 ) ) ;
#2757 = CARTESIAN_POINT ( 'NONE',  ( -3.841124709738404253, 1.957150960842944709, -2.600000010957123742 ) ) ;
#2758 = CARTESIAN_POINT ( 'NONE',  ( 2.899137703068392025, -2.899137902661292454, -1.700000010957124275 ) ) ;
#2759 = CARTESIAN_POINT ( 'NONE',  ( -1.634365909477758505, -3.207623430818668187, -3.066025414741563981 ) ) ;
#2760 = CARTESIAN_POINT ( 'NONE',  ( 3.653126813245570315, 1.861360923181276661, 6.699999989042876969 ) ) ;
#2761 = CARTESIAN_POINT ( 'NONE',  ( 3.653126813245570315, 1.861360923181276883, -0.4000000109571216766 ) ) ;
#2762 = CARTESIAN_POINT ( 'NONE',  ( 0.6413811672690400423, -4.049522218518203154, 0.09999998904287703272 ) ) ;
#2763 = CARTESIAN_POINT ( 'NONE',  ( 1.957150696398380463, -3.841124844479640643, 0.1999999890428764415 ) ) ;
#2764 = EDGE_LOOP ( 'NONE', ( #6214, #651, #5138, #3725, #3957, #1350, #5267, #1275, #2477, #4400, #1773, #5772, #5807, #3206, #2987, #3510, #4816, #5127, #3690, #4098, #5841, #5175, #5089, #1467 ) ) ;
#2765 = CARTESIAN_POINT ( 'NONE',  ( -3.930492150679540053, -1.191394814506325339, -1.857532775659224558E-16 ) ) ;
#2766 = CARTESIAN_POINT ( 'NONE',  ( 3.372694867087377979, -1.718474014398682970, 8.266025392827318186 ) ) ;
#2767 = CARTESIAN_POINT ( 'NONE',  ( 4.257919638985431909, 0.6743880687212406855, 4.599999989042876436 ) ) ;
#2768 = CARTESIAN_POINT ( 'NONE',  ( -0.6413811672690400423, 4.049522218518203154, 7.999999989042877679 ) ) ;
#2769 = CARTESIAN_POINT ( 'NONE',  ( 0.5708636398762948483, -4.060691095139069340, 6.994640575723783726 ) ) ;
#2770 = CARTESIAN_POINT ( 'NONE',  ( 0.6743883618602993790, 4.257919592556766553, 5.899999989042878035 ) ) ;
#2771 = CARTESIAN_POINT ( 'NONE',  ( 1.718473782203455258, -3.372694985396755829, -2.766025414741564159 ) ) ;
#2772 = CARTESIAN_POINT ( 'NONE',  ( 3.738661146426232484, 0.5921456213162111792, 8.466025392827319251 ) ) ;
#2773 = CARTESIAN_POINT ( 'NONE',  ( 2.899137703068392025, -2.899137902661292454, 2.299999989042875725 ) ) ;
#2774 = CARTESIAN_POINT ( 'NONE',  ( -1.957150696398379353, 3.841124844479640199, 4.099999989042879101 ) ) ;
#2775 = CARTESIAN_POINT ( 'NONE',  ( 4.257919638985431909, 0.6743880687212407965, -2.500000010957122765 ) ) ;
#2776 = CARTESIAN_POINT ( 'NONE',  ( 0.6743883618602999341, 4.257919592556767441, 2.999999989042876347 ) ) ;
#2777 = CARTESIAN_POINT ( 'NONE',  ( -4.257919638985431909, -0.6743880687212413516, -2.400000010957123120 ) ) ;
#2778 = CARTESIAN_POINT ( 'NONE',  ( 3.653126813245570315, 1.861360923181276661, 0.6999999890428768579 ) ) ;
#2779 = CARTESIAN_POINT ( 'NONE',  ( -4.257919638985431909, -0.6743880687212415737, 2.499999989042877679 ) ) ;
#2780 = CARTESIAN_POINT ( 'NONE',  ( 1.868905922927907248, -3.222262855028896755, 0.08421306339917453143 ) ) ;
#2781 = CARTESIAN_POINT ( 'NONE',  ( -1.957150696398379353, 3.841124844479640643, -1.900000010957122898 ) ) ;
#2782 = CARTESIAN_POINT ( 'NONE',  ( -1.634365909477758505, -3.207623430818668187, 4.933974585258436463 ) ) ;
#2783 = CARTESIAN_POINT ( 'NONE',  ( 4.000000000000000888, -5.986100377805715134, 1.249999999999998446 ) ) ;
#2784 = CARTESIAN_POINT ( 'NONE',  ( -0.5631639517484248181, 3.555678045528178011, 6.966025392827316587 ) ) ;
#2785 = CARTESIAN_POINT ( 'NONE',  ( 3.738661146426232040, 0.5921456213162114013, 9.633974585258435752 ) ) ;
#2786 = CARTESIAN_POINT ( 'NONE',  ( -4.257919638985431909, -0.6743880687212413516, 0.4999999890428779570 ) ) ;
#2787 = CARTESIAN_POINT ( 'NONE',  ( -2.545584324645416618, 2.545584499897719510, -1.666025414741563848 ) ) ;
#2788 = CARTESIAN_POINT ( 'NONE',  ( 3.841124709738403809, -1.957150960842944709, 7.299999989042879278 ) ) ;
#2789 =( BOUNDED_CURVE ( )  B_SPLINE_CURVE ( 2, ( #218, #3542, #3427, #2818, #176, #4984, #4525, #103, #1277, #2928, #2276, #6613, #1738, #1964, #2930, #1390, #6733, #359, #4143, #850, #1854, #6298, #4034 ),
 .UNSPECIFIED., .F., .T. ) 
 B_SPLINE_CURVE_WITH_KNOTS ( ( 3, 2, 2, 2, 2, 2, 2, 2, 2, 2, 2, 3 ),
 ( 0.3887156090306591594, 0.3965045359208992926, 0.4105393141553004277, 0.4245740923897016739, 0.4386088706241028645, 0.4526436488585040552, 0.4666784270929053013, 0.4807132053273064920, 0.4947479835617077382, 0.5087827617961089288, 0.5228175400305100640, 0.5236062554468861041 ),
 .UNSPECIFIED. ) 
 CURVE ( )  GEOMETRIC_REPRESENTATION_ITEM ( )  RATIONAL_B_SPLINE_CURVE ( ( 0.9758240785687237739, 0.9728376743854569852, 1.000000000000000000, 0.9510565162951535312, 1.000000000000000000, 0.9510565162951535312, 1.000000000000000000, 0.9510565162951535312, 1.000000000000000000, 0.9510565162951535312, 1.000000000000000000, 0.9510565162951535312, 1.000000000000000000, 0.9510565162951535312, 1.000000000000000000, 0.9510565162951535312, 1.000000000000000000, 0.9510565162951535312, 1.000000000000000000, 0.9510565162951535312, 1.000000000000000000, 0.9972495126403535526, 0.9948081647265707428 ) ) 
 REPRESENTATION_ITEM ( '' )  );
#2790 = CARTESIAN_POINT ( 'NONE',  ( 4.049522174361919191, -0.6413814460608517898, -1.500000010957123653 ) ) ;
#2791 = CARTESIAN_POINT ( 'NONE',  ( 0.6743883618602999341, 4.257919592556767441, 0.9999999890428767912 ) ) ;
#2792 = VECTOR ( 'NONE', #4067, 1000.000000000000000 ) ;
#2793 = CARTESIAN_POINT ( 'NONE',  ( 1.718473782203455258, -3.372694985396755829, -0.7660254147415639370 ) ) ;
#2794 = CARTESIAN_POINT ( 'NONE',  ( 4.049522174361919191, -0.6413814460608517898, 2.499999989042876347 ) ) ;
#2795 = CARTESIAN_POINT ( 'NONE',  ( -3.841124709738404253, 1.957150960842943821, 2.299999989042877058 ) ) ;
#2796 = CARTESIAN_POINT ( 'NONE',  ( -1.861361174683003439, -3.653126685099040039, 1.899999989042876480 ) ) ;
#2797 = CARTESIAN_POINT ( 'NONE',  ( 3.048333987505708276, 3.048333777641312192, -3.200000010957123386 ) ) ;
#2798 = ORIENTED_EDGE ( 'NONE', *, *, #131, .T. ) ;
#2799 = CARTESIAN_POINT ( 'NONE',  ( 0.6413811672690400423, -4.049522218518203154, 8.099999989042876436 ) ) ;
#2800 = CARTESIAN_POINT ( 'NONE',  ( 7.908648614589069759, -4.298545235761988437, 1.820849392492326801 ) ) ;
#2801 = CIRCLE ( 'NONE', #981, 3.600000000000000089 ) ;
#2802 = CARTESIAN_POINT ( 'NONE',  ( 0.000000000000000000, 0.000000000000000000, 8.500000000000000000 ) ) ;
#2803 = CARTESIAN_POINT ( 'NONE',  ( -0.6413811672690400423, 4.049522218518203154, 5.999999989042877679 ) ) ;
#2804 = DIRECTION ( 'NONE',  ( 0.000000000000000000, 0.000000000000000000, 1.000000000000000000 ) ) ;
#2805 = CARTESIAN_POINT ( 'NONE',  ( 2.899137703068392025, -2.899137902661292010, 9.199999989042879633 ) ) ;
#2806 = CARTESIAN_POINT ( 'NONE',  ( -0.5921458787066042895, -3.738661105659599748, 7.866025392827318719 ) ) ;
#2807 = CARTESIAN_POINT ( 'NONE',  ( -0.5921458787066042895, -3.738661105659599748, 1.866025392827315832 ) ) ;
#2808 = ADVANCED_FACE ( 'NONE', ( #6582 ), #6202, .F. ) ;
#2809 = CARTESIAN_POINT ( 'NONE',  ( 4.257919638985431909, 0.6743880687212407965, -3.400000010957124008 ) ) ;
#2810 = CARTESIAN_POINT ( 'NONE',  ( 2.899137703068392025, -2.899137902661292010, 1.199999989042877413 ) ) ;
#2811 = CARTESIAN_POINT ( 'NONE',  ( -1.957150696398379353, 3.841124844479640643, -1.900000010957122898 ) ) ;
#2812 = CARTESIAN_POINT ( 'NONE',  ( -0.6743883618602996011, -4.257919592556767441, -1.095712409693305744E-08 ) ) ;
#2813 = CARTESIAN_POINT ( 'NONE',  ( -0.6743883618602996011, -4.257919592556767441, 6.899999989042878923 ) ) ;
#2814 = CARTESIAN_POINT ( 'NONE',  ( 4.049522174361919191, -0.6413814460608517898, -3.500000010957123653 ) ) ;
#2815 = CARTESIAN_POINT ( 'NONE',  ( 3.653126813245570315, 1.861360923181276883, -0.4000000109571216766 ) ) ;
#2816 = ORIENTED_EDGE ( 'NONE', *, *, #2929, .T. ) ;
#2817 = CARTESIAN_POINT ( 'NONE',  ( -2.676585940248913165, -2.676585755977737513, -0.3339746071726826249 ) ) ;
#2818 = CARTESIAN_POINT ( 'NONE',  ( -3.048333987505707832, -3.048333777641312636, 3.799999989042876170 ) ) ;
#2819 = CARTESIAN_POINT ( 'NONE',  ( -0.6413811672690397092, 4.049522218518203154, -1.095712236220958147E-08 ) ) ;
#2820 = CARTESIAN_POINT ( 'NONE',  ( 1.634365909477758727, 3.207623430818667742, 1.933974585258435130 ) ) ;
#2821 = LINE ( 'NONE', #4352, #6384 ) ;
#2822 = CARTESIAN_POINT ( 'NONE',  ( 3.207623543337573047, 1.634365688646974624, 6.566025392827317120 ) ) ;
#2823 = CARTESIAN_POINT ( 'NONE',  ( 3.841124709738403809, -1.957150960842944709, -2.700000010957121610 ) ) ;
#2824 = DIRECTION ( 'NONE',  ( 0.000000000000000000, 0.000000000000000000, 1.000000000000000000 ) ) ;
#2825 = EDGE_CURVE ( 'NONE', #3474, #985, #6766, .T. ) ;
#2826 = CARTESIAN_POINT ( 'NONE',  ( 1.634365909477758727, 3.207623430818667742, -0.06602541474156481405 ) ) ;
#2827 = CARTESIAN_POINT ( 'NONE',  ( 1.861361174683003883, 3.653126685099039594, 5.799999989042878390 ) ) ;
#2828 = CARTESIAN_POINT ( 'NONE',  ( 4.257919638985431909, 0.6743880687212407965, -3.400000010957124008 ) ) ;
#2829 = CARTESIAN_POINT ( 'NONE',  ( -4.049522174361919191, 0.6413814460608515677, -4.500000010957124985 ) ) ;
#2830 = CARTESIAN_POINT ( 'NONE',  ( 0.7565820703931644964, -3.525043631883019835, 7.982767059308987889 ) ) ;
#2831 = CARTESIAN_POINT ( 'NONE',  ( -3.207623543337572602, -1.634365688646975068, 2.733974585258435397 ) ) ;
#2832 = CARTESIAN_POINT ( 'NONE',  ( 0.6743883618602999341, 4.257919592556767441, 9.899999989042875370 ) ) ;
#2833 = CARTESIAN_POINT ( 'NONE',  ( -3.653126813245569871, -1.861360923181277105, 0.5999999890428774352 ) ) ;
#2834 = CARTESIAN_POINT ( 'NONE',  ( 3.841124709738403809, -1.957150960842944709, 2.399999989042877147 ) ) ;
#2835 = CARTESIAN_POINT ( 'NONE',  ( -4.049522174361919191, 0.6413814460608515677, -4.500000010957124985 ) ) ;
#2836 = VERTEX_POINT ( 'NONE', #98 ) ;
#2837 = AXIS2_PLACEMENT_3D ( 'NONE', #3750, #3311, #4375 ) ;
#2838 = CARTESIAN_POINT ( 'NONE',  ( -1.957150696398379353, 3.841124844479640643, 9.199999989042876081 ) ) ;
#2839 =( BOUNDED_CURVE ( )  B_SPLINE_CURVE ( 3, ( #886, #6332, #4142, #1423 ),
 .UNSPECIFIED., .F., .F. ) 
 B_SPLINE_CURVE_WITH_KNOTS ( ( 4, 4 ),
 ( 3.602146645271115499, 3.984731442491518116 ),
 .UNSPECIFIED. ) 
 CURVE ( )  GEOMETRIC_REPRESENTATION_ITEM ( )  RATIONAL_B_SPLINE_CURVE ( ( 1.000000000000000000, 0.9878395560626447303, 0.9878395560626447303, 1.000000000000000000 ) ) 
 REPRESENTATION_ITEM ( '' )  );
#2840 = CARTESIAN_POINT ( 'NONE',  ( -1.634365909477758949, -3.207623430818668631, 7.766025392827317297 ) ) ;
#2841 = CARTESIAN_POINT ( 'NONE',  ( -4.100000000000000533, 0.3226770689847697771, 9.524221889116983419 ) ) ;
#2842 = CARTESIAN_POINT ( 'NONE',  ( -4.049522174361919191, 0.6413814460608511236, 4.399999989042878035 ) ) ;
#2843 = DIRECTION ( 'NONE',  ( -0.000000000000000000, -0.000000000000000000, -1.000000000000000000 ) ) ;
#2844 = CARTESIAN_POINT ( 'NONE',  ( 3.653126813245570315, 1.861360923181276883, 7.599999989042878212 ) ) ;
#2845 = CARTESIAN_POINT ( 'NONE',  ( -3.738661146426232484, -0.5921456213162119564, -0.5339746071726833021 ) ) ;
#2846 = DIRECTION ( 'NONE',  ( 0.000000000000000000, 0.000000000000000000, 1.000000000000000000 ) ) ;
#2847 = CARTESIAN_POINT ( 'NONE',  ( 0.5921458787066045115, 3.738661105659599748, 10.03397458525843433 ) ) ;
#2848 = CARTESIAN_POINT ( 'NONE',  ( 0.6413811672690400423, -4.049522218518203154, -3.000000010957121432 ) ) ;
#2849 = CARTESIAN_POINT ( 'NONE',  ( 2.899137703068392025, -2.899137902661292454, -1.700000010957124275 ) ) ;
#2850 = CARTESIAN_POINT ( 'NONE',  ( -2.899137703068391581, 2.899137902661292898, -4.700000010957123386 ) ) ;
#2851 = CARTESIAN_POINT ( 'NONE',  ( 4.257919638985431909, 0.6743880687212407965, -1.400000010957124230 ) ) ;
#2852 = CARTESIAN_POINT ( 'NONE',  ( 1.861361174683003439, 3.653126685099039594, 1.799999989042877058 ) ) ;
#2853 = EDGE_CURVE ( 'NONE', #2075, #6408, #5656, .T. ) ;
#2854 = CARTESIAN_POINT ( 'NONE',  ( -0.5631639517484248181, 3.555678045528178011, 2.966025392827316587 ) ) ;
#2855 = DIRECTION ( 'NONE',  ( 0.000000000000000000, 0.000000000000000000, 1.000000000000000000 ) ) ;
#2856 = CARTESIAN_POINT ( 'NONE',  ( 0.6413811672690400423, -4.049522218518203154, -3.000000010957121432 ) ) ;
#2857 = CARTESIAN_POINT ( 'NONE',  ( 3.372694867087377979, -1.718474014398682970, 0.2660253928273171864 ) ) ;
#2858 = CARTESIAN_POINT ( 'NONE',  ( 9.000000000000001776, 1.102182119232617911E-15, 8.000000000000000000 ) ) ;
#2859 = CARTESIAN_POINT ( 'NONE',  ( -0.5921458787066042895, -3.738661105659599748, 1.866025392827315832 ) ) ;
#2860 = CARTESIAN_POINT ( 'NONE',  ( -8.026496070417795892, -4.218200937033158127, 1.787535710568321168 ) ) ;
#2861 = CARTESIAN_POINT ( 'NONE',  ( 1.861361174683003439, 3.653126685099039594, -2.200000010957122942 ) ) ;
#2862 = DIRECTION ( 'NONE',  ( 0.000000000000000000, 1.000000000000000000, -0.000000000000000000 ) ) ;
#2863 = CARTESIAN_POINT ( 'NONE',  ( 4.257919638985431909, 0.6743880687212406855, 0.5999999890428755478 ) ) ;
#2864 = AXIS2_PLACEMENT_3D ( 'NONE', #3551, #6201, #1286 ) ;
#2865 = CARTESIAN_POINT ( 'NONE',  ( -3.653126813245570315, -1.861360923181276883, 2.599999989042877324 ) ) ;
#2866 = CARTESIAN_POINT ( 'NONE',  ( -0.6743883618602996011, -4.257919592556767441, -4.000000010957124097 ) ) ;
#2867 = CARTESIAN_POINT ( 'NONE',  ( -3.841124709738404253, 1.957150960842944709, -0.6000000109571239637 ) ) ;
#2868 = CARTESIAN_POINT ( 'NONE',  ( -0.5000000000000424105, -3.982227779572554471, 1.987235122701801693 ) ) ;
#2869 = CARTESIAN_POINT ( 'NONE',  ( 1.634365909477759171, 3.207623430818668187, 2.766025392827315965 ) ) ;
#2870 = CARTESIAN_POINT ( 'NONE',  ( 2.545584324645417063, -2.545584499897719066, -0.6660254147415646253 ) ) ;
#2871 = CARTESIAN_POINT ( 'NONE',  ( -0.6743883618602996011, -4.257919592556767441, -2.000000010957124097 ) ) ;
#2872 = CARTESIAN_POINT ( 'NONE',  ( -0.5631639517484252622, 3.555678045528177567, 8.133974585258435752 ) ) ;
#2873 = CARTESIAN_POINT ( 'NONE',  ( 4.049522174361919191, -0.6413814460608517898, 0.4999999890428763472 ) ) ;
#2874 = DIRECTION ( 'NONE',  ( -2.407693239918955638E-17, -1.000000000000000000, 0.000000000000000000 ) ) ;
#2875 = ORIENTED_EDGE ( 'NONE', *, *, #3054, .F. ) ;
#2876 = CARTESIAN_POINT ( 'NONE',  ( -4.100000000000002309, -0.9196847177407059259, 9.621072372642844428 ) ) ;
#2877 = CARTESIAN_POINT ( 'NONE',  ( -3.600004033424187622, 0.2833007408810408467, 9.390249497161443415 ) ) ;
#2878 = CARTESIAN_POINT ( 'NONE',  ( 1.957150696398380463, -3.841124844479640643, 8.199999989042876081 ) ) ;
#2879 = CARTESIAN_POINT ( 'NONE',  ( -3.653126813245569871, -1.861360923181277105, 6.599999989042878212 ) ) ;
#2880 = CARTESIAN_POINT ( 'NONE',  ( -2.960041629831632992, -2.847275470102708983, 7.999999999999992895 ) ) ;
#2881 = CARTESIAN_POINT ( 'NONE',  ( -4.257919638985431909, -0.6743880687212415737, 6.499999989042879456 ) ) ;
#2882 = CARTESIAN_POINT ( 'NONE',  ( 0.5631639517484252622, -3.555678045528178011, 1.966025392827317253 ) ) ;
#2883 = CARTESIAN_POINT ( 'NONE',  ( -0.6743883618602996011, -4.257919592556767441, 7.999999989042875903 ) ) ;
#2884 = CARTESIAN_POINT ( 'NONE',  ( 3.555678006756805676, -0.5631641965412353956, 9.533974585258436107 ) ) ;
#2885 = CARTESIAN_POINT ( 'NONE',  ( 2.899137703068392025, -2.899137902661292454, 7.199999989042878745 ) ) ;
#2886 = CARTESIAN_POINT ( 'NONE',  ( 1.861361174683003883, 3.653126685099039594, -3.100000010957124630 ) ) ;
#2887 = CARTESIAN_POINT ( 'NONE',  ( 1.634365909477758727, 3.207623430818667742, 5.933974585258436463 ) ) ;
#2888 = ORIENTED_EDGE ( 'NONE', *, *, #1999, .T. ) ;
#2889 = CARTESIAN_POINT ( 'NONE',  ( 0.5921458787066047336, 3.738661105659600192, -1.133974607172683058 ) ) ;
#2890 = DIRECTION ( 'NONE',  ( -0.000000000000000000, -0.000000000000000000, -1.000000000000000000 ) ) ;
#2891 = EDGE_CURVE ( 'NONE', #2662, #6810, #4559, .T. ) ;
#2892 = CARTESIAN_POINT ( 'NONE',  ( -2.899137703068391581, 2.899137902661292898, 0.1999999890428781624 ) ) ;
#2893 = CARTESIAN_POINT ( 'NONE',  ( -3.841124709738404253, 1.957150960842944709, 9.399999989042877147 ) ) ;
#2894 = CARTESIAN_POINT ( 'NONE',  ( 0.5000000000000004441, -4.220485754033534320, 8.000000000000000000 ) ) ;
#2895 = CARTESIAN_POINT ( 'NONE',  ( 0.5631639517484252622, -3.555678045528178011, -4.033974607172682525 ) ) ;
#2896 = CARTESIAN_POINT ( 'NONE',  ( 0.5921458787066047336, 3.738661105659600192, 2.866025392827316942 ) ) ;
#2897 = CARTESIAN_POINT ( 'NONE',  ( 0.5000000000000004441, -5.979130371550698264, 8.500000000000000000 ) ) ;
#2898 = CARTESIAN_POINT ( 'NONE',  ( -2.545584324645416618, 2.545584499897719510, 10.33397458525843682 ) ) ;
#2899 = DIRECTION ( 'NONE',  ( -1.000000000000000000, 0.000000000000000000, 0.000000000000000000 ) ) ;
#2900 = CARTESIAN_POINT ( 'NONE',  ( 3.841124709738403809, -1.957150960842944709, 0.3999999890428769245 ) ) ;
#2901 = CARTESIAN_POINT ( 'NONE',  ( 0.6743883618602999341, 4.257919592556767441, 1.899999989042878035 ) ) ;
#2902 = CARTESIAN_POINT ( 'NONE',  ( -1.957150696398379353, 3.841124844479640643, 2.099999989042876436 ) ) ;
#2903 = CARTESIAN_POINT ( 'NONE',  ( -3.841124709738404253, 1.957150960842944709, -4.600000010957123742 ) ) ;
#2904 = CARTESIAN_POINT ( 'NONE',  ( -0.6743883618602996011, -4.257919592556767441, -4.000000010957124097 ) ) ;
#2905 = CARTESIAN_POINT ( 'NONE',  ( 1.718473782203455036, -3.372694985396756273, 4.066025392827317120 ) ) ;
#2906 = CARTESIAN_POINT ( 'NONE',  ( 1.718473782203455258, -3.372694985396755829, 1.233974585258436063 ) ) ;
#2907 = CARTESIAN_POINT ( 'NONE',  ( 4.049522174361919191, -0.6413814460608517898, -1.500000010957123653 ) ) ;
#2908 = CARTESIAN_POINT ( 'NONE',  ( 3.207623543337573047, 1.634365688646974624, 9.733974585258437173 ) ) ;
#2909 = CARTESIAN_POINT ( 'NONE',  ( -4.049522174361919191, 0.6413814460608515677, -4.500000010957124985 ) ) ;
#2910 = CARTESIAN_POINT ( 'NONE',  ( -3.841124709738404253, 1.957150960842944709, -0.6000000109571239637 ) ) ;
#2911 = ORIENTED_EDGE ( 'NONE', *, *, #6401, .F. ) ;
#2912 = CARTESIAN_POINT ( 'NONE',  ( -1.861361174683003439, -3.653126685099040039, 5.899999989042876258 ) ) ;
#2913 = CARTESIAN_POINT ( 'NONE',  ( 1.718473782203455036, -3.372694985396756273, 6.066025392827316232 ) ) ;
#2914 = CARTESIAN_POINT ( 'NONE',  ( -4.257919638985431909, -0.6743880687212413516, 5.599999989042876436 ) ) ;
#2915 = CARTESIAN_POINT ( 'NONE',  ( 3.841124709738403809, -1.957150960842944709, 1.299999989042878612 ) ) ;
#2916 = CARTESIAN_POINT ( 'NONE',  ( -3.661079373103664381, 1.861363303894054910, 7.999999999999998224 ) ) ;
#2917 = CARTESIAN_POINT ( 'NONE',  ( -3.599999999999998757, 6.019843724108054435E-15, 1.415402147540224309 ) ) ;
#2918 = ORIENTED_EDGE ( 'NONE', *, *, #1061, .F. ) ;
#2919 = CARTESIAN_POINT ( 'NONE',  ( -2.676585940248913165, -2.676585755977737513, 1.666025392827317431 ) ) ;
#2920 = CARTESIAN_POINT ( 'NONE',  ( -4.049522174361919191, 0.6413814460608515677, 9.499999989042876791 ) ) ;
#2921 = CARTESIAN_POINT ( 'NONE',  ( 2.899137703068392025, -2.899137902661292010, -2.800000010957122587 ) ) ;
#2922 = CARTESIAN_POINT ( 'NONE',  ( 0.6743883618602999341, 4.257919592556767441, -3.000000010957122321 ) ) ;
#2923 = CARTESIAN_POINT ( 'NONE',  ( -3.653126813245570315, -1.861360923181276883, 8.599999989042878212 ) ) ;
#2924 = CARTESIAN_POINT ( 'NONE',  ( -4.257919638985431909, -0.6743880687212413516, -4.400000010957124452 ) ) ;
#2925 = CARTESIAN_POINT ( 'NONE',  ( -1.718473782203454592, 3.372694985396755829, 8.233974585258435397 ) ) ;
#2926 = ORIENTED_EDGE ( 'NONE', *, *, #1580, .T. ) ;
#2927 = CARTESIAN_POINT ( 'NONE',  ( -0.5921458787066042895, -3.738661105659599748, -0.1339746071726838628 ) ) ;
#2928 = CARTESIAN_POINT ( 'NONE',  ( -1.957150696398379353, 3.841124844479640199, 3.199999989042876969 ) ) ;
#2929 = EDGE_CURVE ( 'NONE', #3119, #3390, #1849, .T. ) ;
#2930 = CARTESIAN_POINT ( 'NONE',  ( 3.653126813245570315, 1.861360923181276661, 2.699999989042876969 ) ) ;
#2931 = CARTESIAN_POINT ( 'NONE',  ( 0.5921458787066047336, 3.738661105659600192, -1.133974607172683058 ) ) ;
#2932 = CARTESIAN_POINT ( 'NONE',  ( 0.000000000000000000, 0.000000000000000000, 0.000000000000000000 ) ) ;
#2933 = CARTESIAN_POINT ( 'NONE',  ( -3.738661146426232484, -0.5921456213162119564, -0.5339746071726833021 ) ) ;
#2934 = CARTESIAN_POINT ( 'NONE',  ( 3.207623543337573047, 1.634365688646974624, 0.5660253928273171198 ) ) ;
#2935 = ADVANCED_FACE ( 'NONE', ( #6226 ), #2572, .F. ) ;
#2936 = ORIENTED_EDGE ( 'NONE', *, *, #4197, .F. ) ;
#2937 = CARTESIAN_POINT ( 'NONE',  ( 1.718473782203455258, -3.372694985396755829, 3.233974585258435841 ) ) ;
#2938 = ORIENTED_EDGE ( 'NONE', *, *, #1130, .T. ) ;
#2939 = CARTESIAN_POINT ( 'NONE',  ( 9.000000000000001776, -5.986100377805715134, 5.599999999999997868 ) ) ;
#2940 = CARTESIAN_POINT ( 'NONE',  ( -4.257919638985431909, -0.6743880687212414626, 1.599999989042876436 ) ) ;
#2941 = CARTESIAN_POINT ( 'NONE',  ( 4.257919638985431909, 0.6743880687212407965, 1.499999989042876791 ) ) ;
#2942 = CARTESIAN_POINT ( 'NONE',  ( -4.049522174361919191, 0.6413814460608515677, 2.399999989042878923 ) ) ;
#2943 = CARTESIAN_POINT ( 'NONE',  ( -1.957150696398379353, 3.841124844479640643, 6.099999989042877324 ) ) ;
#2944 = DIRECTION ( 'NONE',  ( 0.000000000000000000, 0.000000000000000000, -1.000000000000000000 ) ) ;
#2945 = CARTESIAN_POINT ( 'NONE',  ( -3.555678006756805676, 0.5631641965412353956, 5.366025392827316942 ) ) ;
#2946 = CARTESIAN_POINT ( 'NONE',  ( 0.6413811672690402643, -4.049522218518203154, 4.999999989042877679 ) ) ;
#2947 = CARTESIAN_POINT ( 'NONE',  ( 1.861361174683003883, 3.653126685099039594, -3.100000010957124630 ) ) ;
#2948 = CARTESIAN_POINT ( 'NONE',  ( -3.841124709738404253, 1.957150960842943821, -1.700000010957122498 ) ) ;
#2949 = ADVANCED_FACE ( 'NONE', ( #3461 ), #1847, .T. ) ;
#2950 = CARTESIAN_POINT ( 'NONE',  ( 0.6413811672690400423, -4.049522218518203154, -3.900000010957123120 ) ) ;
#2951 = FACE_OUTER_BOUND ( 'NONE', #3502, .T. ) ;
#2952 = EDGE_LOOP ( 'NONE', ( #6305, #2258, #705, #5365, #2578, #6199, #6061, #1552, #6375, #5283, #4199, #6967, #689, #82, #741, #4116, #1796, #5792, #4150, #207, #4752, #6850, #6848, #968 ) ) ;
#2953 = CARTESIAN_POINT ( 'NONE',  ( 3.653126813245570315, 1.861360923181276661, 8.699999989042877857 ) ) ;
#2954 = CARTESIAN_POINT ( 'NONE',  ( -3.841124709738404253, 1.957150960842944709, 7.399999989042877147 ) ) ;
#2955 = CARTESIAN_POINT ( 'NONE',  ( 2.899137703068392025, -2.899137902661292010, 3.199999989042877413 ) ) ;
#2956 = CARTESIAN_POINT ( 'NONE',  ( -2.791230079827010435, 3.012870312279090523, 8.000000000000000000 ) ) ;
#2957 = CARTESIAN_POINT ( 'NONE',  ( -3.372694867087379311, 1.718474014398682526, 1.266025392827316409 ) ) ;
#2958 = ORIENTED_EDGE ( 'NONE', *, *, #4683, .F. ) ;
#2959 = CARTESIAN_POINT ( 'NONE',  ( 0.5631639517484252622, -3.555678045528178011, -0.03397460717268277475 ) ) ;
#2960 = CARTESIAN_POINT ( 'NONE',  ( 1.957150696398380463, -3.841124844479640643, 6.199999989042875193 ) ) ;
#2961 = CARTESIAN_POINT ( 'NONE',  ( -1.718473782203454592, 3.372694985396755829, 8.233974585258435397 ) ) ;
#2962 = CARTESIAN_POINT ( 'NONE',  ( -3.048333987505707832, -3.048333777641312636, -4.200000010957123386 ) ) ;
#2963 = CARTESIAN_POINT ( 'NONE',  ( -0.6743883618602996011, -4.257919592556767441, -4.000000010957124097 ) ) ;
#2964 = CARTESIAN_POINT ( 'NONE',  ( -3.600004033424187622, 0.2833007408810408467, 9.390249497161443415 ) ) ;
#2965 = CARTESIAN_POINT ( 'NONE',  ( -0.5631639517484252622, 3.555678045528177567, 6.133974585258435752 ) ) ;
#2966 = ORIENTED_EDGE ( 'NONE', *, *, #1176, .F. ) ;
#2967 = CARTESIAN_POINT ( 'NONE',  ( -3.372694867087378423, 1.718474014398682526, 3.266025392827316409 ) ) ;
#2968 = CARTESIAN_POINT ( 'NONE',  ( 3.599999999999997868, -3.948796571318586148E-15, 4.415402147540224753 ) ) ;
#2969 = CARTESIAN_POINT ( 'NONE',  ( -0.4999999999999970579, -3.646030824578029517, 7.894248989059483357 ) ) ;
#2970 = CARTESIAN_POINT ( 'NONE',  ( 3.738661146426232484, 0.5921456213162111792, -1.533974607172684301 ) ) ;
#2971 = CARTESIAN_POINT ( 'NONE',  ( -0.4999999999999975020, -4.069397989875159993, 4.911267035992048058 ) ) ;
#2972 = CARTESIAN_POINT ( 'NONE',  ( -3.207623543337572602, -1.634365688646974846, 1.566025392827316232 ) ) ;
#2973 = CARTESIAN_POINT ( 'NONE',  ( 3.555678006756805676, -0.5631641965412358397, 0.3660253928273165536 ) ) ;
#2974 = ORIENTED_EDGE ( 'NONE', *, *, #2074, .F. ) ;
#2975 = CARTESIAN_POINT ( 'NONE',  ( -1.634365909477758505, -3.207623430818668187, 2.933974585258436019 ) ) ;
#2976 = ORIENTED_EDGE ( 'NONE', *, *, #3977, .F. ) ;
#2977 = CARTESIAN_POINT ( 'NONE',  ( 2.545584324645417063, -2.545584499897719066, 1.333974585258435486 ) ) ;
#2978 = CARTESIAN_POINT ( 'NONE',  ( -0.4999999999999966693, -3.784222789756007899, 6.984126222984924581 ) ) ;
#2979 = CARTESIAN_POINT ( 'NONE',  ( 0.6743883618602999341, 4.257919592556767441, 7.899999989042878035 ) ) ;
#2980 = CARTESIAN_POINT ( 'NONE',  ( -3.048333987505707832, -3.048333777641312636, 8.699999989042879633 ) ) ;
#2981 = CARTESIAN_POINT ( 'NONE',  ( 3.372694867087378423, -1.718474014398682526, 3.433974585258436463 ) ) ;
#2982 = CARTESIAN_POINT ( 'NONE',  ( -3.207623543337572602, -1.634365688646974846, 7.566025392827316232 ) ) ;
#2983 = CARTESIAN_POINT ( 'NONE',  ( 3.841124709738403809, -1.957150960842944709, 7.299999989042879278 ) ) ;
#2984 = CARTESIAN_POINT ( 'NONE',  ( -4.257919638985431909, -0.6743880687212413516, -2.400000010957123120 ) ) ;
#2985 = CARTESIAN_POINT ( 'NONE',  ( 3.653126813245570315, 1.861360923181276883, -2.400000010957121788 ) ) ;
#2986 = CARTESIAN_POINT ( 'NONE',  ( 3.841124709738403809, -1.957150960842944709, -1.600000010957122631 ) ) ;
#2987 = ORIENTED_EDGE ( 'NONE', *, *, #2143, .F. ) ;
#2988 = CARTESIAN_POINT ( 'NONE',  ( 3.653126813245570315, 1.861360923181276661, -1.300000010957123253 ) ) ;
#2989 = CARTESIAN_POINT ( 'NONE',  ( -3.841124709738404253, 1.957150960842944709, 9.399999989042877147 ) ) ;
#2990 = CARTESIAN_POINT ( 'NONE',  ( -2.899137703068391581, 2.899137902661292454, -3.800000010957122143 ) ) ;
#2991 = CARTESIAN_POINT ( 'NONE',  ( -3.275371976373163463, 2.477898080314282492, 8.000000000000001776 ) ) ;
#2992 = CARTESIAN_POINT ( 'NONE',  ( -3.555678006756805676, 0.5631641965412349515, -3.466025414741565225 ) ) ;
#2993 = ORIENTED_EDGE ( 'NONE', *, *, #131, .F. ) ;
#2994 = CARTESIAN_POINT ( 'NONE',  ( 3.555678006756805676, -0.5631641965412358397, -3.633974607172683502 ) ) ;
#2995 = CARTESIAN_POINT ( 'NONE',  ( -3.048333987505707832, -3.048333777641312636, -0.2000000109571228590 ) ) ;
#2996 = CARTESIAN_POINT ( 'NONE',  ( -1.718473782203454592, 3.372694985396755829, 10.23397458525843540 ) ) ;
#2997 = CARTESIAN_POINT ( 'NONE',  ( -2.899137703068391581, 2.899137902661292898, -2.700000010957123386 ) ) ;
#2998 = CARTESIAN_POINT ( 'NONE',  ( 4.049522174361919191, -0.6413814460608517898, -0.6000000109571221873 ) ) ;
#2999 = CARTESIAN_POINT ( 'NONE',  ( 2.676585940248914053, 2.676585755977737069, 8.666025392827316765 ) ) ;
#3000 = CARTESIAN_POINT ( 'NONE',  ( 2.676585940248913165, 2.676585755977737069, 9.833974585258433265 ) ) ;
#3001 = CARTESIAN_POINT ( 'NONE',  ( 1.957150696398380463, -3.841124844479640643, 6.199999989042875193 ) ) ;
#3002 = CARTESIAN_POINT ( 'NONE',  ( -3.600000001155295948, 0.2833261996191941967, 6.558196485963913247 ) ) ;
#3003 = CARTESIAN_POINT ( 'NONE',  ( -0.6413811672690400423, 4.049522218518203154, 1.999999989042877679 ) ) ;
#3004 = CARTESIAN_POINT ( 'NONE',  ( -3.207623543337572602, -1.634365688646974846, -4.433974607172683768 ) ) ;
#3005 = FACE_OUTER_BOUND ( 'NONE', #2122, .T. ) ;
#3006 = CARTESIAN_POINT ( 'NONE',  ( -1.718473782203454592, 3.372694985396756273, -2.933974607172684657 ) ) ;
#3007 = CARTESIAN_POINT ( 'NONE',  ( 3.207623543337573047, 1.634365688646974624, -1.433974607172682880 ) ) ;
#3008 = ORIENTED_EDGE ( 'NONE', *, *, #4826, .T. ) ;
#3009 =( NAMED_UNIT ( * ) SI_UNIT ( $, .STERADIAN. ) SOLID_ANGLE_UNIT ( ) );
#3010 = ORIENTED_EDGE ( 'NONE', *, *, #652, .T. ) ;
#3011 = EDGE_CURVE ( 'NONE', #2381, #3474, #4074, .T. ) ;
#3012 = CARTESIAN_POINT ( 'NONE',  ( 0.4999999999999806266, -4.069397989875162658, 0.08922378217067646056 ) ) ;
#3013 = CARTESIAN_POINT ( 'NONE',  ( 0.6743883618602999341, 4.257919592556767441, 1.899999989042878035 ) ) ;
#3014 = CARTESIAN_POINT ( 'NONE',  ( -4.257919638985431909, -0.6743880687212413516, 6.499999989042879456 ) ) ;
#3015 = CARTESIAN_POINT ( 'NONE',  ( 2.545584324645417063, -2.545584499897719510, -3.833974607172684124 ) ) ;
#3016 = CARTESIAN_POINT ( 'NONE',  ( 2.545584324645417063, -2.545584499897719510, 8.166025392827316765 ) ) ;
#3017 = CARTESIAN_POINT ( 'NONE',  ( 4.257919638985430133, 0.6743880687212409075, 9.499999989042878568 ) ) ;
#3018 = CARTESIAN_POINT ( 'NONE',  ( -0.6413811672690397092, 4.049522218518203154, 5.999999989042877679 ) ) ;
#3019 = CARTESIAN_POINT ( 'NONE',  ( -1.718473782203454592, 3.372694985396755829, 8.233974585258435397 ) ) ;
#3020 = CARTESIAN_POINT ( 'NONE',  ( -3.048333987505707832, -3.048333777641312636, -4.200000010957123386 ) ) ;
#3021 = EDGE_LOOP ( 'NONE', ( #2192, #2612, #3010, #1736 ) ) ;
#3022 = CARTESIAN_POINT ( 'NONE',  ( -3.048333987505707832, -3.048333777641312636, 1.799999989042877058 ) ) ;
#3023 = CARTESIAN_POINT ( 'NONE',  ( -3.841124709738404253, 1.957150960842944709, 5.399999989042875370 ) ) ;
#3024 = CARTESIAN_POINT ( 'NONE',  ( 1.861361174683003883, 3.653126685099039594, 2.899999989042875814 ) ) ;
#3025 = CARTESIAN_POINT ( 'NONE',  ( 3.653126813245570315, 1.861360923181276883, -0.4000000109571216766 ) ) ;
#3026 = CARTESIAN_POINT ( 'NONE',  ( -8.417170806306966568, -3.186100377805715755, 5.616580753730949560 ) ) ;
#3027 = CARTESIAN_POINT ( 'NONE',  ( 0.4999999999999986122, -3.696570492327023505, 5.993929677904386466 ) ) ;
#3028 = ORIENTED_EDGE ( 'NONE', *, *, #3579, .T. ) ;
#3029 = CARTESIAN_POINT ( 'NONE',  ( -3.555678006756805676, 0.5631641965412353956, -2.633974607172684390 ) ) ;
#3030 = CARTESIAN_POINT ( 'NONE',  ( -2.899137703068391581, 2.899137902661292898, -0.7000000109571233864 ) ) ;
#3031 = CARTESIAN_POINT ( 'NONE',  ( -0.5921458787066038454, -3.738661105659599304, 7.033974585258436107 ) ) ;
#3032 =( BOUNDED_CURVE ( )  B_SPLINE_CURVE ( 3, ( #4338, #523, #3275, #6498 ),
 .UNSPECIFIED., .F., .T. ) 
 B_SPLINE_CURVE_WITH_KNOTS ( ( 4, 4 ),
 ( 5.440046518277861232, 5.822631315498263405 ),
 .UNSPECIFIED. ) 
 CURVE ( )  GEOMETRIC_REPRESENTATION_ITEM ( )  RATIONAL_B_SPLINE_CURVE ( ( 1.000000000000000000, 0.9878395560626449523, 0.9878395560626449523, 1.000000000000000000 ) ) 
 REPRESENTATION_ITEM ( '' )  );
#3033 = CARTESIAN_POINT ( 'NONE',  ( 3.653126813245570315, 1.861360923181276661, -3.300000010957123031 ) ) ;
#3034 = CARTESIAN_POINT ( 'NONE',  ( 0.6743883618602999341, 4.257919592556767441, -0.1000000109571217294 ) ) ;
#3035 = CARTESIAN_POINT ( 'NONE',  ( -3.600003115103224349, 0.2833065389301239745, 10.55819818773159113 ) ) ;
#3036 = EDGE_CURVE ( 'NONE', #5994, #3708, #3953, .T. ) ;
#3037 = CARTESIAN_POINT ( 'NONE',  ( 3.372694867087377979, -1.718474014398682970, -3.733974607172682258 ) ) ;
#3038 = DIRECTION ( 'NONE',  ( 1.000000000000000000, 0.000000000000000000, 0.000000000000000000 ) ) ;
#3039 = CARTESIAN_POINT ( 'NONE',  ( -1.861361174683002995, -3.653126685099040039, 2.799999989042877946 ) ) ;
#3040 = CARTESIAN_POINT ( 'NONE',  ( 4.049522174361919191, -0.6413814460608517898, 8.499999989042876791 ) ) ;
#3041 = DIRECTION ( 'NONE',  ( 0.000000000000000000, 0.000000000000000000, 1.000000000000000000 ) ) ;
#3042 = CIRCLE ( 'NONE', #3615, 1.599999999999999867 ) ;
#3043 = CARTESIAN_POINT ( 'NONE',  ( -3.555678006756805676, 0.5631641965412353956, -2.633974607172684390 ) ) ;
#3044 = CARTESIAN_POINT ( 'NONE',  ( -3.555678006756805676, 0.5631641965412353956, 5.366025392827316942 ) ) ;
#3045 = CARTESIAN_POINT ( 'NONE',  ( 3.841124709738403809, -1.957150960842944709, 8.399999989042877147 ) ) ;
#3046 = ORIENTED_EDGE ( 'NONE', *, *, #817, .F. ) ;
#3047 = VERTEX_POINT ( 'NONE', #6109 ) ;
#3048 = DIRECTION ( 'NONE',  ( 1.000000000000000000, 0.000000000000000000, 0.000000000000000000 ) ) ;
#3049 = CARTESIAN_POINT ( 'NONE',  ( 3.841124709738403809, -1.957150960842944709, 7.299999989042879278 ) ) ;
#3050 = CARTESIAN_POINT ( 'NONE',  ( -0.5921458787066042895, -3.738661105659599748, 5.866025392827316054 ) ) ;
#3051 = CARTESIAN_POINT ( 'NONE',  ( 0.6413811672690400423, -4.049522218518203154, 2.999999989042878568 ) ) ;
#3052 = CARTESIAN_POINT ( 'NONE',  ( -0.5631639517484248181, 3.555678045528178011, -3.033974607172683857 ) ) ;
#3053 = CARTESIAN_POINT ( 'NONE',  ( -3.600000000000000089, 0.000000000000000000, 10.00000000000000000 ) ) ;
#3054 = EDGE_CURVE ( 'NONE', #227, #2511, #4795, .T. ) ;
#3055 = CARTESIAN_POINT ( 'NONE',  ( 0.6743883618602993790, 4.257919592556766553, 7.899999989042878035 ) ) ;
#3056 = CARTESIAN_POINT ( 'NONE',  ( -4.257919638985431909, -0.6743880687212413516, 8.499999989042878568 ) ) ;
#3057 = CARTESIAN_POINT ( 'NONE',  ( 1.718473782203455258, -3.372694985396755829, 1.233974585258436063 ) ) ;
#3058 = CARTESIAN_POINT ( 'NONE',  ( -0.6413811672690397092, 4.049522218518203154, -0.9000000109571238971 ) ) ;
#3059 = CARTESIAN_POINT ( 'NONE',  ( 0.4999999999999996669, -3.938634081600969949, 7.025240456233659003 ) ) ;
#3060 = CARTESIAN_POINT ( 'NONE',  ( 2.899137703068392025, -2.899137902661292454, 4.299999989042876614 ) ) ;
#3061 = CARTESIAN_POINT ( 'NONE',  ( -3.048333987505707832, -3.048333777641312636, 7.799999989042877502 ) ) ;
#3062 = CARTESIAN_POINT ( 'NONE',  ( -4.257919638985431909, -0.6743880687212415737, 0.4999999890428779570 ) ) ;
#3063 = VECTOR ( 'NONE', #6572, 1000.000000000000000 ) ;
#3064 = CARTESIAN_POINT ( 'NONE',  ( -3.599999999999997868, -1.467943733322380928E-08, 6.583351341274645385 ) ) ;
#3065 = CARTESIAN_POINT ( 'NONE',  ( -3.600000000000001421, -0.8642834671560669646, 4.660085946416242741 ) ) ;
#3066 = ORIENTED_EDGE ( 'NONE', *, *, #6703, .T. ) ;
#3067 = CARTESIAN_POINT ( 'NONE',  ( -3.841124709738404253, 1.957150960842944709, 9.399999989042877147 ) ) ;
#3068 = CARTESIAN_POINT ( 'NONE',  ( -2.899137703068391581, 2.899137902661292898, 1.299999989042876614 ) ) ;
#3069 = PRESENTATION_LAYER_ASSIGNMENT (  '', '', ( #4872 ) ) ;
#3070 = LINE ( 'NONE', #6905, #6203 ) ;
#3071 = CARTESIAN_POINT ( 'NONE',  ( -0.6413811672690397092, 4.049522218518203154, 3.999999989042877679 ) ) ;
#3072 = CARTESIAN_POINT ( 'NONE',  ( 3.738661146426232040, 0.5921456213162114013, 3.633974585258435308 ) ) ;
#3073 = CARTESIAN_POINT ( 'NONE',  ( -4.100004593621992655, 0.3226480660034077852, 9.524224093377002376 ) ) ;
#3074 = LINE ( 'NONE', #5240, #6571 ) ;
#3075 = CARTESIAN_POINT ( 'NONE',  ( 0.6413811672690402643, -4.049522218518203154, 0.9999999890428785676 ) ) ;
#3076 = CARTESIAN_POINT ( 'NONE',  ( -1.861361174683003439, -3.653126685099040039, 3.899999989042876702 ) ) ;
#3077 =( BOUNDED_SURFACE ( )  B_SPLINE_SURFACE ( 1, 2, ( 
 ( #121, #2876, #2298, #6633, #5606, #4548, #728, #2838, #4966, #4508, #200, #1720, #2953, #1797, #4471, #6173, #1758, #3906, #2799, #1263, #4435, #690, #3944, #5113, #6715, #5038, #765, #6062, #6097, #2416, #3450, #241, #1188, #1227, #1875, #4585, #2335, #6673, #3373, #1835, #2912, #5076, #6755, #83, #2375, #3488, #6215, #1336, #3525, #2260, #1950, #3097, #5262, #2556, #870, #2590, #3060, #6319, #4093, #5226, #1443, #4728, #3632, #345, #6826, #1374, #4130, #6252, #5752, #835, #379, #1916, #6285, #2523, #799, #4162, #275, #4696, #3561, #5787, #5717, #3022, #5187, #4621, #312, #907, #2453, #6863, #2489, #6894, #4659, #1411, #6791, #3598, #2015, #4763, #3665, #6352, #1984, #4193, #1479, #5818, #945, #3132, #5294, #415, #6929, #2050, #4228, #6386, #1514, #5682, #2988, #5152, #5948, #6483, #5326, #4921, #2149, #7028, #3703, #1545, #449, #3167, #6962, #509, #5454, #3295, #2624, #6451, #1610, #2689, #979, #4825, #2722, #3736, #3230, #2083, #6995, #4392, #4794, #3795, #572, #5917, #4260, #6417, #5885 ),
 ( #1076, #5390, #2115, #1011, #4292, #3199, #3764, #5358, #3261, #479, #1578, #4856, #5852, #4323, #2657, #1046, #5420, #540, #4357, #4887, #7, #2184, #6552, #39, #2756, #2216, #6517, #1644, #3830, #5985, #1112, #3897, #1287, #6052, #4006, #2788, #3364, #1711, #1179, #2403, #1253, #3967, #5523, #2324, #4497, #2362, #643, #4956, #5595, #4460, #2827, #111, #2286, #5065, #4992, #6701, #1215, #607, #1679, #6623, #5101, #5026, #5558, #74, #3934, #1146, #4575, #1784, #1824, #3401, #2250, #3862, #1747, #230, #149, #679, #4426, #6087, #3329, #6020, #6124, #6586, #2865, #3439, #5634, #6162, #4536, #6661, #716, #2901, #189, #3477, #754, #2941, #5488, #1325, #3515, #6743, #1864, #6204, #4044, #2315, #708, #1739, #2277, #1104, #2892, #4985, #2819, #6510, #4384, #3287, #5978, #2748, #3356, #1244, #6117, #5447, #2243, #4453, #5514, #3822, #599, #5550, #6545, #6045, #4912, #2781, #178, #565, #6615, #3428, #1705, #32, #2210, #1672, #3855, #3889, #2856, #3926, #141, #5054, #671, #104, #3960, #5481, #5586 ) ),
 .UNSPECIFIED., .F., .F., .T. ) 
 B_SPLINE_SURFACE_WITH_KNOTS ( ( 2, 2 ),
 ( 3, 2, 2, 2, 2, 2, 2, 2, 2, 2, 2, 2, 2, 2, 2, 2, 2, 2, 2, 2, 2, 2, 2, 2, 2, 2, 2, 2, 2, 2, 2, 2, 2, 2, 2, 2, 2, 2, 2, 2, 2, 2, 2, 2, 2, 2, 2, 2, 2, 2, 2, 2, 2, 2, 2, 2, 2, 2, 2, 2, 2, 2, 2, 2, 2, 2, 2, 2, 2, 2, 2, 2, 2, 3 ),
 ( 0.000000000000000000, 1.000000000000000000 ),
 ( 0.1004491996277696586, 0.1093556431958115360, 0.1125000000000000028, 0.1250000000000000000, 0.1375000000000000111, 0.1499999999999999944, 0.1625000000000000056, 0.1749999999999999889, 0.1875000000000000000, 0.2000000000000000111, 0.2124999999999999944, 0.2250000000000000056, 0.2374999999999999889, 0.2500000000000000000, 0.2625000000000000111, 0.2750000000000000222, 0.2874999999999999778, 0.2999999999999999889, 0.3125000000000000000, 0.3250000000000000111, 0.3375000000000000222, 0.3499999999999999778, 0.3624999999999999889, 0.3750000000000000000, 0.3875000000000000111, 0.4000000000000000222, 0.4124999999999999778, 0.4249999999999999889, 0.4375000000000000000, 0.4500000000000000111, 0.4625000000000000222, 0.4749999999999999778, 0.4874999999999999889, 0.5000000000000000000, 0.5124999999999999556, 0.5250000000000000222, 0.5374999999999999778, 0.5500000000000000444, 0.5625000000000000000, 0.5749999999999999556, 0.5875000000000000222, 0.5999999999999999778, 0.6125000000000000444, 0.6250000000000000000, 0.6374999999999999556, 0.6500000000000000222, 0.6624999999999999778, 0.6750000000000000444, 0.6875000000000000000, 0.6999999999999999556, 0.7125000000000000222, 0.7249999999999999778, 0.7375000000000000444, 0.7500000000000000000, 0.7624999999999999556, 0.7750000000000000222, 0.7874999999999999778, 0.8000000000000000444, 0.8125000000000000000, 0.8249999999999999556, 0.8375000000000000222, 0.8499999999999999778, 0.8625000000000000444, 0.8750000000000000000, 0.8874999999999999556, 0.9000000000000000222, 0.9124999999999999778, 0.9250000000000000444, 0.9375000000000000000, 0.9499999999999999556, 0.9625000000000000222, 0.9749999999999999778, 0.9875000000000000444, 1.000000000000000000 ),
 .UNSPECIFIED. ) 
 GEOMETRIC_REPRESENTATION_ITEM ( )  RATIONAL_B_SPLINE_SURFACE ( (
 ( 0.9815706371881780523, 0.9815706371881780523, 0.9815706371881780523, 0.9876883379193582835, 1.000000000000000000, 0.9510565162951535312, 1.000000000000000000, 0.9510565162951535312, 1.000000000000000000, 0.9510565162951535312, 1.000000000000000000, 0.9510565162951535312, 1.000000000000000000, 0.9510565162951535312, 1.000000000000000000, 0.9510565162951535312, 1.000000000000000000, 0.9510565162951535312, 1.000000000000000000, 0.9510565162951535312, 1.000000000000000000, 0.9510565162951535312, 1.000000000000000000, 0.9510565162951535312, 1.000000000000000000, 0.9510565162951535312, 1.000000000000000000, 0.9510565162951535312, 1.000000000000000000, 0.9510565162951535312, 1.000000000000000000, 0.9510565162951535312, 1.000000000000000000, 0.9510565162951535312, 1.000000000000000000, 0.9510565162951535312, 1.000000000000000000, 0.9510565162951535312, 1.000000000000000000, 0.9510565162951535312, 1.000000000000000000, 0.9510565162951535312, 1.000000000000000000, 0.9510565162951535312, 1.000000000000000000, 0.9510565162951535312, 1.000000000000000000, 0.9510565162951535312, 1.000000000000000000, 0.9510565162951535312, 1.000000000000000000, 0.9510565162951535312, 1.000000000000000000, 0.9510565162951535312, 1.000000000000000000, 0.9510565162951535312, 1.000000000000000000, 0.9510565162951535312, 1.000000000000000000, 0.9510565162951535312, 1.000000000000000000, 0.9510565162951535312, 1.000000000000000000, 0.9510565162951535312, 1.000000000000000000, 0.9510565162951535312, 1.000000000000000000, 0.9510565162951535312, 1.000000000000000000, 0.9510565162951535312, 1.000000000000000000, 0.9510565162951535312, 1.000000000000000000, 0.9510565162951535312, 1.000000000000000000, 0.9510565162951535312, 1.000000000000000000, 0.9510565162951535312, 1.000000000000000000, 0.9510565162951535312, 1.000000000000000000, 0.9510565162951535312, 1.000000000000000000, 0.9510565162951535312, 1.000000000000000000, 0.9510565162951535312, 1.000000000000000000, 0.9510565162951535312, 1.000000000000000000, 0.9510565162951535312, 1.000000000000000000, 0.9510565162951535312, 1.000000000000000000, 0.9510565162951535312, 1.000000000000000000, 0.9510565162951535312, 1.000000000000000000, 0.9510565162951535312, 1.000000000000000000, 0.9510565162951535312, 1.000000000000000000, 0.9510565162951535312, 1.000000000000000000, 0.9510565162951535312, 1.000000000000000000, 0.9510565162951535312, 1.000000000000000000, 0.9510565162951535312, 1.000000000000000000, 0.9510565162951535312, 1.000000000000000000, 0.9510565162951535312, 1.000000000000000000, 0.9510565162951535312, 1.000000000000000000, 0.9510565162951535312, 1.000000000000000000, 0.9510565162951535312, 1.000000000000000000, 0.9510565162951535312, 1.000000000000000000, 0.9510565162951535312, 1.000000000000000000, 0.9510565162951535312, 1.000000000000000000, 0.9510565162951535312, 1.000000000000000000, 0.9510565162951535312, 1.000000000000000000, 0.9510565162951535312, 1.000000000000000000, 0.9510565162951535312, 1.000000000000000000, 0.9510565162951535312, 1.000000000000000000, 0.9510565162951535312, 1.000000000000000000, 0.9510565162951535312, 1.000000000000000000, 0.9510565162951535312, 1.000000000000000000, 0.9510565162951535312, 1.000000000000000000, 0.9510565162951535312, 1.000000000000000000, 0.9510565162951535312, 1.000000000000000000),
 ( 0.9815706371881780523, 0.9815706371881780523, 0.9815706371881780523, 0.9876883379193582835, 1.000000000000000000, 0.9510565162951535312, 1.000000000000000000, 0.9510565162951535312, 1.000000000000000000, 0.9510565162951535312, 1.000000000000000000, 0.9510565162951535312, 1.000000000000000000, 0.9510565162951535312, 1.000000000000000000, 0.9510565162951535312, 1.000000000000000000, 0.9510565162951535312, 1.000000000000000000, 0.9510565162951535312, 1.000000000000000000, 0.9510565162951535312, 1.000000000000000000, 0.9510565162951535312, 1.000000000000000000, 0.9510565162951535312, 1.000000000000000000, 0.9510565162951535312, 1.000000000000000000, 0.9510565162951535312, 1.000000000000000000, 0.9510565162951535312, 1.000000000000000000, 0.9510565162951535312, 1.000000000000000000, 0.9510565162951535312, 1.000000000000000000, 0.9510565162951535312, 1.000000000000000000, 0.9510565162951535312, 1.000000000000000000, 0.9510565162951535312, 1.000000000000000000, 0.9510565162951535312, 1.000000000000000000, 0.9510565162951535312, 1.000000000000000000, 0.9510565162951535312, 1.000000000000000000, 0.9510565162951535312, 1.000000000000000000, 0.9510565162951535312, 1.000000000000000000, 0.9510565162951535312, 1.000000000000000000, 0.9510565162951535312, 1.000000000000000000, 0.9510565162951535312, 1.000000000000000000, 0.9510565162951535312, 1.000000000000000000, 0.9510565162951535312, 1.000000000000000000, 0.9510565162951535312, 1.000000000000000000, 0.9510565162951535312, 1.000000000000000000, 0.9510565162951535312, 1.000000000000000000, 0.9510565162951535312, 1.000000000000000000, 0.9510565162951535312, 1.000000000000000000, 0.9510565162951535312, 1.000000000000000000, 0.9510565162951535312, 1.000000000000000000, 0.9510565162951535312, 1.000000000000000000, 0.9510565162951535312, 1.000000000000000000, 0.9510565162951535312, 1.000000000000000000, 0.9510565162951535312, 1.000000000000000000, 0.9510565162951535312, 1.000000000000000000, 0.9510565162951535312, 1.000000000000000000, 0.9510565162951535312, 1.000000000000000000, 0.9510565162951535312, 1.000000000000000000, 0.9510565162951535312, 1.000000000000000000, 0.9510565162951535312, 1.000000000000000000, 0.9510565162951535312, 1.000000000000000000, 0.9510565162951535312, 1.000000000000000000, 0.9510565162951535312, 1.000000000000000000, 0.9510565162951535312, 1.000000000000000000, 0.9510565162951535312, 1.000000000000000000, 0.9510565162951535312, 1.000000000000000000, 0.9510565162951535312, 1.000000000000000000, 0.9510565162951535312, 1.000000000000000000, 0.9510565162951535312, 1.000000000000000000, 0.9510565162951535312, 1.000000000000000000, 0.9510565162951535312, 1.000000000000000000, 0.9510565162951535312, 1.000000000000000000, 0.9510565162951535312, 1.000000000000000000, 0.9510565162951535312, 1.000000000000000000, 0.9510565162951535312, 1.000000000000000000, 0.9510565162951535312, 1.000000000000000000, 0.9510565162951535312, 1.000000000000000000, 0.9510565162951535312, 1.000000000000000000, 0.9510565162951535312, 1.000000000000000000, 0.9510565162951535312, 1.000000000000000000, 0.9510565162951535312, 1.000000000000000000, 0.9510565162951535312, 1.000000000000000000, 0.9510565162951535312, 1.000000000000000000, 0.9510565162951535312, 1.000000000000000000, 0.9510565162951535312, 1.000000000000000000) ) ) 
 REPRESENTATION_ITEM ( '' )  SURFACE ( )  );
#3078 = CARTESIAN_POINT ( 'NONE',  ( -2.899137703068391581, 2.899137902661292454, 6.199999989042877857 ) ) ;
#3079 = CARTESIAN_POINT ( 'NONE',  ( 4.257919638985431909, 0.6743880687212407965, 4.599999989042876436 ) ) ;
#3080 = CARTESIAN_POINT ( 'NONE',  ( 3.372694867087377979, -1.718474014398682970, 4.266025392827316409 ) ) ;
#3081 = CARTESIAN_POINT ( 'NONE',  ( 2.899137703068392025, -2.899137902661292454, 6.299999989042876614 ) ) ;
#3082 = EDGE_LOOP ( 'NONE', ( #3585, #2004, #5876, #6790 ) ) ;
#3083 = CARTESIAN_POINT ( 'NONE',  ( 0.000000000000000000, 0.000000000000000000, 0.000000000000000000 ) ) ;
#3084 = ORIENTED_EDGE ( 'NONE', *, *, #5194, .F. ) ;
#3085 = CARTESIAN_POINT ( 'NONE',  ( 3.555678006756805676, -0.5631641965412358397, 0.3660253928273165536 ) ) ;
#3086 = B_SPLINE_CURVE_WITH_KNOTS ( 'NONE', 3,
 ( #780, #1930, #744, #5130, #6231, #3612, #220, #5731, #2969, #4526 ),
 .UNSPECIFIED., .F., .F.,
 ( 4, 3, 3, 4 ),
 ( 4.239957736591645461E-05, 0.0001356333316564097675, 0.0002712666646230615973, 0.0005232287769239002536 ),
 .UNSPECIFIED. ) ;
#3087 = CARTESIAN_POINT ( 'NONE',  ( -3.653126813245570315, -1.861360923181276883, 0.5999999890428774352 ) ) ;
#3088 = CARTESIAN_POINT ( 'NONE',  ( -3.372694867087378423, 1.718474014398682526, 3.266025392827316409 ) ) ;
#3089 = CARTESIAN_POINT ( 'NONE',  ( 4.049522174361919191, -0.6413814460608517898, 3.399999989042878035 ) ) ;
#3090 = CARTESIAN_POINT ( 'NONE',  ( -4.049522174361919191, 0.6413814460608515677, 9.499999989042876791 ) ) ;
#3091 = CARTESIAN_POINT ( 'NONE',  ( -3.841124709738404253, 1.957150960842943821, 4.299999989042877502 ) ) ;
#3092 = CARTESIAN_POINT ( 'NONE',  ( -1.957150696398379353, 3.841124844479640199, 10.09999998904287466 ) ) ;
#3093 = CARTESIAN_POINT ( 'NONE',  ( -2.899137703068391581, 2.899137902661292898, 8.199999989042877857 ) ) ;
#3094 = CARTESIAN_POINT ( 'NONE',  ( 0.5921458787066045115, 3.738661105659599748, 4.033974585258436107 ) ) ;
#3095 = CARTESIAN_POINT ( 'NONE',  ( 0.6743883618602993790, 4.257919592556766553, 9.899999989042875370 ) ) ;
#3096 = CARTESIAN_POINT ( 'NONE',  ( 3.841124709738403809, -1.957150960842944709, 8.399999989042877147 ) ) ;
#3097 = CARTESIAN_POINT ( 'NONE',  ( 3.048333987505708276, 3.048333777641312192, 4.799999989042876614 ) ) ;
#3098 = CARTESIAN_POINT ( 'NONE',  ( -4.257919638985431909, -0.6743880687212413516, 7.599999989042876436 ) ) ;
#3099 = CARTESIAN_POINT ( 'NONE',  ( -3.841124709738404253, 1.957150960842943821, 0.2999999890428775018 ) ) ;
#3100 = CARTESIAN_POINT ( 'NONE',  ( 0.4999999999999985012, -3.696570492327023061, 7.993929677904389131 ) ) ;
#3101 = CARTESIAN_POINT ( 'NONE',  ( 3.207623543337573047, 1.634365688646974624, 0.5660253928273171198 ) ) ;
#3102 = ORIENTED_EDGE ( 'NONE', *, *, #4126, .F. ) ;
#3103 = CARTESIAN_POINT ( 'NONE',  ( -1.718473782203454592, 3.372694985396756273, -2.933974607172684657 ) ) ;
#3104 = CIRCLE ( 'NONE', #4451, 4.250000000000000888 ) ;
#3105 = CARTESIAN_POINT ( 'NONE',  ( 4.049522174361919191, -0.6413814460608517898, 2.499999989042876347 ) ) ;
#3106 = CARTESIAN_POINT ( 'NONE',  ( 7.907483701647545438, -4.300719623019141125, 6.180909919324895085 ) ) ;
#3107 = DIRECTION ( 'NONE',  ( -0.000000000000000000, -0.000000000000000000, -1.000000000000000000 ) ) ;
#3108 = CARTESIAN_POINT ( 'NONE',  ( 4.049522174361919191, -0.6413814460608517898, 5.399999989042878035 ) ) ;
#3109 = CARTESIAN_POINT ( 'NONE',  ( 2.676585940248913165, 2.676585755977737069, 1.833974585258435708 ) ) ;
#3110 = CARTESIAN_POINT ( 'NONE',  ( 0.5631639517484254842, -3.555678045528177122, 1.133974585258436640 ) ) ;
#3111 = CARTESIAN_POINT ( 'NONE',  ( -1.861361174683003439, -3.653126685099040039, 7.899999989042876258 ) ) ;
#3112 = LINE ( 'NONE', #1929, #6819 ) ;
#3113 = PRESENTATION_STYLE_ASSIGNMENT (( #1688 ) ) ;
#3114 = CARTESIAN_POINT ( 'NONE',  ( 1.957150696398380463, -3.841124844479640643, 6.199999989042875193 ) ) ;
#3115 = CARTESIAN_POINT ( 'NONE',  ( -2.899137703068391581, 2.899137902661292454, 8.199999989042877857 ) ) ;
#3116 = CARTESIAN_POINT ( 'NONE',  ( -4.049522174361919191, 0.6413814460608515677, 7.499999989042877679 ) ) ;
#3117 = CARTESIAN_POINT ( 'NONE',  ( -0.5921458787066042895, -3.738661105659599748, 5.866025392827316054 ) ) ;
#3118 = CARTESIAN_POINT ( 'NONE',  ( -2.545584324645416618, 2.545584499897719954, -4.833974607172683235 ) ) ;
#3119 = VERTEX_POINT ( 'NONE', #6184 ) ;
#3120 = VERTEX_POINT ( 'NONE', #212 ) ;
#3121 = ADVANCED_FACE ( 'NONE', ( #1887 ), #4557, .T. ) ;
#3122 = CARTESIAN_POINT ( 'NONE',  ( 3.738661146426232040, 0.5921456213162114013, 7.633974585258436640 ) ) ;
#3123 = CARTESIAN_POINT ( 'NONE',  ( 4.257919638985431909, 0.6743880687212407965, -0.5000000109571227647 ) ) ;
#3124 = CARTESIAN_POINT ( 'NONE',  ( -3.372694867087378423, 1.718474014398682526, 5.266025392827317297 ) ) ;
#3125 = CARTESIAN_POINT ( 'NONE',  ( 0.6413811672690400423, -4.049522218518203154, 0.9999999890428785676 ) ) ;
#3126 = CARTESIAN_POINT ( 'NONE',  ( 0.5000000000000032196, -4.025807440708808471, 1.001219970121130842 ) ) ;
#3127 = EDGE_CURVE ( 'NONE', #2439, #6197, #6224, .T. ) ;
#3128 = CARTESIAN_POINT ( 'NONE',  ( 1.957150696398380463, -3.841124844479640643, 1.099999989042877990 ) ) ;
#3129 = CARTESIAN_POINT ( 'NONE',  ( -3.841124709738404253, 1.957150960842944709, 8.299999989042875725 ) ) ;
#3130 = CARTESIAN_POINT ( 'NONE',  ( 0.5921458787066045115, 3.738661105659599748, 6.033974585258434331 ) ) ;
#3131 = CARTESIAN_POINT ( 'NONE',  ( -1.718473782203454592, 3.372694985396756273, 7.066025392827317120 ) ) ;
#3132 = CARTESIAN_POINT ( 'NONE',  ( -4.257919638985431909, -0.6743880687212413516, -0.4000000109571233420 ) ) ;
#3133 = CARTESIAN_POINT ( 'NONE',  ( -0.6413811672690397092, 4.049522218518203154, 3.099999989042876436 ) ) ;
#3134 = CARTESIAN_POINT ( 'NONE',  ( -0.6743883618602991570, -4.257919592556766553, 0.8999999890428772575 ) ) ;
#3135 = CARTESIAN_POINT ( 'NONE',  ( 3.653126813245570315, 1.861360923181276661, 8.699999989042877857 ) ) ;
#3136 = CARTESIAN_POINT ( 'NONE',  ( -0.6413811672690400423, 4.049522218518203154, 5.999999989042877679 ) ) ;
#3137 = ORIENTED_EDGE ( 'NONE', *, *, #2891, .T. ) ;
#3138 = CARTESIAN_POINT ( 'NONE',  ( 4.049522174361919191, -0.6413814460608517898, 6.499999989042876791 ) ) ;
#3139 = CARTESIAN_POINT ( 'NONE',  ( 3.841124709738403809, -1.957150960842944709, 4.399999989042875370 ) ) ;
#3140 = CARTESIAN_POINT ( 'NONE',  ( 0.6743883618602999341, 4.257919592556767441, 0.9999999890428767912 ) ) ;
#3141 = CARTESIAN_POINT ( 'NONE',  ( 3.600000006942141173, -0.2833261630824980837, 5.558196489126413731 ) ) ;
#3142 = FACE_OUTER_BOUND ( 'NONE', #500, .T. ) ;
#3143 = CARTESIAN_POINT ( 'NONE',  ( -1.861361174683003439, -3.653126685099040039, 2.799999989042877946 ) ) ;
#3144 = CARTESIAN_POINT ( 'NONE',  ( 2.676585940248913165, 2.676585755977737069, -0.1660254147415641812 ) ) ;
#3145 = CARTESIAN_POINT ( 'NONE',  ( -3.207623543337572602, -1.634365688646975068, 0.7339745852584355079 ) ) ;
#3146 = CARTESIAN_POINT ( 'NONE',  ( 0.6743883618602999341, 4.257919592556767441, 6.999999989042875903 ) ) ;
#3147 = CARTESIAN_POINT ( 'NONE',  ( 0.5921458787066045115, 3.738661105659599304, 6.033974585258435219 ) ) ;
#3148 = CARTESIAN_POINT ( 'NONE',  ( -0.6743883618602996011, -4.257919592556767441, 5.999999989042876791 ) ) ;
#3149 = CARTESIAN_POINT ( 'NONE',  ( -3.653126813245569871, -1.861360923181277105, 8.599999989042878212 ) ) ;
#3150 = CIRCLE ( 'NONE', #3253, 9.000000000000001776 ) ;
#3151 = CARTESIAN_POINT ( 'NONE',  ( -3.841124709738404253, 1.957150960842944709, 9.399999989042877147 ) ) ;
#3152 = CARTESIAN_POINT ( 'NONE',  ( -3.555678006756805676, 0.5631641965412353956, 1.366025392827317386 ) ) ;
#3153 = CARTESIAN_POINT ( 'NONE',  ( -4.049522174361919191, 0.6413814460608515677, 7.499999989042877679 ) ) ;
#3154 = ORIENTED_EDGE ( 'NONE', *, *, #5351, .T. ) ;
#3155 = ORIENTED_EDGE ( 'NONE', *, *, #2098, .T. ) ;
#3156 = CARTESIAN_POINT ( 'NONE',  ( 3.207623543337573047, 1.634365688646974624, 7.733974585258436285 ) ) ;
#3157 = B_SPLINE_CURVE_WITH_KNOTS ( 'NONE', 3,
 ( #452, #2628, #910, #5297 ),
 .UNSPECIFIED., .F., .F.,
 ( 4, 4 ),
 ( 0.000000000000000000, 0.001689576885675056006 ),
 .UNSPECIFIED. ) ;
#3158 = EDGE_CURVE ( 'NONE', #6408, #4233, #6646, .T. ) ;
#3159 = CARTESIAN_POINT ( 'NONE',  ( -0.6743883618602996011, -4.257919592556767441, -3.100000010957122409 ) ) ;
#3160 = CARTESIAN_POINT ( 'NONE',  ( -2.545584324645416618, 2.545584499897719954, 7.166025392827316765 ) ) ;
#3161 = CARTESIAN_POINT ( 'NONE',  ( 1.957150696398380463, -3.841124844479640643, 1.099999989042877990 ) ) ;
#3162 = CARTESIAN_POINT ( 'NONE',  ( -0.5631639517484252622, 3.555678045528177567, 4.133974585258435752 ) ) ;
#3163 = CARTESIAN_POINT ( 'NONE',  ( 0.6413811672690402643, -4.049522218518203154, -1.000000010957121432 ) ) ;
#3164 = CARTESIAN_POINT ( 'NONE',  ( 3.841124709738403809, -1.957150960842944709, 7.299999989042879278 ) ) ;
#3165 = CARTESIAN_POINT ( 'NONE',  ( -3.372694867087378423, 1.718474014398681859, 2.433974585258435130 ) ) ;
#3166 = CARTESIAN_POINT ( 'NONE',  ( -3.372694867087379311, 1.718474014398682526, 7.266025392827315521 ) ) ;
#3167 = CARTESIAN_POINT ( 'NONE',  ( -4.257919638985431909, -0.6743880687212413516, -2.400000010957123120 ) ) ;
#3168 = CARTESIAN_POINT ( 'NONE',  ( -0.6413811672690397092, 4.049522218518203154, 7.099999989042876436 ) ) ;
#3169 = EDGE_CURVE ( 'NONE', #5210, #1484, #4622, .T. ) ;
#3170 = CARTESIAN_POINT ( 'NONE',  ( -2.676585940248912721, -2.676585755977737513, 6.833974585258436818 ) ) ;
#3171 = CARTESIAN_POINT ( 'NONE',  ( 0.4999999999999985012, -3.704522003965559751, 7.995952491134425522 ) ) ;
#3172 = CARTESIAN_POINT ( 'NONE',  ( -0.6743883618602991570, -4.257919592556766553, 6.899999989042878923 ) ) ;
#3173 = ORIENTED_EDGE ( 'NONE', *, *, #2074, .T. ) ;
#3174 = CARTESIAN_POINT ( 'NONE',  ( 4.257919638985431909, 0.6743880687212407965, 2.599999989042875548 ) ) ;
#3175 = CARTESIAN_POINT ( 'NONE',  ( -1.861361174683003439, -3.653126685099040039, 7.899999989042876258 ) ) ;
#3176 = CARTESIAN_POINT ( 'NONE',  ( 3.048333987505708276, 3.048333777641312192, 9.699999989042877857 ) ) ;
#3177 = CARTESIAN_POINT ( 'NONE',  ( 0.4999999999999806266, -4.069397989875162658, 0.08922378217067646056 ) ) ;
#3178 = FACE_OUTER_BOUND ( 'NONE', #6954, .T. ) ;
#3179 = CARTESIAN_POINT ( 'NONE',  ( 1.861361174683003439, 3.653126685099039594, 9.799999989042879278 ) ) ;
#3180 = CARTESIAN_POINT ( 'NONE',  ( -2.545584324645416618, 2.545584499897719510, 0.3339745852584362629 ) ) ;
#3181 = CARTESIAN_POINT ( 'NONE',  ( 3.372694867087377979, -1.718474014398682526, 5.433974585258435575 ) ) ;
#3182 = CARTESIAN_POINT ( 'NONE',  ( 0.6743883618602999341, 4.257919592556767441, 0.9999999890428767912 ) ) ;
#3183 = CARTESIAN_POINT ( 'NONE',  ( -3.600004033424187622, 0.2833007408810408467, 9.390249497161443415 ) ) ;
#3184 = CARTESIAN_POINT ( 'NONE',  ( -0.6413811672690397092, 4.049522218518203154, 7.099999989042876436 ) ) ;
#3185 = CARTESIAN_POINT ( 'NONE',  ( -4.049522174361919191, 0.6413814460608511236, 10.39999998904287892 ) ) ;
#3186 = CARTESIAN_POINT ( 'NONE',  ( -0.6413811672690397092, 4.049522218518203154, 9.099999989042876436 ) ) ;
#3187 = CARTESIAN_POINT ( 'NONE',  ( 1.718473782203455036, -3.372694985396756273, 2.066025392827316676 ) ) ;
#3188 = CARTESIAN_POINT ( 'NONE',  ( 0.6413811672690400423, -4.049522218518203154, 8.099999989042876436 ) ) ;
#3189 = ORIENTED_EDGE ( 'NONE', *, *, #606, .T. ) ;
#3190 = ORIENTED_EDGE ( 'NONE', *, *, #2853, .T. ) ;
#3191 = CARTESIAN_POINT ( 'NONE',  ( 9.000000000000001776, 1.102182119232617911E-15, 10.00000000000000000 ) ) ;
#3192 = AXIS2_PLACEMENT_3D ( 'NONE', #3576, #6875, #5203 ) ;
#3193 = CARTESIAN_POINT ( 'NONE',  ( -0.6743883618602996011, -4.257919592556767441, 0.8999999890428772575 ) ) ;
#3194 = CARTESIAN_POINT ( 'NONE',  ( -3.738661146426232484, -0.5921456213162119564, -0.5339746071726833021 ) ) ;
#3195 = CARTESIAN_POINT ( 'NONE',  ( -2.545584324645416618, 2.545584499897719510, 4.333974585258435930 ) ) ;
#3196 = CARTESIAN_POINT ( 'NONE',  ( 1.957150696398380463, -3.841124844479640643, -0.9000000109571220097 ) ) ;
#3197 = CARTESIAN_POINT ( 'NONE',  ( 0.6743883618602999341, 4.257919592556767441, -2.100000010957121965 ) ) ;
#3198 = CARTESIAN_POINT ( 'NONE',  ( 2.545584324645417063, -2.545584499897719066, 3.333974585258435486 ) ) ;
#3199 = CARTESIAN_POINT ( 'NONE',  ( -3.841124709738404253, 1.957150960842944709, 10.29999998904287750 ) ) ;
#3200 = EDGE_CURVE ( 'NONE', #1569, #1226, #410, .T. ) ;
#3201 = CARTESIAN_POINT ( 'NONE',  ( 0.6413811672690400423, -4.049522218518203154, -1.900000010957123120 ) ) ;
#3202 = CARTESIAN_POINT ( 'NONE',  ( -0.4999999999999979461, -4.069397989875159993, 6.011267035992046814 ) ) ;
#3203 = CARTESIAN_POINT ( 'NONE',  ( -0.5921458787066038454, -3.738661105659599304, 9.033974585258434331 ) ) ;
#3204 = CARTESIAN_POINT ( 'NONE',  ( -0.6413813089465514317, -4.049522196078693348, 1.080141941131699540E-15 ) ) ;
#3205 = CARTESIAN_POINT ( 'NONE',  ( -3.841124709738404253, 1.957150960842943821, 8.299999989042875725 ) ) ;
#3206 = ORIENTED_EDGE ( 'NONE', *, *, #6622, .F. ) ;
#3207 = CARTESIAN_POINT ( 'NONE',  ( 0.6413811672690400423, -4.049522218518203154, 2.099999989042876880 ) ) ;
#3208 = CARTESIAN_POINT ( 'NONE',  ( 0.6743883618602999341, 4.257919592556767441, 4.999999989042876791 ) ) ;
#3209 = CARTESIAN_POINT ( 'NONE',  ( -1.861361174683003439, -3.653126685099040039, 8.799999989042877502 ) ) ;
#3210 = CARTESIAN_POINT ( 'NONE',  ( -0.6413813116414870397, 4.049522195651856116, 1.535003439802544666E-11 ) ) ;
#3211 = CARTESIAN_POINT ( 'NONE',  ( 0.6743883618602999341, 4.257919592556767441, 6.999999989042875903 ) ) ;
#3212 = CARTESIAN_POINT ( 'NONE',  ( -0.6743883618602996011, -4.257919592556767441, -3.100000010957122409 ) ) ;
#3213 = CARTESIAN_POINT ( 'NONE',  ( -1.634365909477758505, -3.207623430818668187, 0.9339745852584360186 ) ) ;
#3214 = CARTESIAN_POINT ( 'NONE',  ( 2.545584324645417063, -2.545584499897719066, -0.6660254147415646253 ) ) ;
#3215 = CARTESIAN_POINT ( 'NONE',  ( -3.372694867087378423, 1.718474014398682526, 7.266025392827314633 ) ) ;
#3216 = AXIS2_PLACEMENT_3D ( 'NONE', #3533, #209, #2846 ) ;
#3217 = CARTESIAN_POINT ( 'NONE',  ( -4.257919638985431909, -0.6743880687212413516, -0.4000000109571233420 ) ) ;
#3218 = CARTESIAN_POINT ( 'NONE',  ( 0.6743883618602993790, 4.257919592556766553, -0.1000000109571217294 ) ) ;
#3219 = CARTESIAN_POINT ( 'NONE',  ( 2.899137703068392025, -2.899137902661292454, 4.299999989042876614 ) ) ;
#3220 = CARTESIAN_POINT ( 'NONE',  ( -4.257919638985431909, -0.6743880687212413516, -0.4000000109571233420 ) ) ;
#3221 = CARTESIAN_POINT ( 'NONE',  ( -3.048333987505707832, -3.048333777641312636, 3.799999989042876614 ) ) ;
#3222 = VERTEX_POINT ( 'NONE', #6327 ) ;
#3223 = CARTESIAN_POINT ( 'NONE',  ( -3.738661146426231596, -0.5921456213162122895, 0.6339745852584360852 ) ) ;
#3224 = DIRECTION ( 'NONE',  ( 1.000000000000000000, 0.000000000000000000, 0.000000000000000000 ) ) ;
#3225 = CARTESIAN_POINT ( 'NONE',  ( 3.738661146426232484, 0.5921456213162111792, 0.4660253928273159763 ) ) ;
#3226 = CARTESIAN_POINT ( 'NONE',  ( 1.634365909477759171, 3.207623430818668187, 4.766025392827316409 ) ) ;
#3227 = CARTESIAN_POINT ( 'NONE',  ( 2.899137703068392025, -2.899137902661292010, 1.199999989042877413 ) ) ;
#3228 = CARTESIAN_POINT ( 'NONE',  ( -0.6413811672690397092, 4.049522218518203154, 1.999999989042877679 ) ) ;
#3229 = LINE ( 'NONE', #7026, #1501 ) ;
#3230 = CARTESIAN_POINT ( 'NONE',  ( 2.899137703068392025, -2.899137902661292454, -3.700000010957124275 ) ) ;
#3231 = CARTESIAN_POINT ( 'NONE',  ( -4.257919638985431909, -0.6743880687212413516, 1.599999989042876214 ) ) ;
#3232 = CARTESIAN_POINT ( 'NONE',  ( -3.600000000000000089, -0.8642834671560701842, 1.492136753985122244 ) ) ;
#3233 = CARTESIAN_POINT ( 'NONE',  ( -2.676585940248912721, -2.676585755977737513, 8.833974585258436818 ) ) ;
#3234 = CARTESIAN_POINT ( 'NONE',  ( 0.6743883618602999341, 4.257919592556767441, 0.9999999890428767912 ) ) ;
#3235 = CARTESIAN_POINT ( 'NONE',  ( 3.048333987505707832, 3.048333777641312192, 7.699999989042878745 ) ) ;
#3236 = CARTESIAN_POINT ( 'NONE',  ( -3.653126813245570315, -1.861360923181276883, 5.699999989042876969 ) ) ;
#3237 = CARTESIAN_POINT ( 'NONE',  ( -3.653126813245570315, -1.861360923181276883, 3.699999989042876969 ) ) ;
#3238 = ADVANCED_BREP_SHAPE_REPRESENTATION ( 'Tr8x2 nut set', ( #2167, #632 ), #867 ) ;
#3239 = CARTESIAN_POINT ( 'NONE',  ( -4.049522174361919191, 0.6413814460608515677, -2.500000010957124541 ) ) ;
#3240 = DIRECTION ( 'NONE',  ( -0.000000000000000000, -0.000000000000000000, -1.000000000000000000 ) ) ;
#3241 = ADVANCED_FACE ( 'NONE', ( #3142 ), #2498, .F. ) ;
#3242 = CARTESIAN_POINT ( 'NONE',  ( 0.000000000000000000, 0.000000000000000000, 8.000000000000000000 ) ) ;
#3243 = CARTESIAN_POINT ( 'NONE',  ( -2.899137703068391581, 2.899137902661292454, 10.19999998904287786 ) ) ;
#3244 = CARTESIAN_POINT ( 'NONE',  ( 1.718473782203455258, -3.372694985396755829, -2.766025414741564159 ) ) ;
#3245 = FACE_OUTER_BOUND ( 'NONE', #5348, .T. ) ;
#3246 = CARTESIAN_POINT ( 'NONE',  ( -0.5921458787066042895, -3.738661105659599748, 7.866025392827318719 ) ) ;
#3247 = CARTESIAN_POINT ( 'NONE',  ( 0.6413811672690400423, -4.049522218518203154, 0.09999998904287703272 ) ) ;
#3248 = CARTESIAN_POINT ( 'NONE',  ( 1.957150696398380463, -3.841124844479640643, -0.9000000109571220097 ) ) ;
#3249 = CARTESIAN_POINT ( 'NONE',  ( -4.257919638985431909, -0.6743880687212413516, -2.400000010957123120 ) ) ;
#3250 = CARTESIAN_POINT ( 'NONE',  ( -4.257919638985431909, -0.6743880687212413516, 1.599999989042876214 ) ) ;
#3251 = CARTESIAN_POINT ( 'NONE',  ( 4.049522174361919191, -0.6413814460608517898, 0.4999999890428763472 ) ) ;
#3252 = CARTESIAN_POINT ( 'NONE',  ( 0.5921458787066047336, 3.738661105659600192, 8.866025392827316054 ) ) ;
#3253 = AXIS2_PLACEMENT_3D ( 'NONE', #3826, #4852, #5518 ) ;
#3254 = CARTESIAN_POINT ( 'NONE',  ( -3.372694867087378423, 1.718474014398681859, 0.4339745852584355190 ) ) ;
#3255 = CARTESIAN_POINT ( 'NONE',  ( 0.5000000000000131006, -3.720424548291199063, 1.004764581231410722E-12 ) ) ;
#3256 = CARTESIAN_POINT ( 'NONE',  ( -0.5631639517484248181, 3.555678045528178011, -1.033974607172683635 ) ) ;
#3257 = CARTESIAN_POINT ( 'NONE',  ( -3.372694867087378423, 1.718474014398682526, 5.266025392827317297 ) ) ;
#3258 = CARTESIAN_POINT ( 'NONE',  ( 0.6743883618602993790, 4.257919592556766553, 1.899999989042878035 ) ) ;
#3259 = CARTESIAN_POINT ( 'NONE',  ( 2.899137703068392025, -2.899137902661292454, -2.800000010957122587 ) ) ;
#3260 = CARTESIAN_POINT ( 'NONE',  ( -1.718473782203454592, 3.372694985396755829, -1.766025414741565047 ) ) ;
#3261 = CARTESIAN_POINT ( 'NONE',  ( -0.6413811672690397092, 4.049522218518203154, 9.999999989042878568 ) ) ;
#3262 = EDGE_CURVE ( 'NONE', #3222, #4786, #6246, .T. ) ;
#3263 = CARTESIAN_POINT ( 'NONE',  ( -2.899137703068391581, 2.899137902661292898, 1.299999989042876614 ) ) ;
#3264 = CARTESIAN_POINT ( 'NONE',  ( 3.048333987505708276, 3.048333777641312192, 0.7999999890428763916 ) ) ;
#3265 = FACE_BOUND ( 'NONE', #3548, .T. ) ;
#3266 = CARTESIAN_POINT ( 'NONE',  ( -1.634365909477758505, -3.207623430818668187, 8.933974585258436463 ) ) ;
#3267 = CARTESIAN_POINT ( 'NONE',  ( -1.861361174683003439, -3.653126685099040039, 5.899999989042876258 ) ) ;
#3268 = CARTESIAN_POINT ( 'NONE',  ( -1.957150696398379353, 3.841124844479640199, 0.09999998904287703272 ) ) ;
#3269 = CARTESIAN_POINT ( 'NONE',  ( -2.899137703068391581, 2.899137902661292898, 1.299999989042876614 ) ) ;
#3270 = CARTESIAN_POINT ( 'NONE',  ( -3.048333987505707832, -3.048333777641312636, 5.799999989042874837 ) ) ;
#3271 = CARTESIAN_POINT ( 'NONE',  ( 3.841124709738403809, -1.957150960842944709, -3.600000010957123298 ) ) ;
#3272 = CARTESIAN_POINT ( 'NONE',  ( 7.333822894049085050, -5.220239919928363115, 1.353573070066665052 ) ) ;
#3273 = CARTESIAN_POINT ( 'NONE',  ( -0.5469529275970899107, -4.036366823978171148, 8.000000000000000000 ) ) ;
#3274 = CARTESIAN_POINT ( 'NONE',  ( -4.049522174361919191, 0.6413814460608515677, -3.600000010957123298 ) ) ;
#3275 = CARTESIAN_POINT ( 'NONE',  ( -5.034486451845994637, -7.549008738335150959, 6.330815944791515548 ) ) ;
#3276 = CARTESIAN_POINT ( 'NONE',  ( 2.899137703068392025, -2.899137902661292010, 7.199999989042878745 ) ) ;
#3277 = CARTESIAN_POINT ( 'NONE',  ( 0.5921458787066045115, 3.738661105659599748, -1.966025414741563671 ) ) ;
#3278 = CARTESIAN_POINT ( 'NONE',  ( -2.676585940248913165, -2.676585755977737513, 7.666025392827315876 ) ) ;
#3279 = CARTESIAN_POINT ( 'NONE',  ( -0.6743883618602996011, -4.257919592556767441, -2.000000010957124097 ) ) ;
#3280 = CARTESIAN_POINT ( 'NONE',  ( 0.6743883618602993790, 4.257919592556766553, 1.899999989042878035 ) ) ;
#3281 = CARTESIAN_POINT ( 'NONE',  ( -3.841124709738404253, 1.957150960842944709, 4.299999989042877502 ) ) ;
#3282 = CARTESIAN_POINT ( 'NONE',  ( 3.653126813245570315, 1.861360923181276661, -1.300000010957123253 ) ) ;
#3283 = CARTESIAN_POINT ( 'NONE',  ( 4.257919638985431909, 0.6743880687212407965, 0.5999999890428755478 ) ) ;
#3284 = CARTESIAN_POINT ( 'NONE',  ( -3.653126813245570315, -1.861360923181276883, 5.699999989042876969 ) ) ;
#3285 = CARTESIAN_POINT ( 'NONE',  ( -0.6743883618602991570, -4.257919592556766553, -1.100000010957122631 ) ) ;
#3286 = CARTESIAN_POINT ( 'NONE',  ( -1.634365909477758949, -3.207623430818668631, 7.766025392827317297 ) ) ;
#3287 = CARTESIAN_POINT ( 'NONE',  ( 3.048333987505708276, 3.048333777641312192, -0.3000000109571222540 ) ) ;
#3288 = CARTESIAN_POINT ( 'NONE',  ( -0.5921458787066038454, -3.738661105659599304, 1.033974585258435441 ) ) ;
#3289 = CARTESIAN_POINT ( 'NONE',  ( -1.861361174683002995, -3.653126685099040039, 0.7999999890428779459 ) ) ;
#3290 = CARTESIAN_POINT ( 'NONE',  ( 2.676585940248914053, 2.676585755977737069, 8.666025392827316765 ) ) ;
#3291 = CIRCLE ( 'NONE', #2718, 1.599999999999999867 ) ;
#3292 = CARTESIAN_POINT ( 'NONE',  ( -3.738661146426231596, -0.5921456213162122895, 6.633974585258435752 ) ) ;
#3293 = CARTESIAN_POINT ( 'NONE',  ( -0.6743883618602996011, -4.257919592556767441, -1.100000010957122631 ) ) ;
#3294 = LINE ( 'NONE', #753, #2071 ) ;
#3295 = CARTESIAN_POINT ( 'NONE',  ( -1.957150696398379353, 3.841124844479640643, -2.800000010957124363 ) ) ;
#3296 =( BOUNDED_CURVE ( )  B_SPLINE_CURVE ( 2, ( #257, #6771, #3039, #4564, #2503, #4072, #3467, #6691, #1895, #887, #3003, #1353, #5623, #3543, #3995, #5242, #4639, #2392, #5697, #4109, #3075, #291, #1814 ),
 .UNSPECIFIED., .F., .T. ) 
 B_SPLINE_CURVE_WITH_KNOTS ( ( 3, 2, 2, 2, 2, 2, 2, 2, 2, 2, 2, 3 ),
 ( 0.5290632412102866944, 0.5368521705899044205, 0.5508869532992927143, 0.5649217360086810080, 0.5789565187180693018, 0.5929913014274574845, 0.6070260841368458893, 0.6210608668462341830, 0.6350956495556224768, 0.6491304322650107705, 0.6631652149743989533, 0.6639539306121539086 ),
 .UNSPECIFIED. ) 
 CURVE ( )  GEOMETRIC_REPRESENTATION_ITEM ( )  RATIONAL_B_SPLINE_CURVE ( ( 0.9758240785732322786, 0.9728376743649540526, 1.000000000000000000, 0.9510565162951535312, 1.000000000000000000, 0.9510565162951535312, 1.000000000000000000, 0.9510565162951535312, 1.000000000000000000, 0.9510565162951535312, 1.000000000000000000, 0.9510565162951535312, 1.000000000000000000, 0.9510565162951535312, 1.000000000000000000, 0.9510565162951535312, 1.000000000000000000, 0.9510565162951535312, 1.000000000000000000, 0.9510565162951535312, 1.000000000000000000, 0.9972495127453314678, 0.9948081649129286719 ) ) 
 REPRESENTATION_ITEM ( '' )  );
#3297 = CARTESIAN_POINT ( 'NONE',  ( -1.861361174683003439, -3.653126685099040039, -2.100000010957123742 ) ) ;
#3298 = CARTESIAN_POINT ( 'NONE',  ( -3.048333987505707832, -3.048333777641312636, -0.2000000109571228590 ) ) ;
#3299 = CARTESIAN_POINT ( 'NONE',  ( 2.676585940248913165, 2.676585755977737069, 3.833974585258435486 ) ) ;
#3300 = CARTESIAN_POINT ( 'NONE',  ( 4.257919638985431909, 0.6743880687212407965, 6.599999989042875548 ) ) ;
#3301 = CARTESIAN_POINT ( 'NONE',  ( 0.6413811672690402643, -4.049522218518203154, -1.000000010957121432 ) ) ;
#3302 = CARTESIAN_POINT ( 'NONE',  ( 4.257919638985431909, 0.6743880687212407965, 0.5999999890428755478 ) ) ;
#3303 = CARTESIAN_POINT ( 'NONE',  ( -4.257919638985431909, -0.6743880687212413516, -0.4000000109571233420 ) ) ;
#3304 = VERTEX_POINT ( 'NONE', #3607 ) ;
#3305 = CARTESIAN_POINT ( 'NONE',  ( -3.275085580257172335, 2.478434686445550650, 2.671600236361085836E-16 ) ) ;
#3306 = CARTESIAN_POINT ( 'NONE',  ( 2.545584324645417063, -2.545584499897719510, 4.166025392827316765 ) ) ;
#3307 = CARTESIAN_POINT ( 'NONE',  ( -0.4999999999999979461, -4.069397989875159993, 6.011267035992046814 ) ) ;
#3308 = CARTESIAN_POINT ( 'NONE',  ( -0.6743883618602991570, -4.257919592556766553, 8.899999989042878923 ) ) ;
#3309 = CARTESIAN_POINT ( 'NONE',  ( 4.257919638985430133, 0.6743880687212409075, 5.499999989042877679 ) ) ;
#3310 = CARTESIAN_POINT ( 'NONE',  ( 1.634365909477758727, 3.207623430818667742, -0.06602541474156481405 ) ) ;
#3311 = DIRECTION ( 'NONE',  ( 1.000000000000000000, -0.000000000000000000, -0.000000000000000000 ) ) ;
#3312 = CARTESIAN_POINT ( 'NONE',  ( -2.899137703068391581, 2.899137902661292898, -2.700000010957123386 ) ) ;
#3313 = CARTESIAN_POINT ( 'NONE',  ( 1.957150696398380463, -3.841124844479640643, 3.099999989042878212 ) ) ;
#3314 = CARTESIAN_POINT ( 'NONE',  ( -0.6413811672690397092, 4.049522218518203154, -2.000000010957122321 ) ) ;
#3315 = CARTESIAN_POINT ( 'NONE',  ( -4.049522174361919191, 0.6413814460608515677, 3.499999989042876347 ) ) ;
#3316 = CARTESIAN_POINT ( 'NONE',  ( 4.257919638985431909, 0.6743880687212407965, -1.400000010957124230 ) ) ;
#3317 = CARTESIAN_POINT ( 'NONE',  ( 2.899137703068392025, -2.899137902661292454, 0.2999999890428758365 ) ) ;
#3318 = CARTESIAN_POINT ( 'NONE',  ( 3.841124709738403809, -1.957150960842944709, -0.7000000109571216100 ) ) ;
#3319 = CARTESIAN_POINT ( 'NONE',  ( 3.555678006756805676, -0.5631641965412358397, 4.366025392827316942 ) ) ;
#3320 = CARTESIAN_POINT ( 'NONE',  ( 0.5000000000000004441, -5.986100377805715134, 3.999999999999998224 ) ) ;
#3321 = CARTESIAN_POINT ( 'NONE',  ( 3.738661146426232040, 0.5921456213162114013, 3.633974585258435308 ) ) ;
#3322 = CARTESIAN_POINT ( 'NONE',  ( -3.372694867087379311, 1.718474014398681859, 2.433974585258435130 ) ) ;
#3323 = B_SPLINE_CURVE_WITH_KNOTS ( 'NONE', 3,
 ( #1873, #2487, #4128, #6861 ),
 .UNSPECIFIED., .F., .F.,
 ( 4, 4 ),
 ( 0.000000000000000000, 0.0005093264734913229138 ),
 .UNSPECIFIED. ) ;
#3324 = CIRCLE ( 'NONE', #5141, 5.999999999999999112 ) ;
#3325 = CARTESIAN_POINT ( 'NONE',  ( 3.555678006756805676, -0.5631641965412358397, 4.366025392827316942 ) ) ;
#3326 = CARTESIAN_POINT ( 'NONE',  ( -2.676585940248912721, -2.676585755977737513, 8.833974585258436818 ) ) ;
#3327 = CARTESIAN_POINT ( 'NONE',  ( -1.957150696398379353, 3.841124844479640643, 0.09999998904287703272 ) ) ;
#3328 = CARTESIAN_POINT ( 'NONE',  ( 3.372694867087377979, -1.718474014398682526, -0.5660254147415634263 ) ) ;
#3329 = CARTESIAN_POINT ( 'NONE',  ( 0.6413811672690400423, -4.049522218518203154, 2.999999989042878568 ) ) ;
#3330 = CARTESIAN_POINT ( 'NONE',  ( -4.049522174361919191, 0.6413814460608515677, 1.499999989042877235 ) ) ;
#3331 = CARTESIAN_POINT ( 'NONE',  ( 2.899137703068392025, -2.899137902661292454, 2.299999989042875725 ) ) ;
#3332 = CARTESIAN_POINT ( 'NONE',  ( 3.555678006756805676, -0.5631641965412353956, 1.533974585258435885 ) ) ;
#3333 = CARTESIAN_POINT ( 'NONE',  ( -0.6743883618602996011, -4.257919592556767441, 1.999999989042875903 ) ) ;
#3334 = CARTESIAN_POINT ( 'NONE',  ( 0.6413811672690402643, -4.049522218518203154, 4.999999989042877679 ) ) ;
#3335 = CARTESIAN_POINT ( 'NONE',  ( -0.6413811672690397092, 4.049522218518203154, 5.099999989042876436 ) ) ;
#3336 = CARTESIAN_POINT ( 'NONE',  ( 4.049522174361919191, -0.6413814460608517898, -1.500000010957123653 ) ) ;
#3337 = ORIENTED_EDGE ( 'NONE', *, *, #4211, .F. ) ;
#3338 = PLANE ( 'NONE',  #895 ) ;
#3339 =( BOUNDED_CURVE ( )  B_SPLINE_CURVE ( 2, ( #1689, #4401, #6562, #2299, #5996, #3945, #5498 ),
 .UNSPECIFIED., .F., .T. ) 
 B_SPLINE_CURVE_WITH_KNOTS ( ( 3, 2, 2, 3 ),
 ( 0.2058999657812182471, 0.2124999999999999944, 0.2250000000000000056, 0.2343556431958115360 ),
 .UNSPECIFIED. ) 
 CURVE ( )  GEOMETRIC_REPRESENTATION_ITEM ( )  RATIONAL_B_SPLINE_CURVE ( ( 0.9756050165368453930, 0.9741577066209299307, 1.000000000000000000, 0.9510565162951535312, 1.000000000000000000, 0.9633681783757952477, 0.9815706371881782744 ) ) 
 REPRESENTATION_ITEM ( '' )  );
#3340 = CARTESIAN_POINT ( 'NONE',  ( 0.5921458787066047336, 3.738661105659600192, 8.866025392827316054 ) ) ;
#3341 = CARTESIAN_POINT ( 'NONE',  ( 0.5708636398835533754, -4.060691095137920037, 4.094640575724334042 ) ) ;
#3342 = CARTESIAN_POINT ( 'NONE',  ( 1.957150696398380463, -3.841124844479640643, 1.099999989042877990 ) ) ;
#3343 = CARTESIAN_POINT ( 'NONE',  ( 6.309771793307398013, -6.424611244482473005, 6.722724044775453045 ) ) ;
#3344 = CARTESIAN_POINT ( 'NONE',  ( -1.957150696398379353, 3.841124844479640199, 4.099999989042879101 ) ) ;
#3345 = FACE_OUTER_BOUND ( 'NONE', #1811, .T. ) ;
#3346 = CARTESIAN_POINT ( 'NONE',  ( 1.634365909477759171, 3.207623430818668187, 2.766025392827315965 ) ) ;
#3347 = CARTESIAN_POINT ( 'NONE',  ( 3.653126813245570315, 1.861360923181276661, -3.300000010957123031 ) ) ;
#3348 = CARTESIAN_POINT ( 'NONE',  ( -0.6743883618602991570, -4.257919592556766553, 0.8999999890428772575 ) ) ;
#3349 = EDGE_CURVE ( 'NONE', #2452, #402, #6836, .T. ) ;
#3350 = CARTESIAN_POINT ( 'NONE',  ( -0.6743883618602996011, -4.257919592556767441, -3.100000010957122409 ) ) ;
#3351 = CARTESIAN_POINT ( 'NONE',  ( 1.957150696398380463, -3.841124844479640643, 2.199999989042876525 ) ) ;
#3352 = CARTESIAN_POINT ( 'NONE',  ( -3.048333987505707832, -3.048333777641312636, 8.699999989042879633 ) ) ;
#3353 = CARTESIAN_POINT ( 'NONE',  ( -2.899137703068391581, 2.899137902661292898, 1.299999989042876614 ) ) ;
#3354 = CARTESIAN_POINT ( 'NONE',  ( -3.653126813245569871, -1.861360923181277105, 0.5999999890428774352 ) ) ;
#3355 = CARTESIAN_POINT ( 'NONE',  ( -3.555678006756805676, 0.5631641965412353956, 9.366025392827317830 ) ) ;
#3356 = CARTESIAN_POINT ( 'NONE',  ( 4.049522174361919191, -0.6413814460608517898, -0.6000000109571221873 ) ) ;
#3357 = CARTESIAN_POINT ( 'NONE',  ( 0.5631639517484254842, -3.555678045528177122, 5.133974585258435752 ) ) ;
#3358 = LINE ( 'NONE', #1602, #6150 ) ;
#3359 = CARTESIAN_POINT ( 'NONE',  ( -3.599999999635204784, -5.124947355626040474E-05, 9.415406697682357162 ) ) ;
#3360 = CARTESIAN_POINT ( 'NONE',  ( -0.6743883618602991570, -4.257919592556766553, -3.100000010957122409 ) ) ;
#3361 = CARTESIAN_POINT ( 'NONE',  ( 3.600000000000000089, 4.408728476930471151E-16, 0.000000000000000000 ) ) ;
#3362 = CARTESIAN_POINT ( 'NONE',  ( -3.555678006756805676, 0.5631641965412349515, -3.466025414741565225 ) ) ;
#3363 = ADVANCED_FACE ( 'NONE', ( #4138 ), #5897, .F. ) ;
#3364 = CARTESIAN_POINT ( 'NONE',  ( 2.899137703068392025, -2.899137902661292454, 7.199999989042878745 ) ) ;
#3365 = CARTESIAN_POINT ( 'NONE',  ( 4.049522174361919191, -0.6413814460608517898, -3.500000010957123653 ) ) ;
#3366 = DIRECTION ( 'NONE',  ( -0.000000000000000000, -0.000000000000000000, -1.000000000000000000 ) ) ;
#3367 = CARTESIAN_POINT ( 'NONE',  ( -0.5631639517484252622, 3.555678045528177567, 2.133974585258435752 ) ) ;
#3368 = CARTESIAN_POINT ( 'NONE',  ( 4.257919638985431909, 0.6743880687212407965, 4.599999989042876436 ) ) ;
#3369 = CARTESIAN_POINT ( 'NONE',  ( -1.861361174683002995, -3.653126685099040039, 0.7999999890428779459 ) ) ;
#3370 = CARTESIAN_POINT ( 'NONE',  ( 1.861361174683003883, 3.653126685099039594, 4.899999989042876258 ) ) ;
#3371 = CARTESIAN_POINT ( 'NONE',  ( 4.049522174361919191, -0.6413814460608517898, -3.500000010957123653 ) ) ;
#3372 = ORIENTED_EDGE ( 'NONE', *, *, #417, .T. ) ;
#3373 = CARTESIAN_POINT ( 'NONE',  ( 0.6413811672690400423, -4.049522218518203154, 6.099999989042876436 ) ) ;
#3374 = CARTESIAN_POINT ( 'NONE',  ( 2.676585940248914053, 2.676585755977737069, 8.666025392827316765 ) ) ;
#3375 = ADVANCED_FACE ( 'NONE', ( #3178 ), #459, .F. ) ;
#3376 = VECTOR ( 'NONE', #6033, 1000.000000000000000 ) ;
#3377 = CARTESIAN_POINT ( 'NONE',  ( -3.048333987505707832, -3.048333777641312636, 5.799999989042875725 ) ) ;
#3378 = CARTESIAN_POINT ( 'NONE',  ( 2.899137703068392025, -2.899137902661292010, 7.199999989042878745 ) ) ;
#3379 = CARTESIAN_POINT ( 'NONE',  ( 3.048333987505707832, 3.048333777641312192, 7.699999989042877857 ) ) ;
#3380 = CARTESIAN_POINT ( 'NONE',  ( -3.048333987505707388, -3.048333777641312636, 8.699999989042879633 ) ) ;
#3381 = CARTESIAN_POINT ( 'NONE',  ( -3.738661146426232484, -0.5921456213162119564, 7.466025392827316587 ) ) ;
#3382 = CARTESIAN_POINT ( 'NONE',  ( -2.676585940248913165, -2.676585755977737513, -0.3339746071726826249 ) ) ;
#3383 = CARTESIAN_POINT ( 'NONE',  ( -2.899137703068391581, 2.899137902661292898, -4.700000010957123386 ) ) ;
#3384 = CARTESIAN_POINT ( 'NONE',  ( -3.555678006756805676, 0.5631641965412349515, 8.533974585258436107 ) ) ;
#3385 = CARTESIAN_POINT ( 'NONE',  ( 1.957150696398380463, -3.841124844479640643, -2.900000010957122232 ) ) ;
#3386 = CARTESIAN_POINT ( 'NONE',  ( -0.6743883618602996011, -4.257919592556767441, 1.999999989042875903 ) ) ;
#3387 = CARTESIAN_POINT ( 'NONE',  ( -0.6743883618602996011, -4.257919592556767441, 8.899999989042878923 ) ) ;
#3388 = CARTESIAN_POINT ( 'NONE',  ( -4.049522174361919191, 0.6413814460608515677, -4.500000010957124985 ) ) ;
#3389 = CARTESIAN_POINT ( 'NONE',  ( -1.957150696398379353, 3.841124844479640199, 2.099999989042876436 ) ) ;
#3390 = VERTEX_POINT ( 'NONE', #6871 ) ;
#3391 = CARTESIAN_POINT ( 'NONE',  ( 0.5631639517484252622, -3.555678045528178011, 3.966025392827316587 ) ) ;
#3392 = CARTESIAN_POINT ( 'NONE',  ( -1.718473782203454592, 3.372694985396756273, 5.066025392827316232 ) ) ;
#3393 = CARTESIAN_POINT ( 'NONE',  ( 4.000000000000000888, -8.062257748298549132, 5.803349819904133788 ) ) ;
#3394 = CARTESIAN_POINT ( 'NONE',  ( -2.545584324645416618, 2.545584499897719954, -0.8339746071726831245 ) ) ;
#3395 = DIRECTION ( 'NONE',  ( -0.000000000000000000, -0.000000000000000000, -1.000000000000000000 ) ) ;
#3396 = CARTESIAN_POINT ( 'NONE',  ( 2.676585940248914053, 2.676585755977737069, 0.6660253928273162094 ) ) ;
#3397 = DIRECTION ( 'NONE',  ( -0.000000000000000000, -0.000000000000000000, -1.000000000000000000 ) ) ;
#3398 = CARTESIAN_POINT ( 'NONE',  ( 2.676585940248913165, 2.676585755977737069, 7.833974585258435930 ) ) ;
#3399 = LINE ( 'NONE', #5520, #2117 ) ;
#3400 = CARTESIAN_POINT ( 'NONE',  ( 0.000000000000000000, 0.000000000000000000, 8.500000000000000000 ) ) ;
#3401 = CARTESIAN_POINT ( 'NONE',  ( 0.6743883618602999341, 4.257919592556767441, 3.899999989042877591 ) ) ;
#3402 = CARTESIAN_POINT ( 'NONE',  ( -3.048333987505707832, -3.048333777641312636, -2.200000010957122942 ) ) ;
#3403 = CARTESIAN_POINT ( 'NONE',  ( 1.861361174683003883, 3.653126685099039594, -3.100000010957124630 ) ) ;
#3404 = CARTESIAN_POINT ( 'NONE',  ( -4.049522174361919191, 0.6413814460608515677, -4.500000010957124985 ) ) ;
#3405 = CARTESIAN_POINT ( 'NONE',  ( -2.545584324645416618, 2.545584499897719510, 0.3339745852584362629 ) ) ;
#3406 = CARTESIAN_POINT ( 'NONE',  ( -0.6743883618602996011, -4.257919592556767441, -1.095712409693305744E-08 ) ) ;
#3407 = CARTESIAN_POINT ( 'NONE',  ( 3.653126813245570315, 1.861360923181276883, 3.599999989042878212 ) ) ;
#3408 = CARTESIAN_POINT ( 'NONE',  ( -4.257919638985431909, -0.6743880687212413516, 3.599999989042876880 ) ) ;
#3409 = LINE ( 'NONE', #5035, #2652 ) ;
#3410 = ORIENTED_EDGE ( 'NONE', *, *, #4291, .T. ) ;
#3411 = EDGE_CURVE ( 'NONE', #6632, #4620, #3070, .T. ) ;
#3412 = CARTESIAN_POINT ( 'NONE',  ( -1.119642013313800533, -3.951577270063165059, 1.292135150350301736E-16 ) ) ;
#3413 = DIRECTION ( 'NONE',  ( 0.000000000000000000, 0.000000000000000000, -1.000000000000000000 ) ) ;
#3414 = CARTESIAN_POINT ( 'NONE',  ( 0.6413811672690400423, -4.049522218518203154, 4.099999989042876436 ) ) ;
#3415 = EDGE_CURVE ( 'NONE', #4080, #1002, #1888, .T. ) ;
#3416 = CARTESIAN_POINT ( 'NONE',  ( -2.899137703068391581, 2.899137902661292454, 4.199999989042877857 ) ) ;
#3417 = CARTESIAN_POINT ( 'NONE',  ( 0.1934759921719289011, 3.675518012874152252, 0.06848220183239495107 ) ) ;
#3418 = CARTESIAN_POINT ( 'NONE',  ( -1.957150696398379353, 3.841124844479640199, 8.099999989042878212 ) ) ;
#3419 = CARTESIAN_POINT ( 'NONE',  ( -3.738661146426232484, -0.5921456213162119564, 1.466025392827317031 ) ) ;
#3420 = CARTESIAN_POINT ( 'NONE',  ( -0.6413811672690397092, 4.049522218518203154, 9.099999989042876436 ) ) ;
#3421 = CARTESIAN_POINT ( 'NONE',  ( -3.653126813245569871, -1.861360923181277105, -3.400000010957122676 ) ) ;
#3422 = CARTESIAN_POINT ( 'NONE',  ( -1.097120585128121828, -3.481363619491396388, 0.9855227524868204192 ) ) ;
#3423 = CARTESIAN_POINT ( 'NONE',  ( 3.653126813245570315, 1.861360923181276661, 7.599999989042878212 ) ) ;
#3424 = CARTESIAN_POINT ( 'NONE',  ( -0.6413811672690397092, 4.049522218518203154, -2.900000010957124008 ) ) ;
#3425 = CARTESIAN_POINT ( 'NONE',  ( 2.676585940248913165, 2.676585755977737069, 7.833974585258435930 ) ) ;
#3426 = CARTESIAN_POINT ( 'NONE',  ( 2.676585940248914053, 2.676585755977737069, 0.6660253928273162094 ) ) ;
#3427 = CARTESIAN_POINT ( 'NONE',  ( -1.861361174683003439, -3.653126685099040039, 3.899999989042876702 ) ) ;
#3428 = CARTESIAN_POINT ( 'NONE',  ( 3.048333987505708276, 3.048333777641312192, -2.300000010957122587 ) ) ;
#3429 = CARTESIAN_POINT ( 'NONE',  ( -2.676585940248913165, -2.676585755977737513, -0.3339746071726826249 ) ) ;
#3430 = CARTESIAN_POINT ( 'NONE',  ( 0.9333527364758351652, 3.476902740847530371, 0.000000000000000000 ) ) ;
#3431 = CARTESIAN_POINT ( 'NONE',  ( 3.372694867087377979, -1.718474014398682970, -3.733974607172682258 ) ) ;
#3432 = CARTESIAN_POINT ( 'NONE',  ( 3.372694867087377979, -1.718474014398682970, 0.2660253928273171864 ) ) ;
#3433 = APPLICATION_PROTOCOL_DEFINITION ( 'draft international standard', 'automotive_design', 1998, #6146 ) ;
#3434 = CARTESIAN_POINT ( 'NONE',  ( -4.049522174361919191, 0.6413814460608511236, -3.600000010957123298 ) ) ;
#3435 = CARTESIAN_POINT ( 'NONE',  ( 0.000000000000000000, 0.000000000000000000, 0.000000000000000000 ) ) ;
#3436 = CARTESIAN_POINT ( 'NONE',  ( 0.5000000000000004441, -5.986100377805715134, 2.399999999999998579 ) ) ;
#3437 = B_SPLINE_CURVE_WITH_KNOTS ( 'NONE', 3,
 ( #5744, #3126, #6312, #1437, #1473, #5289, #409, #2045, #4952, #6618 ),
 .UNSPECIFIED., .F., .F.,
 ( 4, 3, 3, 4 ),
 ( 0.000000000000000000, 0.0001356333311457778119, 0.0002712666633846877191, 0.0005231686598705945429 ),
 .UNSPECIFIED. ) ;
#3438 = VECTOR ( 'NONE', #2174, 1000.000000000000000 ) ;
#3439 = CARTESIAN_POINT ( 'NONE',  ( -4.257919638985431909, -0.6743880687212413516, 2.499999989042877679 ) ) ;
#3440 = CARTESIAN_POINT ( 'NONE',  ( -1.957150696398379353, 3.841124844479640643, 4.099999989042879101 ) ) ;
#3441 = CARTESIAN_POINT ( 'NONE',  ( -3.048333987505707832, -3.048333777641312636, 4.699999989042877857 ) ) ;
#3442 = CARTESIAN_POINT ( 'NONE',  ( 3.555678006756805676, -0.5631641965412353956, 3.533974585258436107 ) ) ;
#3443 = CARTESIAN_POINT ( 'NONE',  ( 3.738661146426232484, 0.5921456213162111792, 4.466025392827317475 ) ) ;
#3444 = CARTESIAN_POINT ( 'NONE',  ( 3.372694867087377979, -1.718474014398682526, 1.433974585258436685 ) ) ;
#3445 = CARTESIAN_POINT ( 'NONE',  ( 3.841124709738403809, -1.957150960842944709, -3.600000010957123298 ) ) ;
#3446 = CARTESIAN_POINT ( 'NONE',  ( -0.6413811672690400423, 4.049522218518203154, -2.000000010957122321 ) ) ;
#3447 = CARTESIAN_POINT ( 'NONE',  ( -4.099999999752186319, -4.507849041229200444E-05, 10.44938025793131686 ) ) ;
#3448 = CARTESIAN_POINT ( 'NONE',  ( -0.6743883618602996011, -4.257919592556767441, -2.000000010957124097 ) ) ;
#3449 = ORIENTED_EDGE ( 'NONE', *, *, #5375, .F. ) ;
#3450 = CARTESIAN_POINT ( 'NONE',  ( 1.861361174683003883, 3.653126685099039594, 6.899999989042876258 ) ) ;
#3451 = CARTESIAN_POINT ( 'NONE',  ( -1.718473782203454592, 3.372694985396756273, 7.066025392827317120 ) ) ;
#3452 = CARTESIAN_POINT ( 'NONE',  ( 3.048333987505708276, 3.048333777641312192, 8.799999989042873949 ) ) ;
#3453 = CARTESIAN_POINT ( 'NONE',  ( 4.049522174361919191, -0.6413814460608513457, 3.399999989042878035 ) ) ;
#3454 = DIRECTION ( 'NONE',  ( 0.000000000000000000, 0.000000000000000000, 1.000000000000000000 ) ) ;
#3455 = CARTESIAN_POINT ( 'NONE',  ( 0.4999999999999997780, -3.908482078909108814, 6.047969133321431379 ) ) ;
#3456 = EDGE_CURVE ( 'NONE', #2441, #5758, #5404, .T. ) ;
#3457 = CARTESIAN_POINT ( 'NONE',  ( -2.545584324645416618, 2.545584499897719954, -0.8339746071726831245 ) ) ;
#3458 = CARTESIAN_POINT ( 'NONE',  ( 2.899137703068392025, -2.899137902661292454, 8.299999989042877502 ) ) ;
#3459 = ADVANCED_FACE ( 'NONE', ( #5400 ), #2699, .F. ) ;
#3460 = CARTESIAN_POINT ( 'NONE',  ( -1.957150696398379353, 3.841124844479640199, -1.900000010957122898 ) ) ;
#3461 = FACE_OUTER_BOUND ( 'NONE', #384, .T. ) ;
#3462 = CARTESIAN_POINT ( 'NONE',  ( -2.899137703068391581, 2.899137902661292898, 8.199999989042877857 ) ) ;
#3463 = CARTESIAN_POINT ( 'NONE',  ( -0.6743883618602996011, -4.257919592556767441, -2.000000010957124097 ) ) ;
#3464 = CARTESIAN_POINT ( 'NONE',  ( 0.5921458787066045115, 3.738661105659599748, 6.033974585258434331 ) ) ;
#3465 = ORIENTED_EDGE ( 'NONE', *, *, #5918, .F. ) ;
#3466 = CARTESIAN_POINT ( 'NONE',  ( -1.634365909477758949, -3.207623430818668631, 1.766025392827316853 ) ) ;
#3467 = CARTESIAN_POINT ( 'NONE',  ( -4.049522174361919191, 0.6413814460608511236, 2.399999989042878923 ) ) ;
#3468 = CARTESIAN_POINT ( 'NONE',  ( 1.718473782203455036, -3.372694985396756273, 0.06602539282731662018 ) ) ;
#3469 = DIRECTION ( 'NONE',  ( 1.000000000000000000, 0.000000000000000000, 0.000000000000000000 ) ) ;
#3470 = EDGE_CURVE ( 'NONE', #2611, #16, #4436, .T. ) ;
#3471 = CARTESIAN_POINT ( 'NONE',  ( -3.207623543337572602, -1.634365688646974846, -0.4339746071726838239 ) ) ;
#3472 = CARTESIAN_POINT ( 'NONE',  ( -0.5631639517484248181, 3.555678045528178011, 2.966025392827316587 ) ) ;
#3473 = CARTESIAN_POINT ( 'NONE',  ( -1.718473782203454592, 3.372694985396755829, 2.233974585258434509 ) ) ;
#3474 = VERTEX_POINT ( 'NONE', #4897 ) ;
#3475 = CARTESIAN_POINT ( 'NONE',  ( 0.5000000000000000000, -3.938634081600968173, 3.025240456233660336 ) ) ;
#3476 = CARTESIAN_POINT ( 'NONE',  ( -0.5000000000000038858, -3.740407263734021992, 6.995272759698121234 ) ) ;
#3477 = CARTESIAN_POINT ( 'NONE',  ( 3.048333987505708276, 3.048333777641312192, 1.699999989042877635 ) ) ;
#3478 = CARTESIAN_POINT ( 'NONE',  ( -3.048333987505707832, -3.048333777641312636, 2.699999989042877857 ) ) ;
#3479 = CARTESIAN_POINT ( 'NONE',  ( 1.861361174683003883, 3.653126685099039594, 7.799999989042878390 ) ) ;
#3480 = CARTESIAN_POINT ( 'NONE',  ( -0.5000000000000399680, -3.726966696890033237, 1.916682575474762729 ) ) ;
#3481 = CARTESIAN_POINT ( 'NONE',  ( 1.718473782203455036, -3.372694985396756273, 8.066025392827315343 ) ) ;
#3482 = CARTESIAN_POINT ( 'NONE',  ( 3.841124709738403809, -1.957150960842944709, 5.299999989042876614 ) ) ;
#3483 = CARTESIAN_POINT ( 'NONE',  ( -3.841124709738404253, 1.957150960842944709, -2.600000010957123742 ) ) ;
#3484 = CARTESIAN_POINT ( 'NONE',  ( 2.545584324645417063, -2.545584499897719066, 7.333974585258436818 ) ) ;
#3485 = LINE ( 'NONE', #762, #364 ) ;
#3486 = CARTESIAN_POINT ( 'NONE',  ( -3.599999996475773845, -0.8642834740727513010, 6.660085947079889657 ) ) ;
#3487 = ORIENTED_EDGE ( 'NONE', *, *, #4083, .F. ) ;
#3488 = CARTESIAN_POINT ( 'NONE',  ( -3.841124709738404253, 1.957150960842944709, 5.399999989042875370 ) ) ;
#3489 = VECTOR ( 'NONE', #1809, 1000.000000000000000 ) ;
#3490 = CARTESIAN_POINT ( 'NONE',  ( -0.6413811672690397092, 4.049522218518203154, 7.099999989042876436 ) ) ;
#3491 = CARTESIAN_POINT ( 'NONE',  ( -3.841124709738404253, 1.957150960842943821, 6.299999989042879278 ) ) ;
#3492 = CARTESIAN_POINT ( 'NONE',  ( -1.718473782203454592, 3.372694985396755829, 0.2339745852584351193 ) ) ;
#3493 = CARTESIAN_POINT ( 'NONE',  ( -0.5631639517484252622, 3.555678045528177567, -1.866025414741564248 ) ) ;
#3494 = EDGE_LOOP ( 'NONE', ( #3487, #1450, #2073, #3028 ) ) ;
#3495 = CARTESIAN_POINT ( 'NONE',  ( 3.372694867087377979, -1.718474014398682970, 2.266025392827316853 ) ) ;
#3496 = CARTESIAN_POINT ( 'NONE',  ( 3.841124709738403809, -1.957150960842944709, 6.399999989042877147 ) ) ;
#3497 = CARTESIAN_POINT ( 'NONE',  ( -3.207623543337572602, -1.634365688646975068, 8.733974585258435397 ) ) ;
#3498 = CARTESIAN_POINT ( 'NONE',  ( 4.257919638985431909, 0.6743880687212407965, -3.400000010957124008 ) ) ;
#3499 = CARTESIAN_POINT ( 'NONE',  ( -4.257919638985431909, -0.6743880687212413516, -4.400000010957124452 ) ) ;
#3500 = CARTESIAN_POINT ( 'NONE',  ( -3.048333987505707832, -3.048333777641312636, -2.200000010957122942 ) ) ;
#3501 = CARTESIAN_POINT ( 'NONE',  ( 2.545584324645417063, -2.545584499897719066, 5.333974585258435930 ) ) ;
#3502 = EDGE_LOOP ( 'NONE', ( #5248, #6560, #6284, #2089 ) ) ;
#3503 = CARTESIAN_POINT ( 'NONE',  ( 0.5921458787066047336, 3.738661105659600192, 0.8660253928273169421 ) ) ;
#3504 = CARTESIAN_POINT ( 'NONE',  ( 0.5000000000000004441, -5.986100377805715134, 3.999999999999998224 ) ) ;
#3505 = CARTESIAN_POINT ( 'NONE',  ( -4.000000000000000888, -8.062257748298549132, 1.965508509272160476 ) ) ;
#3506 = CARTESIAN_POINT ( 'NONE',  ( -0.5921458787066042895, -3.738661105659599748, -2.133974607172684390 ) ) ;
#3507 = FACE_BOUND ( 'NONE', #6096, .T. ) ;
#3508 = CARTESIAN_POINT ( 'NONE',  ( -1.634365909477758949, -3.207623430818668631, -0.2339746071726833132 ) ) ;
#3509 = CARTESIAN_POINT ( 'NONE',  ( 3.372694867087377979, -1.718474014398682970, 2.266025392827316853 ) ) ;
#3510 = ORIENTED_EDGE ( 'NONE', *, *, #5540, .F. ) ;
#3511 = CARTESIAN_POINT ( 'NONE',  ( 1.634365909477758727, 3.207623430818667742, 5.933974585258436463 ) ) ;
#3512 = ORIENTED_EDGE ( 'NONE', *, *, #7018, .F. ) ;
#3513 = CARTESIAN_POINT ( 'NONE',  ( 0.4999999999999982792, -3.726949556757873427, 3.083670836087073930 ) ) ;
#3514 = FACE_OUTER_BOUND ( 'NONE', #1241, .T. ) ;
#3515 = CARTESIAN_POINT ( 'NONE',  ( 2.899137703068392025, -2.899137902661292454, 1.199999989042877413 ) ) ;
#3516 = CARTESIAN_POINT ( 'NONE',  ( -4.049522174361919191, 0.6413814460608515677, 6.399999989042878035 ) ) ;
#3517 = CARTESIAN_POINT ( 'NONE',  ( 3.653126813245570315, 1.861360923181276661, 9.599999989042878212 ) ) ;
#3518 = CARTESIAN_POINT ( 'NONE',  ( -0.5000000000000399680, -3.807913843934096487, 1.939075346948505363 ) ) ;
#3519 = CARTESIAN_POINT ( 'NONE',  ( -0.5631639517484248181, 3.555678045528178011, 6.966025392827316587 ) ) ;
#3520 = FACE_OUTER_BOUND ( 'NONE', #6812, .T. ) ;
#3521 = CARTESIAN_POINT ( 'NONE',  ( 1.957150696398380463, -3.841124844479640643, 0.1999999890428764415 ) ) ;
#3522 = CARTESIAN_POINT ( 'NONE',  ( 1.718473782203455258, -3.372694985396755829, 9.233974585258435397 ) ) ;
#3523 = CARTESIAN_POINT ( 'NONE',  ( 0.6413811672690400423, -4.049522218518203154, -1.900000010957123120 ) ) ;
#3524 = ORIENTED_EDGE ( 'NONE', *, *, #1404, .T. ) ;
#3525 = CARTESIAN_POINT ( 'NONE',  ( -0.6413811672690397092, 4.049522218518203154, 5.099999989042876436 ) ) ;
#3526 = CARTESIAN_POINT ( 'NONE',  ( -0.6743883618602996011, -4.257919592556767441, 5.999999989042876791 ) ) ;
#3527 = CARTESIAN_POINT ( 'NONE',  ( -1.957150696398379353, 3.841124844479640199, 0.09999998904287703272 ) ) ;
#3528 = CARTESIAN_POINT ( 'NONE',  ( -3.930492151413027990, 1.191394812086492117, 7.999999999999998224 ) ) ;
#3529 = CARTESIAN_POINT ( 'NONE',  ( 3.555678006756805676, -0.5631641965412353956, -2.466025414741564337 ) ) ;
#3530 = ORIENTED_EDGE ( 'NONE', *, *, #56, .F. ) ;
#3531 = CIRCLE ( 'NONE', #5338, 4.250000000000000888 ) ;
#3532 = CARTESIAN_POINT ( 'NONE',  ( -0.6743883618602996011, -4.257919592556767441, 5.999999989042876791 ) ) ;
#3533 = CARTESIAN_POINT ( 'NONE',  ( 9.000000000000001776, -5.986100377805715134, 3.999999999999998224 ) ) ;
#3534 = CARTESIAN_POINT ( 'NONE',  ( -4.049522174361919191, 0.6413814460608511236, -1.600000010957123076 ) ) ;
#3535 =( BOUNDED_CURVE ( )  B_SPLINE_CURVE ( 2, ( #5775, #897, #3289, #6082, #6015, #6580, #6617, #4387, #5415, #535, #2716 ),
 .UNSPECIFIED., .F., .F. ) 
 B_SPLINE_CURVE_WITH_KNOTS ( ( 3, 2, 2, 2, 2, 3 ),
 ( 0.6694110683100901182, 0.6771999976838787294, 0.6912347803932800128, 0.7052695631026814072, 0.7193043458120826905, 0.7333391277118566087 ),
 .UNSPECIFIED. ) 
 CURVE ( )  GEOMETRIC_REPRESENTATION_ITEM ( )  RATIONAL_B_SPLINE_CURVE ( ( 0.9758240785687566365, 0.9728376743853073272, 1.000000000000000000, 0.9510565162951535312, 1.000000000000000000, 0.9510565162951535312, 1.000000000000000000, 0.9510565162951535312, 1.000000000000000000, 0.9510565162951535312, 1.000000000000000000 ) ) 
 REPRESENTATION_ITEM ( '' )  );
#3536 = DIRECTION ( 'NONE',  ( -0.000000000000000000, -0.000000000000000000, -1.000000000000000000 ) ) ;
#3537 = CARTESIAN_POINT ( 'NONE',  ( 0.6743883618602999341, 4.257919592556767441, 3.899999989042877591 ) ) ;
#3538 = CARTESIAN_POINT ( 'NONE',  ( 3.841124709738403809, -1.957150960842944709, -1.600000010957122631 ) ) ;
#3539 = CARTESIAN_POINT ( 'NONE',  ( 0.5921458787066045115, 3.738661105659599748, 10.03397458525843433 ) ) ;
#3540 = ORIENTED_EDGE ( 'NONE', *, *, #2705, .T. ) ;
#3541 = CARTESIAN_POINT ( 'NONE',  ( 2.545584324645417063, -2.545584499897719510, 2.166025392827315876 ) ) ;
#3542 = CARTESIAN_POINT ( 'NONE',  ( -1.217371670657130922, -3.981255754530594437, 3.954254770371390837 ) ) ;
#3543 = CARTESIAN_POINT ( 'NONE',  ( 3.048333987505707832, 3.048333777641312192, 1.699999989042877635 ) ) ;
#3544 = CARTESIAN_POINT ( 'NONE',  ( -3.555678006756805676, 0.5631641965412353956, -2.633974607172684390 ) ) ;
#3545 = CARTESIAN_POINT ( 'NONE',  ( -0.4999999999999995559, -3.565108693995175937, 5.871765981903404708 ) ) ;
#3546 = CARTESIAN_POINT ( 'NONE',  ( -1.718473782203454592, 3.372694985396756273, 1.066025392827315788 ) ) ;
#3547 = CARTESIAN_POINT ( 'NONE',  ( -2.676585940248913165, -2.676585755977737513, -0.3339746071726826249 ) ) ;
#3548 = EDGE_LOOP ( 'NONE', ( #785, #6441 ) ) ;
#3549 = ORIENTED_EDGE ( 'NONE', *, *, #5710, .F. ) ;
#3550 = CARTESIAN_POINT ( 'NONE',  ( -0.4999999999999916733, -3.908503232302564800, 0.9524546076600444167 ) ) ;
#3551 = CARTESIAN_POINT ( 'NONE',  ( 0.000000000000000000, 0.000000000000000000, 10.00000000000000000 ) ) ;
#3552 = CARTESIAN_POINT ( 'NONE',  ( 1.957150696398380463, -3.841124844479640643, 7.099999989042877324 ) ) ;
#3553 = CARTESIAN_POINT ( 'NONE',  ( -0.6413811672690397092, 4.049522218518203154, 5.999999989042877679 ) ) ;
#3554 = CARTESIAN_POINT ( 'NONE',  ( 1.861361174683003883, 3.653126685099039594, 8.899999989042877147 ) ) ;
#3555 = CARTESIAN_POINT ( 'NONE',  ( -3.372694867087378423, 1.718474014398682526, 7.266025392827314633 ) ) ;
#3556 = CARTESIAN_POINT ( 'NONE',  ( -3.653126813245569871, -1.861360923181277105, 8.599999989042878212 ) ) ;
#3557 = CARTESIAN_POINT ( 'NONE',  ( 1.861361174683003883, 3.653126685099039594, 9.799999989042879278 ) ) ;
#3558 = CARTESIAN_POINT ( 'NONE',  ( -3.555678006756805676, 0.5631641965412349515, 8.533974585258436107 ) ) ;
#3559 = CARTESIAN_POINT ( 'NONE',  ( -4.257919638985431909, -0.6743880687212413516, -2.400000010957123120 ) ) ;
#3560 = VERTEX_POINT ( 'NONE', #5930 ) ;
#3561 = CARTESIAN_POINT ( 'NONE',  ( 0.6413811672690400423, -4.049522218518203154, 2.099999989042876880 ) ) ;
#3562 = EDGE_CURVE ( 'NONE', #4041, #3222, #5633, .T. ) ;
#3563 = CARTESIAN_POINT ( 'NONE',  ( -1.957150696398379353, 3.841124844479640643, 3.199999989042876525 ) ) ;
#3564 = CARTESIAN_POINT ( 'NONE',  ( -3.653126813245569871, -1.861360923181277105, -1.400000010957122676 ) ) ;
#3565 = CARTESIAN_POINT ( 'NONE',  ( -2.215456672227028800, -3.458446317214359134, 8.000000000000001776 ) ) ;
#3566 = CARTESIAN_POINT ( 'NONE',  ( 3.738661146426232040, 0.5921456213162114013, -2.366025414741564692 ) ) ;
#3567 = VERTEX_POINT ( 'NONE', #584 ) ;
#3568 = CARTESIAN_POINT ( 'NONE',  ( 3.372694867087377979, -1.718474014398682970, -3.733974607172682258 ) ) ;
#3569 = CARTESIAN_POINT ( 'NONE',  ( -1.861361174683003439, -3.653126685099040039, 3.899999989042876702 ) ) ;
#3570 = CARTESIAN_POINT ( 'NONE',  ( -2.545584324645416618, 2.545584499897719510, 6.333974585258435930 ) ) ;
#3571 = AXIS2_PLACEMENT_3D ( 'NONE', #4584, #239, #5111 ) ;
#3572 = CARTESIAN_POINT ( 'NONE',  ( -0.6743883618602996011, -4.257919592556767441, -4.000000010957124097 ) ) ;
#3573 = CARTESIAN_POINT ( 'NONE',  ( -4.049522174361919191, 0.6413814460608515677, 2.399999989042878923 ) ) ;
#3574 = CARTESIAN_POINT ( 'NONE',  ( 0.5631639517484254842, -3.555678045528177122, 7.133974585258435752 ) ) ;
#3575 = CARTESIAN_POINT ( 'NONE',  ( -0.5631639517484248181, 3.555678045528178011, -3.033974607172683857 ) ) ;
#3576 = CARTESIAN_POINT ( 'NONE',  ( 0.000000000000000000, 0.000000000000000000, 10.00000000000000000 ) ) ;
#3577 = CARTESIAN_POINT ( 'NONE',  ( -0.5000000000000363043, -3.895066202844926995, 3.963171921366783756 ) ) ;
#3578 = CARTESIAN_POINT ( 'NONE',  ( -0.6413811672690397092, 4.049522218518203154, 3.099999989042876436 ) ) ;
#3579 = EDGE_CURVE ( 'NONE', #4845, #4060, #54, .T. ) ;
#3580 =( BOUNDED_CURVE ( )  B_SPLINE_CURVE ( 2, ( #1963, #3611, #395, #2030, #5766, #4745, #2569 ),
 .UNSPECIFIED., .F., .F. ) 
 B_SPLINE_CURVE_WITH_KNOTS ( ( 3, 2, 2, 3 ),
 ( 0.3308999657812182749, 0.3375000000000000222, 0.3499999999999999778, 0.3593556431958115360 ),
 .UNSPECIFIED. ) 
 CURVE ( )  GEOMETRIC_REPRESENTATION_ITEM ( )  RATIONAL_B_SPLINE_CURVE ( ( 0.9756050165368455040, 0.9741577066209301528, 1.000000000000000000, 0.9510565162951535312, 1.000000000000000000, 0.9633681783757951367, 0.9815706371881782744 ) ) 
 REPRESENTATION_ITEM ( '' )  );
#3581 = CARTESIAN_POINT ( 'NONE',  ( 0.000000000000000000, 0.000000000000000000, 10.00000000000000000 ) ) ;
#3582 = CARTESIAN_POINT ( 'NONE',  ( -2.676585940248913165, -2.676585755977737513, -0.3339746071726826249 ) ) ;
#3583 = CARTESIAN_POINT ( 'NONE',  ( 1.634365909477759171, 3.207623430818668187, 4.766025392827316409 ) ) ;
#3584 = CARTESIAN_POINT ( 'NONE',  ( -4.100004593621992655, 0.3226480660034077852, 9.524224093377002376 ) ) ;
#3585 = ORIENTED_EDGE ( 'NONE', *, *, #1580, .F. ) ;
#3586 = ORIENTED_EDGE ( 'NONE', *, *, #7043, .F. ) ;
#3587 = CARTESIAN_POINT ( 'NONE',  ( 1.861361174683003439, 3.653126685099039594, 5.799999989042878390 ) ) ;
#3588 = CARTESIAN_POINT ( 'NONE',  ( 0.6413811672690400423, -4.049522218518203154, 6.999999989042877679 ) ) ;
#3589 = CARTESIAN_POINT ( 'NONE',  ( 3.555678006756805676, -0.5631641965412358397, 6.366025392827316942 ) ) ;
#3590 = CARTESIAN_POINT ( 'NONE',  ( -4.100000000000004974, -1.839369435481412074, 10.59276800152989928 ) ) ;
#3591 = CARTESIAN_POINT ( 'NONE',  ( 1.634365909477759171, 3.207623430818668187, -3.233974607172684035 ) ) ;
#3592 = CARTESIAN_POINT ( 'NONE',  ( -3.372694867087378423, 1.718474014398682526, 3.266025392827316409 ) ) ;
#3593 = CARTESIAN_POINT ( 'NONE',  ( -0.6413811672690400423, 4.049522218518203154, 7.999999989042877679 ) ) ;
#3594 = CARTESIAN_POINT ( 'NONE',  ( -0.6743883618602996011, -4.257919592556767441, 4.899999989042877147 ) ) ;
#3595 = CARTESIAN_POINT ( 'NONE',  ( 2.545584324645417063, -2.545584499897719066, 9.333974585258436818 ) ) ;
#3596 = CARTESIAN_POINT ( 'NONE',  ( 1.957150696398380463, -3.841124844479640643, -3.800000010957123919 ) ) ;
#3597 = CARTESIAN_POINT ( 'NONE',  ( -2.676585940248914053, -2.676585755977737513, 3.666025392827316320 ) ) ;
#3598 = CARTESIAN_POINT ( 'NONE',  ( 4.257919638985431909, 0.6743880687212407965, 0.5999999890428755478 ) ) ;
#3599 = CARTESIAN_POINT ( 'NONE',  ( -1.861361174683003439, -3.653126685099040039, 5.899999989042876258 ) ) ;
#3600 = CARTESIAN_POINT ( 'NONE',  ( 1.861361174683003439, 3.653126685099039594, -2.200000010957122942 ) ) ;
#3601 = CARTESIAN_POINT ( 'NONE',  ( -4.049522174361919191, 0.6413814460608515677, 9.499999989042876791 ) ) ;
#3602 = CARTESIAN_POINT ( 'NONE',  ( 2.545584324645417063, -2.545584499897719066, -2.666025414741564514 ) ) ;
#3603 = ORIENTED_EDGE ( 'NONE', *, *, #2641, .T. ) ;
#3604 = CARTESIAN_POINT ( 'NONE',  ( 1.957150696398380463, -3.841124844479640643, 8.199999989042876081 ) ) ;
#3605 = EDGE_CURVE ( 'NONE', #4929, #2075, #6748, .T. ) ;
#3606 = CARTESIAN_POINT ( 'NONE',  ( -3.841124709738404253, 1.957150960842944709, 3.399999989042875814 ) ) ;
#3607 = CARTESIAN_POINT ( 'NONE',  ( -0.4999999999999923395, -4.069397989875159993, 2.911267035992048058 ) ) ;
#3608 = CARTESIAN_POINT ( 'NONE',  ( 3.653126813245570315, 1.861360923181276661, 1.599999989042878434 ) ) ;
#3609 = CARTESIAN_POINT ( 'NONE',  ( -2.545584324645416618, 2.545584499897719510, -1.666025414741563848 ) ) ;
#3610 = CARTESIAN_POINT ( 'NONE',  ( -3.738661146426232484, -0.5921456213162119564, -4.533974607172685189 ) ) ;
#3611 = CARTESIAN_POINT ( 'NONE',  ( -1.097120584650623343, -3.481363619734695103, 5.817573560101516605 ) ) ;
#3612 = CARTESIAN_POINT ( 'NONE',  ( -0.5000000000000476286, -3.851488381647220294, 7.951129566284400596 ) ) ;
#3613 = CARTESIAN_POINT ( 'NONE',  ( 1.957150696398380463, -3.841124844479640643, 8.199999989042876081 ) ) ;
#3614 = FACE_OUTER_BOUND ( 'NONE', #471, .T. ) ;
#3615 = AXIS2_PLACEMENT_3D ( 'NONE', #4494, #2899, #5100 ) ;
#3616 = CARTESIAN_POINT ( 'NONE',  ( -2.899137703068391581, 2.899137902661292898, 5.299999989042876614 ) ) ;
#3617 = CARTESIAN_POINT ( 'NONE',  ( -3.372694867087378423, 1.718474014398682526, 5.266025392827317297 ) ) ;
#3618 = CARTESIAN_POINT ( 'NONE',  ( -3.841124709738404253, 1.957150960842944709, 9.399999989042877147 ) ) ;
#3619 = ORIENTED_EDGE ( 'NONE', *, *, #6930, .F. ) ;
#3620 = ORIENTED_EDGE ( 'NONE', *, *, #2412, .F. ) ;
#3621 = DIRECTION ( 'NONE',  ( -0.000000000000000000, -0.000000000000000000, -1.000000000000000000 ) ) ;
#3622 = CARTESIAN_POINT ( 'NONE',  ( 2.899137703068392025, -2.899137902661292454, -2.800000010957122587 ) ) ;
#3623 = CARTESIAN_POINT ( 'NONE',  ( -3.555678006756805676, 0.5631641965412353956, 7.366025392827317830 ) ) ;
#3624 = CARTESIAN_POINT ( 'NONE',  ( -2.899137703068391581, 2.899137902661292898, 0.1999999890428781624 ) ) ;
#3625 = CARTESIAN_POINT ( 'NONE',  ( -4.099999999584540866, -5.836745599459155853E-05, 9.549381293897914347 ) ) ;
#3626 = CARTESIAN_POINT ( 'NONE',  ( -1.718473782203454592, 3.372694985396755829, 4.233974585258436285 ) ) ;
#3627 = CARTESIAN_POINT ( 'NONE',  ( -4.049522174361919191, 0.6413814460608511236, 10.39999998904287892 ) ) ;
#3628 = CARTESIAN_POINT ( 'NONE',  ( -1.861361174683003439, -3.653126685099040039, 6.799999989042878390 ) ) ;
#3629 = CARTESIAN_POINT ( 'NONE',  ( -2.676585940248912721, -2.676585755977737513, 6.833974585258436818 ) ) ;
#3630 = CARTESIAN_POINT ( 'NONE',  ( 4.049522174361919191, -0.6413814460608513457, 9.399999989042877147 ) ) ;
#3631 = CARTESIAN_POINT ( 'NONE',  ( 3.599999999999997868, -3.948796571318586148E-15, 6.415402147540224753 ) ) ;
#3632 = CARTESIAN_POINT ( 'NONE',  ( -3.653126813245570315, -1.861360923181276883, 3.699999989042876969 ) ) ;
#3633 = CARTESIAN_POINT ( 'NONE',  ( -0.6413811672690397092, 4.049522218518203154, 5.099999989042876436 ) ) ;
#3634 = CARTESIAN_POINT ( 'NONE',  ( -2.545584324645416618, 2.545584499897719510, 10.33397458525843682 ) ) ;
#3635 = CARTESIAN_POINT ( 'NONE',  ( -0.6413811672690397092, 4.049522218518203154, 9.099999989042876436 ) ) ;
#3636 = CARTESIAN_POINT ( 'NONE',  ( -3.653126813245569871, -1.861360923181277105, 8.599999989042878212 ) ) ;
#3637 = EDGE_LOOP ( 'NONE', ( #6179, #262, #1359, #6768 ) ) ;
#3638 = CARTESIAN_POINT ( 'NONE',  ( 4.257919638985431909, 0.6743880687212407965, 6.599999989042875548 ) ) ;
#3639 = CARTESIAN_POINT ( 'NONE',  ( 4.049522174361919191, -0.6413814460608517898, 4.499999989042876791 ) ) ;
#3640 = ADVANCED_FACE ( 'NONE', ( #2229 ), #4403, .F. ) ;
#3641 =( GEOMETRIC_REPRESENTATION_CONTEXT ( 3 ) GLOBAL_UNCERTAINTY_ASSIGNED_CONTEXT ( ( #1010 ) ) GLOBAL_UNIT_ASSIGNED_CONTEXT ( ( #924, #4895, #5497 ) ) REPRESENTATION_CONTEXT ( 'NONE', 'WORKASPACE' ) );
#3642 = CARTESIAN_POINT ( 'NONE',  ( 0.5000000701683767756, -3.565108684149226992, 5.128430125578461229 ) ) ;
#3643 = CARTESIAN_POINT ( 'NONE',  ( -4.257919638985431909, -0.6743880687212413516, 0.4999999890428779570 ) ) ;
#3644 = CARTESIAN_POINT ( 'NONE',  ( 2.676585940248913165, 2.676585755977737069, 3.833974585258435486 ) ) ;
#3645 = CARTESIAN_POINT ( 'NONE',  ( 3.207623543337573047, 1.634365688646974624, 1.733974585258436507 ) ) ;
#3646 = CARTESIAN_POINT ( 'NONE',  ( -2.545584324645416618, 2.545584499897719954, -2.833974607172683235 ) ) ;
#3647 = CARTESIAN_POINT ( 'NONE',  ( -4.000000000000000888, -3.186100377805715755, 2.383419246269047775 ) ) ;
#3648 = CARTESIAN_POINT ( 'NONE',  ( -2.215456674356267364, 3.458446315850381314, 8.748901539293541089E-16 ) ) ;
#3649 = CARTESIAN_POINT ( 'NONE',  ( 2.899137703068392025, -2.899137902661292454, 6.299999989042876614 ) ) ;
#3650 = CARTESIAN_POINT ( 'NONE',  ( 4.257919638985430133, 0.6743880687212409075, 5.499999989042877679 ) ) ;
#3651 = CARTESIAN_POINT ( 'NONE',  ( -3.555678006756805676, 0.5631641965412353956, -4.633974607172684834 ) ) ;
#3652 = CARTESIAN_POINT ( 'NONE',  ( 2.676585940248914053, 2.676585755977737069, 2.666025392827315876 ) ) ;
#3653 = CARTESIAN_POINT ( 'NONE',  ( -3.207623543337572602, -1.634365688646974846, -2.433974607172683768 ) ) ;
#3654 = EDGE_LOOP ( 'NONE', ( #2137, #3137, #6955 ) ) ;
#3655 = VERTEX_POINT ( 'NONE', #1723 ) ;
#3656 = CARTESIAN_POINT ( 'NONE',  ( 0.5631639517484254842, -3.555678045528177122, 7.133974585258435752 ) ) ;
#3657 = CARTESIAN_POINT ( 'NONE',  ( 4.049522174361919191, -0.6413814460608517898, 1.399999989042877813 ) ) ;
#3658 = CARTESIAN_POINT ( 'NONE',  ( -2.545584324645416618, 2.545584499897719954, 1.166025392827316987 ) ) ;
#3659 = CARTESIAN_POINT ( 'NONE',  ( 3.653126813245570315, 1.861360923181276661, 3.599999989042878212 ) ) ;
#3660 = CARTESIAN_POINT ( 'NONE',  ( -1.217371670196914613, -3.981255754765085086, 4.854254770410165065 ) ) ;
#3661 = CARTESIAN_POINT ( 'NONE',  ( -3.048333987505707388, -3.048333777641312636, 0.6999999890428785232 ) ) ;
#3662 = CARTESIAN_POINT ( 'NONE',  ( 0.6743883618602999341, 4.257919592556767441, 7.899999989042878035 ) ) ;
#3663 = CARTESIAN_POINT ( 'NONE',  ( -3.738661146426231596, -0.5921456213162122895, 2.633974585258435308 ) ) ;
#3664 = CARTESIAN_POINT ( 'NONE',  ( -0.6413811672690397092, 4.049522218518203154, 9.099999989042876436 ) ) ;
#3665 = CARTESIAN_POINT ( 'NONE',  ( 2.899137703068392025, -2.899137902661292454, 0.2999999890428758365 ) ) ;
#3666 = CARTESIAN_POINT ( 'NONE',  ( -0.6743883618602996011, -4.257919592556767441, 3.999999989042876791 ) ) ;
#3667 = CARTESIAN_POINT ( 'NONE',  ( 4.049522174361919191, -0.6413814460608513457, -2.600000010957122409 ) ) ;
#3668 = CARTESIAN_POINT ( 'NONE',  ( -0.4999999999999968914, -3.565108693995176381, 7.871765981903404708 ) ) ;
#3669 = CARTESIAN_POINT ( 'NONE',  ( 2.899137703068392025, -2.899137902661292010, 9.199999989042879633 ) ) ;
#3670 = ORIENTED_EDGE ( 'NONE', *, *, #4674, .T. ) ;
#3671 = CARTESIAN_POINT ( 'NONE',  ( -1.957150696398379353, 3.841124844479640643, 9.199999989042876081 ) ) ;
#3672 = CARTESIAN_POINT ( 'NONE',  ( -0.6743883618602996011, -4.257919592556767441, 7.999999989042875903 ) ) ;
#3673 = VECTOR ( 'NONE', #4626, 1000.000000000000000 ) ;
#3674 = CARTESIAN_POINT ( 'NONE',  ( -4.257919638985431909, -0.6743880687212413516, 3.599999989042876880 ) ) ;
#3675 = CARTESIAN_POINT ( 'NONE',  ( 8.220377825406703920, -3.666198652796364144, 2.511148140378870242 ) ) ;
#3676 = ADVANCED_FACE ( 'NONE', ( #618 ), #5997, .F. ) ;
#3677 = CARTESIAN_POINT ( 'NONE',  ( -3.841124709738404253, 1.957150960842944709, 7.399999989042876258 ) ) ;
#3678 = CARTESIAN_POINT ( 'NONE',  ( -4.257919638985431909, -0.6743880687212413516, 4.499999989042877679 ) ) ;
#3679 = CARTESIAN_POINT ( 'NONE',  ( -0.5631639517484252622, 3.555678045528177567, 2.133974585258435752 ) ) ;
#3680 = CARTESIAN_POINT ( 'NONE',  ( -3.555678006756805676, 0.5631641965412349515, 6.533974585258436107 ) ) ;
#3681 = CARTESIAN_POINT ( 'NONE',  ( -4.049522174361919191, 0.6413814460608515677, 7.499999989042877679 ) ) ;
#3682 = ADVANCED_FACE ( 'NONE', ( #2668 ), #6976, .F. ) ;
#3683 = CARTESIAN_POINT ( 'NONE',  ( 1.634365909477758727, 3.207623430818667742, 5.933974585258436463 ) ) ;
#3684 = CARTESIAN_POINT ( 'NONE',  ( 0.4999999999999806266, -4.069397989875162658, 2.539223782170672905 ) ) ;
#3685 = CARTESIAN_POINT ( 'NONE',  ( 4.257919638985431909, 0.6743880687212407965, 4.599999989042876436 ) ) ;
#3686 = CARTESIAN_POINT ( 'NONE',  ( 2.899137703068392025, -2.899137902661292010, 9.199999989042879633 ) ) ;
#3687 = CARTESIAN_POINT ( 'NONE',  ( 0.6743883618602999341, 4.257919592556767441, 8.999999989042876791 ) ) ;
#3688 = CARTESIAN_POINT ( 'NONE',  ( -3.207623543337572602, -1.634365688646974846, 1.566025392827316232 ) ) ;
#3689 = CARTESIAN_POINT ( 'NONE',  ( 0.5631639517484252622, -3.555678045528178011, -4.033974607172682525 ) ) ;
#3690 = ORIENTED_EDGE ( 'NONE', *, *, #3349, .F. ) ;
#3691 = VERTEX_POINT ( 'NONE', #3748 ) ;
#3692 = CARTESIAN_POINT ( 'NONE',  ( 0.5000000701513725998, -3.565108684151611751, 7.128430125575468956 ) ) ;
#3693 = ADVANCED_FACE ( 'NONE', ( #5898 ), #3796, .F. ) ;
#3694 = CARTESIAN_POINT ( 'NONE',  ( -4.049522174361919191, 0.6413814460608515677, -1.600000010957123076 ) ) ;
#3695 = CARTESIAN_POINT ( 'NONE',  ( 3.738661146426232484, 0.5921456213162111792, 4.466025392827317475 ) ) ;
#3696 = CARTESIAN_POINT ( 'NONE',  ( 0.6743883618602999341, 4.257919592556767441, 1.899999989042878035 ) ) ;
#3697 = CARTESIAN_POINT ( 'NONE',  ( -0.4999999999999975020, -4.069397989875159993, 4.911267035992048058 ) ) ;
#3698 = CARTESIAN_POINT ( 'NONE',  ( 4.049522174361919191, -0.6413814460608513457, -0.6000000109571221873 ) ) ;
#3699 = CARTESIAN_POINT ( 'NONE',  ( -3.048333987505707832, -3.048333777641312636, 8.699999989042879633 ) ) ;
#3700 = CARTESIAN_POINT ( 'NONE',  ( 3.738661146426232040, 0.5921456213162114013, 5.633974585258434864 ) ) ;
#3701 = CARTESIAN_POINT ( 'NONE',  ( -9.000000000000001776, 0.000000000000000000, 8.000000000000000000 ) ) ;
#3702 = B_SPLINE_CURVE_WITH_KNOTS ( 'NONE', 3,
 ( #5896, #1023, #7039, #5335, #4238, #4335, #2634, #6361, #3106, #5369, #4739, #489, #2666, #3807, #7005, #2126, #5271, #1489, #389, #2563, #6904, #2024, #3675, #5429, #2194, #2800, #691, #2261, #5569, #3272, #161, #4967, #550, #48 ),
 .UNSPECIFIED., .F., .F.,
 ( 4, 2, 2, 2, 2, 2, 2, 2, 2, 2, 2, 2, 2, 2, 2, 2, 4 ),
 ( 0.003577119449596372850, 0.004161812550494592595, 0.004746505651392812775, 0.005331198752291032086, 0.005915891853189251398, 0.006500584954087471577, 0.007085278054985691756, 0.007669971155883912803, 0.008254664256782132115, 0.008839357357680351426, 0.009424050458578570738, 0.01000874355947678832, 0.01059343666037500763, 0.01117812976127322867, 0.01176282286217144972, 0.01234751596306966903, 0.01293220906396788834 ),
 .UNSPECIFIED. ) ;
#3703 = CARTESIAN_POINT ( 'NONE',  ( -1.861361174683003439, -3.653126685099040039, -2.100000010957123742 ) ) ;
#3704 = CARTESIAN_POINT ( 'NONE',  ( 1.861361174683003883, 3.653126685099039594, 2.899999989042875814 ) ) ;
#3705 = CARTESIAN_POINT ( 'NONE',  ( 0.5631639517484254842, -3.555678045528177122, 3.133974585258436640 ) ) ;
#3706 = CARTESIAN_POINT ( 'NONE',  ( 2.899137703068392025, -2.899137902661292454, 8.299999989042877502 ) ) ;
#3707 = CARTESIAN_POINT ( 'NONE',  ( -4.049522174361919191, 0.6413814460608511236, 8.399999989042878923 ) ) ;
#3708 = VERTEX_POINT ( 'NONE', #1911 ) ;
#3709 = CARTESIAN_POINT ( 'NONE',  ( 2.899137703068392025, -2.899137902661292454, 2.299999989042875725 ) ) ;
#3710 = CARTESIAN_POINT ( 'NONE',  ( 0.6413811672690400423, -4.049522218518203154, 2.099999989042876880 ) ) ;
#3711 = CARTESIAN_POINT ( 'NONE',  ( -0.6743883618602996011, -4.257919592556767441, -1.095712409693305744E-08 ) ) ;
#3712 = CARTESIAN_POINT ( 'NONE',  ( 2.545584324645417063, -2.545584499897719066, 5.333974585258435930 ) ) ;
#3713 = DIRECTION ( 'NONE',  ( -1.000000000000000000, 2.407693239918955638E-17, 0.000000000000000000 ) ) ;
#3714 = CARTESIAN_POINT ( 'NONE',  ( 3.048333987505707832, 3.048333777641312192, 7.699999989042878745 ) ) ;
#3715 = CARTESIAN_POINT ( 'NONE',  ( -1.718473782203454592, 3.372694985396755829, 0.2339745852584350916 ) ) ;
#3716 = CARTESIAN_POINT ( 'NONE',  ( -2.545584324645416618, 2.545584499897719510, 0.3339745852584362629 ) ) ;
#3717 = CARTESIAN_POINT ( 'NONE',  ( -0.6413811672690397092, 4.049522218518203154, 9.099999989042876436 ) ) ;
#3718 = CARTESIAN_POINT ( 'NONE',  ( -3.555678006756805676, 0.5631641965412349515, 6.533974585258436107 ) ) ;
#3719 = CARTESIAN_POINT ( 'NONE',  ( -3.048333987505707832, -3.048333777641312636, 3.799999989042876614 ) ) ;
#3720 = CARTESIAN_POINT ( 'NONE',  ( 3.841124709738403809, -1.957150960842944709, 7.299999989042879278 ) ) ;
#3721 = VECTOR ( 'NONE', #4519, 1000.000000000000000 ) ;
#3722 = CARTESIAN_POINT ( 'NONE',  ( 0.6743883618602999341, 4.257919592556767441, 6.999999989042875903 ) ) ;
#3723 = CARTESIAN_POINT ( 'NONE',  ( -3.372694867087378423, 1.718474014398682526, 1.266025392827316409 ) ) ;
#3724 = CARTESIAN_POINT ( 'NONE',  ( -1.634365909477758949, -3.207623430818668631, -2.233974607172683147 ) ) ;
#3725 = ORIENTED_EDGE ( 'NONE', *, *, #6194, .F. ) ;
#3726 = ORIENTED_EDGE ( 'NONE', *, *, #3200, .T. ) ;
#3727 = CARTESIAN_POINT ( 'NONE',  ( 0.5316208998496564364, -3.560673973036252438, 7.131244317492398288 ) ) ;
#3728 = ADVANCED_FACE ( 'NONE', ( #3520 ), #642, .F. ) ;
#3729 = PRESENTATION_LAYER_ASSIGNMENT (  '', '', ( #64 ) ) ;
#3730 = CARTESIAN_POINT ( 'NONE',  ( 3.048333987505708276, 3.048333777641312192, -0.3000000109571222540 ) ) ;
#3731 = CARTESIAN_POINT ( 'NONE',  ( -3.372694867087378423, 1.718474014398682526, -0.7339746071726837018 ) ) ;
#3732 = CARTESIAN_POINT ( 'NONE',  ( 0.5708636398762839681, -4.060691095139072004, 2.994640575723783726 ) ) ;
#3733 = CARTESIAN_POINT ( 'NONE',  ( 0.6743883618602993790, 4.257919592556766553, 3.899999989042877591 ) ) ;
#3734 = CARTESIAN_POINT ( 'NONE',  ( 3.048333987505708276, 3.048333777641312192, -0.3000000109571222540 ) ) ;
#3735 = CARTESIAN_POINT ( 'NONE',  ( -3.207623543337572602, -1.634365688646975068, 6.733974585258436285 ) ) ;
#3736 = CARTESIAN_POINT ( 'NONE',  ( 3.841124709738403809, -1.957150960842944709, -3.600000010957123298 ) ) ;
#3737 = CARTESIAN_POINT ( 'NONE',  ( -4.257919638985431909, -0.6743880687212413516, 5.599999989042876436 ) ) ;
#3738 = CARTESIAN_POINT ( 'NONE',  ( -0.4999999999999991673, 1.203846619959475662E-17, 8.000000000000000000 ) ) ;
#3739 = CARTESIAN_POINT ( 'NONE',  ( -3.207623543337572602, -1.634365688646975068, 6.733974585258436285 ) ) ;
#3740 = CARTESIAN_POINT ( 'NONE',  ( 0.4999999999999913403, -4.069397989875159993, 4.989223782170678412 ) ) ;
#3741 = CARTESIAN_POINT ( 'NONE',  ( 4.257919638985430133, 0.6743880687212409075, 9.499999989042878568 ) ) ;
#3742 = ORIENTED_EDGE ( 'NONE', *, *, #6057, .T. ) ;
#3743 = CARTESIAN_POINT ( 'NONE',  ( -3.048333987505707832, -3.048333777641312636, 5.799999989042874837 ) ) ;
#3744 = CARTESIAN_POINT ( 'NONE',  ( -2.899137703068391581, 2.899137902661292898, 5.299999989042876614 ) ) ;
#3745 = CARTESIAN_POINT ( 'NONE',  ( -0.6743883618602996011, -4.257919592556767441, 8.899999989042878923 ) ) ;
#3746 = LINE ( 'NONE', #1055, #7027 ) ;
#3747 = CARTESIAN_POINT ( 'NONE',  ( 0.4999999999999806266, -4.069397989875162658, 0.5392237821706726830 ) ) ;
#3748 = CARTESIAN_POINT ( 'NONE',  ( 0.4999999999999801825, -4.069397989875161770, 6.989223782170677524 ) ) ;
#3749 = CARTESIAN_POINT ( 'NONE',  ( -0.5631639517484252622, 3.555678045528177567, 4.133974585258435752 ) ) ;
#3750 = CARTESIAN_POINT ( 'NONE',  ( 4.000000000000000888, -5.986100377805715134, 3.999999999999998224 ) ) ;
#3751 = CARTESIAN_POINT ( 'NONE',  ( 0.6413811672690400423, -4.049522218518203154, -3.900000010957123120 ) ) ;
#3752 = CARTESIAN_POINT ( 'NONE',  ( -1.861361174683002995, -3.653126685099040039, 8.799999989042877502 ) ) ;
#3753 = CARTESIAN_POINT ( 'NONE',  ( -3.653126813245570315, -1.861360923181276883, 7.699999989042876081 ) ) ;
#3754 = CARTESIAN_POINT ( 'NONE',  ( 2.899137703068392025, -2.899137902661292454, -1.700000010957124275 ) ) ;
#3755 = CARTESIAN_POINT ( 'NONE',  ( 3.653126813245570315, 1.861360923181276661, 4.699999989042876969 ) ) ;
#3756 = ORIENTED_EDGE ( 'NONE', *, *, #2084, .T. ) ;
#3757 = CARTESIAN_POINT ( 'NONE',  ( 3.372694867087377979, -1.718474014398682970, 4.266025392827316409 ) ) ;
#3758 = CARTESIAN_POINT ( 'NONE',  ( -3.841124709738404253, 1.957150960842944709, 0.2999999890428775018 ) ) ;
#3759 = CARTESIAN_POINT ( 'NONE',  ( -1.718473782203454592, 3.372694985396756273, -0.9339746071726841015 ) ) ;
#3760 = CARTESIAN_POINT ( 'NONE',  ( -3.738661146426232484, -0.5921456213162119564, 5.466025392827315699 ) ) ;
#3761 = CARTESIAN_POINT ( 'NONE',  ( 1.861361174683003439, 3.653126685099039594, 1.799999989042877058 ) ) ;
#3762 = CARTESIAN_POINT ( 'NONE',  ( 3.841124709738403809, -1.957150960842944709, -0.7000000109571216100 ) ) ;
#3763 = DIRECTION ( 'NONE',  ( 0.000000000000000000, 0.000000000000000000, 1.000000000000000000 ) ) ;
#3764 = CARTESIAN_POINT ( 'NONE',  ( -2.899137703068391581, 2.899137902661292898, 10.19999998904287786 ) ) ;
#3765 = CARTESIAN_POINT ( 'NONE',  ( -1.861361174683003439, -3.653126685099040039, -2.100000010957123742 ) ) ;
#3766 =( NAMED_UNIT ( * ) SI_UNIT ( $, .STERADIAN. ) SOLID_ANGLE_UNIT ( ) );
#3767 = CARTESIAN_POINT ( 'NONE',  ( -3.207623543337572602, -1.634365688646975068, 4.733974585258436285 ) ) ;
#3768 = CARTESIAN_POINT ( 'NONE',  ( -4.257919638985431909, -0.6743880687212413516, 3.599999989042876880 ) ) ;
#3769 = CARTESIAN_POINT ( 'NONE',  ( 1.861361174683003439, 3.653126685099039594, 7.799999989042878390 ) ) ;
#3770 = CARTESIAN_POINT ( 'NONE',  ( -3.841124709738404253, 1.957150960842944709, 5.399999989042875370 ) ) ;
#3771 = CARTESIAN_POINT ( 'NONE',  ( 1.957150696398380463, -3.841124844479640643, 8.199999989042876081 ) ) ;
#3772 = CARTESIAN_POINT ( 'NONE',  ( 4.257919638985431909, 0.6743880687212407965, -1.400000010957124230 ) ) ;
#3773 = DIRECTION ( 'NONE',  ( -0.000000000000000000, -0.000000000000000000, -1.000000000000000000 ) ) ;
#3774 = CARTESIAN_POINT ( 'NONE',  ( 0.5000000000000004441, 0.000000000000000000, 8.000000000000000000 ) ) ;
#3775 = CARTESIAN_POINT ( 'NONE',  ( -3.841124709738404253, 1.957150960842944709, -3.700000010957121610 ) ) ;
#3776 = CARTESIAN_POINT ( 'NONE',  ( -0.6413813114312745256, 4.049522195685150372, 7.999999999999372058 ) ) ;
#3777 = CARTESIAN_POINT ( 'NONE',  ( -3.555678006756805676, 0.5631641965412349515, -3.466025414741565225 ) ) ;
#3778 = CARTESIAN_POINT ( 'NONE',  ( -0.5631639517484248181, 3.555678045528178011, 4.966025392827316587 ) ) ;
#3779 = CIRCLE ( 'NONE', #5583, 5.999999999999999112 ) ;
#3780 = CARTESIAN_POINT ( 'NONE',  ( -1.861361174683003439, -3.653126685099040039, -2.100000010957123742 ) ) ;
#3781 = CARTESIAN_POINT ( 'NONE',  ( -4.257919638985431909, -0.6743880687212415737, 4.499999989042877679 ) ) ;
#3782 = CARTESIAN_POINT ( 'NONE',  ( -3.048333987505707832, -3.048333777641312636, -2.200000010957122942 ) ) ;
#3783 = CARTESIAN_POINT ( 'NONE',  ( 4.049522174361919191, -0.6413814460608517898, -3.500000010957123653 ) ) ;
#3784 = CARTESIAN_POINT ( 'NONE',  ( -1.861361174683003439, -3.653126685099040039, 1.899999989042876480 ) ) ;
#3785 = CARTESIAN_POINT ( 'NONE',  ( 3.555678006756805676, -0.5631641965412358397, 8.366025392827316054 ) ) ;
#3786 = EDGE_CURVE ( 'NONE', #6197, #4182, #975, .T. ) ;
#3787 = CARTESIAN_POINT ( 'NONE',  ( -2.545584324645416618, 2.545584499897719510, 2.333974585258436374 ) ) ;
#3788 = CARTESIAN_POINT ( 'NONE',  ( -0.5000000000000616174, -4.069397989875152000, 0.4612670359920372776 ) ) ;
#3789 = CARTESIAN_POINT ( 'NONE',  ( 1.634365909477759171, 3.207623430818668187, 0.7660253928273158541 ) ) ;
#3790 = CARTESIAN_POINT ( 'NONE',  ( -3.207623543337572602, -1.634365688646974846, 7.566025392827316232 ) ) ;
#3791 = CARTESIAN_POINT ( 'NONE',  ( -3.841124709738404253, 1.957150960842943821, 4.299999989042877502 ) ) ;
#3792 = CARTESIAN_POINT ( 'NONE',  ( -2.899137703068391581, 2.899137902661292898, -1.800000010957121921 ) ) ;
#3793 = DIRECTION ( 'NONE',  ( 0.000000000000000000, 0.000000000000000000, 1.000000000000000000 ) ) ;
#3794 = PRODUCT_DEFINITION_CONTEXT ( 'detailed design', #927, 'design' ) ;
#3795 = CARTESIAN_POINT ( 'NONE',  ( -3.048333987505707832, -3.048333777641312636, -4.200000010957123386 ) ) ;
#3796 =( BOUNDED_SURFACE ( )  B_SPLINE_SURFACE ( 1, 2, ( 
 ( #1658, #522, #1025, #491, #3243, #2700, #1525, #7041, #3179, #4337, #2670, #1124, #5431, #6497, #6530, #4836, #5963, #3308, #552, #4371, #2734, #4898, #585, #5466, #19, #2197, #2768, #2230, #6397, #3714, #5863, #5337, #203, #163, #3378, #1299, #2263, #2378, #4550, #6717, #2879, #4019, #6636, #3491, #1761, #5041, #2803, #3947, #2340, #1266, #4511, #6101, #5536, #87, #656, #4969, #4473, #6599, #1800, #619, #5004, #1230, #2842, #1840, #3416, #6676, #4437, #6175, #5647, #767, #3909, #5571, #3453, #5500, #2955, #694, #1724, #1691, #125, #5116, #3983, #243, #4404, #6564, #6139, #2301, #5610, #3875, #731, #6065, #6032, #1191, #1158, #2915, #5079, #3342, #6793, #3134, #1986, #4698, #4095, #3062, #5228, #3099, #1918, #3527, #6321, #5190, #6254, #837, #3025, #5789, #2455, #381, #1952, #1338, #2419, #315, #5719, #6217, #3564, #5684, #4661, #1877, #5296, #5754, #1413, #6828, #3600, #947, #1446, #872, #3667, #348, #6287, #2491, #4164, #4132, #5264, #5154, #2525, #2017, #4196, #6865, #2990 ),
 ( #2558, #802, #1376, #6354, #3634, #4731, #277, #4624, #5820, #6896, #909, #1481, #4587, #6757, #4057, #482, #5361, #3203, #3266, #3233, #6420, #4361, #5328, #5423, #543, #2726, #5921, #11, #2659, #6521, #4828, #1049, #5854, #6998, #5393, #4328, #514, #2119, #1549, #3170, #3739, #4890, #2692, #4858, #4797, #4295, #2188, #2153, #7031, #6487, #6964, #6454, #1614, #4230, #3800, #1516, #1647, #1582, #982, #5889, #3767, #5952, #2592, #1081, #6388, #3833, #4263, #5989, #1115, #3299, #419, #451, #2086, #4765, #6933, #2052, #3705, #2627, #1015, #5600, #2831, #4996, #6023, #6667, #1682, #5527, #3367, #1182, #1258, #1219, #4429, #2368, #3332, #3444, #721, #2906, #3938, #5070, #646, #4542, #115, #6091, #3865, #2291, #3405, #2329, #5562, #4465, #6589, #1149, #1714, #5491, #6627, #610, #2870, #2793, #6055, #1751, #684, #5031, #154, #4502, #3900, #6167, #1790, #4959, #77, #194, #6707, #4011, #42, #3973, #2253, #6129, #1829, #1292, #5457, #575, #2759, #6555, #4924, #2220, #4395, #5747, #1331 ) ),
 .UNSPECIFIED., .F., .F., .T. ) 
 B_SPLINE_SURFACE_WITH_KNOTS ( ( 2, 2 ),
 ( 3, 2, 2, 2, 2, 2, 2, 2, 2, 2, 2, 2, 2, 2, 2, 2, 2, 2, 2, 2, 2, 2, 2, 2, 2, 2, 2, 2, 2, 2, 2, 2, 2, 2, 2, 2, 2, 2, 2, 2, 2, 2, 2, 2, 2, 2, 2, 2, 2, 2, 2, 2, 2, 2, 2, 2, 2, 2, 2, 2, 2, 2, 2, 2, 2, 2, 2, 2, 2, 2, 2, 2, 3 ),
 ( 0.000000000000000000, 1.000000000000000000 ),
 ( 0.1093554249205430928, 0.1125000000000000028, 0.1250000000000000000, 0.1375000000000000111, 0.1499999999999999944, 0.1625000000000000056, 0.1749999999999999889, 0.1875000000000000000, 0.2000000000000000111, 0.2124999999999999944, 0.2250000000000000056, 0.2374999999999999889, 0.2500000000000000000, 0.2625000000000000111, 0.2750000000000000222, 0.2874999999999999778, 0.2999999999999999889, 0.3125000000000000000, 0.3250000000000000111, 0.3375000000000000222, 0.3499999999999999778, 0.3624999999999999889, 0.3750000000000000000, 0.3875000000000000111, 0.4000000000000000222, 0.4124999999999999778, 0.4249999999999999889, 0.4375000000000000000, 0.4500000000000000111, 0.4625000000000000222, 0.4749999999999999778, 0.4874999999999999889, 0.5000000000000000000, 0.5124999999999999556, 0.5250000000000000222, 0.5374999999999999778, 0.5500000000000000444, 0.5625000000000000000, 0.5749999999999999556, 0.5875000000000000222, 0.5999999999999999778, 0.6125000000000000444, 0.6250000000000000000, 0.6374999999999999556, 0.6500000000000000222, 0.6624999999999999778, 0.6750000000000000444, 0.6875000000000000000, 0.6999999999999999556, 0.7125000000000000222, 0.7249999999999999778, 0.7375000000000000444, 0.7500000000000000000, 0.7624999999999999556, 0.7750000000000000222, 0.7874999999999999778, 0.8000000000000000444, 0.8125000000000000000, 0.8249999999999999556, 0.8375000000000000222, 0.8499999999999999778, 0.8625000000000000444, 0.8750000000000000000, 0.8874999999999999556, 0.9000000000000000222, 0.9124999999999999778, 0.9250000000000000444, 0.9375000000000000000, 0.9499999999999999556, 0.9625000000000000222, 0.9749999999999999778, 0.9875000000000000444, 1.000000000000000000 ),
 .UNSPECIFIED. ) 
 GEOMETRIC_REPRESENTATION_ITEM ( )  RATIONAL_B_SPLINE_SURFACE ( (
 ( 0.9815697878597295922, 0.9876874832671946880, 1.000000000000000000, 0.9510565162951535312, 1.000000000000000000, 0.9510565162951535312, 1.000000000000000000, 0.9510565162951535312, 1.000000000000000000, 0.9510565162951535312, 1.000000000000000000, 0.9510565162951535312, 1.000000000000000000, 0.9510565162951535312, 1.000000000000000000, 0.9510565162951535312, 1.000000000000000000, 0.9510565162951535312, 1.000000000000000000, 0.9510565162951535312, 1.000000000000000000, 0.9510565162951535312, 1.000000000000000000, 0.9510565162951535312, 1.000000000000000000, 0.9510565162951535312, 1.000000000000000000, 0.9510565162951535312, 1.000000000000000000, 0.9510565162951535312, 1.000000000000000000, 0.9510565162951535312, 1.000000000000000000, 0.9510565162951535312, 1.000000000000000000, 0.9510565162951535312, 1.000000000000000000, 0.9510565162951535312, 1.000000000000000000, 0.9510565162951535312, 1.000000000000000000, 0.9510565162951535312, 1.000000000000000000, 0.9510565162951535312, 1.000000000000000000, 0.9510565162951535312, 1.000000000000000000, 0.9510565162951535312, 1.000000000000000000, 0.9510565162951535312, 1.000000000000000000, 0.9510565162951535312, 1.000000000000000000, 0.9510565162951535312, 1.000000000000000000, 0.9510565162951535312, 1.000000000000000000, 0.9510565162951535312, 1.000000000000000000, 0.9510565162951535312, 1.000000000000000000, 0.9510565162951535312, 1.000000000000000000, 0.9510565162951535312, 1.000000000000000000, 0.9510565162951535312, 1.000000000000000000, 0.9510565162951535312, 1.000000000000000000, 0.9510565162951535312, 1.000000000000000000, 0.9510565162951535312, 1.000000000000000000, 0.9510565162951535312, 1.000000000000000000, 0.9510565162951535312, 1.000000000000000000, 0.9510565162951535312, 1.000000000000000000, 0.9510565162951535312, 1.000000000000000000, 0.9510565162951535312, 1.000000000000000000, 0.9510565162951535312, 1.000000000000000000, 0.9510565162951535312, 1.000000000000000000, 0.9510565162951535312, 1.000000000000000000, 0.9510565162951535312, 1.000000000000000000, 0.9510565162951535312, 1.000000000000000000, 0.9510565162951535312, 1.000000000000000000, 0.9510565162951535312, 1.000000000000000000, 0.9510565162951535312, 1.000000000000000000, 0.9510565162951535312, 1.000000000000000000, 0.9510565162951535312, 1.000000000000000000, 0.9510565162951535312, 1.000000000000000000, 0.9510565162951535312, 1.000000000000000000, 0.9510565162951535312, 1.000000000000000000, 0.9510565162951535312, 1.000000000000000000, 0.9510565162951535312, 1.000000000000000000, 0.9510565162951535312, 1.000000000000000000, 0.9510565162951535312, 1.000000000000000000, 0.9510565162951535312, 1.000000000000000000, 0.9510565162951535312, 1.000000000000000000, 0.9510565162951535312, 1.000000000000000000, 0.9510565162951535312, 1.000000000000000000, 0.9510565162951535312, 1.000000000000000000, 0.9510565162951535312, 1.000000000000000000, 0.9510565162951535312, 1.000000000000000000, 0.9510565162951535312, 1.000000000000000000, 0.9510565162951535312, 1.000000000000000000, 0.9510565162951535312, 1.000000000000000000, 0.9510565162951535312, 1.000000000000000000, 0.9510565162951535312, 1.000000000000000000, 0.9510565162951535312, 1.000000000000000000, 0.9510565162951535312, 1.000000000000000000),
 ( 0.9815697878597295922, 0.9876874832671946880, 1.000000000000000000, 0.9510565162951535312, 1.000000000000000000, 0.9510565162951535312, 1.000000000000000000, 0.9510565162951535312, 1.000000000000000000, 0.9510565162951535312, 1.000000000000000000, 0.9510565162951535312, 1.000000000000000000, 0.9510565162951535312, 1.000000000000000000, 0.9510565162951535312, 1.000000000000000000, 0.9510565162951535312, 1.000000000000000000, 0.9510565162951535312, 1.000000000000000000, 0.9510565162951535312, 1.000000000000000000, 0.9510565162951535312, 1.000000000000000000, 0.9510565162951535312, 1.000000000000000000, 0.9510565162951535312, 1.000000000000000000, 0.9510565162951535312, 1.000000000000000000, 0.9510565162951535312, 1.000000000000000000, 0.9510565162951535312, 1.000000000000000000, 0.9510565162951535312, 1.000000000000000000, 0.9510565162951535312, 1.000000000000000000, 0.9510565162951535312, 1.000000000000000000, 0.9510565162951535312, 1.000000000000000000, 0.9510565162951535312, 1.000000000000000000, 0.9510565162951535312, 1.000000000000000000, 0.9510565162951535312, 1.000000000000000000, 0.9510565162951535312, 1.000000000000000000, 0.9510565162951535312, 1.000000000000000000, 0.9510565162951535312, 1.000000000000000000, 0.9510565162951535312, 1.000000000000000000, 0.9510565162951535312, 1.000000000000000000, 0.9510565162951535312, 1.000000000000000000, 0.9510565162951535312, 1.000000000000000000, 0.9510565162951535312, 1.000000000000000000, 0.9510565162951535312, 1.000000000000000000, 0.9510565162951535312, 1.000000000000000000, 0.9510565162951535312, 1.000000000000000000, 0.9510565162951535312, 1.000000000000000000, 0.9510565162951535312, 1.000000000000000000, 0.9510565162951535312, 1.000000000000000000, 0.9510565162951535312, 1.000000000000000000, 0.9510565162951535312, 1.000000000000000000, 0.9510565162951535312, 1.000000000000000000, 0.9510565162951535312, 1.000000000000000000, 0.9510565162951535312, 1.000000000000000000, 0.9510565162951535312, 1.000000000000000000, 0.9510565162951535312, 1.000000000000000000, 0.9510565162951535312, 1.000000000000000000, 0.9510565162951535312, 1.000000000000000000, 0.9510565162951535312, 1.000000000000000000, 0.9510565162951535312, 1.000000000000000000, 0.9510565162951535312, 1.000000000000000000, 0.9510565162951535312, 1.000000000000000000, 0.9510565162951535312, 1.000000000000000000, 0.9510565162951535312, 1.000000000000000000, 0.9510565162951535312, 1.000000000000000000, 0.9510565162951535312, 1.000000000000000000, 0.9510565162951535312, 1.000000000000000000, 0.9510565162951535312, 1.000000000000000000, 0.9510565162951535312, 1.000000000000000000, 0.9510565162951535312, 1.000000000000000000, 0.9510565162951535312, 1.000000000000000000, 0.9510565162951535312, 1.000000000000000000, 0.9510565162951535312, 1.000000000000000000, 0.9510565162951535312, 1.000000000000000000, 0.9510565162951535312, 1.000000000000000000, 0.9510565162951535312, 1.000000000000000000, 0.9510565162951535312, 1.000000000000000000, 0.9510565162951535312, 1.000000000000000000, 0.9510565162951535312, 1.000000000000000000, 0.9510565162951535312, 1.000000000000000000, 0.9510565162951535312, 1.000000000000000000, 0.9510565162951535312, 1.000000000000000000, 0.9510565162951535312, 1.000000000000000000) ) ) 
 REPRESENTATION_ITEM ( '' )  SURFACE ( )  );
#3797 = CARTESIAN_POINT ( 'NONE',  ( 4.257919638985431909, 0.6743880687212407965, -3.400000010957124008 ) ) ;
#3798 = CARTESIAN_POINT ( 'NONE',  ( -3.841124709738404253, 1.957150960842944709, 1.399999989042875814 ) ) ;
#3799 = CARTESIAN_POINT ( 'NONE',  ( -0.4999999999999978351, -4.025811538192690442, 5.999255968300563069 ) ) ;
#3800 = CARTESIAN_POINT ( 'NONE',  ( 2.545584324645417063, -2.545584499897719066, 5.333974585258435930 ) ) ;
#3801 = CARTESIAN_POINT ( 'NONE',  ( -3.841124709738404253, 1.957150960842944709, 1.399999989042875814 ) ) ;
#3802 = CARTESIAN_POINT ( 'NONE',  ( -4.257919638985431909, -0.6743880687212415737, 4.499999989042877679 ) ) ;
#3803 = CARTESIAN_POINT ( 'NONE',  ( -3.048333987505707832, -3.048333777641312636, 3.799999989042876614 ) ) ;
#3804 = CARTESIAN_POINT ( 'NONE',  ( 4.049522174361919191, -0.6413814460608517898, 6.499999989042876791 ) ) ;
#3805 = CARTESIAN_POINT ( 'NONE',  ( -3.414465374091606886, 2.282378199422841814, 2.602546121998622296E-17 ) ) ;
#3806 = CARTESIAN_POINT ( 'NONE',  ( 3.841124709738403809, -1.957150960842944709, -1.600000010957122631 ) ) ;
#3807 = CARTESIAN_POINT ( 'NONE',  ( 8.331321329616788063, -3.405421637421893521, 4.969914653012244443 ) ) ;
#3808 = CARTESIAN_POINT ( 'NONE',  ( -3.653126813245570315, -1.861360923181276883, 5.699999989042876969 ) ) ;
#3809 = CARTESIAN_POINT ( 'NONE',  ( -3.048333987505707832, -3.048333777641312636, -1.300000010957121699 ) ) ;
#3810 = CARTESIAN_POINT ( 'NONE',  ( 6.720610260001266489, -5.986100377805715134, 6.749999999999998224 ) ) ;
#3811 = CARTESIAN_POINT ( 'NONE',  ( -1.861361174683002995, -3.653126685099040039, 6.799999989042878390 ) ) ;
#3812 = CARTESIAN_POINT ( 'NONE',  ( -2.545584324645416618, 2.545584499897719510, -3.666025414741564070 ) ) ;
#3813 = CARTESIAN_POINT ( 'NONE',  ( 3.207623543337573047, 1.634365688646974624, 8.566025392827317120 ) ) ;
#3814 = CARTESIAN_POINT ( 'NONE',  ( -3.841124709738404253, 1.957150960842944709, -0.6000000109571239637 ) ) ;
#3815 = CARTESIAN_POINT ( 'NONE',  ( -0.6413811672690400423, 4.049522218518203154, 3.999999989042877679 ) ) ;
#3816 = CARTESIAN_POINT ( 'NONE',  ( -1.957150696398379353, 3.841124844479640643, 2.099999989042876436 ) ) ;
#3817 = CARTESIAN_POINT ( 'NONE',  ( -0.6413811672690397092, 4.049522218518203154, -0.9000000109571238971 ) ) ;
#3818 = CARTESIAN_POINT ( 'NONE',  ( -0.6743883618602996011, -4.257919592556767441, 1.999999989042875903 ) ) ;
#3819 = CARTESIAN_POINT ( 'NONE',  ( -3.653126813245570315, -1.861360923181276883, 1.699999989042876081 ) ) ;
#3820 = CARTESIAN_POINT ( 'NONE',  ( 0.6743883618602993790, 4.257919592556766553, -2.100000010957121965 ) ) ;
#3821 = CARTESIAN_POINT ( 'NONE',  ( 2.545584324645417063, -2.545584499897719510, 6.166025392827316765 ) ) ;
#3822 = CARTESIAN_POINT ( 'NONE',  ( -3.048333987505707832, -3.048333777641312636, -1.300000010957121699 ) ) ;
#3823 = CIRCLE ( 'NONE', #6781, 1.599999999999999867 ) ;
#3824 = CARTESIAN_POINT ( 'NONE',  ( 3.207623543337573047, 1.634365688646974624, 5.733974585258436285 ) ) ;
#3825 = CARTESIAN_POINT ( 'NONE',  ( 0.9455359000865207753, -3.473609342117728094, -4.158281281987642495E-16 ) ) ;
#3826 = CARTESIAN_POINT ( 'NONE',  ( 0.000000000000000000, 0.000000000000000000, 0.000000000000000000 ) ) ;
#3827 = CARTESIAN_POINT ( 'NONE',  ( -3.599999999782404814, -3.958111353286947247E-05, 10.58335485414687582 ) ) ;
#3828 = CARTESIAN_POINT ( 'NONE',  ( 2.899137703068392025, -2.899137902661292454, 1.199999989042877413 ) ) ;
#3829 = CARTESIAN_POINT ( 'NONE',  ( 9.000000000000001776, 1.102182119232617911E-15, 0.000000000000000000 ) ) ;
#3830 = CARTESIAN_POINT ( 'NONE',  ( -0.6413811672690397092, 4.049522218518203154, 7.999999989042877679 ) ) ;
#3831 = CARTESIAN_POINT ( 'NONE',  ( 0.6413811672690400423, -4.049522218518203154, 0.09999998904287703272 ) ) ;
#3832 = CARTESIAN_POINT ( 'NONE',  ( 3.048333987505708276, 3.048333777641312192, -1.200000010957123830 ) ) ;
#3833 = CARTESIAN_POINT ( 'NONE',  ( -1.718473782203454592, 3.372694985396755829, 4.233974585258436285 ) ) ;
#3834 = CARTESIAN_POINT ( 'NONE',  ( 0.6743883618602999341, 4.257919592556767441, 2.999999989042876347 ) ) ;
#3835 = CARTESIAN_POINT ( 'NONE',  ( 2.899137703068392025, -2.899137902661292010, -0.8000000109571226981 ) ) ;
#3836 = CARTESIAN_POINT ( 'NONE',  ( -3.841124709738404253, 1.957150960842944709, 1.399999989042875814 ) ) ;
#3837 = CARTESIAN_POINT ( 'NONE',  ( -4.257919638985431909, -0.6743880687212413516, 5.599999989042876436 ) ) ;
#3838 = VERTEX_POINT ( 'NONE', #4838 ) ;
#3839 = DIRECTION ( 'NONE',  ( 0.000000000000000000, -0.5000000000000003331, -0.8660254037844385966 ) ) ;
#3840 = CARTESIAN_POINT ( 'NONE',  ( -2.545584324645416618, 2.545584499897719954, 9.166025392827316765 ) ) ;
#3841 = CARTESIAN_POINT ( 'NONE',  ( 0.000000000000000000, 0.000000000000000000, 10.00000000000000000 ) ) ;
#3842 = CARTESIAN_POINT ( 'NONE',  ( 4.049522174361919191, -0.6413814460608517898, -2.600000010957122409 ) ) ;
#3843 = FACE_OUTER_BOUND ( 'NONE', #6778, .T. ) ;
#3844 = CARTESIAN_POINT ( 'NONE',  ( 1.861361174683003439, 3.653126685099039594, 5.799999989042878390 ) ) ;
#3845 = DIRECTION ( 'NONE',  ( 0.000000000000000000, 0.000000000000000000, -1.000000000000000000 ) ) ;
#3846 = CARTESIAN_POINT ( 'NONE',  ( -3.738661146426232484, -0.5921456213162119564, 5.466025392827315699 ) ) ;
#3847 = CARTESIAN_POINT ( 'NONE',  ( 4.257919638985431909, 0.6743880687212407965, 0.5999999890428755478 ) ) ;
#3848 = CARTESIAN_POINT ( 'NONE',  ( 1.957150696398380463, -3.841124844479640643, 5.099999989042878212 ) ) ;
#3849 = CARTESIAN_POINT ( 'NONE',  ( -3.653126813245570315, -1.861360923181276883, 0.5999999890428774352 ) ) ;
#3850 = CARTESIAN_POINT ( 'NONE',  ( -1.861361174683003439, -3.653126685099040039, 1.899999989042876480 ) ) ;
#3851 = CARTESIAN_POINT ( 'NONE',  ( 4.049522174361919191, -0.6413814460608517898, -1.500000010957123653 ) ) ;
#3852 = CARTESIAN_POINT ( 'NONE',  ( 1.957150696398380463, -3.841124844479640643, 2.199999989042876525 ) ) ;
#3853 = CARTESIAN_POINT ( 'NONE',  ( -2.899137703068391581, 2.899137902661292454, 2.199999989042878301 ) ) ;
#3854 = CARTESIAN_POINT ( 'NONE',  ( 2.676585940248914053, 2.676585755977737069, 6.666025392827316765 ) ) ;
#3855 = CARTESIAN_POINT ( 'NONE',  ( 2.899137703068392025, -2.899137902661292454, -2.800000010957122587 ) ) ;
#3856 = CARTESIAN_POINT ( 'NONE',  ( -3.207623543337572602, -1.634365688646975068, 4.733974585258436285 ) ) ;
#3857 = CARTESIAN_POINT ( 'NONE',  ( -0.4999999999999992784, -4.028522837186561567, 8.000000000000000000 ) ) ;
#3858 = CARTESIAN_POINT ( 'NONE',  ( 2.545584324645417063, -2.545584499897719510, 8.166025392827316765 ) ) ;
#3859 = CARTESIAN_POINT ( 'NONE',  ( 2.545584324645417063, -2.545584499897719066, 9.333974585258436818 ) ) ;
#3860 = CARTESIAN_POINT ( 'NONE',  ( 4.049522174361919191, -0.6413814460608517898, 1.399999989042877813 ) ) ;
#3861 = CARTESIAN_POINT ( 'NONE',  ( -3.372694867087378423, 1.718474014398681859, -1.566025414741564425 ) ) ;
#3862 = CARTESIAN_POINT ( 'NONE',  ( 3.048333987505708276, 3.048333777641312192, 3.699999989042877413 ) ) ;
#3863 = CARTESIAN_POINT ( 'NONE',  ( -1.957150696398379353, 3.841124844479640643, -2.800000010957124363 ) ) ;
#3864 = CARTESIAN_POINT ( 'NONE',  ( -3.653126813245570315, -1.861360923181276883, -2.300000010957123919 ) ) ;
#3865 = CARTESIAN_POINT ( 'NONE',  ( -3.555678006756805676, 0.5631641965412349515, 0.5339745852584367736 ) ) ;
#3866 = CARTESIAN_POINT ( 'NONE',  ( -4.257919638985431909, -0.6743880687212413516, 5.599999989042876436 ) ) ;
#3867 = CARTESIAN_POINT ( 'NONE',  ( 2.899137703068392025, -2.899137902661292010, 3.199999989042877413 ) ) ;
#3868 = CARTESIAN_POINT ( 'NONE',  ( 4.049522174361919191, -0.6413814460608517898, 4.499999989042876791 ) ) ;
#3869 = CARTESIAN_POINT ( 'NONE',  ( -0.4999999999999991673, 1.203846619959475662E-17, 0.000000000000000000 ) ) ;
#3870 = ORIENTED_EDGE ( 'NONE', *, *, #6860, .F. ) ;
#3871 = ADVANCED_FACE ( 'NONE', ( #3345 ), #6001, .T. ) ;
#3872 = CARTESIAN_POINT ( 'NONE',  ( -2.414203252620533480, 3.322557527281545298, -2.923536527458936562E-14 ) ) ;
#3873 = FACE_OUTER_BOUND ( 'NONE', #4590, .T. ) ;
#3874 = CARTESIAN_POINT ( 'NONE',  ( -0.5940797903579750905, -4.043367774594715414, 8.000000000000000000 ) ) ;
#3875 = CARTESIAN_POINT ( 'NONE',  ( 0.6743883618602993790, 4.257919592556766553, 1.899999989042878035 ) ) ;
#3876 = CARTESIAN_POINT ( 'NONE',  ( 3.653126813245570315, 1.861360923181276883, 7.599999989042878212 ) ) ;
#3877 = CARTESIAN_POINT ( 'NONE',  ( -2.899137703068391581, 2.899137902661292454, 8.199999989042877857 ) ) ;
#3878 = CARTESIAN_POINT ( 'NONE',  ( -0.5921458787066038454, -3.738661105659599304, -0.9660254147415644477 ) ) ;
#3879 = CARTESIAN_POINT ( 'NONE',  ( -1.718473782203454592, 3.372694985396756273, 3.066025392827317564 ) ) ;
#3880 = CARTESIAN_POINT ( 'NONE',  ( -0.6743883618602996011, -4.257919592556767441, 1.999999989042875903 ) ) ;
#3881 = CARTESIAN_POINT ( 'NONE',  ( -2.899137703068391581, 2.899137902661292454, 4.199999989042877857 ) ) ;
#3882 = CARTESIAN_POINT ( 'NONE',  ( 4.049522174361919191, -0.6413814460608517898, -2.600000010957122409 ) ) ;
#3883 = CARTESIAN_POINT ( 'NONE',  ( 3.841124709738403809, -1.957150960842944709, 2.399999989042877147 ) ) ;
#3884 = CARTESIAN_POINT ( 'NONE',  ( 1.957150696398380463, -3.841124844479640643, 2.199999989042876525 ) ) ;
#3885 = CARTESIAN_POINT ( 'NONE',  ( -3.048333987505707832, -3.048333777641312636, 1.799999989042877058 ) ) ;
#3886 = CARTESIAN_POINT ( 'NONE',  ( 4.257919638985430133, 0.6743880687212409075, -0.5000000109571227647 ) ) ;
#3887 = ADVANCED_FACE ( 'NONE', ( #3245 ), #6700, .F. ) ;
#3888 = LINE ( 'NONE', #4911, #3438 ) ;
#3889 = CARTESIAN_POINT ( 'NONE',  ( 1.957150696398380463, -3.841124844479640643, -2.900000010957122232 ) ) ;
#3890 = CARTESIAN_POINT ( 'NONE',  ( 3.207623543337573047, 1.634365688646974624, 3.733974585258436285 ) ) ;
#3891 = CARTESIAN_POINT ( 'NONE',  ( 3.600000000000000089, 4.408728476930471151E-16, 10.00000000000000000 ) ) ;
#3892 = CARTESIAN_POINT ( 'NONE',  ( -2.545584324645416618, 2.545584499897719954, 7.166025392827316765 ) ) ;
#3893 = CARTESIAN_POINT ( 'NONE',  ( 0.6743883618602993790, 4.257919592556766553, -2.100000010957121965 ) ) ;
#3894 = CARTESIAN_POINT ( 'NONE',  ( 0.4999999999999806266, -4.069397989875162658, 2.089223782170676724 ) ) ;
#3895 = CARTESIAN_POINT ( 'NONE',  ( -3.738661146426231596, -0.5921456213162122895, -3.366025414741566024 ) ) ;
#3896 = ADVANCED_FACE ( 'NONE', ( #2268 ), #2344, .F. ) ;
#3897 = CARTESIAN_POINT ( 'NONE',  ( 3.048333987505708276, 3.048333777641312192, 7.699999989042878745 ) ) ;
#3898 = CARTESIAN_POINT ( 'NONE',  ( 3.841124709738403809, -1.957150960842944709, -1.600000010957122631 ) ) ;
#3899 = CARTESIAN_POINT ( 'NONE',  ( -1.861361174683003439, -3.653126685099040039, 1.899999989042876480 ) ) ;
#3900 = CARTESIAN_POINT ( 'NONE',  ( -3.555678006756805676, 0.5631641965412349515, -1.466025414741565003 ) ) ;
#3901 = CARTESIAN_POINT ( 'NONE',  ( 1.957150696398380463, -3.841124844479640643, 4.199999989042876969 ) ) ;
#3902 = CARTESIAN_POINT ( 'NONE',  ( 3.048333987505707832, 3.048333777641312192, 1.699999989042877635 ) ) ;
#3903 = CARTESIAN_POINT ( 'NONE',  ( 4.257919638985431909, 0.6743880687212407965, 2.599999989042875548 ) ) ;
#3904 = CARTESIAN_POINT ( 'NONE',  ( 0.6413811672690400423, -4.049522218518203154, -1.900000010957123120 ) ) ;
#3905 = VERTEX_POINT ( 'NONE', #5614 ) ;
#3906 = CARTESIAN_POINT ( 'NONE',  ( 1.957150696398380463, -3.841124844479640643, 8.199999989042876081 ) ) ;
#3907 = CARTESIAN_POINT ( 'NONE',  ( 0.5631639517484252622, -3.555678045528178011, 3.966025392827316587 ) ) ;
#3908 = CARTESIAN_POINT ( 'NONE',  ( 0.000000000000000000, 0.000000000000000000, 8.500000000000000000 ) ) ;
#3909 = CARTESIAN_POINT ( 'NONE',  ( 3.653126813245570315, 1.861360923181276883, 3.599999989042878212 ) ) ;
#3910 = CARTESIAN_POINT ( 'NONE',  ( -0.5921458787066038454, -3.738661105659599304, -2.966025414741564337 ) ) ;
#3911 = CARTESIAN_POINT ( 'NONE',  ( -4.257919638985431909, -0.6743880687212415737, 8.499999989042878568 ) ) ;
#3912 = CARTESIAN_POINT ( 'NONE',  ( -2.676585940248913165, -2.676585755977737513, 7.666025392827315876 ) ) ;
#3913 = CARTESIAN_POINT ( 'NONE',  ( -3.207623543337572602, -1.634365688646974846, 1.566025392827316232 ) ) ;
#3914 = B_SPLINE_CURVE_WITH_KNOTS ( 'NONE', 3,
 ( #1159, #5402, #1591, #1625, #5467, #3343, #5501, #3810 ),
 .UNSPECIFIED., .F., .F.,
 ( 4, 2, 2, 4 ),
 ( 0.000000000000000000, 0.001788559724798187943, 0.002682839587197280613, 0.003577119449596372850 ),
 .UNSPECIFIED. ) ;
#3915 = CARTESIAN_POINT ( 'NONE',  ( -2.899137703068391581, 2.899137902661292898, 5.299999989042876614 ) ) ;
#3916 = CARTESIAN_POINT ( 'NONE',  ( -1.957150696398379353, 3.841124844479640199, 0.09999998904287703272 ) ) ;
#3917 = CARTESIAN_POINT ( 'NONE',  ( 0.5000000000000004441, -3.565108693995177269, 10.00000000000000000 ) ) ;
#3918 = CARTESIAN_POINT ( 'NONE',  ( 0.6743883618602999341, 4.257919592556767441, -1.000000010957123209 ) ) ;
#3919 = CARTESIAN_POINT ( 'NONE',  ( -3.048333987505707832, -3.048333777641312636, 6.699999989042876081 ) ) ;
#3920 = B_SPLINE_CURVE_WITH_KNOTS ( 'NONE', 3,
 ( #3959, #707, #1312, #5696, #1243, #5017, #4600, #139, #1894, #3925 ),
 .UNSPECIFIED., .F., .F.,
 ( 4, 3, 3, 4 ),
 ( 0.000000000000000000, 0.0001356333429383611334, 0.0002712666813019942464, 0.0005204467713536406123 ),
 .UNSPECIFIED. ) ;
#3921 = CARTESIAN_POINT ( 'NONE',  ( 3.048333987505708276, 3.048333777641312192, -1.200000010957123830 ) ) ;
#3922 = CARTESIAN_POINT ( 'NONE',  ( -1.861361174683002995, -3.653126685099040039, 0.7999999890428779459 ) ) ;
#3923 = ORIENTED_EDGE ( 'NONE', *, *, #4683, .T. ) ;
#3924 = CARTESIAN_POINT ( 'NONE',  ( 3.738661146426232484, 0.5921456213162111792, -1.533974607172684301 ) ) ;
#3925 = CARTESIAN_POINT ( 'NONE',  ( 0.5000000000000024425, -4.069397989875159105, 4.089223782170677168 ) ) ;
#3926 = CARTESIAN_POINT ( 'NONE',  ( -0.6743883618602996011, -4.257919592556767441, -3.100000010957122409 ) ) ;
#3927 = CARTESIAN_POINT ( 'NONE',  ( -0.5921458787066042895, -3.738661105659599748, -0.1339746071726838628 ) ) ;
#3928 = CARTESIAN_POINT ( 'NONE',  ( 0.5921458787066045115, 3.738661105659599304, 2.033974585258436552 ) ) ;
#3929 = CARTESIAN_POINT ( 'NONE',  ( 2.545584324645417063, -2.545584499897719510, -1.833974607172684124 ) ) ;
#3930 = CARTESIAN_POINT ( 'NONE',  ( -3.372694867087378423, 1.718474014398681859, 10.43397458525843646 ) ) ;
#3931 = ADVANCED_FACE ( 'NONE', ( #4478 ), #4518, .F. ) ;
#3932 = CARTESIAN_POINT ( 'NONE',  ( 0.5000000000000004441, -5.979130371550698264, 8.500000000000000000 ) ) ;
#3933 = CARTESIAN_POINT ( 'NONE',  ( 4.000000000000000888, -5.986100377805715134, 2.399999999999998579 ) ) ;
#3934 = CARTESIAN_POINT ( 'NONE',  ( -4.049522174361919191, 0.6413814460608515677, 4.399999989042878035 ) ) ;
#3935 = CARTESIAN_POINT ( 'NONE',  ( 4.049522174361919191, -0.6413814460608517898, -1.500000010957123653 ) ) ;
#3936 = CARTESIAN_POINT ( 'NONE',  ( -3.048333987505707832, -3.048333777641312636, -0.2000000109571228590 ) ) ;
#3937 = CARTESIAN_POINT ( 'NONE',  ( -2.899137703068391581, 2.899137902661292898, -4.700000010957123386 ) ) ;
#3938 = CARTESIAN_POINT ( 'NONE',  ( 0.5631639517484254842, -3.555678045528177122, 1.133974585258436640 ) ) ;
#3939 = CARTESIAN_POINT ( 'NONE',  ( 2.899137703068392025, -2.899137902661292454, -1.700000010957124275 ) ) ;
#3940 = CARTESIAN_POINT ( 'NONE',  ( -1.957150696398379353, 3.841124844479640199, 4.099999989042879101 ) ) ;
#3941 = CARTESIAN_POINT ( 'NONE',  ( -0.6413811672690397092, 4.049522218518203154, 3.099999989042876436 ) ) ;
#3942 = CARTESIAN_POINT ( 'NONE',  ( -3.841124709738404253, 1.957150960842944709, -4.600000010957123742 ) ) ;
#3943 = ORIENTED_EDGE ( 'NONE', *, *, #5438, .F. ) ;
#3944 = CARTESIAN_POINT ( 'NONE',  ( -3.653126813245570315, -1.861360923181276883, 7.699999989042876081 ) ) ;
#3945 = CARTESIAN_POINT ( 'NONE',  ( -3.599999999999998757, -0.8642834671560718496, 7.492136753985122688 ) ) ;
#3946 = CARTESIAN_POINT ( 'NONE',  ( -1.957150696398379353, 3.841124844479640643, 5.199999989042876969 ) ) ;
#3947 = CARTESIAN_POINT ( 'NONE',  ( 0.6743883618602993790, 4.257919592556766553, 5.899999989042878035 ) ) ;
#3948 = CARTESIAN_POINT ( 'NONE',  ( 0.4999999999999985012, -3.652754938499275905, 7.982783283860946710 ) ) ;
#3949 = CARTESIAN_POINT ( 'NONE',  ( -0.6743883618602991570, -4.257919592556766553, 4.899999989042877147 ) ) ;
#3950 = CARTESIAN_POINT ( 'NONE',  ( 3.372694867087377979, -1.718474014398682970, -1.733974607172682703 ) ) ;
#3951 = CARTESIAN_POINT ( 'NONE',  ( -1.861361174683003439, -3.653126685099040039, 7.899999989042876258 ) ) ;
#3952 = CARTESIAN_POINT ( 'NONE',  ( 0.6413811672690402643, -4.049522218518203154, -3.000000010957121432 ) ) ;
#3953 = LINE ( 'NONE', #4633, #3721 ) ;
#3954 = CARTESIAN_POINT ( 'NONE',  ( -0.6413811672690397092, 4.049522218518203154, 7.999999989042877679 ) ) ;
#3955 = CARTESIAN_POINT ( 'NONE',  ( -2.899137703068391581, 2.899137902661292898, -2.700000010957123386 ) ) ;
#3956 = CARTESIAN_POINT ( 'NONE',  ( -4.257919638985431909, -0.6743880687212415737, -1.500000010957122099 ) ) ;
#3957 = ORIENTED_EDGE ( 'NONE', *, *, #329, .T. ) ;
#3958 = CARTESIAN_POINT ( 'NONE',  ( 3.207623543337573047, 1.634365688646974624, -1.433974607172682880 ) ) ;
#3959 = CARTESIAN_POINT ( 'NONE',  ( 0.4999999999999982792, -3.565108693995175493, 3.960550053940179005 ) ) ;
#3960 = CARTESIAN_POINT ( 'NONE',  ( -4.049522174361919191, 0.6413814460608515677, -3.600000010957123298 ) ) ;
#3961 = CARTESIAN_POINT ( 'NONE',  ( -3.555678006756805676, 0.5631641965412353956, -4.633974607172684834 ) ) ;
#3962 = DIRECTION ( 'NONE',  ( -2.407693239918955638E-17, -1.000000000000000000, 0.000000000000000000 ) ) ;
#3963 = CARTESIAN_POINT ( 'NONE',  ( 3.555678006756805676, -0.5631641965412358397, 2.366025392827316498 ) ) ;
#3964 = CARTESIAN_POINT ( 'NONE',  ( 2.899137703068392025, -2.899137902661292010, -2.800000010957122587 ) ) ;
#3965 = FACE_BOUND ( 'NONE', #1719, .T. ) ;
#3966 = CARTESIAN_POINT ( 'NONE',  ( -0.4999999999999975020, -3.988957180146346371, 6.931886401057757219 ) ) ;
#3967 = CARTESIAN_POINT ( 'NONE',  ( -3.048333987505707832, -3.048333777641312636, 6.699999989042876081 ) ) ;
#3968 = CARTESIAN_POINT ( 'NONE',  ( 0.6743883618602999341, 4.257919592556767441, 9.899999989042875370 ) ) ;
#3969 = EDGE_CURVE ( 'NONE', #4845, #1361, #4220, .T. ) ;
#3970 = CARTESIAN_POINT ( 'NONE',  ( -4.049522174361919191, 0.6413814460608515677, 6.399999989042878035 ) ) ;
#3971 = CARTESIAN_POINT ( 'NONE',  ( 0.9455359000865336538, -3.473609342117724985, 8.000000000000001776 ) ) ;
#3972 = CARTESIAN_POINT ( 'NONE',  ( 1.718473782203455036, -3.372694985396756273, 6.066025392827316232 ) ) ;
#3973 = CARTESIAN_POINT ( 'NONE',  ( 3.738661146426232040, 0.5921456213162114013, -2.366025414741564692 ) ) ;
#3974 = CARTESIAN_POINT ( 'NONE',  ( 0.6743883618602999341, 4.257919592556767441, -3.000000010957122321 ) ) ;
#3975 = CARTESIAN_POINT ( 'NONE',  ( -0.6743883618602991570, -4.257919592556766553, -1.100000010957122631 ) ) ;
#3976 = CYLINDRICAL_SURFACE ( 'NONE', #2228, 5.999999999999999112 ) ;
#3977 = EDGE_CURVE ( 'NONE', #3120, #1892, #12, .T. ) ;
#3978 = CARTESIAN_POINT ( 'NONE',  ( 1.957150696398380463, -3.841124844479640643, -1.800000010957123475 ) ) ;
#3979 = ORIENTED_EDGE ( 'NONE', *, *, #3127, .T. ) ;
#3980 = CARTESIAN_POINT ( 'NONE',  ( -0.6413813089465514317, -4.049522196078693348, 1.080141941131699540E-15 ) ) ;
#3981 = CARTESIAN_POINT ( 'NONE',  ( -3.555678006756805676, 0.5631641965412353956, 3.366025392827316498 ) ) ;
#3982 = CARTESIAN_POINT ( 'NONE',  ( 4.049522174361919191, -0.6413814460608517898, 6.499999989042876791 ) ) ;
#3983 = CARTESIAN_POINT ( 'NONE',  ( -3.653126813245569871, -1.861360923181277105, 2.599999989042877324 ) ) ;
#3984 = CARTESIAN_POINT ( 'NONE',  ( 0.5000000000000024425, -4.069397989875159105, 6.089223782170677168 ) ) ;
#3985 = CARTESIAN_POINT ( 'NONE',  ( -0.5631639517484248181, 3.555678045528178011, 0.9660253928273163648 ) ) ;
#3986 = CARTESIAN_POINT ( 'NONE',  ( -3.653126813245570315, -1.861360923181276883, 7.699999989042876081 ) ) ;
#3987 = CARTESIAN_POINT ( 'NONE',  ( 3.372694867087377979, -1.718474014398682526, 7.433974585258435575 ) ) ;
#3988 = CARTESIAN_POINT ( 'NONE',  ( -3.599999999999998312, 2.595712431496132535E-14, 0.5833513399713420311 ) ) ;
#3989 = CARTESIAN_POINT ( 'NONE',  ( -3.048333987505707832, -3.048333777641312636, -4.200000010957123386 ) ) ;
#3990 = DIRECTION ( 'NONE',  ( -0.000000000000000000, -0.000000000000000000, -1.000000000000000000 ) ) ;
#3991 = CARTESIAN_POINT ( 'NONE',  ( -1.718473782203454592, 3.372694985396755829, 10.23397458525843540 ) ) ;
#3992 = VERTEX_POINT ( 'NONE', #6308 ) ;
#3993 = CARTESIAN_POINT ( 'NONE',  ( 1.718473782203455036, -3.372694985396756273, 2.066025392827316676 ) ) ;
#3994 = DIRECTION ( 'NONE',  ( 1.000000000000000000, -0.000000000000000000, 0.000000000000000000 ) ) ;
#3995 = CARTESIAN_POINT ( 'NONE',  ( 3.653126813245570315, 1.861360923181276883, 1.599999989042878434 ) ) ;
#3996 = CARTESIAN_POINT ( 'NONE',  ( 1.861361174683003883, 3.653126685099039594, 8.899999989042877147 ) ) ;
#3997 = DIRECTION ( 'NONE',  ( -0.000000000000000000, -0.000000000000000000, -1.000000000000000000 ) ) ;
#3998 = CARTESIAN_POINT ( 'NONE',  ( -2.545584324645416618, 2.545584499897719954, 1.166025392827316987 ) ) ;
#3999 = CARTESIAN_POINT ( 'NONE',  ( -0.5921458787066042895, -3.738661105659599748, 3.866025392827316942 ) ) ;
#4000 = CARTESIAN_POINT ( 'NONE',  ( 3.372694867087377979, -1.718474014398682526, 1.433974585258436685 ) ) ;
#4001 = ORIENTED_EDGE ( 'NONE', *, *, #3456, .F. ) ;
#4002 = CARTESIAN_POINT ( 'NONE',  ( -2.899137703068391581, 2.899137902661292898, -3.800000010957122143 ) ) ;
#4003 = EDGE_CURVE ( 'NONE', #1971, #367, #3535, .T. ) ;
#4004 = CARTESIAN_POINT ( 'NONE',  ( -0.4999999999999992784, -3.565108693995177713, 7.039698219484952446 ) ) ;
#4005 = VECTOR ( 'NONE', #4317, 1000.000000000000000 ) ;
#4006 = CARTESIAN_POINT ( 'NONE',  ( 4.049522174361919191, -0.6413814460608517898, 7.399999989042878035 ) ) ;
#4007 = CARTESIAN_POINT ( 'NONE',  ( 3.048333987505708276, 3.048333777641312192, 7.699999989042878745 ) ) ;
#4008 = CARTESIAN_POINT ( 'NONE',  ( 4.049522174361919191, -0.6413814460608517898, 7.399999989042878035 ) ) ;
#4009 = CYLINDRICAL_SURFACE ( 'NONE', #2614, 3.600000000000000089 ) ;
#4010 = CARTESIAN_POINT ( 'NONE',  ( 3.738661146426232484, 0.5921456213162111792, 2.466025392827315255 ) ) ;
#4011 = CARTESIAN_POINT ( 'NONE',  ( 2.676585940248913165, 2.676585755977737069, -2.166025414741564514 ) ) ;
#4012 = CARTESIAN_POINT ( 'NONE',  ( -3.841124709738404253, 1.957150960842944709, -4.600000010957123742 ) ) ;
#4013 = CARTESIAN_POINT ( 'NONE',  ( 3.738661146426232040, 0.5921456213162114013, 7.633974585258436640 ) ) ;
#4014 = CARTESIAN_POINT ( 'NONE',  ( -0.6413811672690397092, 4.049522218518203154, -2.900000010957124008 ) ) ;
#4015 = CARTESIAN_POINT ( 'NONE',  ( -1.861361174683003439, -3.653126685099040039, -2.100000010957123742 ) ) ;
#4016 = ORIENTED_EDGE ( 'NONE', *, *, #6622, .T. ) ;
#4017 = CARTESIAN_POINT ( 'NONE',  ( -2.962631316067094733, -2.844443032492371515, 1.352404292294921667E-16 ) ) ;
#4018 = CARTESIAN_POINT ( 'NONE',  ( -4.257919638985431909, -0.6743880687212413516, 3.599999989042876880 ) ) ;
#4019 = CARTESIAN_POINT ( 'NONE',  ( -4.257919638985431909, -0.6743880687212415737, 6.499999989042879456 ) ) ;
#4020 = CARTESIAN_POINT ( 'NONE',  ( 0.9333527364758351652, 3.476902740847530371, 0.000000000000000000 ) ) ;
#4021 = CARTESIAN_POINT ( 'NONE',  ( 0.4999999999999986122, -3.740386045253437430, 6.005076071718534969 ) ) ;
#4022 = ORIENTED_EDGE ( 'NONE', *, *, #4291, .F. ) ;
#4023 = CARTESIAN_POINT ( 'NONE',  ( -0.5631639517484248181, 3.555678045528178011, -1.033974607172683635 ) ) ;
#4024 = CARTESIAN_POINT ( 'NONE',  ( 3.653126813245570315, 1.861360923181276661, 6.699999989042876969 ) ) ;
#4025 = CARTESIAN_POINT ( 'NONE',  ( 4.257919638985430133, 0.6743880687212409075, -2.500000010957122765 ) ) ;
#4026 =( BOUNDED_CURVE ( )  B_SPLINE_CURVE ( 2, ( #6240, #6659, #1363, #266, #5631, #2940, #188, #5705, #5140, #300, #229, #4610, #4082, #2402, #5594, #2863, #5025, #2900, #824, #2322, #4573, #1746, #3012 ),
 .UNSPECIFIED., .F., .T. ) 
 B_SPLINE_CURVE_WITH_KNOTS ( ( 3, 2, 2, 2, 2, 2, 2, 2, 2, 2, 2, 3 ),
 ( 0.5290633913746267680, 0.5368523182649070913, 0.5508870964993036745, 0.5649218747337003688, 0.5789566529680969520, 0.5929914312024935352, 0.6070262094368903405, 0.6210609876712869237, 0.6350957659056836180, 0.6491305441400802012, 0.6631653223744767844, 0.6639540378025959866 ),
 .UNSPECIFIED. ) 
 CURVE ( )  GEOMETRIC_REPRESENTATION_ITEM ( )  RATIONAL_B_SPLINE_CURVE ( ( 0.9758240785687565255, 0.9728376743853082154, 1.000000000000000000, 0.9510565162951535312, 1.000000000000000000, 0.9510565162951535312, 1.000000000000000000, 0.9510565162951535312, 1.000000000000000000, 0.9510565162951535312, 1.000000000000000000, 0.9510565162951535312, 1.000000000000000000, 0.9510565162951535312, 1.000000000000000000, 0.9510565162951535312, 1.000000000000000000, 0.9510565162951535312, 1.000000000000000000, 0.9510565162951535312, 1.000000000000000000, 0.9972495125994008669, 0.9948081646538711187 ) ) 
 REPRESENTATION_ITEM ( '' )  );
#4027 = CARTESIAN_POINT ( 'NONE',  ( -3.600000000000003642, -0.8642834671560608584, 0.6600859464162404100 ) ) ;
#4028 = CARTESIAN_POINT ( 'NONE',  ( -1.957150696398379353, 3.841124844479640643, 8.099999989042878212 ) ) ;
#4029 = CARTESIAN_POINT ( 'NONE',  ( -4.049522174361919191, 0.6413814460608515677, -0.5000000109571227647 ) ) ;
#4030 = CARTESIAN_POINT ( 'NONE',  ( 3.207623543337573047, 1.634365688646974624, 9.733974585258437173 ) ) ;
#4031 = ORIENTED_EDGE ( 'NONE', *, *, #3562, .T. ) ;
#4032 = CARTESIAN_POINT ( 'NONE',  ( -1.634365909477758949, -3.207623430818668631, -0.2339746071726833132 ) ) ;
#4033 = DIRECTION ( 'NONE',  ( -1.000000000000000000, 0.000000000000000000, 0.000000000000000000 ) ) ;
#4034 = CARTESIAN_POINT ( 'NONE',  ( 0.4999999999999806266, -4.069397989875162658, 2.089223782170676280 ) ) ;
#4035 = CARTESIAN_POINT ( 'NONE',  ( -1.634365909477758949, -3.207623430818668631, -2.233974607172683147 ) ) ;
#4036 = CARTESIAN_POINT ( 'NONE',  ( -0.4999999999999992784, -3.565108693995177713, 5.039698219489776143 ) ) ;
#4037 = CARTESIAN_POINT ( 'NONE',  ( -0.5921458787066042895, -3.738661105659599748, 1.866025392827315832 ) ) ;
#4038 = CARTESIAN_POINT ( 'NONE',  ( -3.207623543337572602, -1.634365688646974846, 1.566025392827316232 ) ) ;
#4039 = VERTEX_POINT ( 'NONE', #1106 ) ;
#4040 = CARTESIAN_POINT ( 'NONE',  ( -0.5631639517484252622, 3.555678045528177567, 4.133974585258435752 ) ) ;
#4041 = VERTEX_POINT ( 'NONE', #3857 ) ;
#4042 = CARTESIAN_POINT ( 'NONE',  ( 0.5316208998581365419, -3.560673973034911288, 1.131244317493133922 ) ) ;
#4043 = CARTESIAN_POINT ( 'NONE',  ( -0.4999999999999966693, -3.908503232302564800, 6.952454607660045305 ) ) ;
#4044 = CARTESIAN_POINT ( 'NONE',  ( -1.861361174683003439, -3.653126685099040039, 0.7999999890428779459 ) ) ;
#4045 = CARTESIAN_POINT ( 'NONE',  ( 3.841124709738403809, -1.957150960842944709, 3.299999989042878390 ) ) ;
#4046 = CARTESIAN_POINT ( 'NONE',  ( -2.899137703068391581, 2.899137902661292898, -4.700000010957123386 ) ) ;
#4047 = FACE_OUTER_BOUND ( 'NONE', #2559, .T. ) ;
#4048 = CARTESIAN_POINT ( 'NONE',  ( 0.5631639517484252622, -3.555678045528178011, 7.966025392827317475 ) ) ;
#4049 = CARTESIAN_POINT ( 'NONE',  ( -3.048333987505707388, -3.048333777641312636, 8.699999989042879633 ) ) ;
#4050 = CARTESIAN_POINT ( 'NONE',  ( -4.099999999999999645, 1.932977342603504507E-16, 10.44937674375579029 ) ) ;
#4051 = CARTESIAN_POINT ( 'NONE',  ( 2.899137703068392025, -2.899137902661292010, -2.800000010957122587 ) ) ;
#4052 = DIRECTION ( 'NONE',  ( 0.000000000000000000, 1.000000000000000000, 0.000000000000000000 ) ) ;
#4053 = VERTEX_POINT ( 'NONE', #4881 ) ;
#4054 = CARTESIAN_POINT ( 'NONE',  ( -0.8821173264718920048, -4.011393356537946708, 2.160283882263399081E-15 ) ) ;
#4055 = AXIS2_PLACEMENT_3D ( 'NONE', #3242, #4968, #1657 ) ;
#4056 = CARTESIAN_POINT ( 'NONE',  ( -0.6743883618602996011, -4.257919592556767441, 3.999999989042876791 ) ) ;
#4057 = CARTESIAN_POINT ( 'NONE',  ( 2.545584324645417063, -2.545584499897719066, 9.333974585258436818 ) ) ;
#4058 = CARTESIAN_POINT ( 'NONE',  ( -1.795858916646243308, 3.693617674517704064, 7.999999999999992895 ) ) ;
#4059 = CARTESIAN_POINT ( 'NONE',  ( 3.372694867087377979, -1.718474014398682526, -0.5660254147415634263 ) ) ;
#4060 = VERTEX_POINT ( 'NONE', #1741 ) ;
#4061 = CARTESIAN_POINT ( 'NONE',  ( -2.899137703068391581, 2.899137902661292898, 7.299999989042876614 ) ) ;
#4062 = VECTOR ( 'NONE', #6758, 1000.000000000000000 ) ;
#4063 = CARTESIAN_POINT ( 'NONE',  ( 3.841124709738403809, -1.957150960842944709, 8.399999989042877147 ) ) ;
#4064 = CARTESIAN_POINT ( 'NONE',  ( 0.5631639517484254842, -3.555678045528177122, 7.133974585258435752 ) ) ;
#4065 = DIRECTION ( 'NONE',  ( -1.000000000000000000, 0.000000000000000000, 0.000000000000000000 ) ) ;
#4066 = CARTESIAN_POINT ( 'NONE',  ( 4.049522174361919191, -0.6413814460608517898, 9.399999989042877147 ) ) ;
#4067 = DIRECTION ( 'NONE',  ( -0.000000000000000000, -0.000000000000000000, -1.000000000000000000 ) ) ;
#4068 = CARTESIAN_POINT ( 'NONE',  ( -4.049522174361919191, 0.6413814460608511236, -3.600000010957123298 ) ) ;
#4069 = VERTEX_POINT ( 'NONE', #673 ) ;
#4070 = CARTESIAN_POINT ( 'NONE',  ( 3.555678006756805676, -0.5631641965412358397, 2.366025392827316498 ) ) ;
#4071 = CARTESIAN_POINT ( 'NONE',  ( 0.000000000000000000, 0.000000000000000000, 10.00000000000000000 ) ) ;
#4072 = CARTESIAN_POINT ( 'NONE',  ( -4.257919638985431909, -0.6743880687212416847, 2.499999989042877679 ) ) ;
#4073 = CARTESIAN_POINT ( 'NONE',  ( 2.545584324645417063, -2.545584499897719510, -3.833974607172684124 ) ) ;
#4074 =( BOUNDED_CURVE ( )  B_SPLINE_CURVE ( 2, ( #5199, #5726, #845, #322, #4594, #2385, #2463, #6642, #737, #6683, #6261, #1807, #1768 ),
 .UNSPECIFIED., .F., .T. ) 
 B_SPLINE_CURVE_WITH_KNOTS ( ( 3, 2, 2, 2, 2, 2, 3 ),
 ( 0.4843556431958115360, 0.4874999999999999889, 0.5000000000000000000, 0.5124999999999999556, 0.5250000000000000222, 0.5374999999999999778, 0.5468556431958115915 ),
 .UNSPECIFIED. ) 
 CURVE ( )  GEOMETRIC_REPRESENTATION_ITEM ( )  RATIONAL_B_SPLINE_CURVE ( ( 0.9815706371881782744, 0.9876883379193583945, 1.000000000000000000, 0.9510565162951535312, 1.000000000000000000, 0.9510565162951535312, 1.000000000000000000, 0.9510565162951535312, 1.000000000000000000, 0.9510565162951535312, 1.000000000000000000, 0.9633681783757951367, 0.9815706371881782744 ) ) 
 REPRESENTATION_ITEM ( '' )  );
#4075 = PLANE ( 'NONE',  #1837 ) ;
#4076 = CARTESIAN_POINT ( 'NONE',  ( -3.738661146426232484, -0.5921456213162119564, -2.533974607172683413 ) ) ;
#4077 = CARTESIAN_POINT ( 'NONE',  ( 0.5921458787066047336, 3.738661105659600192, -1.133974607172683058 ) ) ;
#4078 = VERTEX_POINT ( 'NONE', #2858 ) ;
#4079 = CARTESIAN_POINT ( 'NONE',  ( -2.545584324645416618, 2.545584499897719510, 2.333974585258436374 ) ) ;
#4080 = VERTEX_POINT ( 'NONE', #4951 ) ;
#4081 = CARTESIAN_POINT ( 'NONE',  ( -2.676585940248914053, -2.676585755977737513, 1.666025392827317431 ) ) ;
#4082 = CARTESIAN_POINT ( 'NONE',  ( 1.861361174683003883, 3.653126685099039594, 0.8999999890428757032 ) ) ;
#4083 = EDGE_CURVE ( 'NONE', #1892, #4060, #2821, .T. ) ;
#4084 = CARTESIAN_POINT ( 'NONE',  ( -2.899137703068391581, 2.899137902661292898, 2.199999989042878301 ) ) ;
#4085 = CARTESIAN_POINT ( 'NONE',  ( 4.257919638985431909, 0.6743880687212407965, 7.499999989042877679 ) ) ;
#4086 = CARTESIAN_POINT ( 'NONE',  ( -1.957150696398379353, 3.841124844479640643, 9.199999989042876081 ) ) ;
#4087 = CARTESIAN_POINT ( 'NONE',  ( -3.207623543337572602, -1.634365688646974846, 3.566025392827317120 ) ) ;
#4088 = CARTESIAN_POINT ( 'NONE',  ( -2.899137703068391581, 2.899137902661292454, 8.199999989042877857 ) ) ;
#4089 = CARTESIAN_POINT ( 'NONE',  ( -4.257919638985431909, -0.6743880687212413516, -0.4000000109571233420 ) ) ;
#4090 = CARTESIAN_POINT ( 'NONE',  ( 3.048333987505707832, 3.048333777641312192, -2.300000010957122587 ) ) ;
#4091 = CARTESIAN_POINT ( 'NONE',  ( -3.841124709738404253, 1.957150960842944709, -4.600000010957123742 ) ) ;
#4092 = CARTESIAN_POINT ( 'NONE',  ( -1.097120584650623343, -3.481363619734695103, 3.817573560101517050 ) ) ;
#4093 = CARTESIAN_POINT ( 'NONE',  ( 0.6413811672690400423, -4.049522218518203154, 4.099999989042876436 ) ) ;
#4094 = CARTESIAN_POINT ( 'NONE',  ( 0.6743883618602999341, 4.257919592556767441, 8.999999989042876791 ) ) ;
#4095 = CARTESIAN_POINT ( 'NONE',  ( -3.653126813245569871, -1.861360923181277105, 0.5999999890428774352 ) ) ;
#4096 = CARTESIAN_POINT ( 'NONE',  ( -2.418122751839367091, 3.319794456616344203, 7.999999999999998224 ) ) ;
#4097 = CARTESIAN_POINT ( 'NONE',  ( 3.372694867087377979, -1.718474014398682526, -2.566025414741563537 ) ) ;
#4098 = ORIENTED_EDGE ( 'NONE', *, *, #606, .F. ) ;
#4099 = VECTOR ( 'NONE', #5074, 1000.000000000000000 ) ;
#4100 = EDGE_CURVE ( 'NONE', #1971, #216, #6047, .T. ) ;
#4101 = CARTESIAN_POINT ( 'NONE',  ( 1.634365909477759171, 3.207623430818668187, -3.233974607172684035 ) ) ;
#4102 = CARTESIAN_POINT ( 'NONE',  ( -3.048333987505707832, -3.048333777641312636, 1.799999989042877058 ) ) ;
#4103 = CARTESIAN_POINT ( 'NONE',  ( -1.634365909477758505, -3.207623430818668187, 8.933974585258436463 ) ) ;
#4104 = CARTESIAN_POINT ( 'NONE',  ( -2.899137703068391581, 2.899137902661292898, -4.700000010957123386 ) ) ;
#4105 = CARTESIAN_POINT ( 'NONE',  ( 0.6743883618602999341, 4.257919592556767441, 1.899999989042878035 ) ) ;
#4106 = CARTESIAN_POINT ( 'NONE',  ( -2.899137703068391581, 2.899137902661292454, -3.800000010957122143 ) ) ;
#4107 = CARTESIAN_POINT ( 'NONE',  ( 0.5631639517484252622, -3.555678045528178011, -4.033974607172682525 ) ) ;
#4108 = CARTESIAN_POINT ( 'NONE',  ( 0.9455359000865207753, -3.473609342117728094, -4.158281281987642495E-16 ) ) ;
#4109 = CARTESIAN_POINT ( 'NONE',  ( 1.957150696398380241, -3.841124844479640199, 1.099999989042877990 ) ) ;
#4110 = CARTESIAN_POINT ( 'NONE',  ( 0.6743883618602999341, 4.257919592556767441, 4.999999989042876791 ) ) ;
#4111 = LINE ( 'NONE', #259, #4574 ) ;
#4112 = CARTESIAN_POINT ( 'NONE',  ( 1.718473782203455036, -3.372694985396756273, -1.933974607172683102 ) ) ;
#4113 = CARTESIAN_POINT ( 'NONE',  ( 1.634365909477759171, 3.207623430818668187, 0.7660253928273158541 ) ) ;
#4114 = CARTESIAN_POINT ( 'NONE',  ( -2.676585940248913165, -2.676585755977737513, -4.333974607172681459 ) ) ;
#4115 = ORIENTED_EDGE ( 'NONE', *, *, #881, .T. ) ;
#4116 = ORIENTED_EDGE ( 'NONE', *, *, #6948, .F. ) ;
#4117 = CARTESIAN_POINT ( 'NONE',  ( 0.5000000000000106581, -3.828002993398350373, 2.027424462900000002 ) ) ;
#4118 = CARTESIAN_POINT ( 'NONE',  ( -4.049522174361919191, 0.6413814460608515677, 4.399999989042878035 ) ) ;
#4119 = CARTESIAN_POINT ( 'NONE',  ( -3.372694867087378423, 1.718474014398682526, 7.266025392827314633 ) ) ;
#4120 = CARTESIAN_POINT ( 'NONE',  ( 1.957150696398380463, -3.841124844479640643, 5.099999989042878212 ) ) ;
#4121 = CARTESIAN_POINT ( 'NONE',  ( -3.841124709738404253, 1.957150960842944709, 9.399999989042877147 ) ) ;
#4122 = CARTESIAN_POINT ( 'NONE',  ( 1.634365909477759171, 3.207623430818668187, 6.766025392827316409 ) ) ;
#4123 = CARTESIAN_POINT ( 'NONE',  ( 3.048333987505707832, 3.048333777641312192, 9.699999989042877857 ) ) ;
#4124 = CARTESIAN_POINT ( 'NONE',  ( 3.841124709738403809, -1.957150960842944709, 5.299999989042876614 ) ) ;
#4125 = CARTESIAN_POINT ( 'NONE',  ( -2.545584324645416618, 2.545584499897719510, 10.33397458525843682 ) ) ;
#4126 = EDGE_CURVE ( 'NONE', #985, #4217, #5706, .T. ) ;
#4127 = VECTOR ( 'NONE', #3763, 1000.000000000000000 ) ;
#4128 = CARTESIAN_POINT ( 'NONE',  ( 0.6544969247058659567, -3.649085516716576993, 8.000000000000000000 ) ) ;
#4129 = VERTEX_POINT ( 'NONE', #1639 ) ;
#4130 = CARTESIAN_POINT ( 'NONE',  ( -2.899137703068391581, 2.899137902661292898, 3.299999989042876614 ) ) ;
#4131 = CARTESIAN_POINT ( 'NONE',  ( -0.6743883618602996011, -4.257919592556767441, 7.999999989042875903 ) ) ;
#4132 = CARTESIAN_POINT ( 'NONE',  ( -0.6743883618602991570, -4.257919592556766553, -3.100000010957122409 ) ) ;
#4133 = CARTESIAN_POINT ( 'NONE',  ( -0.6413811672690397092, 4.049522218518203154, 7.099999989042876436 ) ) ;
#4134 = CARTESIAN_POINT ( 'NONE',  ( -3.738661146426231596, -0.5921456213162122895, -1.366025414741564026 ) ) ;
#4135 = ORIENTED_EDGE ( 'NONE', *, *, #3415, .F. ) ;
#4136 = CARTESIAN_POINT ( 'NONE',  ( 4.049522174361919191, -0.6413814460608517898, 8.499999989042876791 ) ) ;
#4137 = CARTESIAN_POINT ( 'NONE',  ( -4.049522174361919191, 0.6413814460608515677, 1.499999989042877235 ) ) ;
#4138 = FACE_OUTER_BOUND ( 'NONE', #3082, .T. ) ;
#4139 = CARTESIAN_POINT ( 'NONE',  ( 4.049522174361919191, -0.6413814460608517898, 1.399999989042877813 ) ) ;
#4140 = CARTESIAN_POINT ( 'NONE',  ( -1.718473782203454592, 3.372694985396755829, 6.233974585258436285 ) ) ;
#4141 = CARTESIAN_POINT ( 'NONE',  ( 0.6743883618602999341, 4.257919592556767441, 8.999999989042876791 ) ) ;
#4142 = CARTESIAN_POINT ( 'NONE',  ( -5.952520236888690697, -6.848437018379594399, 1.264708784105502470 ) ) ;
#4143 = CARTESIAN_POINT ( 'NONE',  ( 2.899137703068392025, -2.899137902661292454, 2.299999989042875725 ) ) ;
#4144 = CARTESIAN_POINT ( 'NONE',  ( -3.841124709738404253, 1.957150960842944709, 3.399999989042875814 ) ) ;
#4145 = CARTESIAN_POINT ( 'NONE',  ( -4.100003547756451816, 0.3226546693370858088, 10.42422359151603395 ) ) ;
#4146 = CARTESIAN_POINT ( 'NONE',  ( -2.676585940248913165, -2.676585755977737513, 1.666025392827317431 ) ) ;
#4147 = CARTESIAN_POINT ( 'NONE',  ( -1.718473782203454592, 3.372694985396756273, 3.066025392827317564 ) ) ;
#4148 = CARTESIAN_POINT ( 'NONE',  ( 3.738661146426232484, 0.5921456213162111792, -3.533974607172683857 ) ) ;
#4149 = ORIENTED_EDGE ( 'NONE', *, *, #2712, .F. ) ;
#4150 = ORIENTED_EDGE ( 'NONE', *, *, #4933, .T. ) ;
#4151 = CARTESIAN_POINT ( 'NONE',  ( -3.599999999999998312, 3.313675444463149654E-15, 4.583351339971343918 ) ) ;
#4152 = CARTESIAN_POINT ( 'NONE',  ( 0.6743883618602999341, 4.257919592556767441, -2.100000010957121965 ) ) ;
#4153 = CARTESIAN_POINT ( 'NONE',  ( 3.372694867087377979, -1.718474014398682970, 6.266025392827315521 ) ) ;
#4154 = CARTESIAN_POINT ( 'NONE',  ( 4.049522174361919191, -0.6413814460608517898, 1.399999989042877813 ) ) ;
#4155 = CARTESIAN_POINT ( 'NONE',  ( 3.555678006756805676, -0.5631641965412358397, -3.633974607172683502 ) ) ;
#4156 = DIRECTION ( 'NONE',  ( 0.000000000000000000, -1.000000000000000000, 0.000000000000000000 ) ) ;
#4157 = CARTESIAN_POINT ( 'NONE',  ( -4.257919638985431909, -0.6743880687212413516, 4.499999989042877679 ) ) ;
#4158 = CARTESIAN_POINT ( 'NONE',  ( 2.676585940248913165, 2.676585755977737069, 5.833974585258435930 ) ) ;
#4159 = CARTESIAN_POINT ( 'NONE',  ( 3.048333987505707832, 3.048333777641312192, 9.699999989042877857 ) ) ;
#4160 = DIRECTION ( 'NONE',  ( 0.000000000000000000, 0.000000000000000000, -1.000000000000000000 ) ) ;
#4161 = EDGE_CURVE ( 'NONE', #4060, #3838, #3104, .T. ) ;
#4162 = CARTESIAN_POINT ( 'NONE',  ( 3.841124709738403809, -1.957150960842944709, 2.399999989042877147 ) ) ;
#4163 = CARTESIAN_POINT ( 'NONE',  ( 1.957150696398380463, -3.841124844479640643, 8.199999989042876081 ) ) ;
#4164 = CARTESIAN_POINT ( 'NONE',  ( 0.6413811672690402643, -4.049522218518203154, -3.000000010957121432 ) ) ;
#4165 = CARTESIAN_POINT ( 'NONE',  ( -3.841124709738404253, 1.957150960842944709, 9.399999989042877147 ) ) ;
#4166 = CARTESIAN_POINT ( 'NONE',  ( 4.049522174361919191, -0.6413814460608513457, 5.399999989042878035 ) ) ;
#4167 = ORIENTED_EDGE ( 'NONE', *, *, #183, .F. ) ;
#4168 = CARTESIAN_POINT ( 'NONE',  ( -1.634365909477758949, -3.207623430818668631, -4.233974607172683591 ) ) ;
#4169 = AXIS2_PLACEMENT_3D ( 'NONE', #1089, #551, #1690 ) ;
#4170 = CARTESIAN_POINT ( 'NONE',  ( -3.048333987505707832, -3.048333777641312636, 3.799999989042876614 ) ) ;
#4171 = CARTESIAN_POINT ( 'NONE',  ( 0.4999999999999996669, -3.938634081600969061, 5.025240456233658115 ) ) ;
#4172 = CARTESIAN_POINT ( 'NONE',  ( 1.861361174683003883, 3.653126685099039594, 3.799999989042877058 ) ) ;
#4173 = CARTESIAN_POINT ( 'NONE',  ( -0.5921458787066038454, -3.738661105659599304, 3.033974585258435663 ) ) ;
#4174 = CARTESIAN_POINT ( 'NONE',  ( 3.653126813245570315, 1.861360923181276661, 8.699999989042877857 ) ) ;
#4175 = CARTESIAN_POINT ( 'NONE',  ( -0.4999999999999987232, -5.986100377805715134, 5.599999999999997868 ) ) ;
#4176 = CARTESIAN_POINT ( 'NONE',  ( -3.661079371957693951, -1.861363306148041907, 1.263217468568691273E-15 ) ) ;
#4177 = CARTESIAN_POINT ( 'NONE',  ( 3.048333987505708276, 3.048333777641312192, 6.799999989042875725 ) ) ;
#4178 = CARTESIAN_POINT ( 'NONE',  ( 2.545584324645417063, -2.545584499897719510, 6.166025392827316765 ) ) ;
#4179 = CARTESIAN_POINT ( 'NONE',  ( 3.841124709738403809, -1.957150960842944709, 6.399999989042877147 ) ) ;
#4180 = CARTESIAN_POINT ( 'NONE',  ( 3.207623543337573047, 1.634365688646974624, 4.566025392827317120 ) ) ;
#4181 = CARTESIAN_POINT ( 'NONE',  ( 3.555678006756805676, -0.5631641965412358397, -3.633974607172683502 ) ) ;
#4182 = VERTEX_POINT ( 'NONE', #2783 ) ;
#4183 = VERTEX_POINT ( 'NONE', #601 ) ;
#4184 = CARTESIAN_POINT ( 'NONE',  ( -3.841124709738404253, 1.957150960842943821, 6.299999989042877502 ) ) ;
#4185 = CARTESIAN_POINT ( 'NONE',  ( -0.6413811672690397092, 4.049522218518203154, -1.095712236220958147E-08 ) ) ;
#4186 = CARTESIAN_POINT ( 'NONE',  ( -3.738661146426232484, -0.5921456213162119564, 1.466025392827317031 ) ) ;
#4187 = CARTESIAN_POINT ( 'NONE',  ( -3.653126813245570315, -1.861360923181276883, -1.400000010957122676 ) ) ;
#4188 = CARTESIAN_POINT ( 'NONE',  ( -3.599999999999998312, 3.313675444463149654E-15, 4.583351339971343918 ) ) ;
#4189 = CARTESIAN_POINT ( 'NONE',  ( 4.257919638985430133, 0.6743880687212409075, 7.499999989042877679 ) ) ;
#4190 = CARTESIAN_POINT ( 'NONE',  ( -0.6413811672690397092, 4.049522218518203154, 7.999999989042877679 ) ) ;
#4191 = CARTESIAN_POINT ( 'NONE',  ( 2.676585940248913165, 2.676585755977737069, 3.833974585258435486 ) ) ;
#4192 = CARTESIAN_POINT ( 'NONE',  ( -4.049522174361919191, 0.6413814460608515677, 9.499999989042876791 ) ) ;
#4193 = CARTESIAN_POINT ( 'NONE',  ( -0.6743883618602996011, -4.257919592556767441, -1.095712409693305744E-08 ) ) ;
#4194 = ADVANCED_FACE ( 'NONE', ( #5483 ), #2245, .F. ) ;
#4195 = CARTESIAN_POINT ( 'NONE',  ( -3.048333987505707832, -3.048333777641312636, 3.799999989042876614 ) ) ;
#4196 = CARTESIAN_POINT ( 'NONE',  ( -4.049522174361919191, 0.6413814460608511236, -3.600000010957123298 ) ) ;
#4197 = EDGE_CURVE ( 'NONE', #6862, #1120, #879, .T. ) ;
#4198 = CARTESIAN_POINT ( 'NONE',  ( -3.048333987505707388, -3.048333777641312636, 6.699999989042876081 ) ) ;
#4199 = ORIENTED_EDGE ( 'NONE', *, *, #4491, .T. ) ;
#4200 = CARTESIAN_POINT ( 'NONE',  ( 3.738661146426232484, 0.5921456213162111792, -3.533974607172683857 ) ) ;
#4201 = CARTESIAN_POINT ( 'NONE',  ( 3.653126813245570315, 1.861360923181276661, 2.699999989042876969 ) ) ;
#4202 = CARTESIAN_POINT ( 'NONE',  ( -1.861361174683003439, -3.653126685099040039, 1.899999989042876480 ) ) ;
#4203 = CARTESIAN_POINT ( 'NONE',  ( 0.5000000000000103251, -3.792146555150061271, 0.01827104494523121986 ) ) ;
#4204 = CIRCLE ( 'NONE', #5632, 9.000000000000001776 ) ;
#4205 = DIRECTION ( 'NONE',  ( -2.407693239918955638E-17, -1.000000000000000000, 0.000000000000000000 ) ) ;
#4206 = CARTESIAN_POINT ( 'NONE',  ( 3.841124709738403809, -1.957150960842944709, 1.299999989042878612 ) ) ;
#4207 = CARTESIAN_POINT ( 'NONE',  ( -3.372694867087378423, 1.718474014398681859, 0.4339745852584355190 ) ) ;
#4208 = CARTESIAN_POINT ( 'NONE',  ( 1.634365909477758727, 3.207623430818667742, 3.933974585258435130 ) ) ;
#4209 = CARTESIAN_POINT ( 'NONE',  ( -0.6743883618602996011, -4.257919592556767441, 7.999999989042875903 ) ) ;
#4210 = CARTESIAN_POINT ( 'NONE',  ( 3.599999978823066549, 0.8642835087181444109, 5.660085950404082134 ) ) ;
#4211 = EDGE_CURVE ( 'NONE', #4053, #4183, #1173, .T. ) ;
#4212 = DIRECTION ( 'NONE',  ( 0.000000000000000000, 0.8660254037844384856, -0.5000000000000002220 ) ) ;
#4213 = CARTESIAN_POINT ( 'NONE',  ( -2.899137703068391581, 2.899137902661292898, 5.299999989042876614 ) ) ;
#4214 = CARTESIAN_POINT ( 'NONE',  ( 1.957150696398380463, -3.841124844479640643, 6.199999989042875193 ) ) ;
#4215 = CARTESIAN_POINT ( 'NONE',  ( -1.634365909477758949, -3.207623430818668631, 5.766025392827316409 ) ) ;
#4216 = CARTESIAN_POINT ( 'NONE',  ( -4.099999999584540866, -5.836745599459155853E-05, 9.549381293897914347 ) ) ;
#4217 = VERTEX_POINT ( 'NONE', #6476 ) ;
#4218 = EDGE_LOOP ( 'NONE', ( #5349, #5667, #5316, #4250 ) ) ;
#4219 = CARTESIAN_POINT ( 'NONE',  ( 0.4622078872327857191, 3.788466713794957030, 8.000000000000001776 ) ) ;
#4220 = LINE ( 'NONE', #6445, #123 ) ;
#4221 = CARTESIAN_POINT ( 'NONE',  ( -3.555678006756805676, 0.5631641965412353956, 5.366025392827316942 ) ) ;
#4222 = CARTESIAN_POINT ( 'NONE',  ( -3.841124709738404253, 1.957150960842944709, 2.299999989042877058 ) ) ;
#4223 = DIRECTION ( 'NONE',  ( -0.000000000000000000, -0.000000000000000000, -1.000000000000000000 ) ) ;
#4224 = CARTESIAN_POINT ( 'NONE',  ( -2.899137703068391581, 2.899137902661292454, 2.199999989042878301 ) ) ;
#4225 = CARTESIAN_POINT ( 'NONE',  ( -0.6413811672690397092, 4.049522218518203154, 3.999999989042877679 ) ) ;
#4226 = CARTESIAN_POINT ( 'NONE',  ( -3.372694867087378423, 1.718474014398681859, 6.433974585258436463 ) ) ;
#4227 = CARTESIAN_POINT ( 'NONE',  ( -1.957150696398379353, 3.841124844479640643, 9.199999989042876081 ) ) ;
#4228 = CARTESIAN_POINT ( 'NONE',  ( -0.6413811672690397092, 4.049522218518203154, -0.9000000109571238971 ) ) ;
#4229 = CARTESIAN_POINT ( 'NONE',  ( 3.653126813245570315, 1.861360923181276661, 8.699999989042877857 ) ) ;
#4230 = CARTESIAN_POINT ( 'NONE',  ( 3.372694867087377979, -1.718474014398682526, 5.433974585258435575 ) ) ;
#4231 = CARTESIAN_POINT ( 'NONE',  ( -1.861361174683003439, -3.653126685099040039, 7.899999989042876258 ) ) ;
#4232 = CARTESIAN_POINT ( 'NONE',  ( 2.676585940248914053, 2.676585755977737069, 0.6660253928273163204 ) ) ;
#4233 = VERTEX_POINT ( 'NONE', #106 ) ;
#4234 = CARTESIAN_POINT ( 'NONE',  ( -4.049522174361919191, 0.6413814460608515677, 3.499999989042876347 ) ) ;
#4235 = CARTESIAN_POINT ( 'NONE',  ( 3.841124709738403809, -1.957150960842944709, 2.399999989042877147 ) ) ;
#4236 = AXIS2_PLACEMENT_3D ( 'NONE', #5911, #4755, #3224 ) ;
#4237 = CARTESIAN_POINT ( 'NONE',  ( 4.049522174361919191, -0.6413814460608517898, 0.4999999890428763472 ) ) ;
#4238 = CARTESIAN_POINT ( 'NONE',  ( 7.333282922086125311, -5.220996987684841883, 6.646641793599121328 ) ) ;
#4239 = CARTESIAN_POINT ( 'NONE',  ( 0.5000000000000024425, -4.069397989875159105, 6.089223782170677168 ) ) ;
#4240 = CARTESIAN_POINT ( 'NONE',  ( -2.899137703068391581, 2.899137902661292898, 0.1999999890428781624 ) ) ;
#4241 = CARTESIAN_POINT ( 'NONE',  ( 1.718473782203455258, -3.372694985396755829, 3.233974585258435841 ) ) ;
#4242 = CARTESIAN_POINT ( 'NONE',  ( -3.207623543337572602, -1.634365688646975068, 4.733974585258436285 ) ) ;
#4243 = CARTESIAN_POINT ( 'NONE',  ( 4.257919638985431909, 0.6743880687212407965, 6.599999989042875548 ) ) ;
#4244 = CARTESIAN_POINT ( 'NONE',  ( -2.545584324645416618, 2.545584499897719510, 6.333974585258435930 ) ) ;
#4245 = CARTESIAN_POINT ( 'NONE',  ( 3.841124709738403809, -1.957150960842944709, 4.399999989042875370 ) ) ;
#4246 = CARTESIAN_POINT ( 'NONE',  ( 3.599999999999997424, -0.2833262069134584449, 6.390247292901423570 ) ) ;
#4247 = CARTESIAN_POINT ( 'NONE',  ( 4.049522174361919191, -0.6413814460608517898, 8.499999989042876791 ) ) ;
#4248 = CARTESIAN_POINT ( 'NONE',  ( 3.555678006756805676, -0.5631641965412358397, 6.366025392827316942 ) ) ;
#4249 = CARTESIAN_POINT ( 'NONE',  ( -0.5631639517484248181, 3.555678045528178011, -3.033974607172683857 ) ) ;
#4250 = ORIENTED_EDGE ( 'NONE', *, *, #4730, .F. ) ;
#4251 = ORIENTED_EDGE ( 'NONE', *, *, #2669, .F. ) ;
#4252 = CARTESIAN_POINT ( 'NONE',  ( 3.653126813245570315, 1.861360923181276883, 5.599999989042878212 ) ) ;
#4253 = CARTESIAN_POINT ( 'NONE',  ( -4.257919638985431909, -0.6743880687212413516, -1.500000010957122099 ) ) ;
#4254 = CARTESIAN_POINT ( 'NONE',  ( 1.634365909477759171, 3.207623430818668187, -1.233974607172684257 ) ) ;
#4255 = CARTESIAN_POINT ( 'NONE',  ( -0.4999999999999992784, -3.565108693995177713, 1.039698219489805231 ) ) ;
#4256 =( BOUNDED_CURVE ( )  B_SPLINE_CURVE ( 2, ( #746, #6735, #6119, #4641, #6155, #2394, #6234 ),
 .UNSPECIFIED., .F., .T. ) 
 B_SPLINE_CURVE_WITH_KNOTS ( ( 3, 2, 2, 3 ),
 ( 0.4386085849895147160, 0.4491129359478946981, 0.4631477151962664074, 0.4705581170771920285 ),
 .UNSPECIFIED. ) 
 CURVE ( )  GEOMETRIC_REPRESENTATION_ITEM ( )  RATIONAL_B_SPLINE_CURVE ( ( 0.9815706371881791625, 0.9633681783757942485, 1.000000000000000000, 0.9510565162951535312, 1.000000000000000000, 0.9741577065597575302, 0.9756050165436974675 ) ) 
 REPRESENTATION_ITEM ( '' )  );
#4257 = CARTESIAN_POINT ( 'NONE',  ( 1.861361174683003439, 3.653126685099039594, -0.2000000109571228868 ) ) ;
#4258 = CARTESIAN_POINT ( 'NONE',  ( 4.257919638985431909, 0.6743880687212407965, 7.499999989042877679 ) ) ;
#4259 = CARTESIAN_POINT ( 'NONE',  ( 3.372694867087377979, -1.718474014398682526, 1.433974585258436685 ) ) ;
#4260 = CARTESIAN_POINT ( 'NONE',  ( -4.049522174361919191, 0.6413814460608515677, -4.500000010957124985 ) ) ;
#4261 = CARTESIAN_POINT ( 'NONE',  ( 2.899137703068392025, -2.899137902661292454, 6.299999989042876614 ) ) ;
#4262 = CARTESIAN_POINT ( 'NONE',  ( -0.5000000000000445199, -3.726966696890031905, 5.916682575474761840 ) ) ;
#4263 = CARTESIAN_POINT ( 'NONE',  ( -0.5631639517484252622, 3.555678045528177567, 4.133974585258435752 ) ) ;
#4264 = CARTESIAN_POINT ( 'NONE',  ( 4.049522174361919191, -0.6413814460608517898, 8.499999989042876791 ) ) ;
#4265 = FACE_OUTER_BOUND ( 'NONE', #351, .T. ) ;
#4266 = VERTEX_POINT ( 'NONE', #4914 ) ;
#4267 = CARTESIAN_POINT ( 'NONE',  ( 2.899137703068392025, -2.899137902661292454, 4.299999989042876614 ) ) ;
#4268 = CARTESIAN_POINT ( 'NONE',  ( 4.049522174361919191, -0.6413814460608517898, 4.499999989042876791 ) ) ;
#4269 = CARTESIAN_POINT ( 'NONE',  ( 2.899137703068392025, -2.899137902661292454, 9.199999989042879633 ) ) ;
#4270 = CARTESIAN_POINT ( 'NONE',  ( 0.5000000000000029976, -3.988946302579067016, 0.06857208251701826796 ) ) ;
#4271 = CARTESIAN_POINT ( 'NONE',  ( -3.653126813245570315, -1.861360923181276883, 7.699999989042876081 ) ) ;
#4272 = CARTESIAN_POINT ( 'NONE',  ( -3.048333987505707832, -3.048333777641312636, -3.300000010957120811 ) ) ;
#4273 = CARTESIAN_POINT ( 'NONE',  ( -3.372694867087378423, 1.718474014398681859, 2.433974585258435130 ) ) ;
#4274 = CARTESIAN_POINT ( 'NONE',  ( -3.207623543337572602, -1.634365688646975068, -1.266025414741564603 ) ) ;
#4275 = CARTESIAN_POINT ( 'NONE',  ( -0.5631639517484248181, 3.555678045528178011, 8.966025392827315699 ) ) ;
#4276 = CARTESIAN_POINT ( 'NONE',  ( 2.899137703068392025, -2.899137902661292454, -3.700000010957124275 ) ) ;
#4277 = CARTESIAN_POINT ( 'NONE',  ( 3.653126813245570315, 1.861360923181276883, 7.599999989042878212 ) ) ;
#4278 = CARTESIAN_POINT ( 'NONE',  ( 3.653126813245570315, 1.861360923181276661, 4.699999989042876969 ) ) ;
#4279 = CARTESIAN_POINT ( 'NONE',  ( 1.861361174683003883, 3.653126685099039594, -1.100000010957124408 ) ) ;
#4280 = CARTESIAN_POINT ( 'NONE',  ( -1.957150696398379353, 3.841124844479640643, 5.199999989042876969 ) ) ;
#4281 = ORIENTED_EDGE ( 'NONE', *, *, #4826, .F. ) ;
#4282 = ORIENTED_EDGE ( 'NONE', *, *, #6712, .T. ) ;
#4283 = CARTESIAN_POINT ( 'NONE',  ( 2.676585940248914053, 2.676585755977737069, 4.666025392827315876 ) ) ;
#4284 = AXIS2_PLACEMENT_3D ( 'NONE', #5080, #5155, #695 ) ;
#4285 = CARTESIAN_POINT ( 'NONE',  ( -2.899137703068391581, 2.899137902661292898, -1.800000010957121921 ) ) ;
#4286 = CARTESIAN_POINT ( 'NONE',  ( -0.5921458787066042895, -3.738661105659599748, -2.133974607172684390 ) ) ;
#4287 = CARTESIAN_POINT ( 'NONE',  ( 0.5921458787066045115, 3.738661105659599304, 4.033974585258436107 ) ) ;
#4288 = CARTESIAN_POINT ( 'NONE',  ( -1.861361174683002995, -3.653126685099040039, 2.799999989042877946 ) ) ;
#4289 = CARTESIAN_POINT ( 'NONE',  ( -3.048333987505707832, -3.048333777641312636, 0.6999999890428785232 ) ) ;
#4290 = CARTESIAN_POINT ( 'NONE',  ( 0.5631639517484254842, -3.555678045528177122, 3.133974585258436640 ) ) ;
#4291 = EDGE_CURVE ( 'NONE', #2595, #1335, #3358, .T. ) ;
#4292 = CARTESIAN_POINT ( 'NONE',  ( -4.049522174361919191, 0.6413814460608515677, 10.39999998904287892 ) ) ;
#4293 =( BOUNDED_SURFACE ( )  B_SPLINE_SURFACE ( 1, 2, ( 
 ( #4870, #3183, #2131, #4902, #5902, #5405, #4275, #4308, #6568, #464, #3813, #2772, #1060, #6434, #1562, #1029, #2640, #3246, #2201, #3278, #4939, #6467, #556, #3215, #5471, #525, #4810, #5868, #1593, #2234, #2165, #2703, #6979, #7045, #5342, #1696, #5968, #5374, #494, #5435, #55, #3846, #6535, #2673, #4340, #6500, #3778, #2739, #589, #5934, #1628, #1662, #995, #4839, #23, #6002, #1804, #6721, #5120, #6141, #6679, #5504, #247, #2343, #166, #3879, #1728, #624, #3346, #91, #697, #5651, #4514, #3495, #1162, #2424, #2882, #2807, #5007, #2919, #3913, #3419, #2267, #128, #4591, #4974, #3985, #771, #6104, #4441, #6603, #6068, #1195, #1233, #208, #1269, #2959, #2304, #5613, #3382, #1303, #2845, #6761, #5044, #3457, #5539, #4023, #6036, #5574, #659, #4477, #6639, #1764, #3950, #734, #4554, #5083, #2382, #1844, #6180, #6900, #806, #3029, #841, #6833, #3103, #4769, #5195, #4101, #1485, #6258, #4200, #2994, #3568, #1922, #1380, #2596, #1451, #4168, #5723, #319, #281, #1417, #5269, #5158 ),
 ( #385, #2495, #2021, #3067, #1881, #3671, #2560, #4665, #2460, #1956, #423, #877, #4136, #5825, #6291, #3604, #4628, #6796, #5232, #5793, #5759, #352, #951, #2530, #4061, #6325, #4702, #6358, #4735, #6869, #1990, #3638, #3138, #913, #5300, #6221, #1343, #3532, #5688, #3743, #3236, #3837, #6937, #3770, #455, #1052, #517, #547, #5396, #6424, #580, #2156, #4331, #2695, #4267, #2123, #1553, #5893, #4861, #3803, #7035, #6968, #4234, #5926, #6491, #986, #2191, #1618, #1019, #5426, #4801, #3174, #2056, #5955, #3709, #4832, #3207, #4366, #1084, #7002, #15, #5332, #5366, #1651, #3269, #4893, #2631, #2090, #1119, #6525, #4299, #6458, #486, #1520, #5461, #2763, #5993, #6392, #2663, #1585, #2729, #3303, #5858, #2910, #1186, #2333, #4506, #1795, #119, #1833, #2295, #5566, #3336, #4469, #688, #3978, #3904, #3448, #4015, #614, #6060, #5495, #5000, #81, #6671, #1153, #5531, #6631, #198, #2797, #2373, #6133, #3371, #5604, #6171, #4963, #650, #2257, #1756, #4433, #1261, #6593, #2835, #3942, #4546 ) ),
 .UNSPECIFIED., .F., .F., .F. ) 
 B_SPLINE_SURFACE_WITH_KNOTS ( ( 2, 2 ),
 ( 3, 2, 2, 2, 2, 2, 2, 2, 2, 2, 2, 2, 2, 2, 2, 2, 2, 2, 2, 2, 2, 2, 2, 2, 2, 2, 2, 2, 2, 2, 2, 2, 2, 2, 2, 2, 2, 2, 2, 2, 2, 2, 2, 2, 2, 2, 2, 2, 2, 2, 2, 2, 2, 2, 2, 2, 2, 2, 2, 2, 2, 2, 2, 2, 2, 2, 2, 2, 2, 2, 2, 2, 3 ),
 ( 0.000000000000000000, 1.000000000000000000 ),
 ( 0.1093553605738695755, 0.1125000000000000028, 0.1250000000000000000, 0.1375000000000000111, 0.1499999999999999944, 0.1625000000000000056, 0.1749999999999999889, 0.1875000000000000000, 0.2000000000000000111, 0.2124999999999999944, 0.2250000000000000056, 0.2374999999999999889, 0.2500000000000000000, 0.2625000000000000111, 0.2750000000000000222, 0.2874999999999999778, 0.2999999999999999889, 0.3125000000000000000, 0.3250000000000000111, 0.3375000000000000222, 0.3499999999999999778, 0.3624999999999999889, 0.3750000000000000000, 0.3875000000000000111, 0.4000000000000000222, 0.4124999999999999778, 0.4249999999999999889, 0.4375000000000000000, 0.4500000000000000111, 0.4625000000000000222, 0.4749999999999999778, 0.4874999999999999889, 0.5000000000000000000, 0.5124999999999999556, 0.5250000000000000222, 0.5374999999999999778, 0.5500000000000000444, 0.5625000000000000000, 0.5749999999999999556, 0.5875000000000000222, 0.5999999999999999778, 0.6125000000000000444, 0.6250000000000000000, 0.6374999999999999556, 0.6500000000000000222, 0.6624999999999999778, 0.6750000000000000444, 0.6875000000000000000, 0.6999999999999999556, 0.7125000000000000222, 0.7249999999999999778, 0.7375000000000000444, 0.7500000000000000000, 0.7624999999999999556, 0.7750000000000000222, 0.7874999999999999778, 0.8000000000000000444, 0.8125000000000000000, 0.8249999999999999556, 0.8375000000000000222, 0.8499999999999999778, 0.8625000000000000444, 0.8750000000000000000, 0.8874999999999999556, 0.9000000000000000222, 0.9124999999999999778, 0.9250000000000000444, 0.9375000000000000000, 0.9499999999999999556, 0.9625000000000000222, 0.9749999999999999778, 0.9875000000000000444, 1.000000000000000000 ),
 .UNSPECIFIED. ) 
 GEOMETRIC_REPRESENTATION_ITEM ( )  RATIONAL_B_SPLINE_SURFACE ( (
 ( 0.9815695374925029748, 0.9876872313191653596, 1.000000000000000000, 0.9510565162951535312, 1.000000000000000000, 0.9510565162951535312, 1.000000000000000000, 0.9510565162951535312, 1.000000000000000000, 0.9510565162951535312, 1.000000000000000000, 0.9510565162951535312, 1.000000000000000000, 0.9510565162951535312, 1.000000000000000000, 0.9510565162951535312, 1.000000000000000000, 0.9510565162951535312, 1.000000000000000000, 0.9510565162951535312, 1.000000000000000000, 0.9510565162951535312, 1.000000000000000000, 0.9510565162951535312, 1.000000000000000000, 0.9510565162951535312, 1.000000000000000000, 0.9510565162951535312, 1.000000000000000000, 0.9510565162951535312, 1.000000000000000000, 0.9510565162951535312, 1.000000000000000000, 0.9510565162951535312, 1.000000000000000000, 0.9510565162951535312, 1.000000000000000000, 0.9510565162951535312, 1.000000000000000000, 0.9510565162951535312, 1.000000000000000000, 0.9510565162951535312, 1.000000000000000000, 0.9510565162951535312, 1.000000000000000000, 0.9510565162951535312, 1.000000000000000000, 0.9510565162951535312, 1.000000000000000000, 0.9510565162951535312, 1.000000000000000000, 0.9510565162951535312, 1.000000000000000000, 0.9510565162951535312, 1.000000000000000000, 0.9510565162951535312, 1.000000000000000000, 0.9510565162951535312, 1.000000000000000000, 0.9510565162951535312, 1.000000000000000000, 0.9510565162951535312, 1.000000000000000000, 0.9510565162951535312, 1.000000000000000000, 0.9510565162951535312, 1.000000000000000000, 0.9510565162951535312, 1.000000000000000000, 0.9510565162951535312, 1.000000000000000000, 0.9510565162951535312, 1.000000000000000000, 0.9510565162951535312, 1.000000000000000000, 0.9510565162951535312, 1.000000000000000000, 0.9510565162951535312, 1.000000000000000000, 0.9510565162951535312, 1.000000000000000000, 0.9510565162951535312, 1.000000000000000000, 0.9510565162951535312, 1.000000000000000000, 0.9510565162951535312, 1.000000000000000000, 0.9510565162951535312, 1.000000000000000000, 0.9510565162951535312, 1.000000000000000000, 0.9510565162951535312, 1.000000000000000000, 0.9510565162951535312, 1.000000000000000000, 0.9510565162951535312, 1.000000000000000000, 0.9510565162951535312, 1.000000000000000000, 0.9510565162951535312, 1.000000000000000000, 0.9510565162951535312, 1.000000000000000000, 0.9510565162951535312, 1.000000000000000000, 0.9510565162951535312, 1.000000000000000000, 0.9510565162951535312, 1.000000000000000000, 0.9510565162951535312, 1.000000000000000000, 0.9510565162951535312, 1.000000000000000000, 0.9510565162951535312, 1.000000000000000000, 0.9510565162951535312, 1.000000000000000000, 0.9510565162951535312, 1.000000000000000000, 0.9510565162951535312, 1.000000000000000000, 0.9510565162951535312, 1.000000000000000000, 0.9510565162951535312, 1.000000000000000000, 0.9510565162951535312, 1.000000000000000000, 0.9510565162951535312, 1.000000000000000000, 0.9510565162951535312, 1.000000000000000000, 0.9510565162951535312, 1.000000000000000000, 0.9510565162951535312, 1.000000000000000000, 0.9510565162951535312, 1.000000000000000000, 0.9510565162951535312, 1.000000000000000000, 0.9510565162951535312, 1.000000000000000000, 0.9510565162951535312, 1.000000000000000000, 0.9510565162951535312, 1.000000000000000000),
 ( 0.9815695374925029748, 0.9876872313191653596, 1.000000000000000000, 0.9510565162951535312, 1.000000000000000000, 0.9510565162951535312, 1.000000000000000000, 0.9510565162951535312, 1.000000000000000000, 0.9510565162951535312, 1.000000000000000000, 0.9510565162951535312, 1.000000000000000000, 0.9510565162951535312, 1.000000000000000000, 0.9510565162951535312, 1.000000000000000000, 0.9510565162951535312, 1.000000000000000000, 0.9510565162951535312, 1.000000000000000000, 0.9510565162951535312, 1.000000000000000000, 0.9510565162951535312, 1.000000000000000000, 0.9510565162951535312, 1.000000000000000000, 0.9510565162951535312, 1.000000000000000000, 0.9510565162951535312, 1.000000000000000000, 0.9510565162951535312, 1.000000000000000000, 0.9510565162951535312, 1.000000000000000000, 0.9510565162951535312, 1.000000000000000000, 0.9510565162951535312, 1.000000000000000000, 0.9510565162951535312, 1.000000000000000000, 0.9510565162951535312, 1.000000000000000000, 0.9510565162951535312, 1.000000000000000000, 0.9510565162951535312, 1.000000000000000000, 0.9510565162951535312, 1.000000000000000000, 0.9510565162951535312, 1.000000000000000000, 0.9510565162951535312, 1.000000000000000000, 0.9510565162951535312, 1.000000000000000000, 0.9510565162951535312, 1.000000000000000000, 0.9510565162951535312, 1.000000000000000000, 0.9510565162951535312, 1.000000000000000000, 0.9510565162951535312, 1.000000000000000000, 0.9510565162951535312, 1.000000000000000000, 0.9510565162951535312, 1.000000000000000000, 0.9510565162951535312, 1.000000000000000000, 0.9510565162951535312, 1.000000000000000000, 0.9510565162951535312, 1.000000000000000000, 0.9510565162951535312, 1.000000000000000000, 0.9510565162951535312, 1.000000000000000000, 0.9510565162951535312, 1.000000000000000000, 0.9510565162951535312, 1.000000000000000000, 0.9510565162951535312, 1.000000000000000000, 0.9510565162951535312, 1.000000000000000000, 0.9510565162951535312, 1.000000000000000000, 0.9510565162951535312, 1.000000000000000000, 0.9510565162951535312, 1.000000000000000000, 0.9510565162951535312, 1.000000000000000000, 0.9510565162951535312, 1.000000000000000000, 0.9510565162951535312, 1.000000000000000000, 0.9510565162951535312, 1.000000000000000000, 0.9510565162951535312, 1.000000000000000000, 0.9510565162951535312, 1.000000000000000000, 0.9510565162951535312, 1.000000000000000000, 0.9510565162951535312, 1.000000000000000000, 0.9510565162951535312, 1.000000000000000000, 0.9510565162951535312, 1.000000000000000000, 0.9510565162951535312, 1.000000000000000000, 0.9510565162951535312, 1.000000000000000000, 0.9510565162951535312, 1.000000000000000000, 0.9510565162951535312, 1.000000000000000000, 0.9510565162951535312, 1.000000000000000000, 0.9510565162951535312, 1.000000000000000000, 0.9510565162951535312, 1.000000000000000000, 0.9510565162951535312, 1.000000000000000000, 0.9510565162951535312, 1.000000000000000000, 0.9510565162951535312, 1.000000000000000000, 0.9510565162951535312, 1.000000000000000000, 0.9510565162951535312, 1.000000000000000000, 0.9510565162951535312, 1.000000000000000000, 0.9510565162951535312, 1.000000000000000000, 0.9510565162951535312, 1.000000000000000000, 0.9510565162951535312, 1.000000000000000000, 0.9510565162951535312, 1.000000000000000000) ) ) 
 REPRESENTATION_ITEM ( '' )  SURFACE ( )  );
#4294 = CARTESIAN_POINT ( 'NONE',  ( -4.049522174361919191, 0.6413814460608515677, 1.499999989042877235 ) ) ;
#4295 = CARTESIAN_POINT ( 'NONE',  ( -1.718473782203454592, 3.372694985396755829, 6.233974585258436285 ) ) ;
#4296 = CARTESIAN_POINT ( 'NONE',  ( 2.899137703068392025, -2.899137902661292454, 4.299999989042876614 ) ) ;
#4297 = CARTESIAN_POINT ( 'NONE',  ( -4.099999999752186319, -4.507849041229200444E-05, 10.44938025793131686 ) ) ;
#4298 = EDGE_LOOP ( 'NONE', ( #4022, #6257, #4571, #224 ) ) ;
#4299 = CARTESIAN_POINT ( 'NONE',  ( 3.653126813245570315, 1.861360923181276661, 0.6999999890428768579 ) ) ;
#4300 = CARTESIAN_POINT ( 'NONE',  ( 1.861361174683003883, 3.653126685099039594, 6.899999989042876258 ) ) ;
#4301 = CARTESIAN_POINT ( 'NONE',  ( -4.049522174361919191, 0.6413814460608515677, 8.399999989042878923 ) ) ;
#4302 = DIRECTION ( 'NONE',  ( 1.000000000000000000, 0.000000000000000000, 0.000000000000000000 ) ) ;
#4303 = CARTESIAN_POINT ( 'NONE',  ( -4.100000000000002309, -0.9196847177407059259, 9.621072372642844428 ) ) ;
#4304 = CARTESIAN_POINT ( 'NONE',  ( -0.6413811672690397092, 4.049522218518203154, -2.000000010957122321 ) ) ;
#4305 = CARTESIAN_POINT ( 'NONE',  ( -2.676585940248912721, -2.676585755977737513, -1.166025414741563404 ) ) ;
#4306 = EDGE_CURVE ( 'NONE', #6442, #5331, #1040, .T. ) ;
#4307 = CARTESIAN_POINT ( 'NONE',  ( -0.5631639517484248181, 3.555678045528178011, 8.966025392827315699 ) ) ;
#4308 = CARTESIAN_POINT ( 'NONE',  ( 0.5921458787066047336, 3.738661105659600192, 8.866025392827316054 ) ) ;
#4309 = CARTESIAN_POINT ( 'NONE',  ( 4.049522174361919191, -0.6413814460608517898, -1.500000010957123653 ) ) ;
#4310 = CARTESIAN_POINT ( 'NONE',  ( -4.049522174361919191, 0.6413814460608511236, 2.399999989042878923 ) ) ;
#4311 = CARTESIAN_POINT ( 'NONE',  ( 1.957150696398380463, -3.841124844479640643, 8.199999989042876081 ) ) ;
#4312 = CARTESIAN_POINT ( 'NONE',  ( 3.653126813245570315, 1.861360923181276661, -3.300000010957123031 ) ) ;
#4313 = CARTESIAN_POINT ( 'NONE',  ( 3.048333987505708276, 3.048333777641312192, 2.799999989042875725 ) ) ;
#4314 = ORIENTED_EDGE ( 'NONE', *, *, #4920, .T. ) ;
#4315 = CARTESIAN_POINT ( 'NONE',  ( 3.372694867087377979, -1.718474014398682970, 6.266025392827315521 ) ) ;
#4316 = CARTESIAN_POINT ( 'NONE',  ( -0.5631639517484252622, 3.555678045528177567, 2.133974585258435752 ) ) ;
#4317 = DIRECTION ( 'NONE',  ( -0.000000000000000000, -0.000000000000000000, -1.000000000000000000 ) ) ;
#4318 = CARTESIAN_POINT ( 'NONE',  ( 3.738661146426232484, 0.5921456213162111792, -1.533974607172684301 ) ) ;
#4319 = CARTESIAN_POINT ( 'NONE',  ( -1.634365909477758949, -3.207623430818668631, 7.766025392827317297 ) ) ;
#4320 = CARTESIAN_POINT ( 'NONE',  ( -4.049522174361919191, 0.6413814460608511236, 4.399999989042878035 ) ) ;
#4321 = CARTESIAN_POINT ( 'NONE',  ( -1.861361174683003439, -3.653126685099040039, -1.200000010957122054 ) ) ;
#4322 = CARTESIAN_POINT ( 'NONE',  ( 2.676585940248913165, 2.676585755977737069, -0.1660254147415641812 ) ) ;
#4323 = CARTESIAN_POINT ( 'NONE',  ( 4.257919638985431909, 0.6743880687212407965, 9.499999989042878568 ) ) ;
#4324 = CARTESIAN_POINT ( 'NONE',  ( 1.861361174683003883, 3.653126685099039594, 0.8999999890428757032 ) ) ;
#4325 = CARTESIAN_POINT ( 'NONE',  ( 3.841124709738403809, -1.957150960842944709, -3.600000010957123298 ) ) ;
#4326 = EDGE_CURVE ( 'NONE', #6760, #857, #4455, .T. ) ;
#4327 = DIRECTION ( 'NONE',  ( -0.000000000000000000, 1.000000000000000000, 0.000000000000000000 ) ) ;
#4328 = CARTESIAN_POINT ( 'NONE',  ( 1.718473782203455258, -3.372694985396755829, 7.233974585258436285 ) ) ;
#4329 = CARTESIAN_POINT ( 'NONE',  ( 3.653126813245570315, 1.861360923181276661, 0.6999999890428768579 ) ) ;
#4330 = CARTESIAN_POINT ( 'NONE',  ( 0.6413811672690402643, -4.049522218518203154, 0.9999999890428785676 ) ) ;
#4331 = CARTESIAN_POINT ( 'NONE',  ( 4.049522174361919191, -0.6413814460608517898, 4.499999989042876791 ) ) ;
#4332 = CARTESIAN_POINT ( 'NONE',  ( 3.653126813245570315, 1.861360923181276661, 4.699999989042876969 ) ) ;
#4333 = CARTESIAN_POINT ( 'NONE',  ( -0.4999999999999916733, -3.908503232302564800, 2.952454607660044417 ) ) ;
#4334 = CARTESIAN_POINT ( 'NONE',  ( 4.049522174361919191, -0.6413814460608517898, -3.500000010957123653 ) ) ;
#4335 = CARTESIAN_POINT ( 'NONE',  ( 7.546368890341335067, -4.907969491720860944, 6.535296782167706375 ) ) ;
#4336 = CARTESIAN_POINT ( 'NONE',  ( -1.957150696398379353, 3.841124844479640199, 5.199999989042876969 ) ) ;
#4337 = CARTESIAN_POINT ( 'NONE',  ( 3.048333987505707832, 3.048333777641312192, 9.699999989042877857 ) ) ;
#4338 = CARTESIAN_POINT ( 'NONE',  ( -6.720610260001265601, -5.986100377805715134, 7.233161507461903561 ) ) ;
#4339 = CARTESIAN_POINT ( 'NONE',  ( -3.207623543337572602, -1.634365688646975068, -3.266025414741564603 ) ) ;
#4340 = CARTESIAN_POINT ( 'NONE',  ( -2.545584324645416618, 2.545584499897719954, 5.166025392827316765 ) ) ;
#4341 = B_SPLINE_CURVE_WITH_KNOTS ( 'NONE', 3,
 ( #1285, #2321, #4572, #3475, #265, #6200, #677, #3513, #5593, #5630 ),
 .UNSPECIFIED., .F., .F.,
 ( 4, 3, 3, 4 ),
 ( 0.000000000000000000, 0.0001356333311457780016, 0.0002712666633846878275, 0.0005231686598705948682 ),
 .UNSPECIFIED. ) ;
#4342 = AXIS2_PLACEMENT_3D ( 'NONE', #3581, #4489, #6654 ) ;
#4343 = CARTESIAN_POINT ( 'NONE',  ( -0.6413811672690397092, 4.049522218518203154, 1.099999989042876214 ) ) ;
#4344 = CARTESIAN_POINT ( 'NONE',  ( -1.957150696398379353, 3.841124844479640199, 2.099999989042876436 ) ) ;
#4345 = CARTESIAN_POINT ( 'NONE',  ( -2.899137703068391581, 2.899137902661292898, 2.199999989042878301 ) ) ;
#4346 = CARTESIAN_POINT ( 'NONE',  ( -3.841124709738404253, 1.957150960842944709, -0.6000000109571239637 ) ) ;
#4347 = CARTESIAN_POINT ( 'NONE',  ( 4.049522174361919191, -0.6413814460608517898, 2.499999989042876347 ) ) ;
#4348 = CARTESIAN_POINT ( 'NONE',  ( -1.861361174683003439, -3.653126685099040039, 3.899999989042876702 ) ) ;
#4349 = CARTESIAN_POINT ( 'NONE',  ( 1.957150696398380463, -3.841124844479640643, 1.099999989042877990 ) ) ;
#4350 = CARTESIAN_POINT ( 'NONE',  ( -3.207623543337572602, -1.634365688646974846, 7.566025392827316232 ) ) ;
#4351 = CARTESIAN_POINT ( 'NONE',  ( 3.738661146426232040, 0.5921456213162114013, -0.3660254147415646364 ) ) ;
#4352 = CARTESIAN_POINT ( 'NONE',  ( -4.250000000000000888, 0.000000000000000000, 8.500000000000000000 ) ) ;
#4353 = CARTESIAN_POINT ( 'NONE',  ( -0.5631639517484248181, 3.555678045528178011, 4.966025392827316587 ) ) ;
#4354 = CARTESIAN_POINT ( 'NONE',  ( 2.899137703068392025, -2.899137902661292010, 3.199999989042877413 ) ) ;
#4355 = CARTESIAN_POINT ( 'NONE',  ( 3.653126813245570315, 1.861360923181276661, -0.4000000109571216766 ) ) ;
#4356 = CARTESIAN_POINT ( 'NONE',  ( 2.545584324645417063, -2.545584499897719066, -0.6660254147415646253 ) ) ;
#4357 = CARTESIAN_POINT ( 'NONE',  ( 0.6413811672690400423, -4.049522218518203154, 8.999999989042878568 ) ) ;
#4358 = CARTESIAN_POINT ( 'NONE',  ( -3.048333987505707832, -3.048333777641312636, -2.200000010957122942 ) ) ;
#4359 = CARTESIAN_POINT ( 'NONE',  ( 4.049522174361919191, -0.6413814460608517898, 0.4999999890428763472 ) ) ;
#4360 = LINE ( 'NONE', #1548, #1899 ) ;
#4361 = CARTESIAN_POINT ( 'NONE',  ( -3.738661146426231596, -0.5921456213162122895, 8.633974585258437529 ) ) ;
#4362 = CARTESIAN_POINT ( 'NONE',  ( -3.048333987505707832, -3.048333777641312636, 3.799999989042876614 ) ) ;
#4363 = CARTESIAN_POINT ( 'NONE',  ( -2.899137703068391581, 2.899137902661292454, 4.199999989042877857 ) ) ;
#4364 = EDGE_CURVE ( 'NONE', #6290, #3119, #1330, .T. ) ;
#4365 = CARTESIAN_POINT ( 'NONE',  ( -0.6743883618602996011, -4.257919592556767441, 1.999999989042875903 ) ) ;
#4366 = CARTESIAN_POINT ( 'NONE',  ( -0.6743883618602996011, -4.257919592556767441, 1.999999989042875903 ) ) ;
#4367 = ORIENTED_EDGE ( 'NONE', *, *, #1883, .F. ) ;
#4368 = SURFACE_SIDE_STYLE ('',( #1121 ) ) ;
#4369 = FACE_OUTER_BOUND ( 'NONE', #6831, .T. ) ;
#4370 = CARTESIAN_POINT ( 'NONE',  ( 4.049522174361919191, -0.6413814460608517898, 4.499999989042876791 ) ) ;
#4371 = CARTESIAN_POINT ( 'NONE',  ( -3.048333987505707388, -3.048333777641312636, 8.699999989042879633 ) ) ;
#4372 = CARTESIAN_POINT ( 'NONE',  ( 1.634365909477758727, 3.207623430818667742, -2.066025414741564870 ) ) ;
#4373 = CARTESIAN_POINT ( 'NONE',  ( 1.957150696398380463, -3.841124844479640643, 5.099999989042878212 ) ) ;
#4374 = CARTESIAN_POINT ( 'NONE',  ( 2.676585940248913165, 2.676585755977737069, -2.166025414741564514 ) ) ;
#4375 = DIRECTION ( 'NONE',  ( 0.000000000000000000, 0.000000000000000000, -1.000000000000000000 ) ) ;
#4376 = CARTESIAN_POINT ( 'NONE',  ( -3.653126813245570315, -1.861360923181276883, -0.3000000109571240303 ) ) ;
#4377 = CARTESIAN_POINT ( 'NONE',  ( -4.049522174361919191, 0.6413814460608511236, 4.399999989042878035 ) ) ;
#4378 = CARTESIAN_POINT ( 'NONE',  ( -0.6743883618602996011, -4.257919592556767441, 0.8999999890428772575 ) ) ;
#4379 = CARTESIAN_POINT ( 'NONE',  ( -3.841124709738404253, 1.957150960842944709, 3.399999989042875814 ) ) ;
#4380 = CARTESIAN_POINT ( 'NONE',  ( -3.048333987505707832, -3.048333777641312636, -0.2000000109571228590 ) ) ;
#4381 = CARTESIAN_POINT ( 'NONE',  ( -4.257919638985431909, -0.6743880687212413516, 1.599999989042876214 ) ) ;
#4382 = CARTESIAN_POINT ( 'NONE',  ( 3.048333987505707832, 3.048333777641312192, 1.699999989042877635 ) ) ;
#4383 = CARTESIAN_POINT ( 'NONE',  ( -2.545584324645416618, 2.545584499897719954, 5.166025392827316765 ) ) ;
#4384 = CARTESIAN_POINT ( 'NONE',  ( 1.861361174683003883, 3.653126685099039594, -0.2000000109571228868 ) ) ;
#4385 = AXIS2_PLACEMENT_3D ( 'NONE', #2564, #3713, #5370 ) ;
#4386 = CARTESIAN_POINT ( 'NONE',  ( 0.5921458787066045115, 3.738661105659599748, 4.033974585258436107 ) ) ;
#4387 = CARTESIAN_POINT ( 'NONE',  ( -3.841124709738404253, 1.957150960842943821, 0.2999999890428775018 ) ) ;
#4388 = CARTESIAN_POINT ( 'NONE',  ( 3.555678006756805676, -0.5631641965412358397, 6.366025392827316942 ) ) ;
#4389 = CARTESIAN_POINT ( 'NONE',  ( 1.634365909477758727, 3.207623430818667742, 7.933974585258435575 ) ) ;
#4390 = CARTESIAN_POINT ( 'NONE',  ( 0.6413811672690400423, -4.049522218518203154, -1.000000010957121432 ) ) ;
#4391 = CARTESIAN_POINT ( 'NONE',  ( -3.372694867087378423, 1.718474014398681859, 0.4339745852584355190 ) ) ;
#4392 = CARTESIAN_POINT ( 'NONE',  ( -0.6743883618602996011, -4.257919592556767441, -4.000000010957124097 ) ) ;
#4393 = CARTESIAN_POINT ( 'NONE',  ( 1.861361174683003883, 3.653126685099039594, -1.100000010957124408 ) ) ;
#4394 = CARTESIAN_POINT ( 'NONE',  ( -3.653126813245570315, -1.861360923181276883, 1.699999989042876081 ) ) ;
#4395 = CARTESIAN_POINT ( 'NONE',  ( -3.555678006756805676, 0.5631641965412349515, -3.466025414741565225 ) ) ;
#4396 = CARTESIAN_POINT ( 'NONE',  ( 1.957150696398380463, -3.841124844479640643, 6.199999989042875193 ) ) ;
#4397 = CARTESIAN_POINT ( 'NONE',  ( 3.841124709738403809, -1.957150960842944709, 3.299999989042878390 ) ) ;
#4398 = CARTESIAN_POINT ( 'NONE',  ( 0.6743883618602999341, 4.257919592556767441, 2.999999989042876347 ) ) ;
#4399 = DIRECTION ( 'NONE',  ( 0.000000000000000000, 0.000000000000000000, 1.000000000000000000 ) ) ;
#4400 = ORIENTED_EDGE ( 'NONE', *, *, #3158, .F. ) ;
#4401 = CARTESIAN_POINT ( 'NONE',  ( -1.097120584650622233, -3.481363619734695991, 7.817573560101518382 ) ) ;
#4402 = ADVANCED_FACE ( 'NONE', ( #3507, #143 ), #6693, .F. ) ;
#4403 = CYLINDRICAL_SURFACE ( 'NONE', #5967, 3.600000000000000089 ) ;
#4404 = CARTESIAN_POINT ( 'NONE',  ( -4.049522174361919191, 0.6413814460608511236, 2.399999989042878923 ) ) ;
#4405 = CARTESIAN_POINT ( 'NONE',  ( 2.899137703068392025, -2.899137902661292010, 7.199999989042878745 ) ) ;
#4406 = CARTESIAN_POINT ( 'NONE',  ( 3.048333987505707832, 3.048333777641312192, 7.699999989042878745 ) ) ;
#4407 = CARTESIAN_POINT ( 'NONE',  ( 3.555678006756805676, -0.5631641965412353956, -0.4660254147415641146 ) ) ;
#4408 = FACE_OUTER_BOUND ( 'NONE', #1322, .T. ) ;
#4409 = CARTESIAN_POINT ( 'NONE',  ( 3.841124709738403809, -1.957150960842944709, -1.600000010957122631 ) ) ;
#4410 = CARTESIAN_POINT ( 'NONE',  ( -4.257919638985431909, -0.6743880687212415737, 2.499999989042877679 ) ) ;
#4411 = CARTESIAN_POINT ( 'NONE',  ( -3.653126813245570315, -1.861360923181276883, -3.400000010957122676 ) ) ;
#4412 = CARTESIAN_POINT ( 'NONE',  ( -2.899137703068391581, 2.899137902661292898, 1.299999989042876614 ) ) ;
#4413 = CARTESIAN_POINT ( 'NONE',  ( 0.6743883618602999341, 4.257919592556767441, -1.000000010957123209 ) ) ;
#4414 = CARTESIAN_POINT ( 'NONE',  ( 3.048333987505708276, 3.048333777641312192, 4.799999989042876614 ) ) ;
#4415 = CARTESIAN_POINT ( 'NONE',  ( -0.6743883618602991570, -4.257919592556766553, 0.8999999890428772575 ) ) ;
#4416 = EDGE_CURVE ( 'NONE', #1262, #4647, #1355, .T. ) ;
#4417 = CARTESIAN_POINT ( 'NONE',  ( -2.545584324645416618, 2.545584499897719954, 9.166025392827316765 ) ) ;
#4418 = DIRECTION ( 'NONE',  ( 1.000000000000000000, -0.000000000000000000, 0.000000000000000000 ) ) ;
#4419 = CARTESIAN_POINT ( 'NONE',  ( -2.676585940248912721, -2.676585755977737513, 4.833974585258434153 ) ) ;
#4420 = DIRECTION ( 'NONE',  ( -1.000000000000000000, 0.000000000000000000, 0.000000000000000000 ) ) ;
#4421 = CARTESIAN_POINT ( 'NONE',  ( 0.5000000000000004441, 0.000000000000000000, 8.000000000000000000 ) ) ;
#4422 = CARTESIAN_POINT ( 'NONE',  ( 1.634365909477758727, 3.207623430818667742, 9.933974585258436463 ) ) ;
#4423 = AXIS2_PLACEMENT_3D ( 'NONE', #6597, #1721, #5960 ) ;
#4424 = CARTESIAN_POINT ( 'NONE',  ( -1.957150696398379353, 3.841124844479640643, 2.099999989042876436 ) ) ;
#4425 = CARTESIAN_POINT ( 'NONE',  ( 3.555678006756805676, -0.5631641965412353956, -0.4660254147415641146 ) ) ;
#4426 = CARTESIAN_POINT ( 'NONE',  ( 2.899137703068392025, -2.899137902661292454, 3.199999989042877413 ) ) ;
#4427 = CARTESIAN_POINT ( 'NONE',  ( -4.049522174361919191, 0.6413814460608515677, -2.500000010957124541 ) ) ;
#4428 = CARTESIAN_POINT ( 'NONE',  ( -1.957150696398379353, 3.841124844479640643, -2.800000010957124363 ) ) ;
#4429 = CARTESIAN_POINT ( 'NONE',  ( 3.207623543337573047, 1.634365688646974624, 1.733974585258436507 ) ) ;
#4430 = CARTESIAN_POINT ( 'NONE',  ( -0.6413811672690397092, 4.049522218518203154, 3.099999989042876436 ) ) ;
#4431 = CARTESIAN_POINT ( 'NONE',  ( 2.899137703068392025, -2.899137902661292010, 1.199999989042877413 ) ) ;
#4432 = CARTESIAN_POINT ( 'NONE',  ( 3.048333987505708276, 3.048333777641312192, 4.799999989042876614 ) ) ;
#4433 = CARTESIAN_POINT ( 'NONE',  ( -3.048333987505707832, -3.048333777641312636, -4.200000010957123386 ) ) ;
#4434 = ORIENTED_EDGE ( 'NONE', *, *, #5956, .T. ) ;
#4435 = CARTESIAN_POINT ( 'NONE',  ( -1.861361174683003439, -3.653126685099040039, 7.899999989042876258 ) ) ;
#4436 = LINE ( 'NONE', #3774, #6313 ) ;
#4437 = CARTESIAN_POINT ( 'NONE',  ( -0.6413811672690400423, 4.049522218518203154, 3.999999989042877679 ) ) ;
#4438 = CARTESIAN_POINT ( 'NONE',  ( -3.555678006756805676, 0.5631641965412349515, -3.466025414741565225 ) ) ;
#4439 = CARTESIAN_POINT ( 'NONE',  ( -4.049522174361919191, 0.6413814460608511236, 8.399999989042878923 ) ) ;
#4440 = CARTESIAN_POINT ( 'NONE',  ( 2.545584324645417063, -2.545584499897719510, 8.166025392827316765 ) ) ;
#4441 = CARTESIAN_POINT ( 'NONE',  ( 2.676585940248914053, 2.676585755977737069, 0.6660253928273162094 ) ) ;
#4442 = CARTESIAN_POINT ( 'NONE',  ( -4.049522174361919191, 0.6413814460608515677, 5.499999989042876791 ) ) ;
#4443 = CARTESIAN_POINT ( 'NONE',  ( 3.653126813245570315, 1.861360923181276883, 1.599999989042878434 ) ) ;
#4444 = EDGE_CURVE ( 'NONE', #4217, #6391, #4256, .T. ) ;
#4445 = CARTESIAN_POINT ( 'NONE',  ( -2.899137703068391581, 2.899137902661292898, -3.800000010957122143 ) ) ;
#4446 = CARTESIAN_POINT ( 'NONE',  ( -1.861361174683003439, -3.653126685099040039, 3.899999989042876702 ) ) ;
#4447 = CARTESIAN_POINT ( 'NONE',  ( 1.957150696398380463, -3.841124844479640643, 9.099999989042876436 ) ) ;
#4448 = CARTESIAN_POINT ( 'NONE',  ( -3.048333987505707832, -3.048333777641312636, -4.200000010957123386 ) ) ;
#4449 = CARTESIAN_POINT ( 'NONE',  ( 4.049522174361919191, -0.6413814460608513457, 1.399999989042877813 ) ) ;
#4450 = VERTEX_POINT ( 'NONE', #4603 ) ;
#4451 = AXIS2_PLACEMENT_3D ( 'NONE', #4987, #1707, #2750 ) ;
#4452 = CARTESIAN_POINT ( 'NONE',  ( 1.634365909477759171, 3.207623430818668187, -1.233974607172684257 ) ) ;
#4453 = CARTESIAN_POINT ( 'NONE',  ( -0.6743883618602996011, -4.257919592556767441, -1.100000010957122631 ) ) ;
#4454 = CARTESIAN_POINT ( 'NONE',  ( 1.634365909477758727, 3.207623430818667742, 3.933974585258435130 ) ) ;
#4455 = LINE ( 'NONE', #5733, #2177 ) ;
#4456 = CARTESIAN_POINT ( 'NONE',  ( 3.555678006756805676, -0.5631641965412358397, 8.366025392827316054 ) ) ;
#4457 = CARTESIAN_POINT ( 'NONE',  ( -2.545584324645416618, 2.545584499897719510, 8.333974585258436818 ) ) ;
#4458 = DIRECTION ( 'NONE',  ( 1.000000000000000000, 0.000000000000000000, 0.000000000000000000 ) ) ;
#4459 = LINE ( 'NONE', #6621, #4127 ) ;
#4460 = CARTESIAN_POINT ( 'NONE',  ( 0.6743883618602999341, 4.257919592556767441, 5.899999989042878035 ) ) ;
#4461 = CARTESIAN_POINT ( 'NONE',  ( -4.100000000000004974, -1.839369435481412074, 10.59276800152989928 ) ) ;
#4462 = CIRCLE ( 'NONE', #3571, 9.000000000000001776 ) ;
#4463 = CARTESIAN_POINT ( 'NONE',  ( -1.957150696398379353, 3.841124844479640643, -0.8000000109571244744 ) ) ;
#4464 = CARTESIAN_POINT ( 'NONE',  ( 0.5631639517484254842, -3.555678045528177122, 3.133974585258436640 ) ) ;
#4465 = CARTESIAN_POINT ( 'NONE',  ( 0.5921458787066045115, 3.738661105659599748, 0.03397458525843630867 ) ) ;
#4466 = CARTESIAN_POINT ( 'NONE',  ( 0.6413811672690400423, -4.049522218518203154, -3.900000010957123120 ) ) ;
#4467 = CARTESIAN_POINT ( 'NONE',  ( -4.049522174361919191, 0.6413814460608511236, 0.3999999890428787008 ) ) ;
#4468 = CARTESIAN_POINT ( 'NONE',  ( -3.653126813245570315, -1.861360923181276883, -0.3000000109571240303 ) ) ;
#4469 = CARTESIAN_POINT ( 'NONE',  ( 3.841124709738403809, -1.957150960842944709, -1.600000010957122631 ) ) ;
#4470 = VERTEX_POINT ( 'NONE', #3430 ) ;
#4471 = CARTESIAN_POINT ( 'NONE',  ( 4.049522174361919191, -0.6413814460608517898, 8.499999989042876791 ) ) ;
#4472 = CARTESIAN_POINT ( 'NONE',  ( -3.048333987505707832, -3.048333777641312636, 5.799999989042874837 ) ) ;
#4473 = CARTESIAN_POINT ( 'NONE',  ( 0.6413811672690402643, -4.049522218518203154, 4.999999989042877679 ) ) ;
#4474 = CARTESIAN_POINT ( 'NONE',  ( 0.5000000000000004441, -8.986100377805714245, 10.00000000000000000 ) ) ;
#4475 = CARTESIAN_POINT ( 'NONE',  ( 3.841124709738403809, -1.957150960842944709, 5.299999989042876614 ) ) ;
#4476 =( BOUNDED_CURVE ( )  B_SPLINE_CURVE ( 2, ( #6190, #5091, #6770, #6115, #4563, #3392, #256, #1775, #2433, #6689, #5621, #1206, #2968 ),
 .UNSPECIFIED., .F., .T. ) 
 B_SPLINE_CURVE_WITH_KNOTS ( ( 3, 2, 2, 2, 2, 2, 3 ),
 ( 0.3593556431958115360, 0.3624999999999999889, 0.3750000000000000000, 0.3875000000000000111, 0.4000000000000000222, 0.4124999999999999778, 0.4218556431958115360 ),
 .UNSPECIFIED. ) 
 CURVE ( )  GEOMETRIC_REPRESENTATION_ITEM ( )  RATIONAL_B_SPLINE_CURVE ( ( 0.9815706371881782744, 0.9876883379193583945, 1.000000000000000000, 0.9510565162951535312, 1.000000000000000000, 0.9510565162951535312, 1.000000000000000000, 0.9510565162951535312, 1.000000000000000000, 0.9510565162951535312, 1.000000000000000000, 0.9633681783757951367, 0.9815706371881782744 ) ) 
 REPRESENTATION_ITEM ( '' )  );
#4477 = CARTESIAN_POINT ( 'NONE',  ( 3.207623543337573047, 1.634365688646974624, -1.433974607172682880 ) ) ;
#4478 = FACE_OUTER_BOUND ( 'NONE', #2478, .T. ) ;
#4479 = CARTESIAN_POINT ( 'NONE',  ( -3.841124709738404253, 1.957150960842943821, -3.700000010957121610 ) ) ;
#4480 = CARTESIAN_POINT ( 'NONE',  ( -1.861361174683003439, -3.653126685099040039, -4.100000010957123742 ) ) ;
#4481 = CARTESIAN_POINT ( 'NONE',  ( -4.099999999999999645, 1.932977342603504507E-16, 10.44937674375579029 ) ) ;
#4482 = CARTESIAN_POINT ( 'NONE',  ( 3.653126813245570315, 1.861360923181276661, -1.300000010957123253 ) ) ;
#4483 = CARTESIAN_POINT ( 'NONE',  ( 1.957150696398380463, -3.841124844479640643, -0.9000000109571220097 ) ) ;
#4484 = ORIENTED_EDGE ( 'NONE', *, *, #288, .T. ) ;
#4485 = CARTESIAN_POINT ( 'NONE',  ( 2.545584324645417063, -2.545584499897719510, -1.833974607172684124 ) ) ;
#4486 = DIRECTION ( 'NONE',  ( 0.000000000000000000, 0.000000000000000000, -1.000000000000000000 ) ) ;
#4487 = DIRECTION ( 'NONE',  ( 0.000000000000000000, 0.000000000000000000, 1.000000000000000000 ) ) ;
#4488 = CARTESIAN_POINT ( 'NONE',  ( -1.718473782203454592, 3.372694985396756273, -2.933974607172684657 ) ) ;
#4489 = DIRECTION ( 'NONE',  ( -0.000000000000000000, -0.000000000000000000, -1.000000000000000000 ) ) ;
#4490 = CARTESIAN_POINT ( 'NONE',  ( 1.634365909477759171, 3.207623430818668187, 2.766025392827315965 ) ) ;
#4491 = EDGE_CURVE ( 'NONE', #6391, #1851, #4111, .T. ) ;
#4492 = CARTESIAN_POINT ( 'NONE',  ( -0.5000000000000445199, -3.851488381647218073, 5.951129566284397931 ) ) ;
#4493 = CARTESIAN_POINT ( 'NONE',  ( 0.5631639517484254842, -3.555678045528177122, 7.133974585258435752 ) ) ;
#4494 = CARTESIAN_POINT ( 'NONE',  ( -4.000000000000000888, -5.986100377805715134, 3.999999999999998224 ) ) ;
#4495 = CARTESIAN_POINT ( 'NONE',  ( -0.4999999999999991673, -3.608940165819220169, 7.028631538309713100 ) ) ;
#4496 = AXIS2_PLACEMENT_3D ( 'NONE', #2517, #4689, #4156 ) ;
#4497 = CARTESIAN_POINT ( 'NONE',  ( -4.049522174361919191, 0.6413814460608515677, 6.399999989042878035 ) ) ;
#4498 = CARTESIAN_POINT ( 'NONE',  ( -4.100000000000000533, 0.3226770689847697771, 10.42422188911698733 ) ) ;
#4499 = CARTESIAN_POINT ( 'NONE',  ( -3.841124709738404253, 1.957150960842944709, 10.29999998904287750 ) ) ;
#4500 = CARTESIAN_POINT ( 'NONE',  ( -4.257919638985431909, -0.6743880687212413516, -4.400000010957124452 ) ) ;
#4501 = CARTESIAN_POINT ( 'NONE',  ( 3.372694867087377979, -1.718474014398682970, 6.266025392827315521 ) ) ;
#4502 = CARTESIAN_POINT ( 'NONE',  ( -3.738661146426231596, -0.5921456213162122895, -1.366025414741564026 ) ) ;
#4503 = CARTESIAN_POINT ( 'NONE',  ( -3.653126813245570315, -1.861360923181276883, -2.300000010957123919 ) ) ;
#4504 = CARTESIAN_POINT ( 'NONE',  ( 3.207623543337573047, 1.634365688646974624, 7.733974585258436285 ) ) ;
#4505 = CARTESIAN_POINT ( 'NONE',  ( 4.049522174361919191, -0.6413814460608517898, 2.499999989042876347 ) ) ;
#4506 = CARTESIAN_POINT ( 'NONE',  ( -0.6413811672690397092, 4.049522218518203154, -0.9000000109571238971 ) ) ;
#4507 = ORIENTED_EDGE ( 'NONE', *, *, #1444, .F. ) ;
#4508 = CARTESIAN_POINT ( 'NONE',  ( 0.6743883618602999341, 4.257919592556767441, 8.999999989042876791 ) ) ;
#4509 = CARTESIAN_POINT ( 'NONE',  ( 2.545584324645417063, -2.545584499897719510, 8.166025392827316765 ) ) ;
#4510 = CARTESIAN_POINT ( 'NONE',  ( -4.049522174361919191, 0.6413814460608515677, 9.499999989042876791 ) ) ;
#4511 = CARTESIAN_POINT ( 'NONE',  ( 3.653126813245570315, 1.861360923181276883, 5.599999989042878212 ) ) ;
#4512 = CARTESIAN_POINT ( 'NONE',  ( -4.100052252183013834, 0.2407109797318638666, 8.000000000000003553 ) ) ;
#4513 = CARTESIAN_POINT ( 'NONE',  ( -4.049522174361919191, 0.6413814460608511236, 6.399999989042878035 ) ) ;
#4514 = CARTESIAN_POINT ( 'NONE',  ( 3.555678006756805676, -0.5631641965412358397, 2.366025392827316498 ) ) ;
#4515 = CARTESIAN_POINT ( 'NONE',  ( -4.100000000000002309, -0.9196847177407059259, 9.621072372642844428 ) ) ;
#4516 = CARTESIAN_POINT ( 'NONE',  ( -0.6743883618602991570, -4.257919592556766553, -3.100000010957122409 ) ) ;
#4517 = ADVANCED_FACE ( 'NONE', ( #5588, #818 ), #4075, .T. ) ;
#4518 =( BOUNDED_SURFACE ( )  B_SPLINE_SURFACE ( 1, 2, ( 
 ( #5541, #4515, #735, #1845, #2920, #6680, #1234, #660, #3420, #129, #5045, #2305, #5575, #5652, #6640, #4063, #3458, #4555, #698, #2883, #3951, #5689, #3986, #1765, #6142, #4592, #6762, #807, #6604, #1270, #5084, #6723, #4024, #6182, #1304, #3496, #772, #2960, #1344, #5121, #4975, #248, #6222, #92, #4442, #1729, #3915, #6069, #6940, #6360, #1522, #1991, #5827, #5303, #3639, #6834, #4631, #6797, #1957, #2058, #3569, #4170, #5794, #3674, #2562, #3606, #4738, #6326, #5270, #914, #320, #5234, #4771, #6903, #3105, #2023, #2496, #1452, #388, #1923, #4202, #4102, #425, #1488, #4137, #953, #3068, #5160, #282, #3140, #6259, #880, #6292, #2598, #4237, #353, #6394, #1383, #4666, #3711, #5860, #2995, #5724, #5197, #2461, #843, #3030, #1418, #5761, #2532, #4703, #6870, #5928, #3772, #3935, #3806, #7004, #5027, #5895, #6088, #1216, #3402, #6494, #680, #3239, #150, #5398, #1621, #2159, #5959, #1748, #644, #1587, #2828, #4334, #3271, #1087, #5368, #520, #2866, #4993, #5524, #112, #488, #7038, #2287, #4803 ),
 ( #4461, #2325, #2092, #4498, #6662, #6624, #1555, #5559, #1785, #3968, #988, #3176, #2633, #5334, #457, #6970, #4269, #1021, #6428, #3745, #3209, #2665, #4834, #2125, #4301, #1054, #6460, #2697, #4864, #2979, #2363, #4007, #5672, #4537, #231, #3049, #5142, #3552, #3588, #1326, #6702, #1825, #6163, #717, #3516, #2480, #1364, #6815, #336, #5178, #2444, #5740, #5102, #859, #267, #301, #6744, #790, #5066, #5214, #5635, #6205, #4649, #190, #4118, #4611, #1288, #3440, #2404, #2513, #5707, #4685, #6852, #1973, #1907, #4045, #1940, #6125, #4576, #1254, #6782, #3478, #5596, #755, #2942, #1865, #4084, #2902, #825, #3013, #6241, #6275, #1400, #4819, #3657, #5251, #1004, #6921, #5810, #3193, #4788, #1506, #3087, #2109, #6342, #3758, #370, #937, #4185, #1470, #4850, #3730, #6411, #3123, #6957, #2077, #6988, #5286, #2547, #5352, #2042, #406, #473, #4253, #3694, #4719, #4285, #5843, #6884, #4152, #1039, #2582, #5384, #1537, #2007, #6377, #3622, #7021, #442, #3159, #971, #5318, #2683, #2650, #2617, #503, #5879 ) ),
 .UNSPECIFIED., .F., .F., .T. ) 
 B_SPLINE_SURFACE_WITH_KNOTS ( ( 2, 2 ),
 ( 3, 2, 2, 2, 2, 2, 2, 2, 2, 2, 2, 2, 2, 2, 2, 2, 2, 2, 2, 2, 2, 2, 2, 2, 2, 2, 2, 2, 2, 2, 2, 2, 2, 2, 2, 2, 2, 2, 2, 2, 2, 2, 2, 2, 2, 2, 2, 2, 2, 2, 2, 2, 2, 2, 2, 2, 2, 2, 2, 2, 2, 2, 2, 2, 2, 2, 2, 2, 2, 2, 2, 2, 2, 3 ),
 ( 0.000000000000000000, 1.000000000000000000 ),
 ( 0.1004491996277696586, 0.1093556431958115360, 0.1125000000000000028, 0.1250000000000000000, 0.1375000000000000111, 0.1499999999999999944, 0.1625000000000000056, 0.1749999999999999889, 0.1875000000000000000, 0.2000000000000000111, 0.2124999999999999944, 0.2250000000000000056, 0.2374999999999999889, 0.2500000000000000000, 0.2625000000000000111, 0.2750000000000000222, 0.2874999999999999778, 0.2999999999999999889, 0.3125000000000000000, 0.3250000000000000111, 0.3375000000000000222, 0.3499999999999999778, 0.3624999999999999889, 0.3750000000000000000, 0.3875000000000000111, 0.4000000000000000222, 0.4124999999999999778, 0.4249999999999999889, 0.4375000000000000000, 0.4500000000000000111, 0.4625000000000000222, 0.4749999999999999778, 0.4874999999999999889, 0.5000000000000000000, 0.5124999999999999556, 0.5250000000000000222, 0.5374999999999999778, 0.5500000000000000444, 0.5625000000000000000, 0.5749999999999999556, 0.5875000000000000222, 0.5999999999999999778, 0.6125000000000000444, 0.6250000000000000000, 0.6374999999999999556, 0.6500000000000000222, 0.6624999999999999778, 0.6750000000000000444, 0.6875000000000000000, 0.6999999999999999556, 0.7125000000000000222, 0.7249999999999999778, 0.7375000000000000444, 0.7500000000000000000, 0.7624999999999999556, 0.7750000000000000222, 0.7874999999999999778, 0.8000000000000000444, 0.8125000000000000000, 0.8249999999999999556, 0.8375000000000000222, 0.8499999999999999778, 0.8625000000000000444, 0.8750000000000000000, 0.8874999999999999556, 0.9000000000000000222, 0.9124999999999999778, 0.9250000000000000444, 0.9375000000000000000, 0.9499999999999999556, 0.9625000000000000222, 0.9749999999999999778, 0.9875000000000000444, 1.000000000000000000 ),
 .UNSPECIFIED. ) 
 GEOMETRIC_REPRESENTATION_ITEM ( )  RATIONAL_B_SPLINE_SURFACE ( (
 ( 0.9815706371881780523, 0.9815706371881780523, 0.9815706371881780523, 0.9876883379193582835, 1.000000000000000000, 0.9510565162951535312, 1.000000000000000000, 0.9510565162951535312, 1.000000000000000000, 0.9510565162951535312, 1.000000000000000000, 0.9510565162951535312, 1.000000000000000000, 0.9510565162951535312, 1.000000000000000000, 0.9510565162951535312, 1.000000000000000000, 0.9510565162951535312, 1.000000000000000000, 0.9510565162951535312, 1.000000000000000000, 0.9510565162951535312, 1.000000000000000000, 0.9510565162951535312, 1.000000000000000000, 0.9510565162951535312, 1.000000000000000000, 0.9510565162951535312, 1.000000000000000000, 0.9510565162951535312, 1.000000000000000000, 0.9510565162951535312, 1.000000000000000000, 0.9510565162951535312, 1.000000000000000000, 0.9510565162951535312, 1.000000000000000000, 0.9510565162951535312, 1.000000000000000000, 0.9510565162951535312, 1.000000000000000000, 0.9510565162951535312, 1.000000000000000000, 0.9510565162951535312, 1.000000000000000000, 0.9510565162951535312, 1.000000000000000000, 0.9510565162951535312, 1.000000000000000000, 0.9510565162951535312, 1.000000000000000000, 0.9510565162951535312, 1.000000000000000000, 0.9510565162951535312, 1.000000000000000000, 0.9510565162951535312, 1.000000000000000000, 0.9510565162951535312, 1.000000000000000000, 0.9510565162951535312, 1.000000000000000000, 0.9510565162951535312, 1.000000000000000000, 0.9510565162951535312, 1.000000000000000000, 0.9510565162951535312, 1.000000000000000000, 0.9510565162951535312, 1.000000000000000000, 0.9510565162951535312, 1.000000000000000000, 0.9510565162951535312, 1.000000000000000000, 0.9510565162951535312, 1.000000000000000000, 0.9510565162951535312, 1.000000000000000000, 0.9510565162951535312, 1.000000000000000000, 0.9510565162951535312, 1.000000000000000000, 0.9510565162951535312, 1.000000000000000000, 0.9510565162951535312, 1.000000000000000000, 0.9510565162951535312, 1.000000000000000000, 0.9510565162951535312, 1.000000000000000000, 0.9510565162951535312, 1.000000000000000000, 0.9510565162951535312, 1.000000000000000000, 0.9510565162951535312, 1.000000000000000000, 0.9510565162951535312, 1.000000000000000000, 0.9510565162951535312, 1.000000000000000000, 0.9510565162951535312, 1.000000000000000000, 0.9510565162951535312, 1.000000000000000000, 0.9510565162951535312, 1.000000000000000000, 0.9510565162951535312, 1.000000000000000000, 0.9510565162951535312, 1.000000000000000000, 0.9510565162951535312, 1.000000000000000000, 0.9510565162951535312, 1.000000000000000000, 0.9510565162951535312, 1.000000000000000000, 0.9510565162951535312, 1.000000000000000000, 0.9510565162951535312, 1.000000000000000000, 0.9510565162951535312, 1.000000000000000000, 0.9510565162951535312, 1.000000000000000000, 0.9510565162951535312, 1.000000000000000000, 0.9510565162951535312, 1.000000000000000000, 0.9510565162951535312, 1.000000000000000000, 0.9510565162951535312, 1.000000000000000000, 0.9510565162951535312, 1.000000000000000000, 0.9510565162951535312, 1.000000000000000000, 0.9510565162951535312, 1.000000000000000000, 0.9510565162951535312, 1.000000000000000000, 0.9510565162951535312, 1.000000000000000000, 0.9510565162951535312, 1.000000000000000000, 0.9510565162951535312, 1.000000000000000000, 0.9510565162951535312, 1.000000000000000000),
 ( 0.9815706371881780523, 0.9815706371881780523, 0.9815706371881780523, 0.9876883379193582835, 1.000000000000000000, 0.9510565162951535312, 1.000000000000000000, 0.9510565162951535312, 1.000000000000000000, 0.9510565162951535312, 1.000000000000000000, 0.9510565162951535312, 1.000000000000000000, 0.9510565162951535312, 1.000000000000000000, 0.9510565162951535312, 1.000000000000000000, 0.9510565162951535312, 1.000000000000000000, 0.9510565162951535312, 1.000000000000000000, 0.9510565162951535312, 1.000000000000000000, 0.9510565162951535312, 1.000000000000000000, 0.9510565162951535312, 1.000000000000000000, 0.9510565162951535312, 1.000000000000000000, 0.9510565162951535312, 1.000000000000000000, 0.9510565162951535312, 1.000000000000000000, 0.9510565162951535312, 1.000000000000000000, 0.9510565162951535312, 1.000000000000000000, 0.9510565162951535312, 1.000000000000000000, 0.9510565162951535312, 1.000000000000000000, 0.9510565162951535312, 1.000000000000000000, 0.9510565162951535312, 1.000000000000000000, 0.9510565162951535312, 1.000000000000000000, 0.9510565162951535312, 1.000000000000000000, 0.9510565162951535312, 1.000000000000000000, 0.9510565162951535312, 1.000000000000000000, 0.9510565162951535312, 1.000000000000000000, 0.9510565162951535312, 1.000000000000000000, 0.9510565162951535312, 1.000000000000000000, 0.9510565162951535312, 1.000000000000000000, 0.9510565162951535312, 1.000000000000000000, 0.9510565162951535312, 1.000000000000000000, 0.9510565162951535312, 1.000000000000000000, 0.9510565162951535312, 1.000000000000000000, 0.9510565162951535312, 1.000000000000000000, 0.9510565162951535312, 1.000000000000000000, 0.9510565162951535312, 1.000000000000000000, 0.9510565162951535312, 1.000000000000000000, 0.9510565162951535312, 1.000000000000000000, 0.9510565162951535312, 1.000000000000000000, 0.9510565162951535312, 1.000000000000000000, 0.9510565162951535312, 1.000000000000000000, 0.9510565162951535312, 1.000000000000000000, 0.9510565162951535312, 1.000000000000000000, 0.9510565162951535312, 1.000000000000000000, 0.9510565162951535312, 1.000000000000000000, 0.9510565162951535312, 1.000000000000000000, 0.9510565162951535312, 1.000000000000000000, 0.9510565162951535312, 1.000000000000000000, 0.9510565162951535312, 1.000000000000000000, 0.9510565162951535312, 1.000000000000000000, 0.9510565162951535312, 1.000000000000000000, 0.9510565162951535312, 1.000000000000000000, 0.9510565162951535312, 1.000000000000000000, 0.9510565162951535312, 1.000000000000000000, 0.9510565162951535312, 1.000000000000000000, 0.9510565162951535312, 1.000000000000000000, 0.9510565162951535312, 1.000000000000000000, 0.9510565162951535312, 1.000000000000000000, 0.9510565162951535312, 1.000000000000000000, 0.9510565162951535312, 1.000000000000000000, 0.9510565162951535312, 1.000000000000000000, 0.9510565162951535312, 1.000000000000000000, 0.9510565162951535312, 1.000000000000000000, 0.9510565162951535312, 1.000000000000000000, 0.9510565162951535312, 1.000000000000000000, 0.9510565162951535312, 1.000000000000000000, 0.9510565162951535312, 1.000000000000000000, 0.9510565162951535312, 1.000000000000000000, 0.9510565162951535312, 1.000000000000000000, 0.9510565162951535312, 1.000000000000000000, 0.9510565162951535312, 1.000000000000000000, 0.9510565162951535312, 1.000000000000000000) ) ) 
 REPRESENTATION_ITEM ( '' )  SURFACE ( )  );
#4519 = DIRECTION ( 'NONE',  ( -0.000000000000000000, -0.000000000000000000, -1.000000000000000000 ) ) ;
#4520 = CARTESIAN_POINT ( 'NONE',  ( -3.653126813245570315, -1.861360923181276883, 6.599999989042878212 ) ) ;
#4521 = CARTESIAN_POINT ( 'NONE',  ( -1.861361174683003439, -3.653126685099040039, -4.100000010957123742 ) ) ;
#4522 = CARTESIAN_POINT ( 'NONE',  ( 3.738661146426232040, 0.5921456213162114013, 5.633974585258434864 ) ) ;
#4523 = ORIENTED_EDGE ( 'NONE', *, *, #2825, .T. ) ;
#4524 = CARTESIAN_POINT ( 'NONE',  ( -1.634365909477758949, -3.207623430818668631, -2.233974607172683147 ) ) ;
#4525 = CARTESIAN_POINT ( 'NONE',  ( -4.049522174361919191, 0.6413814460608515677, 3.499999989042876347 ) ) ;
#4526 = CARTESIAN_POINT ( 'NONE',  ( -0.4999999999999968914, -3.565108693995176381, 7.871765981903404708 ) ) ;
#4527 = CARTESIAN_POINT ( 'NONE',  ( 0.6743883618602999341, 4.257919592556767441, 8.999999989042876791 ) ) ;
#4528 = CARTESIAN_POINT ( 'NONE',  ( -0.5000000000000038858, -3.696586610426563002, 5.006399086944288257 ) ) ;
#4529 = CARTESIAN_POINT ( 'NONE',  ( -1.634365909477758949, -3.207623430818668631, -4.233974607172683591 ) ) ;
#4530 = CARTESIAN_POINT ( 'NONE',  ( -2.676585940248913165, -2.676585755977737513, 1.666025392827317431 ) ) ;
#4531 = VECTOR ( 'NONE', #6754, 1000.000000000000000 ) ;
#4532 = CARTESIAN_POINT ( 'NONE',  ( -0.5631639517484252622, 3.555678045528177567, 2.133974585258435752 ) ) ;
#4533 = ORIENTED_EDGE ( 'NONE', *, *, #6581, .F. ) ;
#4534 = DIRECTION ( 'NONE',  ( 1.000000000000000000, 0.000000000000000000, 0.000000000000000000 ) ) ;
#4535 = CARTESIAN_POINT ( 'NONE',  ( 0.4999999999999834022, -3.565108693995177713, 7.960550053940177229 ) ) ;
#4536 = CARTESIAN_POINT ( 'NONE',  ( -2.899137703068391581, 2.899137902661292898, 2.199999989042878301 ) ) ;
#4537 = CARTESIAN_POINT ( 'NONE',  ( 4.257919638985431909, 0.6743880687212407965, 7.499999989042877679 ) ) ;
#4538 = VECTOR ( 'NONE', #1171, 1000.000000000000000 ) ;
#4539 = CARTESIAN_POINT ( 'NONE',  ( -3.841124709738404253, 1.957150960842944709, 8.299999989042875725 ) ) ;
#4540 = CARTESIAN_POINT ( 'NONE',  ( 0.5000000701683726678, -3.565108684149226992, 3.128430125577697396 ) ) ;
#4541 = CARTESIAN_POINT ( 'NONE',  ( -1.634365909477758949, -3.207623430818668631, 3.766025392827316853 ) ) ;
#4542 = CARTESIAN_POINT ( 'NONE',  ( -2.676585940248912721, -2.676585755977737513, 0.8339745852584364849 ) ) ;
#4543 = CARTESIAN_POINT ( 'NONE',  ( 4.257919638985431909, 0.6743880687212407965, 0.5999999890428755478 ) ) ;
#4544 = CARTESIAN_POINT ( 'NONE',  ( 2.676585940248913165, 2.676585755977737069, 7.833974585258435930 ) ) ;
#4545 = CARTESIAN_POINT ( 'NONE',  ( -2.899137703068391581, 2.899137902661292898, -2.700000010957123386 ) ) ;
#4546 = CARTESIAN_POINT ( 'NONE',  ( -2.899137703068391581, 2.899137902661292898, -4.700000010957123386 ) ) ;
#4547 = ORIENTED_EDGE ( 'NONE', *, *, #5878, .F. ) ;
#4548 = CARTESIAN_POINT ( 'NONE',  ( -3.841124709738404253, 1.957150960842944709, 9.399999989042877147 ) ) ;
#4549 = CARTESIAN_POINT ( 'NONE',  ( -0.6413811672690397092, 4.049522218518203154, 5.099999989042876436 ) ) ;
#4550 = CARTESIAN_POINT ( 'NONE',  ( -1.861361174683002995, -3.653126685099040039, 6.799999989042878390 ) ) ;
#4551 = CARTESIAN_POINT ( 'NONE',  ( -3.762627669921894569, -1.646576552762370360, 7.999999999999996447 ) ) ;
#4552 = CARTESIAN_POINT ( 'NONE',  ( 2.676585940248913165, 2.676585755977737069, -2.166025414741564514 ) ) ;
#4553 = VERTEX_POINT ( 'NONE', #2317 ) ;
#4554 = CARTESIAN_POINT ( 'NONE',  ( 1.718473782203455036, -3.372694985396756273, -1.933974607172683102 ) ) ;
#4555 = CARTESIAN_POINT ( 'NONE',  ( 1.957150696398380463, -3.841124844479640643, 8.199999989042876081 ) ) ;
#4556 = CARTESIAN_POINT ( 'NONE',  ( 1.718473782203455258, -3.372694985396755829, 9.233974585258435397 ) ) ;
#4557 = CYLINDRICAL_SURFACE ( 'NONE', #4737, 9.000000000000001776 ) ;
#4558 = CARTESIAN_POINT ( 'NONE',  ( 1.861361174683003883, 3.653126685099039594, 9.799999989042879278 ) ) ;
#4559 = LINE ( 'NONE', #6609, #2464 ) ;
#4560 = CARTESIAN_POINT ( 'NONE',  ( -2.676585940248912721, -2.676585755977737513, 6.833974585258436818 ) ) ;
#4561 = ORIENTED_EDGE ( 'NONE', *, *, #5887, .F. ) ;
#4562 = CARTESIAN_POINT ( 'NONE',  ( 3.207623543337573047, 1.634365688646974624, 0.5660253928273171198 ) ) ;
#4563 = CARTESIAN_POINT ( 'NONE',  ( -2.545584324645416618, 2.545584499897719954, 5.166025392827316765 ) ) ;
#4564 = CARTESIAN_POINT ( 'NONE',  ( -3.048333987505707388, -3.048333777641312636, 2.699999989042878301 ) ) ;
#4565 = CARTESIAN_POINT ( 'NONE',  ( 3.738661146426232484, 0.5921456213162111792, 0.4660253928273159763 ) ) ;
#4566 = DIRECTION ( 'NONE',  ( -0.000000000000000000, -0.000000000000000000, -1.000000000000000000 ) ) ;
#4567 = CARTESIAN_POINT ( 'NONE',  ( 1.718473782203455036, -3.372694985396756273, 0.06602539282731662018 ) ) ;
#4568 = CARTESIAN_POINT ( 'NONE',  ( -3.372694867087378423, 1.718474014398682526, 3.266025392827316409 ) ) ;
#4569 = ORIENTED_EDGE ( 'NONE', *, *, #405, .T. ) ;
#4570 = CARTESIAN_POINT ( 'NONE',  ( -1.718473782203454592, 3.372694985396755829, 4.233974585258436285 ) ) ;
#4571 = ORIENTED_EDGE ( 'NONE', *, *, #4721, .T. ) ;
#4572 = CARTESIAN_POINT ( 'NONE',  ( 0.5000000000000000000, -3.982219388076666533, 3.013225234163880994 ) ) ;
#4573 = CARTESIAN_POINT ( 'NONE',  ( 0.6413811672690400423, -4.049522218518203154, 0.09999998904287703272 ) ) ;
#4574 = VECTOR ( 'NONE', #3041, 1000.000000000000000 ) ;
#4575 = CARTESIAN_POINT ( 'NONE',  ( -2.899137703068391581, 2.899137902661292898, 4.199999989042877857 ) ) ;
#4576 = CARTESIAN_POINT ( 'NONE',  ( 0.6413811672690400423, -4.049522218518203154, 2.999999989042878568 ) ) ;
#4577 = CARTESIAN_POINT ( 'NONE',  ( 4.257919638985431909, 0.6743880687212407965, 5.499999989042877679 ) ) ;
#4578 = CARTESIAN_POINT ( 'NONE',  ( -3.841124709738404253, 1.957150960842944709, -4.600000010957123742 ) ) ;
#4579 = CARTESIAN_POINT ( 'NONE',  ( 3.738661146426232484, 0.5921456213162111792, 8.466025392827319251 ) ) ;
#4580 = CARTESIAN_POINT ( 'NONE',  ( 0.6743883618602993790, 4.257919592556766553, 5.899999989042878035 ) ) ;
#4581 = CARTESIAN_POINT ( 'NONE',  ( -3.048333987505707832, -3.048333777641312636, -2.200000010957122942 ) ) ;
#4582 = CARTESIAN_POINT ( 'NONE',  ( -3.653126813245569871, -1.861360923181277105, -1.400000010957122676 ) ) ;
#4583 = CARTESIAN_POINT ( 'NONE',  ( -3.653126813245570315, -1.861360923181276883, -4.300000010957123919 ) ) ;
#4584 = CARTESIAN_POINT ( 'NONE',  ( 0.000000000000000000, 0.000000000000000000, 8.000000000000000000 ) ) ;
#4585 = CARTESIAN_POINT ( 'NONE',  ( 3.841124709738403809, -1.957150960842944709, 6.399999989042877147 ) ) ;
#4586 = CARTESIAN_POINT ( 'NONE',  ( 1.957150696398380463, -3.841124844479640643, 4.199999989042876969 ) ) ;
#4587 = CARTESIAN_POINT ( 'NONE',  ( 3.555678006756805676, -0.5631641965412353956, 9.533974585258436107 ) ) ;
#4588 = CARTESIAN_POINT ( 'NONE',  ( -0.5631639517484252622, 3.555678045528177567, 0.1339745852584356967 ) ) ;
#4589 = CARTESIAN_POINT ( 'NONE',  ( -0.5631639517484248181, 3.555678045528178011, 0.9660253928273163648 ) ) ;
#4590 = EDGE_LOOP ( 'NONE', ( #5737, #5051, #333, #4695 ) ) ;
#4591 = CARTESIAN_POINT ( 'NONE',  ( -2.545584324645416618, 2.545584499897719954, 1.166025392827316987 ) ) ;
#4592 = CARTESIAN_POINT ( 'NONE',  ( -3.841124709738404253, 1.957150960842944709, 7.399999989042877147 ) ) ;
#4593 = CARTESIAN_POINT ( 'NONE',  ( 1.718473782203455258, -3.372694985396755829, 7.233974585258436285 ) ) ;
#4594 = CARTESIAN_POINT ( 'NONE',  ( -2.545584324645416618, 2.545584499897719954, 3.166025392827316765 ) ) ;
#4595 = CARTESIAN_POINT ( 'NONE',  ( -3.841124709738404253, 1.957150960842944709, 10.29999998904287750 ) ) ;
#4596 = CARTESIAN_POINT ( 'NONE',  ( -3.372694867087378423, 1.718474014398682526, 9.266025392827316409 ) ) ;
#4597 = CARTESIAN_POINT ( 'NONE',  ( -0.5631639517484252622, 3.555678045528177567, 10.13397458525843575 ) ) ;
#4598 = EDGE_LOOP ( 'NONE', ( #1949, #5908, #3465 ) ) ;
#4599 = CARTESIAN_POINT ( 'NONE',  ( 0.5631639517484252622, -3.555678045528178011, -0.03397460717268277475 ) ) ;
#4600 = CARTESIAN_POINT ( 'NONE',  ( 0.4999999999999995559, -3.828002993398351261, 4.027424462899998225 ) ) ;
#4601 = CARTESIAN_POINT ( 'NONE',  ( -0.5000000000000446310, -3.851488381647218961, 3.951129566284397931 ) ) ;
#4602 = CARTESIAN_POINT ( 'NONE',  ( -2.676585940248913165, -2.676585755977737513, -2.333974607172683235 ) ) ;
#4603 = CARTESIAN_POINT ( 'NONE',  ( 0.5000000701513725998, -3.565108684151611751, 7.128430125575468956 ) ) ;
#4604 = CARTESIAN_POINT ( 'NONE',  ( 0.5631639517484252622, -3.555678045528178011, -2.033974607172682969 ) ) ;
#4605 = CARTESIAN_POINT ( 'NONE',  ( -3.372694867087378423, 1.718474014398682526, -0.7339746071726837018 ) ) ;
#4606 = ORIENTED_EDGE ( 'NONE', *, *, #2529, .F. ) ;
#4607 = CARTESIAN_POINT ( 'NONE',  ( -3.207623543337572602, -1.634365688646975068, 2.733974585258435397 ) ) ;
#4608 = VERTEX_POINT ( 'NONE', #3545 ) ;
#4609 = LINE ( 'NONE', #5704, #6212 ) ;
#4610 = CARTESIAN_POINT ( 'NONE',  ( 0.6743883618602999341, 4.257919592556767441, 0.9999999890428767912 ) ) ;
#4611 = CARTESIAN_POINT ( 'NONE',  ( -3.841124709738404253, 1.957150960842944709, 4.299999989042877502 ) ) ;
#4612 = CARTESIAN_POINT ( 'NONE',  ( 1.861361174683003883, 3.653126685099039594, 9.799999989042879278 ) ) ;
#4613 = CARTESIAN_POINT ( 'NONE',  ( -0.5000000000000424105, -3.938646991333215830, 1.975203522068657458 ) ) ;
#4614 = CARTESIAN_POINT ( 'NONE',  ( 3.555678006756805676, -0.5631641965412358397, 4.366025392827316942 ) ) ;
#4615 = ADVANCED_FACE ( 'NONE', ( #3005 ), #5170, .F. ) ;
#4616 = CARTESIAN_POINT ( 'NONE',  ( 0.6413811672690402643, -4.049522218518203154, 8.999999989042878568 ) ) ;
#4617 = CARTESIAN_POINT ( 'NONE',  ( -1.861361174683003439, -3.653126685099040039, -4.100000010957123742 ) ) ;
#4618 = CARTESIAN_POINT ( 'NONE',  ( 3.738661146426232040, 0.5921456213162114013, 9.633974585258435752 ) ) ;
#4619 = CARTESIAN_POINT ( 'NONE',  ( -3.841124709738404253, 1.957150960842944709, -0.6000000109571239637 ) ) ;
#4620 = VERTEX_POINT ( 'NONE', #6806 ) ;
#4621 = CARTESIAN_POINT ( 'NONE',  ( -4.257919638985431909, -0.6743880687212413516, 1.599999989042876214 ) ) ;
#4622 = CIRCLE ( 'NONE', #5064, 9.000000000000001776 ) ;
#4623 = CARTESIAN_POINT ( 'NONE',  ( -3.841124709738404253, 1.957150960842944709, 3.399999989042875814 ) ) ;
#4624 = CARTESIAN_POINT ( 'NONE',  ( 0.5921458787066045115, 3.738661105659599748, 10.03397458525843433 ) ) ;
#4625 = CARTESIAN_POINT ( 'NONE',  ( -2.785875710556358964, -3.017724704539982206, 8.000000000000005329 ) ) ;
#4626 = DIRECTION ( 'NONE',  ( 1.000000000000000000, -0.000000000000000000, -0.000000000000000000 ) ) ;
#4627 = ORIENTED_EDGE ( 'NONE', *, *, #2825, .F. ) ;
#4628 = CARTESIAN_POINT ( 'NONE',  ( 0.6413811672690400423, -4.049522218518203154, 8.099999989042876436 ) ) ;
#4629 = ADVANCED_FACE ( 'NONE', ( #1280, #1934 ), #6268, .T. ) ;
#4630 = AXIS2_PLACEMENT_3D ( 'NONE', #1692, #20, #6600 ) ;
#4631 = CARTESIAN_POINT ( 'NONE',  ( 2.899137703068392025, -2.899137902661292454, 4.299999989042876614 ) ) ;
#4632 = CARTESIAN_POINT ( 'NONE',  ( -0.5921458787066038454, -3.738661105659599304, 9.033974585258434331 ) ) ;
#4633 = CARTESIAN_POINT ( 'NONE',  ( 0.5000000000000004441, -3.565108693995177269, 10.00000000000000000 ) ) ;
#4634 = CARTESIAN_POINT ( 'NONE',  ( -4.257919638985431909, -0.6743880687212413516, 2.499999989042877679 ) ) ;
#4635 = CARTESIAN_POINT ( 'NONE',  ( -0.5631639517484248181, 3.555678045528178011, 8.966025392827315699 ) ) ;
#4636 = CARTESIAN_POINT ( 'NONE',  ( -3.207623543337572602, -1.634365688646975068, 8.733974585258435397 ) ) ;
#4637 = CARTESIAN_POINT ( 'NONE',  ( 1.861361174683003883, 3.653126685099039594, 8.899999989042877147 ) ) ;
#4638 = CARTESIAN_POINT ( 'NONE',  ( 0.000000000000000000, 0.000000000000000000, 8.000000000000000000 ) ) ;
#4639 = CARTESIAN_POINT ( 'NONE',  ( 4.049522174361919191, -0.6413814460608513457, 1.399999989042877813 ) ) ;
#4640 = CARTESIAN_POINT ( 'NONE',  ( -1.718473782203454592, 3.372694985396756273, -0.9339746071726841015 ) ) ;
#4641 = CARTESIAN_POINT ( 'NONE',  ( -2.676585940248913165, -2.676585755977737513, 2.833974585258436374 ) ) ;
#4642 = EDGE_CURVE ( 'NONE', #5567, #4233, #710, .T. ) ;
#4643 = CARTESIAN_POINT ( 'NONE',  ( 3.555678006756805676, -0.5631641965412358397, -1.633974607172683502 ) ) ;
#4644 = CARTESIAN_POINT ( 'NONE',  ( -0.5631639517484248181, 3.555678045528178011, 0.9660253928273163648 ) ) ;
#4645 = CARTESIAN_POINT ( 'NONE',  ( 3.738661146426232484, 0.5921456213162111792, -1.533974607172684301 ) ) ;
#4646 = ORIENTED_EDGE ( 'NONE', *, *, #100, .T. ) ;
#4647 = VERTEX_POINT ( 'NONE', #2894 ) ;
#4648 = DIRECTION ( 'NONE',  ( 0.000000000000000000, 0.000000000000000000, 1.000000000000000000 ) ) ;
#4649 = CARTESIAN_POINT ( 'NONE',  ( -3.653126813245570315, -1.861360923181276883, 4.599999989042878212 ) ) ;
#4650 = CARTESIAN_POINT ( 'NONE',  ( -3.207623543337572602, -1.634365688646974846, 1.566025392827316232 ) ) ;
#4651 = CARTESIAN_POINT ( 'NONE',  ( 4.049522174361919191, -0.6413814460608517898, 5.399999989042878035 ) ) ;
#4652 = CARTESIAN_POINT ( 'NONE',  ( 3.738661146426232484, 0.5921456213162111792, -3.533974607172683857 ) ) ;
#4653 = CARTESIAN_POINT ( 'NONE',  ( -0.5921458787066042895, -3.738661105659599748, 5.866025392827316054 ) ) ;
#4654 = CARTESIAN_POINT ( 'NONE',  ( -3.048333987505707388, -3.048333777641312636, 6.699999989042876081 ) ) ;
#4655 = CARTESIAN_POINT ( 'NONE',  ( 1.861361174683003883, 3.653126685099039594, 3.799999989042877058 ) ) ;
#4656 = CARTESIAN_POINT ( 'NONE',  ( -3.048333987505707388, -3.048333777641312636, -1.300000010957121699 ) ) ;
#4657 = CARTESIAN_POINT ( 'NONE',  ( 4.257919638985431909, 0.6743880687212407965, -1.400000010957124230 ) ) ;
#4658 = CARTESIAN_POINT ( 'NONE',  ( 0.4999999999999801825, -4.069397989875161770, 6.989223782170677524 ) ) ;
#4659 = CARTESIAN_POINT ( 'NONE',  ( 1.861361174683003883, 3.653126685099039594, 0.8999999890428757032 ) ) ;
#4660 = CARTESIAN_POINT ( 'NONE',  ( -3.048333987505707832, -3.048333777641312636, 5.799999989042874837 ) ) ;
#4661 = CARTESIAN_POINT ( 'NONE',  ( -4.049522174361919191, 0.6413814460608511236, -1.600000010957123076 ) ) ;
#4662 = CARTESIAN_POINT ( 'NONE',  ( -3.841124709738404253, 1.957150960842944709, 7.399999989042877147 ) ) ;
#4663 = CARTESIAN_POINT ( 'NONE',  ( 0.4999999999999997780, -3.828002993398351705, 6.027424462899999114 ) ) ;
#4664 = VERTEX_POINT ( 'NONE', #5056 ) ;
#4665 = CARTESIAN_POINT ( 'NONE',  ( 0.6743883618602999341, 4.257919592556767441, 8.999999989042876791 ) ) ;
#4666 = CARTESIAN_POINT ( 'NONE',  ( 0.6413811672690400423, -4.049522218518203154, 0.09999998904287703272 ) ) ;
#4667 = CARTESIAN_POINT ( 'NONE',  ( -3.738661146426231596, -0.5921456213162122895, 6.633974585258435752 ) ) ;
#4668 = CARTESIAN_POINT ( 'NONE',  ( 1.957150696398380241, -3.841124844479640199, 6.199999989042876081 ) ) ;
#4669 = CARTESIAN_POINT ( 'NONE',  ( 3.841124709738403809, -1.957150960842944709, -0.7000000109571216100 ) ) ;
#4670 = CARTESIAN_POINT ( 'NONE',  ( -3.372694867087378423, 1.718474014398681859, 10.43397458525843646 ) ) ;
#4671 = CARTESIAN_POINT ( 'NONE',  ( -4.099999999584540866, -5.836745599459155853E-05, 9.549381293897914347 ) ) ;
#4672 = CARTESIAN_POINT ( 'NONE',  ( -5.999999999999999112, 0.000000000000000000, 8.000000000000000000 ) ) ;
#4673 = CARTESIAN_POINT ( 'NONE',  ( -0.5000000000000446310, -3.807913843934095155, 3.939075346948504919 ) ) ;
#4674 = EDGE_CURVE ( 'NONE', #4785, #5097, #6730, .T. ) ;
#4675 = CARTESIAN_POINT ( 'NONE',  ( -4.049522174361919191, 0.6413814460608515677, 3.499999989042876347 ) ) ;
#4676 = CARTESIAN_POINT ( 'NONE',  ( 4.049522174361919191, -0.6413814460608513457, 9.399999989042877147 ) ) ;
#4677 = CARTESIAN_POINT ( 'NONE',  ( 0.5921458787066047336, 3.738661105659600192, -1.133974607172683058 ) ) ;
#4678 = CARTESIAN_POINT ( 'NONE',  ( 0.5921458787066047336, 3.738661105659600192, 2.866025392827316942 ) ) ;
#4679 = CARTESIAN_POINT ( 'NONE',  ( -3.653126813245570315, -1.861360923181276883, 7.699999989042876081 ) ) ;
#4680 = ORIENTED_EDGE ( 'NONE', *, *, #5878, .T. ) ;
#4681 =( NAMED_UNIT ( * ) PLANE_ANGLE_UNIT ( ) SI_UNIT ( $, .RADIAN. ) );
#4682 = EDGE_LOOP ( 'NONE', ( #2648, #4680 ) ) ;
#4683 = EDGE_CURVE ( 'NONE', #4053, #5567, #1381, .T. ) ;
#4684 = CARTESIAN_POINT ( 'NONE',  ( 1.718473782203455258, -3.372694985396755829, 7.233974585258436285 ) ) ;
#4685 = CARTESIAN_POINT ( 'NONE',  ( 3.048333987505708276, 3.048333777641312192, 3.699999989042877413 ) ) ;
#4686 = CARTESIAN_POINT ( 'NONE',  ( 0.5631639517484252622, -3.555678045528178011, 3.966025392827316587 ) ) ;
#4687 = CARTESIAN_POINT ( 'NONE',  ( 3.653126813245570315, 1.861360923181276661, -0.4000000109571216766 ) ) ;
#4688 = CARTESIAN_POINT ( 'NONE',  ( -3.738661146426232484, -0.5921456213162119564, -2.533974607172683413 ) ) ;
#4689 = DIRECTION ( 'NONE',  ( -1.000000000000000000, 2.407693239918955638E-17, 0.000000000000000000 ) ) ;
#4690 = CARTESIAN_POINT ( 'NONE',  ( -2.899137703068391581, 2.899137902661292454, 6.199999989042877857 ) ) ;
#4691 = CARTESIAN_POINT ( 'NONE',  ( -0.6743883618602996011, -4.257919592556767441, 8.899999989042878923 ) ) ;
#4692 = CARTESIAN_POINT ( 'NONE',  ( -1.634365909477758505, -3.207623430818668187, 0.9339745852584360186 ) ) ;
#4693 = VECTOR ( 'NONE', #1856, 1000.000000000000000 ) ;
#4694 = CARTESIAN_POINT ( 'NONE',  ( 2.899137703068392025, -2.899137902661292454, -3.700000010957124275 ) ) ;
#4695 = ORIENTED_EDGE ( 'NONE', *, *, #4416, .F. ) ;
#4696 = CARTESIAN_POINT ( 'NONE',  ( 1.957150696398380463, -3.841124844479640643, 2.199999989042876525 ) ) ;
#4697 = CARTESIAN_POINT ( 'NONE',  ( -1.861361174683003439, -3.653126685099040039, 7.899999989042876258 ) ) ;
#4698 = CARTESIAN_POINT ( 'NONE',  ( -3.048333987505707388, -3.048333777641312636, 0.6999999890428785232 ) ) ;
#4699 = CARTESIAN_POINT ( 'NONE',  ( 6.720610260001267378, -5.986100377805716022, 1.249999999999998446 ) ) ;
#4700 = CARTESIAN_POINT ( 'NONE',  ( -3.841124709738404253, 1.957150960842943821, 6.299999989042879278 ) ) ;
#4701 = ORIENTED_EDGE ( 'NONE', *, *, #2891, .F. ) ;
#4702 = CARTESIAN_POINT ( 'NONE',  ( -0.6413811672690397092, 4.049522218518203154, 7.099999989042876436 ) ) ;
#4703 = CARTESIAN_POINT ( 'NONE',  ( 1.861361174683003883, 3.653126685099039594, -1.100000010957124408 ) ) ;
#4704 = CARTESIAN_POINT ( 'NONE',  ( -3.048333987505707832, -3.048333777641312636, 7.799999989042877502 ) ) ;
#4705 = CARTESIAN_POINT ( 'NONE',  ( -3.048333987505707832, -3.048333777641312636, 2.699999989042877857 ) ) ;
#4706 = CARTESIAN_POINT ( 'NONE',  ( -3.738661146426231596, -0.5921456213162122895, 2.633974585258435308 ) ) ;
#4707 = CARTESIAN_POINT ( 'NONE',  ( -2.545584324645416618, 2.545584499897719954, -4.833974607172683235 ) ) ;
#4708 = CARTESIAN_POINT ( 'NONE',  ( 0.5631639517484252622, -3.555678045528178011, 7.966025392827317475 ) ) ;
#4709 = CARTESIAN_POINT ( 'NONE',  ( -4.099947555480079053, 0.2424877083635430530, 2.236692756838028910E-15 ) ) ;
#4710 = CARTESIAN_POINT ( 'NONE',  ( 2.899137703068392025, -2.899137902661292454, 8.299999989042877502 ) ) ;
#4711 = CARTESIAN_POINT ( 'NONE',  ( 0.6743883618602993790, 4.257919592556766553, 9.899999989042875370 ) ) ;
#4712 = CARTESIAN_POINT ( 'NONE',  ( -2.545584324645416618, 2.545584499897719954, -4.833974607172683235 ) ) ;
#4713 = CARTESIAN_POINT ( 'NONE',  ( 3.372694867087377979, -1.718474014398682970, 6.266025392827315521 ) ) ;
#4714 = CARTESIAN_POINT ( 'NONE',  ( -4.049522174361919191, 0.6413814460608515677, 9.499999989042876791 ) ) ;
#4715 = ORIENTED_EDGE ( 'NONE', *, *, #2143, .T. ) ;
#4716 = ORIENTED_EDGE ( 'NONE', *, *, #5556, .T. ) ;
#4717 = CARTESIAN_POINT ( 'NONE',  ( -4.257919638985431909, -0.6743880687212416847, 6.499999989042878568 ) ) ;
#4718 = ADVANCED_FACE ( 'NONE', ( #3614 ), #598, .F. ) ;
#4719 = CARTESIAN_POINT ( 'NONE',  ( -3.841124709738404253, 1.957150960842944709, -1.700000010957122498 ) ) ;
#4720 = CARTESIAN_POINT ( 'NONE',  ( -0.5631639517484248181, 3.555678045528178011, 4.966025392827316587 ) ) ;
#4721 = EDGE_CURVE ( 'NONE', #4182, #3905, #5156, .T. ) ;
#4722 = CARTESIAN_POINT ( 'NONE',  ( -0.6743883618602996011, -4.257919592556767441, -1.100000010957122631 ) ) ;
#4723 = CARTESIAN_POINT ( 'NONE',  ( 1.861361174683003439, 3.653126685099039594, 3.799999989042877058 ) ) ;
#4724 = CARTESIAN_POINT ( 'NONE',  ( 4.257919638985430133, 0.6743880687212409075, 5.499999989042877679 ) ) ;
#4725 = CARTESIAN_POINT ( 'NONE',  ( 3.048333987505708276, 3.048333777641312192, 3.699999989042877413 ) ) ;
#4726 = CARTESIAN_POINT ( 'NONE',  ( -0.5921458787066038454, -3.738661105659599304, 7.033974585258436107 ) ) ;
#4727 = CARTESIAN_POINT ( 'NONE',  ( -3.841124709738404253, 1.957150960842943821, 10.29999998904287750 ) ) ;
#4728 = CARTESIAN_POINT ( 'NONE',  ( -3.048333987505707832, -3.048333777641312636, 3.799999989042876614 ) ) ;
#4729 = CARTESIAN_POINT ( 'NONE',  ( -0.6743883618602996011, -4.257919592556767441, 5.999999989042876791 ) ) ;
#4730 = EDGE_CURVE ( 'NONE', #5462, #6290, #346, .T. ) ;
#4731 = CARTESIAN_POINT ( 'NONE',  ( -1.718473782203454592, 3.372694985396755829, 10.23397458525843540 ) ) ;
#4732 = CARTESIAN_POINT ( 'NONE',  ( -4.100000000000002309, -0.9196847177407059259, 9.621072372642844428 ) ) ;
#4733 = CARTESIAN_POINT ( 'NONE',  ( -2.899137703068391581, 2.899137902661292454, 10.19999998904287786 ) ) ;
#4734 = ORIENTED_EDGE ( 'NONE', *, *, #3036, .F. ) ;
#4735 = CARTESIAN_POINT ( 'NONE',  ( 1.861361174683003883, 3.653126685099039594, 6.899999989042876258 ) ) ;
#4736 = CARTESIAN_POINT ( 'NONE',  ( 3.048333987505708276, 3.048333777641312192, 2.799999989042875725 ) ) ;
#4737 = AXIS2_PLACEMENT_3D ( 'NONE', #6725, #5577, #4065 ) ;
#4738 = CARTESIAN_POINT ( 'NONE',  ( -2.899137703068391581, 2.899137902661292898, 3.299999989042876614 ) ) ;
#4739 = CARTESIAN_POINT ( 'NONE',  ( 8.114351217958484241, -3.895236915547659162, 5.796282413902739350 ) ) ;
#4740 = CARTESIAN_POINT ( 'NONE',  ( 9.000000000000001776, -5.986100377805715134, 3.999999999999998224 ) ) ;
#4741 = CARTESIAN_POINT ( 'NONE',  ( -1.957150696398379353, 3.841124844479640643, 0.09999998904287703272 ) ) ;
#4742 = CARTESIAN_POINT ( 'NONE',  ( 2.545584324645417063, -2.545584499897719066, 1.333974585258435486 ) ) ;
#4743 = CARTESIAN_POINT ( 'NONE',  ( -0.5921458787066038454, -3.738661105659599304, 1.033974585258435441 ) ) ;
#4744 = CARTESIAN_POINT ( 'NONE',  ( -1.718473782203454592, 3.372694985396756273, -2.933974607172684657 ) ) ;
#4745 = CARTESIAN_POINT ( 'NONE',  ( -3.600000000000000089, -0.8642834671560714055, 5.492136753985122688 ) ) ;
#4746 = CARTESIAN_POINT ( 'NONE',  ( -0.6743883618602996011, -4.257919592556767441, 7.999999989042875903 ) ) ;
#4747 = EDGE_CURVE ( 'NONE', #5567, #4786, #1666, .T. ) ;
#4748 = CARTESIAN_POINT ( 'NONE',  ( -3.841124709738404253, 1.957150960842943821, 10.29999998904287750 ) ) ;
#4749 = CARTESIAN_POINT ( 'NONE',  ( 0.6413811672690400423, -4.049522218518203154, 8.099999989042876436 ) ) ;
#4750 = CARTESIAN_POINT ( 'NONE',  ( 0.5921458787066047336, 3.738661105659600192, 4.866025392827316942 ) ) ;
#4751 = CARTESIAN_POINT ( 'NONE',  ( 1.718473782203455036, -3.372694985396756273, -3.933974607172682436 ) ) ;
#4752 = ORIENTED_EDGE ( 'NONE', *, *, #6930, .T. ) ;
#4753 = ORIENTED_EDGE ( 'NONE', *, *, #4965, .T. ) ;
#4754 = CARTESIAN_POINT ( 'NONE',  ( 0.5000000000000106581, -3.908482078909107926, 2.047969133321432711 ) ) ;
#4755 = DIRECTION ( 'NONE',  ( 0.000000000000000000, 0.000000000000000000, 1.000000000000000000 ) ) ;
#4756 = CARTESIAN_POINT ( 'NONE',  ( 2.676585940248914053, 2.676585755977737069, 6.666025392827316765 ) ) ;
#4757 = CARTESIAN_POINT ( 'NONE',  ( -4.257919638985431909, -0.6743880687212413516, 4.499999989042877679 ) ) ;
#4758 = CARTESIAN_POINT ( 'NONE',  ( -8.417170806306968345, -3.186100377805715755, 10.00000000000000000 ) ) ;
#4759 = CARTESIAN_POINT ( 'NONE',  ( 0.6743883618602993790, 4.257919592556766553, -0.1000000109571217294 ) ) ;
#4760 = CARTESIAN_POINT ( 'NONE',  ( -1.861361174683003439, -3.653126685099040039, 4.799999989042878390 ) ) ;
#4761 = CARTESIAN_POINT ( 'NONE',  ( 3.738661146426232040, 0.5921456213162114013, 3.633974585258435308 ) ) ;
#4762 = CARTESIAN_POINT ( 'NONE',  ( 1.634365909477759171, 3.207623430818668187, 6.766025392827316409 ) ) ;
#4763 = CARTESIAN_POINT ( 'NONE',  ( 3.841124709738403809, -1.957150960842944709, 0.3999999890428768690 ) ) ;
#4764 = CARTESIAN_POINT ( 'NONE',  ( 4.049522174361919191, -0.6413814460608517898, 4.499999989042876791 ) ) ;
#4765 = CARTESIAN_POINT ( 'NONE',  ( 3.372694867087377979, -1.718474014398682526, 3.433974585258436463 ) ) ;
#4766 = CARTESIAN_POINT ( 'NONE',  ( 0.5000000000000032196, -4.069397989875159993, 2.989223782170679300 ) ) ;
#4767 = CARTESIAN_POINT ( 'NONE',  ( 4.257919638985430133, 0.6743880687212409075, 7.499999989042877679 ) ) ;
#4768 = ORIENTED_EDGE ( 'NONE', *, *, #1652, .T. ) ;
#4769 = CARTESIAN_POINT ( 'NONE',  ( -0.5631639517484248181, 3.555678045528178011, -3.033974607172683857 ) ) ;
#4770 = CARTESIAN_POINT ( 'NONE',  ( -4.049522174361919191, 0.6413814460608515677, 5.499999989042876791 ) ) ;
#4771 = CARTESIAN_POINT ( 'NONE',  ( 3.653126813245570315, 1.861360923181276661, 2.699999989042876969 ) ) ;
#4772 = CARTESIAN_POINT ( 'NONE',  ( 1.718473782203455258, -3.372694985396755829, 5.233974585258435397 ) ) ;
#4773 = CARTESIAN_POINT ( 'NONE',  ( -1.861361174683003439, -3.653126685099040039, 7.899999989042876258 ) ) ;
#4774 = CARTESIAN_POINT ( 'NONE',  ( -3.048333987505707832, -3.048333777641312636, 0.6999999890428785232 ) ) ;
#4775 = AXIS2_PLACEMENT_3D ( 'NONE', #682, #6090, #5561 ) ;
#4776 = CARTESIAN_POINT ( 'NONE',  ( -3.207623543337572602, -1.634365688646975068, -1.266025414741564603 ) ) ;
#4777 = CARTESIAN_POINT ( 'NONE',  ( -3.372694867087378423, 1.718474014398681859, 2.433974585258435130 ) ) ;
#4778 = CARTESIAN_POINT ( 'NONE',  ( -2.676585940248913165, -2.676585755977737513, -2.333974607172683235 ) ) ;
#4779 = CARTESIAN_POINT ( 'NONE',  ( -0.4999999999999992784, -4.220485754033534320, 8.500000000000000000 ) ) ;
#4780 = CARTESIAN_POINT ( 'NONE',  ( -1.957150696398379353, 3.841124844479640643, 5.199999989042876969 ) ) ;
#4781 = CARTESIAN_POINT ( 'NONE',  ( -1.957150696398379353, 3.841124844479640199, 8.099999989042878212 ) ) ;
#4782 = CARTESIAN_POINT ( 'NONE',  ( -0.6413811672690397092, 4.049522218518203154, 5.099999989042876436 ) ) ;
#4783 = CARTESIAN_POINT ( 'NONE',  ( -3.207623543337572602, -1.634365688646974846, 3.566025392827317120 ) ) ;
#4784 = CARTESIAN_POINT ( 'NONE',  ( 4.049522174361919191, -0.6413814460608517898, 8.499999989042876791 ) ) ;
#4785 = VERTEX_POINT ( 'NONE', #1803 ) ;
#4786 = VERTEX_POINT ( 'NONE', #3984 ) ;
#4787 = CARTESIAN_POINT ( 'NONE',  ( 1.957150696398380241, -3.841124844479640199, 5.099999989042878212 ) ) ;
#4788 = CARTESIAN_POINT ( 'NONE',  ( -1.861361174683003439, -3.653126685099040039, 0.7999999890428779459 ) ) ;
#4789 = CARTESIAN_POINT ( 'NONE',  ( 1.718473782203455036, -3.372694985396756273, 2.066025392827316676 ) ) ;
#4790 = CARTESIAN_POINT ( 'NONE',  ( 4.257919638985430133, 0.6743880687212409075, 3.499999989042877235 ) ) ;
#4791 = CARTESIAN_POINT ( 'NONE',  ( -0.6743883618602991570, -4.257919592556766553, -1.100000010957122631 ) ) ;
#4792 = CARTESIAN_POINT ( 'NONE',  ( 4.257919638985431909, 0.6743880687212407965, 9.499999989042878568 ) ) ;
#4793 = CARTESIAN_POINT ( 'NONE',  ( -2.545584324645416618, 2.545584499897719510, 2.333974585258436374 ) ) ;
#4794 = CARTESIAN_POINT ( 'NONE',  ( -1.861361174683003439, -3.653126685099040039, -4.100000010957123742 ) ) ;
#4795 =( BOUNDED_CURVE ( )  B_SPLINE_CURVE ( 2, ( #3988, #4027, #6144, #5616, #1237, #3422, #6764 ),
 .UNSPECIFIED., .F., .F. ) 
 B_SPLINE_CURVE_WITH_KNOTS ( ( 3, 2, 2, 3 ),
 ( 0.2982607925057977338, 0.3087651434641776049, 0.3227999227125493142, 0.3302103245695173772 ),
 .UNSPECIFIED. ) 
 CURVE ( )  GEOMETRIC_REPRESENTATION_ITEM ( )  RATIONAL_B_SPLINE_CURVE ( ( 0.9815706371881787184, 0.9633681783757946926, 1.000000000000000000, 0.9510565162951535312, 1.000000000000000000, 0.9741577066433049215, 0.9756050165343392866 ) ) 
 REPRESENTATION_ITEM ( '' )  );
#4796 = CARTESIAN_POINT ( 'NONE',  ( 3.048333987505708276, 3.048333777641312192, 6.799999989042875725 ) ) ;
#4797 = CARTESIAN_POINT ( 'NONE',  ( -2.545584324645416618, 2.545584499897719510, 6.333974585258435930 ) ) ;
#4798 = CARTESIAN_POINT ( 'NONE',  ( 4.000000000000000888, -5.986100377805715134, 5.599999999999997868 ) ) ;
#4799 = CARTESIAN_POINT ( 'NONE',  ( -4.257919638985431909, -0.6743880687212415737, 8.499999989042878568 ) ) ;
#4800 = ORIENTED_EDGE ( 'NONE', *, *, #6832, .F. ) ;
#4801 = CARTESIAN_POINT ( 'NONE',  ( 3.653126813245570315, 1.861360923181276661, 2.699999989042876969 ) ) ;
#4802 = CARTESIAN_POINT ( 'NONE',  ( -3.653126813245570315, -1.861360923181276883, 5.699999989042876969 ) ) ;
#4803 = CARTESIAN_POINT ( 'NONE',  ( -2.899137703068391581, 2.899137902661292898, -4.700000010957123386 ) ) ;
#4804 = DIRECTION ( 'NONE',  ( -0.000000000000000000, -0.000000000000000000, -1.000000000000000000 ) ) ;
#4805 = CARTESIAN_POINT ( 'NONE',  ( 3.653126813245570315, 1.861360923181276661, 6.699999989042876969 ) ) ;
#4806 = CARTESIAN_POINT ( 'NONE',  ( 3.653126813245570315, 1.861360923181276661, -2.400000010957121788 ) ) ;
#4807 = CARTESIAN_POINT ( 'NONE',  ( -3.555678006756805676, 0.5631641965412349515, -1.466025414741565003 ) ) ;
#4808 = CARTESIAN_POINT ( 'NONE',  ( -2.545584324645416618, 2.545584499897719954, 9.166025392827316765 ) ) ;
#4809 = CARTESIAN_POINT ( 'NONE',  ( -3.653126813245570315, -1.861360923181276883, 5.699999989042876969 ) ) ;
#4810 = CARTESIAN_POINT ( 'NONE',  ( -0.5631639517484248181, 3.555678045528178011, 6.966025392827316587 ) ) ;
#4811 = CARTESIAN_POINT ( 'NONE',  ( -1.957150696398379353, 3.841124844479640643, 3.199999989042876525 ) ) ;
#4812 = CARTESIAN_POINT ( 'NONE',  ( 1.718473782203455036, -3.372694985396756273, 6.066025392827317120 ) ) ;
#4813 = CARTESIAN_POINT ( 'NONE',  ( -3.048333987505707832, -3.048333777641312636, 5.799999989042874837 ) ) ;
#4814 = CARTESIAN_POINT ( 'NONE',  ( -3.841124709738404253, 1.957150960842944709, -0.6000000109571239637 ) ) ;
#4815 = CARTESIAN_POINT ( 'NONE',  ( -4.049522174361919191, 0.6413814460608515677, 5.499999989042876791 ) ) ;
#4816 = ORIENTED_EDGE ( 'NONE', *, *, #183, .T. ) ;
#4817 = ORIENTED_EDGE ( 'NONE', *, *, #1444, .T. ) ;
#4818 = CARTESIAN_POINT ( 'NONE',  ( -2.676585940248913165, -2.676585755977737513, 5.666025392827316765 ) ) ;
#4819 = CARTESIAN_POINT ( 'NONE',  ( 4.257919638985431909, 0.6743880687212407965, 1.499999989042876791 ) ) ;
#4820 = CARTESIAN_POINT ( 'NONE',  ( 3.555678006756805676, -0.5631641965412358397, -1.633974607172683502 ) ) ;
#4821 = CARTESIAN_POINT ( 'NONE',  ( -2.899137703068391581, 2.899137902661292454, 4.199999989042877857 ) ) ;
#4822 = CARTESIAN_POINT ( 'NONE',  ( 3.653126813245570315, 1.861360923181276883, 3.599999989042878212 ) ) ;
#4823 = CARTESIAN_POINT ( 'NONE',  ( -4.257919638985431909, -0.6743880687212413516, 2.499999989042877679 ) ) ;
#4824 = CARTESIAN_POINT ( 'NONE',  ( -0.5631639517484252622, 3.555678045528177567, 6.133974585258435752 ) ) ;
#4825 = CARTESIAN_POINT ( 'NONE',  ( 4.257919638985431909, 0.6743880687212407965, -3.400000010957124008 ) ) ;
#4826 = EDGE_CURVE ( 'NONE', #821, #2662, #386, .T. ) ;
#4827 = CARTESIAN_POINT ( 'NONE',  ( 3.653126813245570315, 1.861360923181276661, -3.300000010957123031 ) ) ;
#4828 = CARTESIAN_POINT ( 'NONE',  ( 3.207623543337573047, 1.634365688646974624, 7.733974585258436285 ) ) ;
#4829 = CARTESIAN_POINT ( 'NONE',  ( 3.653126813245570315, 1.861360923181276661, 2.699999989042876969 ) ) ;
#4830 = CARTESIAN_POINT ( 'NONE',  ( 4.049522174361919191, -0.6413814460608513457, 7.399999989042878035 ) ) ;
#4831 = ORIENTED_EDGE ( 'NONE', *, *, #2108, .T. ) ;
#4832 = CARTESIAN_POINT ( 'NONE',  ( 1.957150696398380463, -3.841124844479640643, 2.199999989042876525 ) ) ;
#4833 = CARTESIAN_POINT ( 'NONE',  ( 1.957150696398380463, -3.841124844479640643, 4.199999989042876969 ) ) ;
#4834 = CARTESIAN_POINT ( 'NONE',  ( -3.653126813245570315, -1.861360923181276883, 8.599999989042878212 ) ) ;
#4835 = LINE ( 'NONE', #6971, #1459 ) ;
#4836 = CARTESIAN_POINT ( 'NONE',  ( 1.957150696398380463, -3.841124844479640643, 9.099999989042876436 ) ) ;
#4837 = CARTESIAN_POINT ( 'NONE',  ( 3.555678006756805676, -0.5631641965412353956, -0.4660254147415641146 ) ) ;
#4838 = CARTESIAN_POINT ( 'NONE',  ( 4.250000000000000888, 5.204748896376251685E-16, 8.000000000000000000 ) ) ;
#4839 = CARTESIAN_POINT ( 'NONE',  ( 3.372694867087377979, -1.718474014398682970, 4.266025392827316409 ) ) ;
#4840 = CARTESIAN_POINT ( 'NONE',  ( -1.861361174683003439, -3.653126685099040039, 1.899999989042876480 ) ) ;
#4841 = CARTESIAN_POINT ( 'NONE',  ( -0.6743883618602991570, -4.257919592556766553, 4.899999989042877147 ) ) ;
#4842 = CARTESIAN_POINT ( 'NONE',  ( 0.6413811672690400423, -4.049522218518203154, 4.099999989042876436 ) ) ;
#4843 = CARTESIAN_POINT ( 'NONE',  ( -1.957150696398379353, 3.841124844479640643, -2.800000010957124363 ) ) ;
#4844 = CARTESIAN_POINT ( 'NONE',  ( -0.6743883618602996011, -4.257919592556767441, 3.999999989042876791 ) ) ;
#4845 = VERTEX_POINT ( 'NONE', #6966 ) ;
#4846 = CARTESIAN_POINT ( 'NONE',  ( 2.545584324645417063, -2.545584499897719510, 8.166025392827316765 ) ) ;
#4847 = CARTESIAN_POINT ( 'NONE',  ( -0.5921458787066038454, -3.738661105659599304, 3.033974585258435663 ) ) ;
#4848 = EDGE_CURVE ( 'NONE', #5082, #6760, #5791, .T. ) ;
#4849 = COLOUR_RGB ( '',0.7921568627450980005, 0.8196078431372548767, 0.9333333333333333481 ) ;
#4850 = CARTESIAN_POINT ( 'NONE',  ( 1.861361174683003883, 3.653126685099039594, -0.2000000109571228868 ) ) ;
#4851 = CARTESIAN_POINT ( 'NONE',  ( 0.5921458787066047336, 3.738661105659600192, -1.133974607172683058 ) ) ;
#4852 = DIRECTION ( 'NONE',  ( 0.000000000000000000, 0.000000000000000000, 1.000000000000000000 ) ) ;
#4853 = CARTESIAN_POINT ( 'NONE',  ( -3.048333987505707388, -3.048333777641312636, 4.699999989042877857 ) ) ;
#4854 = CARTESIAN_POINT ( 'NONE',  ( 4.257919638985431909, 0.6743880687212407965, -2.500000010957122765 ) ) ;
#4855 = CARTESIAN_POINT ( 'NONE',  ( 3.207623543337573047, 1.634365688646974624, -2.266025414741563715 ) ) ;
#4856 = CARTESIAN_POINT ( 'NONE',  ( 3.048333987505708276, 3.048333777641312192, 9.699999989042877857 ) ) ;
#4857 = CARTESIAN_POINT ( 'NONE',  ( -3.841124709738404253, 1.957150960842944709, -2.600000010957123742 ) ) ;
#4858 = CARTESIAN_POINT ( 'NONE',  ( -3.372694867087378423, 1.718474014398681859, 6.433974585258436463 ) ) ;
#4859 = CARTESIAN_POINT ( 'NONE',  ( 4.049522174361919191, -0.6413814460608517898, 6.499999989042876791 ) ) ;
#4860 = CARTESIAN_POINT ( 'NONE',  ( -0.6743883618602991570, -4.257919592556766553, 0.8999999890428772575 ) ) ;
#4861 = CARTESIAN_POINT ( 'NONE',  ( -1.861361174683003439, -3.653126685099040039, 3.899999989042876702 ) ) ;
#4862 = CARTESIAN_POINT ( 'NONE',  ( 3.048333987505708276, 3.048333777641312192, 6.799999989042875725 ) ) ;
#4863 = CARTESIAN_POINT ( 'NONE',  ( -0.4999999999999992784, -3.565108693995177713, 3.039698219489806785 ) ) ;
#4864 = CARTESIAN_POINT ( 'NONE',  ( -0.6413811672690397092, 4.049522218518203154, 7.999999989042877679 ) ) ;
#4865 = CARTESIAN_POINT ( 'NONE',  ( 3.555678006756805676, -0.5631641965412353956, 5.533974585258436107 ) ) ;
#4866 = CARTESIAN_POINT ( 'NONE',  ( -4.257919638985431909, -0.6743880687212414626, 5.599999989042876436 ) ) ;
#4867 = CARTESIAN_POINT ( 'NONE',  ( -3.841124709738404253, 1.957150960842944709, -1.700000010957122498 ) ) ;
#4868 = CARTESIAN_POINT ( 'NONE',  ( 0.6743883618602993790, 4.257919592556766553, 7.899999989042878035 ) ) ;
#4869 = CARTESIAN_POINT ( 'NONE',  ( 3.555678006756805676, -0.5631641965412358397, 8.366025392827316054 ) ) ;
#4870 = CARTESIAN_POINT ( 'NONE',  ( -3.599999999635204784, -5.124947355626040474E-05, 9.415406697682357162 ) ) ;
#4871 = CARTESIAN_POINT ( 'NONE',  ( -0.6413811672690397092, 4.049522218518203154, -0.9000000109571238971 ) ) ;
#4872 = STYLED_ITEM ( 'NONE', ( #3113 ), #2167 ) ;
#4873 = CARTESIAN_POINT ( 'NONE',  ( -3.048333987505707388, -3.048333777641312636, 0.6999999890428785232 ) ) ;
#4874 = CARTESIAN_POINT ( 'NONE',  ( 3.841124709738403809, -1.957150960842944709, 1.299999989042878612 ) ) ;
#4875 = CARTESIAN_POINT ( 'NONE',  ( -3.653126813245570315, -1.861360923181276883, 1.699999989042876081 ) ) ;
#4876 = CARTESIAN_POINT ( 'NONE',  ( -3.841124709738404253, 1.957150960842944709, 1.399999989042875814 ) ) ;
#4877 = CARTESIAN_POINT ( 'NONE',  ( 1.957150696398380463, -3.841124844479640643, 0.1999999890428764415 ) ) ;
#4878 = CARTESIAN_POINT ( 'NONE',  ( -4.257919638985431909, -0.6743880687212415737, -3.500000010957124097 ) ) ;
#4879 = CARTESIAN_POINT ( 'NONE',  ( 1.634365909477759171, 3.207623430818668187, 8.766025392827316409 ) ) ;
#4880 = CARTESIAN_POINT ( 'NONE',  ( -1.718473782203454592, 3.372694985396755829, 0.2339745852584350916 ) ) ;
#4881 = CARTESIAN_POINT ( 'NONE',  ( 3.599999999999997868, -3.948796571318586148E-15, 6.415402147540224753 ) ) ;
#4882 = ADVANCED_FACE ( 'NONE', ( #4265 ), #2067, .F. ) ;
#4883 = CARTESIAN_POINT ( 'NONE',  ( 3.738661146426232484, 0.5921456213162111792, 8.466025392827319251 ) ) ;
#4884 = CARTESIAN_POINT ( 'NONE',  ( 4.049522174361919191, -0.6413814460608513457, 1.399999989042877813 ) ) ;
#4885 = CARTESIAN_POINT ( 'NONE',  ( -3.653126813245570315, -1.861360923181276883, -1.400000010957122676 ) ) ;
#4886 = CARTESIAN_POINT ( 'NONE',  ( -1.634365909477758505, -3.207623430818668187, -3.066025414741563981 ) ) ;
#4887 = CARTESIAN_POINT ( 'NONE',  ( -0.6743883618602996011, -4.257919592556767441, 8.899999989042878923 ) ) ;
#4888 = CARTESIAN_POINT ( 'NONE',  ( -3.653126813245570315, -1.861360923181276883, -0.3000000109571240303 ) ) ;
#4889 = CARTESIAN_POINT ( 'NONE',  ( 1.957150696398380463, -3.841124844479640643, 0.1999999890428764415 ) ) ;
#4890 = CARTESIAN_POINT ( 'NONE',  ( -3.738661146426231596, -0.5921456213162122895, 6.633974585258435752 ) ) ;
#4891 = CARTESIAN_POINT ( 'NONE',  ( -2.899137703068391581, 2.899137902661292898, 5.299999989042876614 ) ) ;
#4892 = CARTESIAN_POINT ( 'NONE',  ( 3.048333987505707832, 3.048333777641312192, -0.3000000109571222540 ) ) ;
#4893 = CARTESIAN_POINT ( 'NONE',  ( -1.957150696398379353, 3.841124844479640643, 1.199999989042875415 ) ) ;
#4894 = ORIENTED_EDGE ( 'NONE', *, *, #6902, .T. ) ;
#4895 =( NAMED_UNIT ( * ) PLANE_ANGLE_UNIT ( ) SI_UNIT ( $, .RADIAN. ) );
#4896 = CARTESIAN_POINT ( 'NONE',  ( -3.207623543337572602, -1.634365688646974846, 7.566025392827316232 ) ) ;
#4897 = CARTESIAN_POINT ( 'NONE',  ( 3.599999999999998757, -6.489281078740333703E-15, 2.415402147540223421 ) ) ;
#4898 = CARTESIAN_POINT ( 'NONE',  ( -4.257919638985431909, -0.6743880687212415737, 8.499999989042878568 ) ) ;
#4899 = CARTESIAN_POINT ( 'NONE',  ( -3.372694867087378423, 1.718474014398681859, -3.566025414741563537 ) ) ;
#4900 = CARTESIAN_POINT ( 'NONE',  ( 2.899137703068392025, -2.899137902661292010, 3.199999989042877413 ) ) ;
#4901 = CARTESIAN_POINT ( 'NONE',  ( 3.372694867087377979, -1.718474014398682526, -0.5660254147415634263 ) ) ;
#4902 = CARTESIAN_POINT ( 'NONE',  ( -3.372694867087378423, 1.718474014398682526, 9.266025392827316409 ) ) ;
#4903 = VECTOR ( 'NONE', #3997, 1000.000000000000000 ) ;
#4904 = CARTESIAN_POINT ( 'NONE',  ( 3.653126813245570315, 1.861360923181276661, 0.6999999890428768579 ) ) ;
#4905 = CARTESIAN_POINT ( 'NONE',  ( 3.841124709738403809, -1.957150960842944709, -0.7000000109571216100 ) ) ;
#4906 = CARTESIAN_POINT ( 'NONE',  ( 4.257919638985431909, 0.6743880687212407965, 1.499999989042876791 ) ) ;
#4907 = CARTESIAN_POINT ( 'NONE',  ( 1.861361174683003883, 3.653126685099039594, 0.8999999890428757032 ) ) ;
#4908 = CARTESIAN_POINT ( 'NONE',  ( -4.049522174361919191, 0.6413814460608515677, 1.499999989042877235 ) ) ;
#4909 = CARTESIAN_POINT ( 'NONE',  ( 0.6413811672690400423, -4.049522218518203154, 4.099999989042876436 ) ) ;
#4910 = CARTESIAN_POINT ( 'NONE',  ( -3.048333987505707388, -3.048333777641312636, -1.300000010957121699 ) ) ;
#4911 = CARTESIAN_POINT ( 'NONE',  ( -4.000000000000000888, -3.186100377805715755, 2.383419246269047775 ) ) ;
#4912 = CARTESIAN_POINT ( 'NONE',  ( -2.899137703068391581, 2.899137902661292898, -1.800000010957121921 ) ) ;
#4913 = CARTESIAN_POINT ( 'NONE',  ( -3.738661146426231596, -0.5921456213162122895, 2.633974585258435308 ) ) ;
#4914 = CARTESIAN_POINT ( 'NONE',  ( 5.999999999999999112, 7.347880794884118750E-16, 8.000000000000000000 ) ) ;
#4915 = CARTESIAN_POINT ( 'NONE',  ( -0.5921458787066042895, -3.738661105659599748, 5.866025392827316054 ) ) ;
#4916 = EDGE_CURVE ( 'NONE', #2020, #5082, #4459, .T. ) ;
#4917 = CARTESIAN_POINT ( 'NONE',  ( -2.899137703068391581, 2.899137902661292454, -1.800000010957121921 ) ) ;
#4918 = CARTESIAN_POINT ( 'NONE',  ( -4.049522174361919191, 0.6413814460608515677, 0.3999999890428787008 ) ) ;
#4919 = CARTESIAN_POINT ( 'NONE',  ( 3.207623543337573047, 1.634365688646974624, -0.2660254147415636039 ) ) ;
#4920 = EDGE_CURVE ( 'NONE', #857, #6149, #5916, .T. ) ;
#4921 = CARTESIAN_POINT ( 'NONE',  ( 1.957150696398380463, -3.841124844479640643, -1.800000010957123475 ) ) ;
#4922 = CARTESIAN_POINT ( 'NONE',  ( -2.899137703068391581, 2.899137902661292898, -2.700000010957123386 ) ) ;
#4923 = CARTESIAN_POINT ( 'NONE',  ( 3.841124709738403809, -1.957150960842944709, 0.3999999890428768690 ) ) ;
#4924 = CARTESIAN_POINT ( 'NONE',  ( -3.207623543337572602, -1.634365688646975068, -3.266025414741564603 ) ) ;
#4925 = CARTESIAN_POINT ( 'NONE',  ( 3.841124709738403809, -1.957150960842944709, 4.399999989042875370 ) ) ;
#4926 = CARTESIAN_POINT ( 'NONE',  ( 1.861361174683003439, 3.653126685099039594, 3.799999989042877058 ) ) ;
#4927 = CARTESIAN_POINT ( 'NONE',  ( -0.6743883618602996011, -4.257919592556767441, -1.095712409693305744E-08 ) ) ;
#4928 = CYLINDRICAL_SURFACE ( 'NONE', #6614, 1.599999999999999867 ) ;
#4929 = VERTEX_POINT ( 'NONE', #1045 ) ;
#4930 = CARTESIAN_POINT ( 'NONE',  ( -8.026496070417795892, -4.218200937033159015, 6.212464289431677500 ) ) ;
#4931 = B_SPLINE_CURVE_WITH_KNOTS ( 'NONE', 3,
 ( #1278, #2434, #1313, #6841, #3577, #4601, #4673, #5092, #6191, #1424 ),
 .UNSPECIFIED., .F., .F.,
 ( 4, 3, 3, 4 ),
 ( 0.000000000000000000, 0.0001356333316564110414, 0.0002712666646230641994, 0.0005232287769239014463 ),
 .UNSPECIFIED. ) ;
#4932 = CARTESIAN_POINT ( 'NONE',  ( 1.718473782203455036, -3.372694985396756273, 8.066025392827315343 ) ) ;
#4933 = EDGE_CURVE ( 'NONE', #6134, #6340, #3229, .T. ) ;
#4934 = CARTESIAN_POINT ( 'NONE',  ( 2.899137703068392025, -2.899137902661292454, 4.299999989042876614 ) ) ;
#4935 = CARTESIAN_POINT ( 'NONE',  ( 2.899137703068392025, -2.899137902661292454, -2.800000010957122587 ) ) ;
#4936 = CYLINDRICAL_SURFACE ( 'NONE', #6660, 5.999999999999999112 ) ;
#4937 = CARTESIAN_POINT ( 'NONE',  ( 3.048333987505707832, 3.048333777641312192, 3.699999989042877413 ) ) ;
#4938 = DIRECTION ( 'NONE',  ( 1.000000000000000000, 0.000000000000000000, 0.000000000000000000 ) ) ;
#4939 = CARTESIAN_POINT ( 'NONE',  ( -3.207623543337572602, -1.634365688646974846, 7.566025392827316232 ) ) ;
#4940 = CARTESIAN_POINT ( 'NONE',  ( -3.048333987505707832, -3.048333777641312636, 1.799999989042877058 ) ) ;
#4941 = CARTESIAN_POINT ( 'NONE',  ( 0.6743883618602993790, 4.257919592556766553, 3.899999989042877591 ) ) ;
#4942 = CARTESIAN_POINT ( 'NONE',  ( -1.861361174683003439, -3.653126685099040039, -3.200000010957122054 ) ) ;
#4943 = CARTESIAN_POINT ( 'NONE',  ( -4.257919638985431909, -0.6743880687212413516, 3.599999989042876880 ) ) ;
#4944 = CARTESIAN_POINT ( 'NONE',  ( 0.6743883618602999341, 4.257919592556767441, 0.9999999890428767912 ) ) ;
#4945 = CARTESIAN_POINT ( 'NONE',  ( -3.841124709738404253, 1.957150960842944709, 1.399999989042875814 ) ) ;
#4946 = CARTESIAN_POINT ( 'NONE',  ( 2.899137703068392025, -2.899137902661292010, 1.199999989042877413 ) ) ;
#4947 = CARTESIAN_POINT ( 'NONE',  ( 0.9455359000865207753, -3.473609342117728094, -4.158281281987642495E-16 ) ) ;
#4948 = CARTESIAN_POINT ( 'NONE',  ( -3.599999999999997868, 3.451745254649113680E-15, 3.415402147540223865 ) ) ;
#4949 = AXIS2_PLACEMENT_3D ( 'NONE', #4740, #5236, #2533 ) ;
#4950 = CARTESIAN_POINT ( 'NONE',  ( 2.676585940248913165, 2.676585755977737069, 3.833974585258435486 ) ) ;
#4951 = CARTESIAN_POINT ( 'NONE',  ( 0.9455359000865336538, -3.473609342117724985, 8.000000000000001776 ) ) ;
#4952 = CARTESIAN_POINT ( 'NONE',  ( 0.5000000000000085487, -3.646022830672994264, 1.106062357428693632 ) ) ;
#4953 = CARTESIAN_POINT ( 'NONE',  ( -3.372694867087378423, 1.718474014398681859, 8.433974585258436463 ) ) ;
#4954 = CARTESIAN_POINT ( 'NONE',  ( -0.6413811672690397092, 4.049522218518203154, -1.095712236220958147E-08 ) ) ;
#4955 = CARTESIAN_POINT ( 'NONE',  ( 2.676585940248913165, 2.676585755977737069, -2.166025414741564514 ) ) ;
#4956 = CARTESIAN_POINT ( 'NONE',  ( -1.957150696398379353, 3.841124844479640643, 6.099999989042877324 ) ) ;
#4957 = CARTESIAN_POINT ( 'NONE',  ( 3.048333987505708276, 3.048333777641312192, -3.200000010957123386 ) ) ;
#4958 = CARTESIAN_POINT ( 'NONE',  ( -4.257919638985431909, -0.6743880687212413516, -0.4000000109571233420 ) ) ;
#4959 = CARTESIAN_POINT ( 'NONE',  ( -1.718473782203454592, 3.372694985396755829, -1.766025414741565047 ) ) ;
#4960 = CARTESIAN_POINT ( 'NONE',  ( 3.048333987505708276, 3.048333777641312192, 2.799999989042875725 ) ) ;
#4961 = CARTESIAN_POINT ( 'NONE',  ( -2.899137703068391581, 2.899137902661292454, 2.199999989042878301 ) ) ;
#4962 = CARTESIAN_POINT ( 'NONE',  ( -1.957150696398379353, 3.841124844479640643, 5.199999989042876969 ) ) ;
#4963 = CARTESIAN_POINT ( 'NONE',  ( 1.957150696398380463, -3.841124844479640643, -3.800000010957123919 ) ) ;
#4964 = ORIENTED_EDGE ( 'NONE', *, *, #5037, .F. ) ;
#4965 = EDGE_CURVE ( 'NONE', #16, #4266, #5015, .T. ) ;
#4966 = CARTESIAN_POINT ( 'NONE',  ( -0.6413811672690397092, 4.049522218518203154, 9.099999989042876436 ) ) ;
#4967 = CARTESIAN_POINT ( 'NONE',  ( 6.977019738665671156, -5.688571339444752795, 1.261627495213182071 ) ) ;
#4968 = DIRECTION ( 'NONE',  ( -0.000000000000000000, -0.000000000000000000, -1.000000000000000000 ) ) ;
#4969 = CARTESIAN_POINT ( 'NONE',  ( 1.957150696398380463, -3.841124844479640643, 5.099999989042878212 ) ) ;
#4970 = DIRECTION ( 'NONE',  ( -1.000000000000000000, 0.000000000000000000, 0.000000000000000000 ) ) ;
#4971 = CARTESIAN_POINT ( 'NONE',  ( -3.653126813245569871, -1.861360923181277105, 8.599999989042878212 ) ) ;
#4972 =( BOUNDED_CURVE ( )  B_SPLINE_CURVE ( 3, ( #6368, #4930, #6527, #519 ),
 .UNSPECIFIED., .F., .T. ) 
 B_SPLINE_CURVE_WITH_KNOTS ( ( 4, 4 ),
 ( 1.932652864680303839, 2.298453864688068116 ),
 .UNSPECIFIED. ) 
 CURVE ( )  GEOMETRIC_REPRESENTATION_ITEM ( )  RATIONAL_B_SPLINE_CURVE ( ( 1.000000000000000000, 0.9888801865008480796, 0.9888801865008480796, 1.000000000000000000 ) ) 
 REPRESENTATION_ITEM ( '' )  );
#4973 = CARTESIAN_POINT ( 'NONE',  ( -3.207623543337572602, -1.634365688646974846, 7.566025392827316232 ) ) ;
#4974 = CARTESIAN_POINT ( 'NONE',  ( -1.718473782203454592, 3.372694985396756273, 1.066025392827315788 ) ) ;
#4975 = CARTESIAN_POINT ( 'NONE',  ( -1.861361174683003439, -3.653126685099040039, 5.899999989042876258 ) ) ;
#4976 = CARTESIAN_POINT ( 'NONE',  ( 3.841124709738403809, -1.957150960842944709, 3.299999989042878390 ) ) ;
#4977 = CARTESIAN_POINT ( 'NONE',  ( 3.841124709738403809, -1.957150960842944709, -2.700000010957121610 ) ) ;
#4978 = CARTESIAN_POINT ( 'NONE',  ( 1.861361174683003883, 3.653126685099039594, 2.899999989042875814 ) ) ;
#4979 = CARTESIAN_POINT ( 'NONE',  ( -1.957150696398379353, 3.841124844479640643, 6.099999989042877324 ) ) ;
#4980 = CARTESIAN_POINT ( 'NONE',  ( -3.653126813245570315, -1.861360923181276883, -4.300000010957123919 ) ) ;
#4981 = CARTESIAN_POINT ( 'NONE',  ( -3.653126813245569871, -1.861360923181277105, -1.400000010957122676 ) ) ;
#4982 = ORIENTED_EDGE ( 'NONE', *, *, #329, .F. ) ;
#4983 = CARTESIAN_POINT ( 'NONE',  ( -3.207623543337572602, -1.634365688646974846, -0.4339746071726838239 ) ) ;
#4984 = CARTESIAN_POINT ( 'NONE',  ( -4.257919638985431909, -0.6743880687212414626, 3.599999989042877324 ) ) ;
#4985 = CARTESIAN_POINT ( 'NONE',  ( -1.957150696398379353, 3.841124844479640643, 0.09999998904287703272 ) ) ;
#4986 = CARTESIAN_POINT ( 'NONE',  ( 1.718473782203455258, -3.372694985396755829, 3.233974585258435841 ) ) ;
#4987 = CARTESIAN_POINT ( 'NONE',  ( 0.000000000000000000, 0.000000000000000000, 8.000000000000000000 ) ) ;
#4988 = CARTESIAN_POINT ( 'NONE',  ( -1.718473782203454592, 3.372694985396756273, 7.066025392827317120 ) ) ;
#4989 = CARTESIAN_POINT ( 'NONE',  ( -3.207623543337572602, -1.634365688646975068, 6.733974585258436285 ) ) ;
#4990 = FACE_OUTER_BOUND ( 'NONE', #2764, .T. ) ;
#4991 = CARTESIAN_POINT ( 'NONE',  ( 3.372694867087377979, -1.718474014398682526, -2.566025414741563537 ) ) ;
#4992 = CARTESIAN_POINT ( 'NONE',  ( 4.049522174361919191, -0.6413814460608517898, 5.399999989042878035 ) ) ;
#4993 = CARTESIAN_POINT ( 'NONE',  ( -1.861361174683003439, -3.653126685099040039, -4.100000010957123742 ) ) ;
#4994 = CARTESIAN_POINT ( 'NONE',  ( -3.841124709738404253, 1.957150960842944709, 1.399999989042875814 ) ) ;
#4995 = DIRECTION ( 'NONE',  ( -0.000000000000000000, -0.000000000000000000, -1.000000000000000000 ) ) ;
#4996 = CARTESIAN_POINT ( 'NONE',  ( -3.738661146426231596, -0.5921456213162122895, 2.633974585258435308 ) ) ;
#4997 = CARTESIAN_POINT ( 'NONE',  ( -2.899137703068391581, 2.899137902661292898, -4.700000010957123386 ) ) ;
#4998 = CARTESIAN_POINT ( 'NONE',  ( -4.257919638985431909, -0.6743880687212415737, 0.4999999890428779570 ) ) ;
#4999 = CARTESIAN_POINT ( 'NONE',  ( -2.899137703068391581, 2.899137902661292898, 1.299999989042876614 ) ) ;
#5000 = CARTESIAN_POINT ( 'NONE',  ( -4.049522174361919191, 0.6413814460608515677, -2.500000010957124541 ) ) ;
#5001 = ORIENTED_EDGE ( 'NONE', *, *, #5781, .F. ) ;
#5002 = LINE ( 'NONE', #5568, #546 ) ;
#5003 = CARTESIAN_POINT ( 'NONE',  ( 0.6743883618602999341, 4.257919592556767441, 4.999999989042876791 ) ) ;
#5004 = CARTESIAN_POINT ( 'NONE',  ( -3.653126813245569871, -1.861360923181277105, 4.599999989042878212 ) ) ;
#5005 = CARTESIAN_POINT ( 'NONE',  ( 0.6413811672690402643, -4.049522218518203154, 6.999999989042877679 ) ) ;
#5006 = CARTESIAN_POINT ( 'NONE',  ( 4.049522174361919191, -0.6413814460608513457, 7.399999989042878035 ) ) ;
#5007 = CARTESIAN_POINT ( 'NONE',  ( -1.634365909477758949, -3.207623430818668631, 1.766025392827316853 ) ) ;
#5008 = CARTESIAN_POINT ( 'NONE',  ( 3.555678006756805676, -0.5631641965412353956, 7.533974585258436107 ) ) ;
#5009 = CARTESIAN_POINT ( 'NONE',  ( -2.899137703068391581, 2.899137902661292898, -1.800000010957121921 ) ) ;
#5010 =( BOUNDED_CURVE ( )  B_SPLINE_CURVE ( 2, ( #3692, #3727, #3656, #4684, #6851, #1972, #5739, #3122, #3156, #2040, #369, #5877, #2581 ),
 .UNSPECIFIED., .F., .T. ) 
 B_SPLINE_CURVE_WITH_KNOTS ( ( 3, 2, 2, 2, 2, 2, 3 ),
 ( 0.7574757380125866080, 0.7578780794121228181, 0.7719128586604828701, 0.7859476379088429221, 0.7999824171572029741, 0.8140171964055629150, 0.8187026363086973291 ),
 .UNSPECIFIED. ) 
 CURVE ( )  GEOMETRIC_REPRESENTATION_ITEM ( )  RATIONAL_B_SPLINE_CURVE ( ( 0.9972742755453127828, 0.9985969148938136364, 1.000000000000000000, 0.9510565162951535312, 1.000000000000000000, 0.9510565162951535312, 1.000000000000000000, 0.9510565162951535312, 1.000000000000000000, 0.9510565162951535312, 1.000000000000000000, 0.9836604660827927837, 0.9782306732964616280 ) ) 
 REPRESENTATION_ITEM ( '' )  );
#5011 = CARTESIAN_POINT ( 'NONE',  ( 1.957150696398380463, -3.841124844479640643, -1.800000010957123475 ) ) ;
#5012 = CARTESIAN_POINT ( 'NONE',  ( 0.6413811672690400423, -4.049522218518203154, 8.999999989042878568 ) ) ;
#5013 = CARTESIAN_POINT ( 'NONE',  ( -1.957150696398379353, 3.841124844479640643, -0.8000000109571244744 ) ) ;
#5014 = CARTESIAN_POINT ( 'NONE',  ( 3.653126813245570315, 1.861360923181276883, 1.599999989042878434 ) ) ;
#5015 = CIRCLE ( 'NONE', #5362, 5.999999999999999112 ) ;
#5016 = CARTESIAN_POINT ( 'NONE',  ( -2.545584324645416618, 2.545584499897719954, 1.166025392827316987 ) ) ;
#5017 = CARTESIAN_POINT ( 'NONE',  ( 0.4999999999999995559, -3.784196729904268697, 4.016241616572052919 ) ) ;
#5018 = CARTESIAN_POINT ( 'NONE',  ( -5.999999999999999112, 0.000000000000000000, 8.500000000000000000 ) ) ;
#5019 = CARTESIAN_POINT ( 'NONE',  ( 0.5631639517484252622, -3.555678045528178011, -0.03397460717268277475 ) ) ;
#5020 = CARTESIAN_POINT ( 'NONE',  ( 3.599999978823064328, 0.8642835087181480747, 1.660085950404081911 ) ) ;
#5021 = CARTESIAN_POINT ( 'NONE',  ( 2.545584324645417063, -2.545584499897719510, 2.166025392827315876 ) ) ;
#5022 = LINE ( 'NONE', #2897, #6788 ) ;
#5023 = CARTESIAN_POINT ( 'NONE',  ( 2.545584324645417063, -2.545584499897719066, 7.333974585258436818 ) ) ;
#5024 = DIRECTION ( 'NONE',  ( 0.000000000000000000, 0.000000000000000000, 1.000000000000000000 ) ) ;
#5025 = CARTESIAN_POINT ( 'NONE',  ( 4.049522174361919191, -0.6413814460608517898, 0.4999999890428763472 ) ) ;
#5026 = CARTESIAN_POINT ( 'NONE',  ( -3.048333987505707832, -3.048333777641312636, 4.699999989042877857 ) ) ;
#5027 = CARTESIAN_POINT ( 'NONE',  ( 1.957150696398380463, -3.841124844479640643, -1.800000010957123475 ) ) ;
#5028 = CARTESIAN_POINT ( 'NONE',  ( -4.049522174361919191, 0.6413814460608515677, 10.39999998904287892 ) ) ;
#5029 = CARTESIAN_POINT ( 'NONE',  ( -0.5000000000000399680, -3.851488381647219850, 1.951129566284399042 ) ) ;
#5030 = CARTESIAN_POINT ( 'NONE',  ( 3.555678006756805676, -0.5631641965412358397, 2.366025392827316498 ) ) ;
#5031 = CARTESIAN_POINT ( 'NONE',  ( -2.676585940248912721, -2.676585755977737513, -1.166025414741563404 ) ) ;
#5032 = CARTESIAN_POINT ( 'NONE',  ( -3.048333987505707832, -3.048333777641312636, -0.2000000109571228590 ) ) ;
#5033 = CARTESIAN_POINT ( 'NONE',  ( 0.5921458787066045115, 3.738661105659599748, 8.033974585258436107 ) ) ;
#5034 = CARTESIAN_POINT ( 'NONE',  ( 3.841124709738403809, -1.957150960842944709, 0.3999999890428768690 ) ) ;
#5035 = CARTESIAN_POINT ( 'NONE',  ( -3.600000000000000089, 0.000000000000000000, 10.00000000000000000 ) ) ;
#5036 = ORIENTED_EDGE ( 'NONE', *, *, #6509, .T. ) ;
#5037 = EDGE_CURVE ( 'NONE', #1297, #6632, #3324, .T. ) ;
#5038 = CARTESIAN_POINT ( 'NONE',  ( -3.841124709738404253, 1.957150960842944709, 7.399999989042877147 ) ) ;
#5039 = CARTESIAN_POINT ( 'NONE',  ( 3.207623543337573047, 1.634365688646974624, 8.566025392827317120 ) ) ;
#5040 = CARTESIAN_POINT ( 'NONE',  ( -3.653126813245570315, -1.861360923181276883, 7.699999989042876081 ) ) ;
#5041 = CARTESIAN_POINT ( 'NONE',  ( -1.957150696398379353, 3.841124844479640199, 6.099999989042877324 ) ) ;
#5042 = CARTESIAN_POINT ( 'NONE',  ( -4.078117693748444239, -0.4866904411574851652, 8.000000000000005329 ) ) ;
#5043 = CARTESIAN_POINT ( 'NONE',  ( -1.957150696398379353, 3.841124844479640199, 6.099999989042877324 ) ) ;
#5044 = CARTESIAN_POINT ( 'NONE',  ( -3.372694867087378423, 1.718474014398682526, -0.7339746071726837018 ) ) ;
#5045 = CARTESIAN_POINT ( 'NONE',  ( 1.861361174683003883, 3.653126685099039594, 8.899999989042877147 ) ) ;
#5046 = CARTESIAN_POINT ( 'NONE',  ( 2.676585940248913165, 2.676585755977737069, 9.833974585258433265 ) ) ;
#5047 = CARTESIAN_POINT ( 'NONE',  ( -3.653126813245570315, -1.861360923181276883, -4.300000010957123919 ) ) ;
#5048 = CARTESIAN_POINT ( 'NONE',  ( -3.841124709738404253, 1.957150960842944709, 6.299999989042879278 ) ) ;
#5049 = CARTESIAN_POINT ( 'NONE',  ( 3.841124709738403809, -1.957150960842944709, -3.600000010957123298 ) ) ;
#5050 = CARTESIAN_POINT ( 'NONE',  ( -0.5631639517484252622, 3.555678045528177567, 8.133974585258435752 ) ) ;
#5051 = ORIENTED_EDGE ( 'NONE', *, *, #5114, .T. ) ;
#5052 = CARTESIAN_POINT ( 'NONE',  ( 1.718473782203455036, -3.372694985396756273, 0.06602539282731662018 ) ) ;
#5053 = CYLINDRICAL_SURFACE ( 'NONE', #5437, 3.600000000000000089 ) ;
#5054 = CARTESIAN_POINT ( 'NONE',  ( -3.048333987505707832, -3.048333777641312636, -3.300000010957120811 ) ) ;
#5055 = CARTESIAN_POINT ( 'NONE',  ( -2.899137703068391581, 2.899137902661292898, 9.299999989042877502 ) ) ;
#5056 = CARTESIAN_POINT ( 'NONE',  ( -0.4999999999999975020, -4.069397989875159993, 6.911267035992047170 ) ) ;
#5057 = CARTESIAN_POINT ( 'NONE',  ( -0.5631639517484248181, 3.555678045528178011, 0.9660253928273163648 ) ) ;
#5058 = CARTESIAN_POINT ( 'NONE',  ( 2.676585940248914053, 2.676585755977737069, 2.666025392827315876 ) ) ;
#5059 = PLANE ( 'NONE',  #1316 ) ;
#5060 = CARTESIAN_POINT ( 'NONE',  ( -1.718473782203454592, 3.372694985396755829, 10.23397458525843540 ) ) ;
#5061 = ORIENTED_EDGE ( 'NONE', *, *, #4747, .T. ) ;
#5062 = CARTESIAN_POINT ( 'NONE',  ( -0.4999999999999916733, -3.784222789756008343, 0.9841262229849240262 ) ) ;
#5063 = CARTESIAN_POINT ( 'NONE',  ( -5.999999999999999112, 0.000000000000000000, 8.500000000000000000 ) ) ;
#5064 = AXIS2_PLACEMENT_3D ( 'NONE', #1453, #6972, #6362 ) ;
#5065 = CARTESIAN_POINT ( 'NONE',  ( 4.257919638985431909, 0.6743880687212407965, 5.499999989042877679 ) ) ;
#5066 = CARTESIAN_POINT ( 'NONE',  ( 0.6413811672690400423, -4.049522218518203154, 4.999999989042877679 ) ) ;
#5067 = CARTESIAN_POINT ( 'NONE',  ( -4.099999999999999645, 1.932977342603504507E-16, 10.44937674375579029 ) ) ;
#5068 = DIRECTION ( 'NONE',  ( -1.000000000000000000, 0.000000000000000000, 0.000000000000000000 ) ) ;
#5069 = CARTESIAN_POINT ( 'NONE',  ( 0.5631639517484252622, -3.555678045528178011, 3.966025392827316587 ) ) ;
#5070 = CARTESIAN_POINT ( 'NONE',  ( -0.5921458787066038454, -3.738661105659599304, 1.033974585258435441 ) ) ;
#5071 = CARTESIAN_POINT ( 'NONE',  ( 4.257919638985431909, 0.6743880687212407965, -3.400000010957124008 ) ) ;
#5072 = CARTESIAN_POINT ( 'NONE',  ( -1.634365909477758505, -3.207623430818668187, 8.933974585258436463 ) ) ;
#5073 = CARTESIAN_POINT ( 'NONE',  ( -4.100003547756451816, 0.3226546693370858088, 10.42422359151603395 ) ) ;
#5074 = DIRECTION ( 'NONE',  ( 0.000000000000000000, 0.000000000000000000, 1.000000000000000000 ) ) ;
#5075 = CARTESIAN_POINT ( 'NONE',  ( 0.4999999999999996669, -3.895048774917469814, 7.037255678360723188 ) ) ;
#5076 = CARTESIAN_POINT ( 'NONE',  ( -3.048333987505707832, -3.048333777641312636, 5.799999989042874837 ) ) ;
#5077 = CARTESIAN_POINT ( 'NONE',  ( -1.718473782203454592, 3.372694985396756273, 5.066025392827315343 ) ) ;
#5078 = CARTESIAN_POINT ( 'NONE',  ( -1.861361174683003439, -3.653126685099040039, 5.899999989042876258 ) ) ;
#5079 = CARTESIAN_POINT ( 'NONE',  ( 2.899137703068392025, -2.899137902661292010, 1.199999989042877413 ) ) ;
#5080 = CARTESIAN_POINT ( 'NONE',  ( 0.000000000000000000, 0.000000000000000000, 10.00000000000000000 ) ) ;
#5081 = CARTESIAN_POINT ( 'NONE',  ( -2.676585940248912721, -2.676585755977737513, -1.166025414741563404 ) ) ;
#5082 = VERTEX_POINT ( 'NONE', #2182 ) ;
#5083 = CARTESIAN_POINT ( 'NONE',  ( 0.5631639517484252622, -3.555678045528178011, -2.033974607172682969 ) ) ;
#5084 = CARTESIAN_POINT ( 'NONE',  ( 1.861361174683003883, 3.653126685099039594, 6.899999989042876258 ) ) ;
#5085 = CARTESIAN_POINT ( 'NONE',  ( -3.600003115103224349, 0.2833065389301239745, 10.55819818773159113 ) ) ;
#5086 = CARTESIAN_POINT ( 'NONE',  ( -4.257919638985431909, -0.6743880687212413516, 6.499999989042879456 ) ) ;
#5087 = CARTESIAN_POINT ( 'NONE',  ( 1.957150696398380463, -3.841124844479640643, -1.800000010957123475 ) ) ;
#5088 = CARTESIAN_POINT ( 'NONE',  ( -3.372694867087378423, 1.718474014398681859, 6.433974585258436463 ) ) ;
#5089 = ORIENTED_EDGE ( 'NONE', *, *, #3470, .T. ) ;
#5090 = CARTESIAN_POINT ( 'NONE',  ( -1.718473782203454592, 3.372694985396756273, 3.066025392827317564 ) ) ;
#5091 = CARTESIAN_POINT ( 'NONE',  ( -3.599999999999997424, 0.2833262069134579453, 5.390247292901423570 ) ) ;
#5092 = CARTESIAN_POINT ( 'NONE',  ( -0.5000000000000446310, -3.726966696890032793, 3.916682575474761840 ) ) ;
#5093 = CARTESIAN_POINT ( 'NONE',  ( 2.676585940248914053, 2.676585755977737069, -1.333974607172683680 ) ) ;
#5094 = CARTESIAN_POINT ( 'NONE',  ( 3.599999999999997868, -3.948796571318586148E-15, 6.415402147540224753 ) ) ;
#5095 = CARTESIAN_POINT ( 'NONE',  ( 3.738661146426232484, 0.5921456213162111792, -1.533974607172684301 ) ) ;
#5096 = CARTESIAN_POINT ( 'NONE',  ( 1.718473782203455036, -3.372694985396756273, 0.06602539282731662018 ) ) ;
#5097 = VERTEX_POINT ( 'NONE', #3829 ) ;
#5098 = CARTESIAN_POINT ( 'NONE',  ( 3.738661146426232040, 0.5921456213162114013, 1.633974585258435086 ) ) ;
#5099 = ORIENTED_EDGE ( 'NONE', *, *, #4326, .T. ) ;
#5100 = DIRECTION ( 'NONE',  ( 0.000000000000000000, 0.000000000000000000, 1.000000000000000000 ) ) ;
#5101 = CARTESIAN_POINT ( 'NONE',  ( -1.861361174683003439, -3.653126685099040039, 4.799999989042878390 ) ) ;
#5102 = CARTESIAN_POINT ( 'NONE',  ( 3.653126813245570315, 1.861360923181276661, 5.599999989042878212 ) ) ;
#5103 = CIRCLE ( 'NONE', #6690, 2.750000000000000000 ) ;
#5104 = CARTESIAN_POINT ( 'NONE',  ( -1.957150696398379353, 3.841124844479640643, 10.09999998904287466 ) ) ;
#5105 = CARTESIAN_POINT ( 'NONE',  ( 3.599999999999998757, -6.489281078740333703E-15, 2.415402147540223421 ) ) ;
#5106 = CARTESIAN_POINT ( 'NONE',  ( 2.545584324645417063, -2.545584499897719510, 4.166025392827316765 ) ) ;
#5107 = CARTESIAN_POINT ( 'NONE',  ( -1.861361174683002995, -3.653126685099040039, 6.799999989042878390 ) ) ;
#5108 = CARTESIAN_POINT ( 'NONE',  ( -4.100000000000000533, 0.3226770689847697771, 10.42422188911698733 ) ) ;
#5109 = CARTESIAN_POINT ( 'NONE',  ( 1.861361174683003439, 3.653126685099039594, -2.200000010957122942 ) ) ;
#5110 = CARTESIAN_POINT ( 'NONE',  ( -1.861361174683003439, -3.653126685099040039, -2.100000010957123742 ) ) ;
#5111 = DIRECTION ( 'NONE',  ( 1.000000000000000000, 0.000000000000000000, 0.000000000000000000 ) ) ;
#5112 = DIRECTION ( 'NONE',  ( 1.000000000000000000, -0.000000000000000000, -0.000000000000000000 ) ) ;
#5113 = CARTESIAN_POINT ( 'NONE',  ( -4.257919638985431909, -0.6743880687212413516, 7.599999989042876436 ) ) ;
#5114 = EDGE_CURVE ( 'NONE', #3120, #3838, #3294, .T. ) ;
#5115 = CARTESIAN_POINT ( 'NONE',  ( -4.049522174361919191, 0.6413814460608515677, 7.499999989042877679 ) ) ;
#5116 = CARTESIAN_POINT ( 'NONE',  ( -3.048333987505707388, -3.048333777641312636, 2.699999989042877857 ) ) ;
#5117 = LINE ( 'NONE', #6218, #4062 ) ;
#5118 = CARTESIAN_POINT ( 'NONE',  ( -3.372694867087378423, 1.718474014398681859, -3.566025414741563537 ) ) ;
#5119 = VERTEX_POINT ( 'NONE', #3436 ) ;
#5120 = CARTESIAN_POINT ( 'NONE',  ( -1.634365909477758949, -3.207623430818668631, 3.766025392827316853 ) ) ;
#5121 = CARTESIAN_POINT ( 'NONE',  ( -0.6743883618602996011, -4.257919592556767441, 5.999999989042876791 ) ) ;
#5122 = CARTESIAN_POINT ( 'NONE',  ( 4.049522174361919191, -0.6413814460608513457, -2.600000010957122409 ) ) ;
#5123 = CARTESIAN_POINT ( 'NONE',  ( 2.899137703068392025, -2.899137902661292454, -3.700000010957124275 ) ) ;
#5124 = CARTESIAN_POINT ( 'NONE',  ( -4.049522174361919191, 0.6413814460608515677, -4.500000010957124985 ) ) ;
#5125 = CARTESIAN_POINT ( 'NONE',  ( 1.861361174683003883, 3.653126685099039594, -1.100000010957124408 ) ) ;
#5126 = CARTESIAN_POINT ( 'NONE',  ( -0.5921458787066038454, -3.738661105659599304, 5.033974585258436107 ) ) ;
#5127 = ORIENTED_EDGE ( 'NONE', *, *, #2705, .F. ) ;
#5128 = CARTESIAN_POINT ( 'NONE',  ( -0.5921458787066042895, -3.738661105659599748, 1.866025392827315832 ) ) ;
#5129 = CARTESIAN_POINT ( 'NONE',  ( -4.000000000000000888, -5.986100377805715134, 7.233161507461903561 ) ) ;
#5130 = CARTESIAN_POINT ( 'NONE',  ( -0.5000000000000335287, -3.938646991333216718, 7.975203522068657236 ) ) ;
#5131 = CARTESIAN_POINT ( 'NONE',  ( 2.676585940248914053, 2.676585755977737069, -3.333974607172683235 ) ) ;
#5132 = EDGE_CURVE ( 'NONE', #1892, #1361, #692, .T. ) ;
#5133 = DIRECTION ( 'NONE',  ( -1.000000000000000000, 2.407693239918955638E-17, 0.000000000000000000 ) ) ;
#5134 = CARTESIAN_POINT ( 'NONE',  ( 3.207623543337573047, 1.634365688646974624, -1.433974607172682880 ) ) ;
#5135 = CARTESIAN_POINT ( 'NONE',  ( 0.5631639517484252622, -3.555678045528178011, -0.03397460717268277475 ) ) ;
#5136 = ORIENTED_EDGE ( 'NONE', *, *, #3579, .F. ) ;
#5137 = CARTESIAN_POINT ( 'NONE',  ( -2.676585940248912721, -2.676585755977737513, 2.833974585258435930 ) ) ;
#5138 = ORIENTED_EDGE ( 'NONE', *, *, #2712, .T. ) ;
#5139 = LINE ( 'NONE', #2939, #1203 ) ;
#5140 = CARTESIAN_POINT ( 'NONE',  ( -2.899137703068391581, 2.899137902661292898, 1.299999989042876614 ) ) ;
#5141 = AXIS2_PLACEMENT_3D ( 'NONE', #5453, #6, #5947 ) ;
#5142 = CARTESIAN_POINT ( 'NONE',  ( 2.899137703068392025, -2.899137902661292454, 7.199999989042878745 ) ) ;
#5143 = CARTESIAN_POINT ( 'NONE',  ( -3.653126813245570315, -1.861360923181276883, 8.599999989042878212 ) ) ;
#5144 = CARTESIAN_POINT ( 'NONE',  ( -3.653126813245570315, -1.861360923181276883, -4.300000010957123919 ) ) ;
#5145 = CARTESIAN_POINT ( 'NONE',  ( -1.718473782203454592, 3.372694985396756273, 7.066025392827317120 ) ) ;
#5146 = CARTESIAN_POINT ( 'NONE',  ( 2.899137703068392025, -2.899137902661292010, 7.199999989042878745 ) ) ;
#5147 = CARTESIAN_POINT ( 'NONE',  ( 2.899137703068392025, -2.899137902661292454, -3.700000010957124275 ) ) ;
#5148 = CARTESIAN_POINT ( 'NONE',  ( -4.257919638985431909, -0.6743880687212415737, -1.500000010957122099 ) ) ;
#5149 = EDGE_CURVE ( 'NONE', #950, #2452, #4026, .T. ) ;
#5150 = CARTESIAN_POINT ( 'NONE',  ( -3.653126813245570315, -1.861360923181276883, -2.300000010957123919 ) ) ;
#5151 = CARTESIAN_POINT ( 'NONE',  ( -3.600000000000000089, -0.8642834671560714055, 3.492136753985122688 ) ) ;
#5152 = CARTESIAN_POINT ( 'NONE',  ( 4.257919638985431909, 0.6743880687212407965, -1.400000010957124230 ) ) ;
#5153 = CARTESIAN_POINT ( 'NONE',  ( 2.899137703068392025, -2.899137902661292454, 8.299999989042877502 ) ) ;
#5154 = CARTESIAN_POINT ( 'NONE',  ( -3.048333987505707388, -3.048333777641312636, -3.300000010957120811 ) ) ;
#5155 = DIRECTION ( 'NONE',  ( -0.000000000000000000, -0.000000000000000000, -1.000000000000000000 ) ) ;
#5156 = LINE ( 'NONE', #279, #3673 ) ;
#5157 = ORIENTED_EDGE ( 'NONE', *, *, #2736, .F. ) ;
#5158 = CARTESIAN_POINT ( 'NONE',  ( -2.545584324645416618, 2.545584499897719954, -4.833974607172683235 ) ) ;
#5159 = ADVANCED_FACE ( 'NONE', ( #6742 ), #1252, .F. ) ;
#5160 = CARTESIAN_POINT ( 'NONE',  ( -1.957150696398379353, 3.841124844479640643, 1.199999989042875415 ) ) ;
#5161 = CARTESIAN_POINT ( 'NONE',  ( -1.861361174683002995, -3.653126685099040039, -1.200000010957122054 ) ) ;
#5162 = CARTESIAN_POINT ( 'NONE',  ( -3.841124709738404253, 1.957150960842944709, -4.600000010957123742 ) ) ;
#5163 = CARTESIAN_POINT ( 'NONE',  ( -1.861361174683003439, -3.653126685099040039, 4.799999989042878390 ) ) ;
#5164 = CARTESIAN_POINT ( 'NONE',  ( 3.207623543337573047, 1.634365688646974624, 8.566025392827317120 ) ) ;
#5165 = CARTESIAN_POINT ( 'NONE',  ( 3.738661146426232040, 0.5921456213162114013, 9.633974585258435752 ) ) ;
#5166 = CARTESIAN_POINT ( 'NONE',  ( 3.653126813245570315, 1.861360923181276661, 6.699999989042876969 ) ) ;
#5167 = DIRECTION ( 'NONE',  ( -0.000000000000000000, -0.000000000000000000, -1.000000000000000000 ) ) ;
#5168 = CARTESIAN_POINT ( 'NONE',  ( 4.000000000000000888, -5.986100377805715134, 3.999999999999998224 ) ) ;
#5169 = CARTESIAN_POINT ( 'NONE',  ( -3.207623543337572602, -1.634365688646974846, -0.4339746071726838239 ) ) ;
#5170 = CYLINDRICAL_SURFACE ( 'NONE', #254, 3.600000000000000089 ) ;
#5171 = CARTESIAN_POINT ( 'NONE',  ( 0.5921458787066047336, 3.738661105659600192, -3.133974607172682614 ) ) ;
#5172 = CARTESIAN_POINT ( 'NONE',  ( 3.555678006756805676, -0.5631641965412358397, -1.633974607172683502 ) ) ;
#5173 = ORIENTED_EDGE ( 'NONE', *, *, #2108, .F. ) ;
#5174 = SURFACE_STYLE_USAGE ( .BOTH. , #5627 ) ;
#5175 = ORIENTED_EDGE ( 'NONE', *, *, #6057, .F. ) ;
#5176 = CARTESIAN_POINT ( 'NONE',  ( -0.5000000000000049960, -3.565108693995175493, 1.871765981903404041 ) ) ;
#5177 = DIRECTION ( 'NONE',  ( -1.000000000000000000, -0.000000000000000000, -0.000000000000000000 ) ) ;
#5178 = CARTESIAN_POINT ( 'NONE',  ( 0.6743883618602999341, 4.257919592556767441, 5.899999989042878035 ) ) ;
#5179 = CARTESIAN_POINT ( 'NONE',  ( 3.653126813245570315, 1.861360923181276661, 7.599999989042878212 ) ) ;
#5180 = CARTESIAN_POINT ( 'NONE',  ( 0.5631639517484252622, -3.555678045528178011, -4.033974607172682525 ) ) ;
#5181 = CARTESIAN_POINT ( 'NONE',  ( -0.5631639517484248181, 3.555678045528178011, 2.966025392827316587 ) ) ;
#5182 = CARTESIAN_POINT ( 'NONE',  ( 1.957150696398380463, -3.841124844479640643, 9.099999989042876436 ) ) ;
#5183 = CARTESIAN_POINT ( 'NONE',  ( 1.861361174683003883, 3.653126685099039594, 5.799999989042878390 ) ) ;
#5184 = CARTESIAN_POINT ( 'NONE',  ( -4.049522174361919191, 0.6413814460608511236, -1.600000010957123076 ) ) ;
#5185 = CARTESIAN_POINT ( 'NONE',  ( 0.5000000000000004441, -9.003074372223599298, 8.500000000000000000 ) ) ;
#5186 = VERTEX_POINT ( 'NONE', #4535 ) ;
#5187 = CARTESIAN_POINT ( 'NONE',  ( -3.653126813245570315, -1.861360923181276883, 1.699999989042876081 ) ) ;
#5188 = CARTESIAN_POINT ( 'NONE',  ( 1.957150696398380463, -3.841124844479640643, 4.199999989042876969 ) ) ;
#5189 = CARTESIAN_POINT ( 'NONE',  ( 3.048333987505708276, 3.048333777641312192, 2.799999989042875725 ) ) ;
#5190 = CARTESIAN_POINT ( 'NONE',  ( 0.6743883618602993790, 4.257919592556766553, -0.1000000109571217294 ) ) ;
#5191 = CARTESIAN_POINT ( 'NONE',  ( -2.962631317818306353, 2.844443030668397210, 8.000000000000000000 ) ) ;
#5192 = CARTESIAN_POINT ( 'NONE',  ( -3.207623543337572602, -1.634365688646975068, -3.266025414741564603 ) ) ;
#5193 = VERTEX_POINT ( 'NONE', #6699 ) ;
#5194 = EDGE_CURVE ( 'NONE', #2441, #1297, #1783, .T. ) ;
#5195 = CARTESIAN_POINT ( 'NONE',  ( 0.5921458787066047336, 3.738661105659600192, -3.133974607172682614 ) ) ;
#5196 = CIRCLE ( 'NONE', #4630, 1.599999999999999867 ) ;
#5197 = CARTESIAN_POINT ( 'NONE',  ( -4.257919638985431909, -0.6743880687212413516, -0.4000000109571233420 ) ) ;
#5198 = CARTESIAN_POINT ( 'NONE',  ( 1.634365909477758727, 3.207623430818667742, 5.933974585258436463 ) ) ;
#5199 = CARTESIAN_POINT ( 'NONE',  ( -3.599999999999997868, 3.451745254649113680E-15, 3.415402147540223865 ) ) ;
#5200 = CARTESIAN_POINT ( 'NONE',  ( 4.257919638985431909, 0.6743880687212407965, 3.499999989042877235 ) ) ;
#5201 = CARTESIAN_POINT ( 'NONE',  ( -0.5921458787066038454, -3.738661105659599304, 9.033974585258434331 ) ) ;
#5202 = CARTESIAN_POINT ( 'NONE',  ( 1.634365909477759171, 3.207623430818668187, -3.233974607172684035 ) ) ;
#5203 = DIRECTION ( 'NONE',  ( -1.000000000000000000, 0.000000000000000000, 0.000000000000000000 ) ) ;
#5204 = DIRECTION ( 'NONE',  ( 1.000000000000000000, 0.000000000000000000, 0.000000000000000000 ) ) ;
#5205 = CARTESIAN_POINT ( 'NONE',  ( -4.049522174361919191, 0.6413814460608515677, 7.499999989042877679 ) ) ;
#5206 = CARTESIAN_POINT ( 'NONE',  ( -1.957150696398379353, 3.841124844479640199, 10.09999998904287466 ) ) ;
#5207 = CARTESIAN_POINT ( 'NONE',  ( -3.555678006756805676, 0.5631641965412353956, -0.6339746071726826138 ) ) ;
#5208 = CARTESIAN_POINT ( 'NONE',  ( -1.634365909477758949, -3.207623430818668631, 3.766025392827316853 ) ) ;
#5209 = CARTESIAN_POINT ( 'NONE',  ( 1.861361174683003883, 3.653126685099039594, 8.899999989042877147 ) ) ;
#5210 = VERTEX_POINT ( 'NONE', #5671 ) ;
#5211 = SURFACE_STYLE_FILL_AREA ( #1581 ) ;
#5212 = ORIENTED_EDGE ( 'NONE', *, *, #6194, .T. ) ;
#5213 = CARTESIAN_POINT ( 'NONE',  ( -1.957150696398379353, 3.841124844479639755, 6.099999989042879101 ) ) ;
#5214 = CARTESIAN_POINT ( 'NONE',  ( -0.6743883618602996011, -4.257919592556767441, 4.899999989042877147 ) ) ;
#5215 = CARTESIAN_POINT ( 'NONE',  ( 0.5631639517484252622, -3.555678045528178011, 5.966025392827316587 ) ) ;
#5216 = AXIS2_PLACEMENT_3D ( 'NONE', #1228, #6528, #3413 ) ;
#5217 = B_SPLINE_CURVE_WITH_KNOTS ( 'NONE', 3,
 ( #6461, #426, #4203, #989, #6495, #4270, #3177 ),
 .UNSPECIFIED., .F., .F.,
 ( 4, 3, 4 ),
 ( 0.0001602476621166106429, 0.0002712666813019915359, 0.0005204467713536412628 ),
 .UNSPECIFIED. ) ;
#5218 = CARTESIAN_POINT ( 'NONE',  ( -4.049522174361919191, 0.6413814460608515677, 0.3999999890428787008 ) ) ;
#5219 = CARTESIAN_POINT ( 'NONE',  ( 2.676585940248914053, 2.676585755977737069, -3.333974607172683235 ) ) ;
#5220 = CARTESIAN_POINT ( 'NONE',  ( 4.000000000000000888, -5.986100377805715134, 6.749999999999998224 ) ) ;
#5221 = CARTESIAN_POINT ( 'NONE',  ( -4.257919638985431909, -0.6743880687212415737, 6.499999989042879456 ) ) ;
#5222 = CARTESIAN_POINT ( 'NONE',  ( -3.048333987505707832, -3.048333777641312636, 4.699999989042877857 ) ) ;
#5223 = CARTESIAN_POINT ( 'NONE',  ( 0.5631639517484254842, -3.555678045528177122, 1.133974585258436640 ) ) ;
#5224 = CARTESIAN_POINT ( 'NONE',  ( -0.4999999999999992784, -5.979130371550698264, 8.500000000000000000 ) ) ;
#5225 = CARTESIAN_POINT ( 'NONE',  ( -3.207623543337572602, -1.634365688646974846, 3.566025392827317120 ) ) ;
#5226 = CARTESIAN_POINT ( 'NONE',  ( -0.6743883618602996011, -4.257919592556767441, 3.999999989042876791 ) ) ;
#5227 = CARTESIAN_POINT ( 'NONE',  ( 3.841124709738403809, -1.957150960842944709, 6.399999989042877147 ) ) ;
#5228 = CARTESIAN_POINT ( 'NONE',  ( -4.049522174361919191, 0.6413814460608511236, 0.3999999890428787008 ) ) ;
#5229 = CARTESIAN_POINT ( 'NONE',  ( 4.000000000000000888, -8.062257748298549132, 2.196650180095863103 ) ) ;
#5230 = CARTESIAN_POINT ( 'NONE',  ( -3.372694867087378423, 1.718474014398681859, -1.566025414741564425 ) ) ;
#5231 = ORIENTED_EDGE ( 'NONE', *, *, #1061, .T. ) ;
#5232 = CARTESIAN_POINT ( 'NONE',  ( -1.861361174683003439, -3.653126685099040039, 7.899999989042876258 ) ) ;
#5233 =( BOUNDED_CURVE ( )  B_SPLINE_CURVE ( 2, ( #1915, #4092, #1834, #3597, #5225, #5151, #5644 ),
 .UNSPECIFIED., .F., .T. ) 
 B_SPLINE_CURVE_WITH_KNOTS ( ( 3, 2, 2, 3 ),
 ( 0.4558999657812182749, 0.4625000000000000222, 0.4749999999999999778, 0.4843556431958115360 ),
 .UNSPECIFIED. ) 
 CURVE ( )  GEOMETRIC_REPRESENTATION_ITEM ( )  RATIONAL_B_SPLINE_CURVE ( ( 0.9756050165368455040, 0.9741577066209301528, 1.000000000000000000, 0.9510565162951535312, 1.000000000000000000, 0.9633681783757951367, 0.9815706371881782744 ) ) 
 REPRESENTATION_ITEM ( '' )  );
#5234 = CARTESIAN_POINT ( 'NONE',  ( 3.048333987505708276, 3.048333777641312192, 2.799999989042875725 ) ) ;
#5235 = EDGE_CURVE ( 'NONE', #3304, #950, #2361, .T. ) ;
#5236 = DIRECTION ( 'NONE',  ( -1.000000000000000000, -0.000000000000000000, -0.000000000000000000 ) ) ;
#5237 = CARTESIAN_POINT ( 'NONE',  ( -0.6413811672690397092, 4.049522218518203154, 1.999999989042877679 ) ) ;
#5238 = CARTESIAN_POINT ( 'NONE',  ( -2.545584324645416618, 2.545584499897719510, 2.333974585258436374 ) ) ;
#5239 = CARTESIAN_POINT ( 'NONE',  ( -3.207623543337572602, -1.634365688646974846, -2.433974607172683768 ) ) ;
#5240 = CARTESIAN_POINT ( 'NONE',  ( -4.000000000000000888, -3.186100377805715755, 2.383419246269047775 ) ) ;
#5241 = EDGE_CURVE ( 'NONE', #6134, #4664, #1236, .T. ) ;
#5242 = CARTESIAN_POINT ( 'NONE',  ( 4.257919638985430133, 0.6743880687212409075, 1.499999989042877013 ) ) ;
#5243 = CARTESIAN_POINT ( 'NONE',  ( 3.653126813245570315, 1.861360923181276661, 2.699999989042876969 ) ) ;
#5244 = CARTESIAN_POINT ( 'NONE',  ( 4.257919638985430133, 0.6743880687212409075, 7.499999989042877679 ) ) ;
#5245 = CARTESIAN_POINT ( 'NONE',  ( -0.6743883618602996011, -4.257919592556767441, 3.999999989042876791 ) ) ;
#5246 = CARTESIAN_POINT ( 'NONE',  ( 2.545584324645417063, -2.545584499897719510, 4.166025392827316765 ) ) ;
#5247 = CARTESIAN_POINT ( 'NONE',  ( 1.957150696398380463, -3.841124844479640643, 6.199999989042875193 ) ) ;
#5248 = ORIENTED_EDGE ( 'NONE', *, *, #4920, .F. ) ;
#5249 = VERTEX_POINT ( 'NONE', #1324 ) ;
#5250 = CARTESIAN_POINT ( 'NONE',  ( 0.6413811672690402643, -4.049522218518203154, 4.999999989042877679 ) ) ;
#5251 = CARTESIAN_POINT ( 'NONE',  ( 3.841124709738403809, -1.957150960842944709, 1.299999989042878612 ) ) ;
#5252 = CARTESIAN_POINT ( 'NONE',  ( -0.5631639517484248181, 3.555678045528178011, 2.966025392827316587 ) ) ;
#5253 = CARTESIAN_POINT ( 'NONE',  ( -4.049522174361919191, 0.6413814460608515677, 4.399999989042878035 ) ) ;
#5254 = CARTESIAN_POINT ( 'NONE',  ( -2.899137703068391581, 2.899137902661292898, 9.299999989042877502 ) ) ;
#5255 = CARTESIAN_POINT ( 'NONE',  ( 1.634365909477758727, 3.207623430818667742, 3.933974585258435130 ) ) ;
#5256 = CARTESIAN_POINT ( 'NONE',  ( 0.6413811672690402643, -4.049522218518203154, 6.999999989042877679 ) ) ;
#5257 = CARTESIAN_POINT ( 'NONE',  ( 2.899137703068392025, -2.899137902661292454, 5.199999989042877857 ) ) ;
#5258 = CARTESIAN_POINT ( 'NONE',  ( 3.555678006756805676, -0.5631641965412353956, 3.533974585258436107 ) ) ;
#5259 = VECTOR ( 'NONE', #3621, 1000.000000000000000 ) ;
#5260 = CARTESIAN_POINT ( 'NONE',  ( -4.049522174361919191, 0.6413814460608511236, 10.39999998904287892 ) ) ;
#5261 = CARTESIAN_POINT ( 'NONE',  ( 2.899137703068392025, -2.899137902661292454, 8.299999989042877502 ) ) ;
#5262 = CARTESIAN_POINT ( 'NONE',  ( 3.653126813245570315, 1.861360923181276661, 4.699999989042876969 ) ) ;
#5263 = CARTESIAN_POINT ( 'NONE',  ( -1.957150696398379353, 3.841124844479640643, 7.199999989042875193 ) ) ;
#5264 = CARTESIAN_POINT ( 'NONE',  ( -1.861361174683002995, -3.653126685099040039, -3.200000010957122054 ) ) ;
#5265 = CARTESIAN_POINT ( 'NONE',  ( 3.841124709738403809, -1.957150960842944709, 8.399999989042877147 ) ) ;
#5266 = CARTESIAN_POINT ( 'NONE',  ( 3.600000000000000533, 0.8642834671560696291, 0.4921367539851216333 ) ) ;
#5267 = ORIENTED_EDGE ( 'NONE', *, *, #100, .F. ) ;
#5268 = ADVANCED_FACE ( 'NONE', ( #3514 ), #2479, .F. ) ;
#5269 = CARTESIAN_POINT ( 'NONE',  ( -3.372694867087378423, 1.718474014398682526, -4.733974607172682703 ) ) ;
#5270 = CARTESIAN_POINT ( 'NONE',  ( -0.6413811672690397092, 4.049522218518203154, 3.099999989042876436 ) ) ;
#5271 = CARTESIAN_POINT ( 'NONE',  ( 8.397997773199072924, -3.236299344340628714, 4.199791902071509320 ) ) ;
#5272 = CARTESIAN_POINT ( 'NONE',  ( 0.4999999999999913403, -4.069397989875159993, 4.989223782170678412 ) ) ;
#5273 = CARTESIAN_POINT ( 'NONE',  ( 2.899137703068392025, -2.899137902661292454, 5.199999989042877857 ) ) ;
#5274 = CARTESIAN_POINT ( 'NONE',  ( 3.555678006756805676, -0.5631641965412353956, 1.533974585258435885 ) ) ;
#5275 = CARTESIAN_POINT ( 'NONE',  ( 3.738661146426232040, 0.5921456213162114013, 3.633974585258435308 ) ) ;
#5276 = CARTESIAN_POINT ( 'NONE',  ( -3.653126813245570315, -1.861360923181276883, 7.699999989042876081 ) ) ;
#5277 = CARTESIAN_POINT ( 'NONE',  ( -0.4999999999999923395, -4.069397989875159993, 2.911267035992048058 ) ) ;
#5278 = CARTESIAN_POINT ( 'NONE',  ( 4.049522174361919191, -0.6413814460608517898, 6.499999989042876791 ) ) ;
#5279 = CARTESIAN_POINT ( 'NONE',  ( 3.841124709738403809, -1.957150960842944709, 5.299999989042876614 ) ) ;
#5280 = CARTESIAN_POINT ( 'NONE',  ( -2.899137703068391581, 2.899137902661292898, 7.299999989042876614 ) ) ;
#5281 = CARTESIAN_POINT ( 'NONE',  ( -2.676585940248913165, -2.676585755977737513, 5.666025392827316765 ) ) ;
#5282 = CARTESIAN_POINT ( 'NONE',  ( 4.257919638985431909, 0.6743880687212407965, 8.599999989042872883 ) ) ;
#5283 = ORIENTED_EDGE ( 'NONE', *, *, #2179, .F. ) ;
#5284 = ORIENTED_EDGE ( 'NONE', *, *, #5037, .T. ) ;
#5285 = CARTESIAN_POINT ( 'NONE',  ( -4.000000000000000888, -3.186100377805715755, 5.616580753730949560 ) ) ;
#5286 = CARTESIAN_POINT ( 'NONE',  ( 1.957150696398380463, -3.841124844479640643, -0.9000000109571220097 ) ) ;
#5287 = CARTESIAN_POINT ( 'NONE',  ( -2.676585940248913165, -2.676585755977737513, 5.666025392827316765 ) ) ;
#5288 = CARTESIAN_POINT ( 'NONE',  ( -1.861361174683003439, -3.653126685099040039, 0.7999999890428779459 ) ) ;
#5289 = CARTESIAN_POINT ( 'NONE',  ( 0.4999999999999982792, -3.851466211747805790, 1.049280857965501079 ) ) ;
#5290 = CARTESIAN_POINT ( 'NONE',  ( -2.899137703068391581, 2.899137902661292454, 4.199999989042877857 ) ) ;
#5291 = CARTESIAN_POINT ( 'NONE',  ( 3.653126813245570315, 1.861360923181276661, 5.599999989042878212 ) ) ;
#5292 = CARTESIAN_POINT ( 'NONE',  ( 3.207623543337573047, 1.634365688646974624, 5.733974585258436285 ) ) ;
#5293 = CARTESIAN_POINT ( 'NONE',  ( -3.555678006756805676, 0.5631641965412353956, 7.366025392827317830 ) ) ;
#5294 = CARTESIAN_POINT ( 'NONE',  ( -4.049522174361919191, 0.6413814460608515677, -0.5000000109571227647 ) ) ;
#5295 = CARTESIAN_POINT ( 'NONE',  ( 0.6743883618602999341, 4.257919592556767441, 2.999999989042876347 ) ) ;
#5296 = CARTESIAN_POINT ( 'NONE',  ( -2.899137703068391581, 2.899137902661292454, -1.800000010957121921 ) ) ;
#5297 = CARTESIAN_POINT ( 'NONE',  ( -0.6413813116414870397, 4.049522195651856116, 1.535003439802544666E-11 ) ) ;
#5298 = CARTESIAN_POINT ( 'NONE',  ( -1.861361174683002995, -3.653126685099040039, 8.799999989042877502 ) ) ;
#5299 = ORIENTED_EDGE ( 'NONE', *, *, #1975, .T. ) ;
#5300 = CARTESIAN_POINT ( 'NONE',  ( 2.899137703068392025, -2.899137902661292454, 6.299999989042876614 ) ) ;
#5301 = CARTESIAN_POINT ( 'NONE',  ( -0.6413811672690397092, 4.049522218518203154, 7.099999989042876436 ) ) ;
#5302 = VECTOR ( 'NONE', #1419, 1000.000000000000000 ) ;
#5303 = CARTESIAN_POINT ( 'NONE',  ( 4.257919638985431909, 0.6743880687212407965, 4.599999989042876436 ) ) ;
#5304 = DIRECTION ( 'NONE',  ( -1.000000000000000000, 0.000000000000000000, 0.000000000000000000 ) ) ;
#5305 = CARTESIAN_POINT ( 'NONE',  ( 0.4999999999999979461, -3.851466211747806678, 5.049280857965499969 ) ) ;
#5306 = CARTESIAN_POINT ( 'NONE',  ( 0.6413811672690400423, -4.049522218518203154, 0.9999999890428785676 ) ) ;
#5307 = CARTESIAN_POINT ( 'NONE',  ( 0.5921458787066045115, 3.738661105659599748, 0.03397458525843630867 ) ) ;
#5308 = CARTESIAN_POINT ( 'NONE',  ( 3.372694867087377979, -1.718474014398682526, 3.433974585258436463 ) ) ;
#5309 = CARTESIAN_POINT ( 'NONE',  ( -3.048333987505707832, -3.048333777641312636, 7.799999989042877502 ) ) ;
#5310 = CARTESIAN_POINT ( 'NONE',  ( 2.899137703068392025, -2.899137902661292454, 4.299999989042876614 ) ) ;
#5311 = CARTESIAN_POINT ( 'NONE',  ( -4.049522174361919191, 0.6413814460608511236, 8.399999989042878923 ) ) ;
#5312 = CARTESIAN_POINT ( 'NONE',  ( -3.653126813245570315, -1.861360923181276883, 5.699999989042876969 ) ) ;
#5313 = CARTESIAN_POINT ( 'NONE',  ( -0.5631639517484248181, 3.555678045528178011, 6.966025392827316587 ) ) ;
#5314 = CARTESIAN_POINT ( 'NONE',  ( -3.841124709738404253, 1.957150960842944709, 7.399999989042877147 ) ) ;
#5315 = ORIENTED_EDGE ( 'NONE', *, *, #6401, .T. ) ;
#5316 = ORIENTED_EDGE ( 'NONE', *, *, #1342, .F. ) ;
#5317 = CARTESIAN_POINT ( 'NONE',  ( 0.5000000000000106581, -3.784196729904267364, 2.016241616572054696 ) ) ;
#5318 = CARTESIAN_POINT ( 'NONE',  ( -3.048333987505707832, -3.048333777641312636, -3.300000010957120811 ) ) ;
#5319 = CARTESIAN_POINT ( 'NONE',  ( 2.545584324645417063, -2.545584499897719510, 2.166025392827315876 ) ) ;
#5320 = CARTESIAN_POINT ( 'NONE',  ( -3.841124709738404253, 1.957150960842944709, 0.2999999890428775018 ) ) ;
#5321 = LINE ( 'NONE', #4758, #6888 ) ;
#5322 = CARTESIAN_POINT ( 'NONE',  ( -1.861361174683002995, -3.653126685099040039, -1.200000010957122054 ) ) ;
#5323 = CARTESIAN_POINT ( 'NONE',  ( -4.049522174361919191, 0.6413814460608515677, 8.399999989042878923 ) ) ;
#5324 = CARTESIAN_POINT ( 'NONE',  ( -1.718473782203454592, 3.372694985396755829, 2.233974585258434509 ) ) ;
#5325 = FACE_OUTER_BOUND ( 'NONE', #2359, .T. ) ;
#5326 = CARTESIAN_POINT ( 'NONE',  ( 2.899137703068392025, -2.899137902661292454, -1.700000010957124275 ) ) ;
#5327 = CARTESIAN_POINT ( 'NONE',  ( -3.841124709738404253, 1.957150960842944709, 7.399999989042877147 ) ) ;
#5328 = CARTESIAN_POINT ( 'NONE',  ( -3.555678006756805676, 0.5631641965412349515, 8.533974585258436107 ) ) ;
#5329 = CARTESIAN_POINT ( 'NONE',  ( 6.521646928495933970, -6.209477020809641701, 1.249999999999998446 ) ) ;
#5330 = CARTESIAN_POINT ( 'NONE',  ( 0.6743883618602993790, 4.257919592556766553, 5.899999989042878035 ) ) ;
#5331 = VERTEX_POINT ( 'NONE', #3933 ) ;
#5332 = CARTESIAN_POINT ( 'NONE',  ( -4.257919638985431909, -0.6743880687212413516, 1.599999989042876214 ) ) ;
#5333 = CARTESIAN_POINT ( 'NONE',  ( -4.257919638985431909, -0.6743880687212413516, 7.599999989042876436 ) ) ;
#5334 = CARTESIAN_POINT ( 'NONE',  ( 4.257919638985431909, 0.6743880687212407965, 9.499999989042878568 ) ) ;
#5335 = CARTESIAN_POINT ( 'NONE',  ( 7.220025510795476720, -5.376751396749726020, 6.686196449750317683 ) ) ;
#5336 = CARTESIAN_POINT ( 'NONE',  ( 3.048333987505708276, 3.048333777641312192, 6.799999989042877502 ) ) ;
#5337 = CARTESIAN_POINT ( 'NONE',  ( 4.257919638985430133, 0.6743880687212409075, 7.499999989042877679 ) ) ;
#5338 = AXIS2_PLACEMENT_3D ( 'NONE', #4638, #5167, #3038 ) ;
#5339 = CARTESIAN_POINT ( 'NONE',  ( 0.5631639517484254842, -3.555678045528177122, 3.133974585258436640 ) ) ;
#5340 = CARTESIAN_POINT ( 'NONE',  ( 0.5921458787066045115, 3.738661105659599748, 4.033974585258436107 ) ) ;
#5341 = CARTESIAN_POINT ( 'NONE',  ( -4.049522174361919191, 0.6413814460608515677, 5.499999989042876791 ) ) ;
#5342 = CARTESIAN_POINT ( 'NONE',  ( 2.545584324645417063, -2.545584499897719510, 6.166025392827316765 ) ) ;
#5343 = CARTESIAN_POINT ( 'NONE',  ( -3.048333987505707832, -3.048333777641312636, 5.799999989042874837 ) ) ;
#5344 = CARTESIAN_POINT ( 'NONE',  ( -0.6743883618602991570, -4.257919592556766553, 6.899999989042878923 ) ) ;
#5345 = CARTESIAN_POINT ( 'NONE',  ( 2.899137703068392025, -2.899137902661292454, 6.299999989042876614 ) ) ;
#5346 = CARTESIAN_POINT ( 'NONE',  ( -3.653126813245570315, -1.861360923181276883, -0.3000000109571240303 ) ) ;
#5347 = CARTESIAN_POINT ( 'NONE',  ( -1.957150696398379353, 3.841124844479640643, 7.199999989042875193 ) ) ;
#5348 = EDGE_LOOP ( 'NONE', ( #5231, #5212, #246 ) ) ;
#5349 = ORIENTED_EDGE ( 'NONE', *, *, #5956, .F. ) ;
#5350 = CARTESIAN_POINT ( 'NONE',  ( 0.4999999999999886202, -3.565108693995177269, 5.960550053940177229 ) ) ;
#5351 = EDGE_CURVE ( 'NONE', #6028, #1002, #2259, .T. ) ;
#5352 = CARTESIAN_POINT ( 'NONE',  ( -0.6743883618602996011, -4.257919592556767441, -1.100000010957122631 ) ) ;
#5353 = CARTESIAN_POINT ( 'NONE',  ( 3.207623543337573047, 1.634365688646974624, -1.433974607172682880 ) ) ;
#5354 = DIRECTION ( 'NONE',  ( 0.000000000000000000, 0.000000000000000000, 1.000000000000000000 ) ) ;
#5355 = CARTESIAN_POINT ( 'NONE',  ( -3.048333987505707388, -3.048333777641312636, 2.699999989042877857 ) ) ;
#5356 = CARTESIAN_POINT ( 'NONE',  ( 1.861361174683003883, 3.653126685099039594, -2.200000010957122942 ) ) ;
#5357 = CARTESIAN_POINT ( 'NONE',  ( -2.545584324645416618, 2.545584499897719510, 6.333974585258435930 ) ) ;
#5358 = CARTESIAN_POINT ( 'NONE',  ( -1.957150696398379353, 3.841124844479640643, 10.09999998904287466 ) ) ;
#5359 = CARTESIAN_POINT ( 'NONE',  ( -2.899137703068391581, 2.899137902661292898, -2.700000010957123386 ) ) ;
#5360 = DIRECTION ( 'NONE',  ( -0.000000000000000000, -0.000000000000000000, -1.000000000000000000 ) ) ;
#5361 = CARTESIAN_POINT ( 'NONE',  ( 0.5631639517484254842, -3.555678045528177122, 9.133974585258437529 ) ) ;
#5362 = AXIS2_PLACEMENT_3D ( 'NONE', #2148, #3793, #6481 ) ;
#5363 = FACE_OUTER_BOUND ( 'NONE', #5840, .T. ) ;
#5364 = CARTESIAN_POINT ( 'NONE',  ( 3.048333987505707832, 3.048333777641312192, 9.699999989042877857 ) ) ;
#5365 = ORIENTED_EDGE ( 'NONE', *, *, #1094, .F. ) ;
#5366 = CARTESIAN_POINT ( 'NONE',  ( -4.049522174361919191, 0.6413814460608515677, 1.499999989042877235 ) ) ;
#5367 = CARTESIAN_POINT ( 'NONE',  ( 3.048333987505708276, 3.048333777641312192, 4.799999989042876614 ) ) ;
#5368 = CARTESIAN_POINT ( 'NONE',  ( 1.957150696398380463, -3.841124844479640643, -3.800000010957123919 ) ) ;
#5369 = CARTESIAN_POINT ( 'NONE',  ( 8.052214579940528694, -4.023223598836721315, 5.934939563758771186 ) ) ;
#5370 = DIRECTION ( 'NONE',  ( 0.000000000000000000, -1.000000000000000000, 0.000000000000000000 ) ) ;
#5371 = CARTESIAN_POINT ( 'NONE',  ( 0.6743883618602999341, 4.257919592556767441, -2.100000010957121965 ) ) ;
#5372 = CARTESIAN_POINT ( 'NONE',  ( -3.555678006756805676, 0.5631641965412349515, 4.533974585258436107 ) ) ;
#5373 = CARTESIAN_POINT ( 'NONE',  ( 2.676585940248913165, 2.676585755977737069, -0.1660254147415641812 ) ) ;
#5374 = CARTESIAN_POINT ( 'NONE',  ( -0.5921458787066042895, -3.738661105659599748, 5.866025392827316054 ) ) ;
#5375 = EDGE_CURVE ( 'NONE', #6697, #3047, #3779, .T. ) ;
#5376 = CARTESIAN_POINT ( 'NONE',  ( 1.861361174683003883, 3.653126685099039594, 0.8999999890428757032 ) ) ;
#5377 = CARTESIAN_POINT ( 'NONE',  ( 1.861361174683003439, 3.653126685099039594, 1.799999989042877058 ) ) ;
#5378 = CARTESIAN_POINT ( 'NONE',  ( 3.653126813245570315, 1.861360923181276661, 8.699999989042877857 ) ) ;
#5379 = CARTESIAN_POINT ( 'NONE',  ( 1.957150696398380463, -3.841124844479640643, -1.800000010957123475 ) ) ;
#5380 = CARTESIAN_POINT ( 'NONE',  ( -4.049522174361919191, 0.6413814460608515677, 3.499999989042876347 ) ) ;
#5381 = ORIENTED_EDGE ( 'NONE', *, *, #3415, .T. ) ;
#5382 = CARTESIAN_POINT ( 'NONE',  ( -2.545584324645416618, 2.545584499897719954, 7.166025392827316765 ) ) ;
#5383 = CARTESIAN_POINT ( 'NONE',  ( -3.555678006756805676, 0.5631641965412349515, 0.5339745852584367736 ) ) ;
#5384 = CARTESIAN_POINT ( 'NONE',  ( 3.653126813245570315, 1.861360923181276661, -2.400000010957121788 ) ) ;
#5385 = CARTESIAN_POINT ( 'NONE',  ( 2.676585940248914053, 2.676585755977737069, 0.6660253928273162094 ) ) ;
#5386 = CARTESIAN_POINT ( 'NONE',  ( 3.372694867087377979, -1.718474014398682970, 8.266025392827318186 ) ) ;
#5387 = CARTESIAN_POINT ( 'NONE',  ( 1.957150696398380463, -3.841124844479640643, 3.099999989042878212 ) ) ;
#5388 = CARTESIAN_POINT ( 'NONE',  ( -3.048333987505707832, -3.048333777641312636, 2.699999989042877857 ) ) ;
#5389 = CARTESIAN_POINT ( 'NONE',  ( -1.718473782203454592, 3.372694985396755829, 0.2339745852584350916 ) ) ;
#5390 = CARTESIAN_POINT ( 'NONE',  ( -4.100000000000002309, -0.9196847177407059259, 10.52107237264284478 ) ) ;
#5391 = CARTESIAN_POINT ( 'NONE',  ( 0.6743883618602999341, 4.257919592556767441, -1.000000010957123209 ) ) ;
#5392 = CARTESIAN_POINT ( 'NONE',  ( -0.4999999999999995559, -3.565108693995175937, 5.871765981903404708 ) ) ;
#5393 = CARTESIAN_POINT ( 'NONE',  ( 2.545584324645417063, -2.545584499897719066, 7.333974585258436818 ) ) ;
#5394 = CARTESIAN_POINT ( 'NONE',  ( -4.049522174361919191, 0.6413814460608515677, 3.499999989042876347 ) ) ;
#5395 = CARTESIAN_POINT ( 'NONE',  ( 1.634365909477759171, 3.207623430818668187, 0.7660253928273158541 ) ) ;
#5396 = CARTESIAN_POINT ( 'NONE',  ( 1.861361174683003883, 3.653126685099039594, 4.899999989042876258 ) ) ;
#5397 = CARTESIAN_POINT ( 'NONE',  ( -3.048333987505707832, -3.048333777641312636, 3.799999989042876614 ) ) ;
#5398 = CARTESIAN_POINT ( 'NONE',  ( -2.899137703068391581, 2.899137902661292898, -2.700000010957123386 ) ) ;
#5399 = CARTESIAN_POINT ( 'NONE',  ( 0.5316208998611848813, -3.560673973034427231, 5.131244317493397489 ) ) ;
#5400 = FACE_OUTER_BOUND ( 'NONE', #3494, .T. ) ;
#5401 = CARTESIAN_POINT ( 'NONE',  ( -4.257919638985431909, -0.6743880687212413516, -3.500000010957124097 ) ) ;
#5402 = CARTESIAN_POINT ( 'NONE',  ( 4.482597423332481235, -7.822822375032632003, 6.079006550215710014 ) ) ;
#5403 = CARTESIAN_POINT ( 'NONE',  ( 3.372694867087377979, -1.718474014398682526, -2.566025414741563537 ) ) ;
#5404 = CIRCLE ( 'NONE', #1540, 5.999999999999999112 ) ;
#5405 = CARTESIAN_POINT ( 'NONE',  ( -1.718473782203454592, 3.372694985396756273, 9.066025392827317120 ) ) ;
#5406 = EDGE_CURVE ( 'NONE', #4664, #6408, #2616, .T. ) ;
#5407 = CARTESIAN_POINT ( 'NONE',  ( 1.861361174683003883, 3.653126685099039594, -1.100000010957124408 ) ) ;
#5408 = CARTESIAN_POINT ( 'NONE',  ( 0.6413811672690402643, -4.049522218518203154, -1.000000010957121432 ) ) ;
#5409 = CARTESIAN_POINT ( 'NONE',  ( -1.957150696398379353, 3.841124844479640643, -0.8000000109571244744 ) ) ;
#5410 = CARTESIAN_POINT ( 'NONE',  ( 2.899137703068392025, -2.899137902661292454, -3.700000010957124275 ) ) ;
#5411 = CARTESIAN_POINT ( 'NONE',  ( -1.861361174683003439, -3.653126685099040039, -0.1000000109571234919 ) ) ;
#5412 = CARTESIAN_POINT ( 'NONE',  ( -1.861361174683002995, -3.653126685099040039, -3.200000010957122054 ) ) ;
#5413 = CARTESIAN_POINT ( 'NONE',  ( 0.5631639517484252622, -3.555678045528178011, 5.966025392827316587 ) ) ;
#5414 = CARTESIAN_POINT ( 'NONE',  ( -2.545584324645416618, 2.545584499897719510, 0.3339745852584362629 ) ) ;
#5415 = CARTESIAN_POINT ( 'NONE',  ( -2.899137703068391581, 2.899137902661292454, 0.1999999890428781624 ) ) ;
#5416 = CARTESIAN_POINT ( 'NONE',  ( -1.718473782203454592, 3.372694985396756273, 9.066025392827317120 ) ) ;
#5417 = CARTESIAN_POINT ( 'NONE',  ( -0.6413811672690400423, 4.049522218518203154, -1.095712236220958147E-08 ) ) ;
#5418 = CARTESIAN_POINT ( 'NONE',  ( 3.048333987505708276, 3.048333777641312192, 1.699999989042877635 ) ) ;
#5419 = DIRECTION ( 'NONE',  ( -1.000000000000000000, -0.000000000000000000, -0.000000000000000000 ) ) ;
#5420 = CARTESIAN_POINT ( 'NONE',  ( 2.899137703068392025, -2.899137902661292454, 9.199999989042879633 ) ) ;
#5421 = CARTESIAN_POINT ( 'NONE',  ( -3.048333987505707832, -3.048333777641312636, 1.799999989042877058 ) ) ;
#5422 = CARTESIAN_POINT ( 'NONE',  ( 1.957150696398380463, -3.841124844479640643, -3.800000010957123919 ) ) ;
#5423 = CARTESIAN_POINT ( 'NONE',  ( -3.372694867087378423, 1.718474014398681859, 8.433974585258436463 ) ) ;
#5424 = CARTESIAN_POINT ( 'NONE',  ( -1.957150696398379353, 3.841124844479640643, 5.199999989042876969 ) ) ;
#5425 = CARTESIAN_POINT ( 'NONE',  ( -0.6413811672690400423, 4.049522218518203154, -1.095712236220958147E-08 ) ) ;
#5426 = CARTESIAN_POINT ( 'NONE',  ( 3.048333987505708276, 3.048333777641312192, 2.799999989042875725 ) ) ;
#5427 = ORIENTED_EDGE ( 'NONE', *, *, #6860, .T. ) ;
#5428 = CARTESIAN_POINT ( 'NONE',  ( -4.078117694048028596, 0.4866904386471755939, -1.054275021361364719E-13 ) ) ;
#5429 = CARTESIAN_POINT ( 'NONE',  ( 8.115390710952354425, -3.893078186062071122, 2.206154416214346270 ) ) ;
#5430 = CARTESIAN_POINT ( 'NONE',  ( -1.217371670653502491, -3.981255754532443181, 5.954254770371696814 ) ) ;
#5431 = CARTESIAN_POINT ( 'NONE',  ( 4.049522174361919191, -0.6413814460608513457, 9.399999989042877147 ) ) ;
#5432 = LINE ( 'NONE', #6565, #1547 ) ;
#5433 = CARTESIAN_POINT ( 'NONE',  ( 3.653126813245570315, 1.861360923181276883, 3.599999989042878212 ) ) ;
#5434 = CARTESIAN_POINT ( 'NONE',  ( -2.676585940248912721, -2.676585755977737513, -1.166025414741563404 ) ) ;
#5435 = CARTESIAN_POINT ( 'NONE',  ( -2.676585940248913165, -2.676585755977737513, 5.666025392827316765 ) ) ;
#5436 = CARTESIAN_POINT ( 'NONE',  ( -4.049522174361919191, 0.6413814460608515677, 1.499999989042877235 ) ) ;
#5437 = AXIS2_PLACEMENT_3D ( 'NONE', #4071, #5549, #6650 ) ;
#5438 = EDGE_CURVE ( 'NONE', #857, #1310, #1505, .T. ) ;
#5439 = CARTESIAN_POINT ( 'NONE',  ( 4.049522174361919191, -0.6413814460608513457, 3.399999989042878035 ) ) ;
#5440 = CARTESIAN_POINT ( 'NONE',  ( -4.049522174361919191, 0.6413814460608515677, 2.399999989042878923 ) ) ;
#5441 = CARTESIAN_POINT ( 'NONE',  ( -3.653126813245570315, -1.861360923181276883, -0.3000000109571240303 ) ) ;
#5442 = CARTESIAN_POINT ( 'NONE',  ( -0.6413811672690397092, 4.049522218518203154, 1.099999989042876214 ) ) ;
#5443 = CARTESIAN_POINT ( 'NONE',  ( 0.6413811672690400423, -4.049522218518203154, 2.099999989042876880 ) ) ;
#5444 = CARTESIAN_POINT ( 'NONE',  ( 2.899137703068392025, -2.899137902661292010, -2.800000010957122587 ) ) ;
#5445 = EDGE_CURVE ( 'NONE', #4450, #1002, #5010, .T. ) ;
#5446 = CARTESIAN_POINT ( 'NONE',  ( -3.372694867087378423, 1.718474014398682526, 7.266025392827314633 ) ) ;
#5447 = CARTESIAN_POINT ( 'NONE',  ( 1.957150696398380463, -3.841124844479640643, -0.9000000109571220097 ) ) ;
#5448 = CARTESIAN_POINT ( 'NONE',  ( -1.718473782203454592, 3.372694985396755829, 2.233974585258434509 ) ) ;
#5449 = CARTESIAN_POINT ( 'NONE',  ( 3.599999999999998312, 4.410412838890397126E-08, 1.583351343887087870 ) ) ;
#5450 = CARTESIAN_POINT ( 'NONE',  ( -2.545584324645416618, 2.545584499897719954, 5.166025392827316765 ) ) ;
#5451 = CARTESIAN_POINT ( 'NONE',  ( -1.634365909477758505, -3.207623430818668187, 6.933974585258436463 ) ) ;
#5452 = CARTESIAN_POINT ( 'NONE',  ( -3.048333987505707832, -3.048333777641312636, -1.300000010957121699 ) ) ;
#5453 = CARTESIAN_POINT ( 'NONE',  ( 0.000000000000000000, 0.000000000000000000, 8.000000000000000000 ) ) ;
#5454 = CARTESIAN_POINT ( 'NONE',  ( -2.899137703068391581, 2.899137902661292898, -2.700000010957123386 ) ) ;
#5455 = CARTESIAN_POINT ( 'NONE',  ( -0.6743883618602996011, -4.257919592556767441, -1.095712409693305744E-08 ) ) ;
#5456 = CARTESIAN_POINT ( 'NONE',  ( -4.049522174361919191, 0.6413814460608515677, -0.5000000109571227647 ) ) ;
#5457 = CARTESIAN_POINT ( 'NONE',  ( 0.5631639517484254842, -3.555678045528177122, -2.866025414741563360 ) ) ;
#5458 = CARTESIAN_POINT ( 'NONE',  ( 0.6413811672690400423, -4.049522218518203154, 6.099999989042876436 ) ) ;
#5459 = CARTESIAN_POINT ( 'NONE',  ( 3.841124709738403809, -1.957150960842944709, 5.299999989042876614 ) ) ;
#5460 = CARTESIAN_POINT ( 'NONE',  ( -4.049522174361919191, 0.6413814460608515677, 3.499999989042876347 ) ) ;
#5461 = CARTESIAN_POINT ( 'NONE',  ( 2.899137703068392025, -2.899137902661292454, 0.2999999890428758365 ) ) ;
#5462 = VERTEX_POINT ( 'NONE', #4151 ) ;
#5463 = CARTESIAN_POINT ( 'NONE',  ( -3.762627670935631219, 1.646576550445858933, 2.517958222761132209E-16 ) ) ;
#5464 = CARTESIAN_POINT ( 'NONE',  ( -1.718473782203454592, 3.372694985396756273, 9.066025392827317120 ) ) ;
#5465 = CARTESIAN_POINT ( 'NONE',  ( 3.841124709738403809, -1.957150960842944709, 4.399999989042876258 ) ) ;
#5466 = CARTESIAN_POINT ( 'NONE',  ( -3.841124709738404253, 1.957150960842943821, 8.299999989042875725 ) ) ;
#5467 = CARTESIAN_POINT ( 'NONE',  ( 5.870849191032796455, -6.828028961750075787, 6.626151987933950771 ) ) ;
#5468 = CARTESIAN_POINT ( 'NONE',  ( 0.6413811672690402643, -4.049522218518203154, 2.999999989042878568 ) ) ;
#5469 =( BOUNDED_CURVE ( )  B_SPLINE_CURVE ( 2, ( #3697, #3660, #2079, #1574, #2010, #901, #2653, #3091, #4821, #1978, #2550, #5780, #4723, #6447, #444, #4790, #6887, #6380, #5846, #1539, #6346, #3732, #6990 ),
 .UNSPECIFIED., .F., .T. ) 
 B_SPLINE_CURVE_WITH_KNOTS ( ( 3, 2, 2, 2, 2, 2, 2, 2, 2, 2, 2, 3 ),
 ( 0.3887154141167842303, 0.3965043434959376611, 0.4105391262053258439, 0.4245739089147141376, 0.4386086916241024869, 0.4526434743334907251, 0.4666782570428790744, 0.4807130397522673126, 0.4947478224616556064, 0.5087826051710439001, 0.5228173878804320829, 0.5236061035181871492 ),
 .UNSPECIFIED. ) 
 CURVE ( )  GEOMETRIC_REPRESENTATION_ITEM ( )  RATIONAL_B_SPLINE_CURVE ( ( 0.9758240785728762301, 0.9728376743665732018, 1.000000000000000000, 0.9510565162951535312, 1.000000000000000000, 0.9510565162951535312, 1.000000000000000000, 0.9510565162951535312, 1.000000000000000000, 0.9510565162951535312, 1.000000000000000000, 0.9510565162951535312, 1.000000000000000000, 0.9510565162951535312, 1.000000000000000000, 0.9510565162951535312, 1.000000000000000000, 0.9510565162951535312, 1.000000000000000000, 0.9510565162951535312, 1.000000000000000000, 0.9972495127453310237, 0.9948081649129278947 ) ) 
 REPRESENTATION_ITEM ( '' )  );
#5470 = CARTESIAN_POINT ( 'NONE',  ( 0.5631639517484254842, -3.555678045528177122, -0.8660254147415634707 ) ) ;
#5471 = CARTESIAN_POINT ( 'NONE',  ( -2.545584324645416618, 2.545584499897719954, 7.166025392827316765 ) ) ;
#5472 = AXIS2_PLACEMENT_3D ( 'NONE', #1069, #3395, #4420 ) ;
#5473 = CARTESIAN_POINT ( 'NONE',  ( 1.861361174683003883, 3.653126685099039594, -3.100000010957124630 ) ) ;
#5474 = CARTESIAN_POINT ( 'NONE',  ( 3.048333987505707832, 3.048333777641312192, 3.699999989042877413 ) ) ;
#5475 = CARTESIAN_POINT ( 'NONE',  ( -4.257919638985431909, -0.6743880687212413516, -3.500000010957124097 ) ) ;
#5476 = CARTESIAN_POINT ( 'NONE',  ( 1.957150696398380463, -3.841124844479640643, 0.1999999890428764415 ) ) ;
#5477 = CARTESIAN_POINT ( 'NONE',  ( 3.841124709738403809, -1.957150960842944709, -1.600000010957122631 ) ) ;
#5478 = CARTESIAN_POINT ( 'NONE',  ( 3.841124709738403809, -1.957150960842944709, 2.399999989042877147 ) ) ;
#5479 = CARTESIAN_POINT ( 'NONE',  ( -3.841124709738404253, 1.957150960842943821, -1.700000010957122498 ) ) ;
#5480 = CARTESIAN_POINT ( 'NONE',  ( -0.5921458787066042895, -3.738661105659599748, 5.866025392827316054 ) ) ;
#5481 = CARTESIAN_POINT ( 'NONE',  ( -3.841124709738404253, 1.957150960842944709, -3.700000010957121610 ) ) ;
#5482 = CARTESIAN_POINT ( 'NONE',  ( 3.738661146426232040, 0.5921456213162114013, 5.633974585258434864 ) ) ;
#5483 = FACE_OUTER_BOUND ( 'NONE', #1880, .T. ) ;
#5484 = CARTESIAN_POINT ( 'NONE',  ( 3.372694867087377979, -1.718474014398682970, 4.266025392827316409 ) ) ;
#5485 = CARTESIAN_POINT ( 'NONE',  ( 1.957150696398380463, -3.841124844479640643, -2.900000010957122232 ) ) ;
#5486 = CARTESIAN_POINT ( 'NONE',  ( 4.257919638985431909, 0.6743880687212407965, 1.499999989042876791 ) ) ;
#5487 = CARTESIAN_POINT ( 'NONE',  ( 1.718473782203455258, -3.372694985396755829, -0.7660254147415639370 ) ) ;
#5488 = CARTESIAN_POINT ( 'NONE',  ( 4.049522174361919191, -0.6413814460608517898, 1.399999989042877813 ) ) ;
#5489 = CARTESIAN_POINT ( 'NONE',  ( -0.6413811672690397092, 4.049522218518203154, 1.099999989042876214 ) ) ;
#5490 = CARTESIAN_POINT ( 'NONE',  ( 0.6413811672690400423, -4.049522218518203154, 2.099999989042876880 ) ) ;
#5491 = CARTESIAN_POINT ( 'NONE',  ( 3.738661146426232040, 0.5921456213162114013, -0.3660254147415646364 ) ) ;
#5492 = CARTESIAN_POINT ( 'NONE',  ( -3.048333987505707832, -3.048333777641312636, 1.799999989042877058 ) ) ;
#5493 = CARTESIAN_POINT ( 'NONE',  ( -0.6413811672690400423, 4.049522218518203154, 3.999999989042877679 ) ) ;
#5494 = CARTESIAN_POINT ( 'NONE',  ( 2.899137703068392025, -2.899137902661292454, 4.299999989042876614 ) ) ;
#5495 = CARTESIAN_POINT ( 'NONE',  ( -4.257919638985431909, -0.6743880687212413516, -2.400000010957123120 ) ) ;
#5496 = ORIENTED_EDGE ( 'NONE', *, *, #2364, .T. ) ;
#5497 =( NAMED_UNIT ( * ) SI_UNIT ( $, .STERADIAN. ) SOLID_ANGLE_UNIT ( ) );
#5498 = CARTESIAN_POINT ( 'NONE',  ( -3.599999999999997868, 2.264344887049818713E-15, 7.415402147540224753 ) ) ;
#5499 = DIRECTION ( 'NONE',  ( -1.000000000000000000, 0.000000000000000000, 0.000000000000000000 ) ) ;
#5500 = CARTESIAN_POINT ( 'NONE',  ( 3.841124709738403809, -1.957150960842944709, 3.299999989042878390 ) ) ;
#5501 = CARTESIAN_POINT ( 'NONE',  ( 6.519889423932476724, -6.211450175694405829, 6.749999999999997335 ) ) ;
#5502 = CARTESIAN_POINT ( 'NONE',  ( -0.6413811672690400423, 4.049522218518203154, 3.999999989042877679 ) ) ;
#5503 = CARTESIAN_POINT ( 'NONE',  ( -3.555678006756805676, 0.5631641965412353956, 9.366025392827317830 ) ) ;
#5504 = CARTESIAN_POINT ( 'NONE',  ( -3.738661146426232484, -0.5921456213162119564, 3.466025392827317031 ) ) ;
#5505 = CARTESIAN_POINT ( 'NONE',  ( 1.957150696398380463, -3.841124844479640643, -1.800000010957123475 ) ) ;
#5506 = CARTESIAN_POINT ( 'NONE',  ( 2.899137703068392025, -2.899137902661292010, 5.199999989042877857 ) ) ;
#5507 = CARTESIAN_POINT ( 'NONE',  ( 3.653126813245570315, 1.861360923181276661, -2.400000010957121788 ) ) ;
#5508 =( BOUNDED_SURFACE ( )  B_SPLINE_SURFACE ( 1, 2, ( 
 ( #6098, #2877, #1156, #1655, #3840, #5464, #2732, #3340, #1759, #3374, #5039, #2227, #654, #2766, #4509, #4932, #6674, #5534, #2840, #6030, #4896, #122, #3623, #4119, #3160, #3451, #1264, #6276, #1401, #4756, #6343, #5844, #3589, #4153, #2043, #2913, #5215, #3050, #1974, #5287, #6958, #337, #4221, #3124, #6853, #5077, #4720, #5776, #5741, #6378, #2008, #3695, #860, #443, #6309, #2514, #4686, #407, #1434, #1507, #898, #201, #3981, #3088, #2618, #371, #5252, #729, #972, #2548, #2583, #6922, #938, #6885, #5319, #4789, #6136, #5607, #2376, #5811, #4650, #4186, #1471, #6816, #3658, #1941, #7022, #1604, #3789, #5385, #5880, #3225, #2142, #5943, #504, #1041, #6412, #1070, #5912, #2684, #2078, #3194, #1538, #3731, #1005, #3759, #3256, #4851, #4254, #474, #5353, #4318, #4820, #6477, #2651, #6989, #2110, #4286, #6446, #1573, #2516, #4688, #6855, #6278, #5779, #1403, #3052, #827, #3591, #5219, #1977, #4652, #4155, #900, #3015, #6818, #5180, #5743, #303, #6311, #5709, #1943, #862, #1436, #2482 ),
 ( #3625, #339, #3090, #4121, #5254, #4086, #6243, #1366, #3554, #908, #4229, #5886, #6320, #980, #416, #4163, #2557, #4131, #4697, #3061, #347, #3098, #6864, #5327, #6931, #5263, #3168, #1412, #2524, #4796, #6353, #450, #6286, #5227, #4261, #2625, #380, #4729, #3599, #4660, #1546, #3737, #6963, #3023, #1985, #1445, #3633, #2085, #871, #6418, #5788, #2591, #4764, #2051, #6895, #5188, #2016, #3666, #5753, #4195, #5819, #6387, #1480, #1515, #313, #946, #3133, #5295, #3704, #5853, #2490, #6827, #1951, #2724, #3331, #6452, #5490, #2186, #3899, #609, #4394, #3231, #4294, #3798, #6588, #9, #5950, #2791, #1078, #3264, #1579, #5919, #4359, #4923, #6554, #4889, #6519, #1013, #1713, #3298, #1047, #4958, #5456, #2218, #76, #2116, #1646, #5391, #574, #3832, #5988, #2690, #1114, #511, #2758, #2252, #3201, #41, #3765, #1681, #3864, #6022, #1148, #4857, #5359, #4428, #480, #2658, #6485, #7030, #4827, #6996, #2151, #4325, #1612, #5422, #542, #2904, #114, #6165, #5144, #4500, #3404, #4578, #3937 ) ),
 .UNSPECIFIED., .F., .F., .T. ) 
 B_SPLINE_SURFACE_WITH_KNOTS ( ( 2, 2 ),
 ( 3, 2, 2, 2, 2, 2, 2, 2, 2, 2, 2, 2, 2, 2, 2, 2, 2, 2, 2, 2, 2, 2, 2, 2, 2, 2, 2, 2, 2, 2, 2, 2, 2, 2, 2, 2, 2, 2, 2, 2, 2, 2, 2, 2, 2, 2, 2, 2, 2, 2, 2, 2, 2, 2, 2, 2, 2, 2, 2, 2, 2, 2, 2, 2, 2, 2, 2, 2, 2, 2, 2, 2, 3 ),
 ( 0.000000000000000000, 1.000000000000000000 ),
 ( 0.1093553605738695755, 0.1125000000000000028, 0.1250000000000000000, 0.1375000000000000111, 0.1499999999999999944, 0.1625000000000000056, 0.1749999999999999889, 0.1875000000000000000, 0.2000000000000000111, 0.2124999999999999944, 0.2250000000000000056, 0.2374999999999999889, 0.2500000000000000000, 0.2625000000000000111, 0.2750000000000000222, 0.2874999999999999778, 0.2999999999999999889, 0.3125000000000000000, 0.3250000000000000111, 0.3375000000000000222, 0.3499999999999999778, 0.3624999999999999889, 0.3750000000000000000, 0.3875000000000000111, 0.4000000000000000222, 0.4124999999999999778, 0.4249999999999999889, 0.4375000000000000000, 0.4500000000000000111, 0.4625000000000000222, 0.4749999999999999778, 0.4874999999999999889, 0.5000000000000000000, 0.5124999999999999556, 0.5250000000000000222, 0.5374999999999999778, 0.5500000000000000444, 0.5625000000000000000, 0.5749999999999999556, 0.5875000000000000222, 0.5999999999999999778, 0.6125000000000000444, 0.6250000000000000000, 0.6374999999999999556, 0.6500000000000000222, 0.6624999999999999778, 0.6750000000000000444, 0.6875000000000000000, 0.6999999999999999556, 0.7125000000000000222, 0.7249999999999999778, 0.7375000000000000444, 0.7500000000000000000, 0.7624999999999999556, 0.7750000000000000222, 0.7874999999999999778, 0.8000000000000000444, 0.8125000000000000000, 0.8249999999999999556, 0.8375000000000000222, 0.8499999999999999778, 0.8625000000000000444, 0.8750000000000000000, 0.8874999999999999556, 0.9000000000000000222, 0.9124999999999999778, 0.9250000000000000444, 0.9375000000000000000, 0.9499999999999999556, 0.9625000000000000222, 0.9749999999999999778, 0.9875000000000000444, 1.000000000000000000 ),
 .UNSPECIFIED. ) 
 GEOMETRIC_REPRESENTATION_ITEM ( )  RATIONAL_B_SPLINE_SURFACE ( (
 ( 0.9815695374925029748, 0.9876872313191653596, 1.000000000000000000, 0.9510565162951535312, 1.000000000000000000, 0.9510565162951535312, 1.000000000000000000, 0.9510565162951535312, 1.000000000000000000, 0.9510565162951535312, 1.000000000000000000, 0.9510565162951535312, 1.000000000000000000, 0.9510565162951535312, 1.000000000000000000, 0.9510565162951535312, 1.000000000000000000, 0.9510565162951535312, 1.000000000000000000, 0.9510565162951535312, 1.000000000000000000, 0.9510565162951535312, 1.000000000000000000, 0.9510565162951535312, 1.000000000000000000, 0.9510565162951535312, 1.000000000000000000, 0.9510565162951535312, 1.000000000000000000, 0.9510565162951535312, 1.000000000000000000, 0.9510565162951535312, 1.000000000000000000, 0.9510565162951535312, 1.000000000000000000, 0.9510565162951535312, 1.000000000000000000, 0.9510565162951535312, 1.000000000000000000, 0.9510565162951535312, 1.000000000000000000, 0.9510565162951535312, 1.000000000000000000, 0.9510565162951535312, 1.000000000000000000, 0.9510565162951535312, 1.000000000000000000, 0.9510565162951535312, 1.000000000000000000, 0.9510565162951535312, 1.000000000000000000, 0.9510565162951535312, 1.000000000000000000, 0.9510565162951535312, 1.000000000000000000, 0.9510565162951535312, 1.000000000000000000, 0.9510565162951535312, 1.000000000000000000, 0.9510565162951535312, 1.000000000000000000, 0.9510565162951535312, 1.000000000000000000, 0.9510565162951535312, 1.000000000000000000, 0.9510565162951535312, 1.000000000000000000, 0.9510565162951535312, 1.000000000000000000, 0.9510565162951535312, 1.000000000000000000, 0.9510565162951535312, 1.000000000000000000, 0.9510565162951535312, 1.000000000000000000, 0.9510565162951535312, 1.000000000000000000, 0.9510565162951535312, 1.000000000000000000, 0.9510565162951535312, 1.000000000000000000, 0.9510565162951535312, 1.000000000000000000, 0.9510565162951535312, 1.000000000000000000, 0.9510565162951535312, 1.000000000000000000, 0.9510565162951535312, 1.000000000000000000, 0.9510565162951535312, 1.000000000000000000, 0.9510565162951535312, 1.000000000000000000, 0.9510565162951535312, 1.000000000000000000, 0.9510565162951535312, 1.000000000000000000, 0.9510565162951535312, 1.000000000000000000, 0.9510565162951535312, 1.000000000000000000, 0.9510565162951535312, 1.000000000000000000, 0.9510565162951535312, 1.000000000000000000, 0.9510565162951535312, 1.000000000000000000, 0.9510565162951535312, 1.000000000000000000, 0.9510565162951535312, 1.000000000000000000, 0.9510565162951535312, 1.000000000000000000, 0.9510565162951535312, 1.000000000000000000, 0.9510565162951535312, 1.000000000000000000, 0.9510565162951535312, 1.000000000000000000, 0.9510565162951535312, 1.000000000000000000, 0.9510565162951535312, 1.000000000000000000, 0.9510565162951535312, 1.000000000000000000, 0.9510565162951535312, 1.000000000000000000, 0.9510565162951535312, 1.000000000000000000, 0.9510565162951535312, 1.000000000000000000, 0.9510565162951535312, 1.000000000000000000, 0.9510565162951535312, 1.000000000000000000, 0.9510565162951535312, 1.000000000000000000, 0.9510565162951535312, 1.000000000000000000, 0.9510565162951535312, 1.000000000000000000, 0.9510565162951535312, 1.000000000000000000, 0.9510565162951535312, 1.000000000000000000),
 ( 0.9815695374925029748, 0.9876872313191653596, 1.000000000000000000, 0.9510565162951535312, 1.000000000000000000, 0.9510565162951535312, 1.000000000000000000, 0.9510565162951535312, 1.000000000000000000, 0.9510565162951535312, 1.000000000000000000, 0.9510565162951535312, 1.000000000000000000, 0.9510565162951535312, 1.000000000000000000, 0.9510565162951535312, 1.000000000000000000, 0.9510565162951535312, 1.000000000000000000, 0.9510565162951535312, 1.000000000000000000, 0.9510565162951535312, 1.000000000000000000, 0.9510565162951535312, 1.000000000000000000, 0.9510565162951535312, 1.000000000000000000, 0.9510565162951535312, 1.000000000000000000, 0.9510565162951535312, 1.000000000000000000, 0.9510565162951535312, 1.000000000000000000, 0.9510565162951535312, 1.000000000000000000, 0.9510565162951535312, 1.000000000000000000, 0.9510565162951535312, 1.000000000000000000, 0.9510565162951535312, 1.000000000000000000, 0.9510565162951535312, 1.000000000000000000, 0.9510565162951535312, 1.000000000000000000, 0.9510565162951535312, 1.000000000000000000, 0.9510565162951535312, 1.000000000000000000, 0.9510565162951535312, 1.000000000000000000, 0.9510565162951535312, 1.000000000000000000, 0.9510565162951535312, 1.000000000000000000, 0.9510565162951535312, 1.000000000000000000, 0.9510565162951535312, 1.000000000000000000, 0.9510565162951535312, 1.000000000000000000, 0.9510565162951535312, 1.000000000000000000, 0.9510565162951535312, 1.000000000000000000, 0.9510565162951535312, 1.000000000000000000, 0.9510565162951535312, 1.000000000000000000, 0.9510565162951535312, 1.000000000000000000, 0.9510565162951535312, 1.000000000000000000, 0.9510565162951535312, 1.000000000000000000, 0.9510565162951535312, 1.000000000000000000, 0.9510565162951535312, 1.000000000000000000, 0.9510565162951535312, 1.000000000000000000, 0.9510565162951535312, 1.000000000000000000, 0.9510565162951535312, 1.000000000000000000, 0.9510565162951535312, 1.000000000000000000, 0.9510565162951535312, 1.000000000000000000, 0.9510565162951535312, 1.000000000000000000, 0.9510565162951535312, 1.000000000000000000, 0.9510565162951535312, 1.000000000000000000, 0.9510565162951535312, 1.000000000000000000, 0.9510565162951535312, 1.000000000000000000, 0.9510565162951535312, 1.000000000000000000, 0.9510565162951535312, 1.000000000000000000, 0.9510565162951535312, 1.000000000000000000, 0.9510565162951535312, 1.000000000000000000, 0.9510565162951535312, 1.000000000000000000, 0.9510565162951535312, 1.000000000000000000, 0.9510565162951535312, 1.000000000000000000, 0.9510565162951535312, 1.000000000000000000, 0.9510565162951535312, 1.000000000000000000, 0.9510565162951535312, 1.000000000000000000, 0.9510565162951535312, 1.000000000000000000, 0.9510565162951535312, 1.000000000000000000, 0.9510565162951535312, 1.000000000000000000, 0.9510565162951535312, 1.000000000000000000, 0.9510565162951535312, 1.000000000000000000, 0.9510565162951535312, 1.000000000000000000, 0.9510565162951535312, 1.000000000000000000, 0.9510565162951535312, 1.000000000000000000, 0.9510565162951535312, 1.000000000000000000, 0.9510565162951535312, 1.000000000000000000, 0.9510565162951535312, 1.000000000000000000, 0.9510565162951535312, 1.000000000000000000, 0.9510565162951535312, 1.000000000000000000) ) ) 
 REPRESENTATION_ITEM ( '' )  SURFACE ( )  );
#5509 = CARTESIAN_POINT ( 'NONE',  ( -3.841124709738404253, 1.957150960842944709, 1.399999989042875814 ) ) ;
#5510 = CARTESIAN_POINT ( 'NONE',  ( 0.6413811672690400423, -4.049522218518203154, 6.999999989042877679 ) ) ;
#5511 = CARTESIAN_POINT ( 'NONE',  ( -4.257919638985431909, -0.6743880687212413516, 3.599999989042876880 ) ) ;
#5512 = CARTESIAN_POINT ( 'NONE',  ( 0.6413811672690402643, -4.049522218518203154, 0.9999999890428785676 ) ) ;
#5513 = CARTESIAN_POINT ( 'NONE',  ( -2.676585940248913165, -2.676585755977737513, 7.666025392827315876 ) ) ;
#5514 = CARTESIAN_POINT ( 'NONE',  ( -1.861361174683003439, -3.653126685099040039, -1.200000010957122054 ) ) ;
#5515 = AXIS2_PLACEMENT_3D ( 'NONE', #2802, #1589, #2161 ) ;
#5516 = CARTESIAN_POINT ( 'NONE',  ( 2.545584324645417063, -2.545584499897719066, 5.333974585258435930 ) ) ;
#5517 = CARTESIAN_POINT ( 'NONE',  ( 4.000000000000000888, -5.986100377805715134, 3.999999999999998224 ) ) ;
#5518 = DIRECTION ( 'NONE',  ( 1.000000000000000000, 0.000000000000000000, 0.000000000000000000 ) ) ;
#5519 = CARTESIAN_POINT ( 'NONE',  ( 1.718473782203455258, -3.372694985396755829, 7.233974585258436285 ) ) ;
#5520 = CARTESIAN_POINT ( 'NONE',  ( 0.5000000000000004441, 0.000000000000000000, 0.000000000000000000 ) ) ;
#5521 = CARTESIAN_POINT ( 'NONE',  ( -3.738661146426231596, -0.5921456213162122895, -1.366025414741564026 ) ) ;
#5522 = AXIS2_PLACEMENT_3D ( 'NONE', #1550, #5855, #1016 ) ;
#5523 = CARTESIAN_POINT ( 'NONE',  ( -3.653126813245570315, -1.861360923181276883, 6.599999989042878212 ) ) ;
#5524 = CARTESIAN_POINT ( 'NONE',  ( -3.048333987505707832, -3.048333777641312636, -4.200000010957123386 ) ) ;
#5525 = CARTESIAN_POINT ( 'NONE',  ( 1.957150696398380463, -3.841124844479640643, -1.800000010957123475 ) ) ;
#5526 = CARTESIAN_POINT ( 'NONE',  ( 3.600000000000000089, 4.408728476930471151E-16, 10.00000000000000000 ) ) ;
#5527 = CARTESIAN_POINT ( 'NONE',  ( -1.718473782203454592, 3.372694985396755829, 2.233974585258434509 ) ) ;
#5528 = CARTESIAN_POINT ( 'NONE',  ( -0.6743883618602996011, -4.257919592556767441, -4.000000010957124097 ) ) ;
#5529 = CARTESIAN_POINT ( 'NONE',  ( 4.049522174361919191, -0.6413814460608513457, 1.399999989042877813 ) ) ;
#5530 = CARTESIAN_POINT ( 'NONE',  ( 1.957150696398380463, -3.841124844479640643, 2.199999989042876525 ) ) ;
#5531 = CARTESIAN_POINT ( 'NONE',  ( -0.6413811672690397092, 4.049522218518203154, -2.900000010957124008 ) ) ;
#5532 = EDGE_LOOP ( 'NONE', ( #2104, #805, #6357, #6687 ) ) ;
#5533 = DIRECTION ( 'NONE',  ( -0.000000000000000000, -0.000000000000000000, -1.000000000000000000 ) ) ;
#5534 = CARTESIAN_POINT ( 'NONE',  ( -0.5921458787066042895, -3.738661105659599748, 7.866025392827318719 ) ) ;
#5535 = CARTESIAN_POINT ( 'NONE',  ( -3.653126813245570315, -1.861360923181276883, 5.699999989042876969 ) ) ;
#5536 = CARTESIAN_POINT ( 'NONE',  ( 4.049522174361919191, -0.6413814460608513457, 5.399999989042878035 ) ) ;
#5537 = CARTESIAN_POINT ( 'NONE',  ( 1.957150696398380241, -3.841124844479640199, 7.099999989042877324 ) ) ;
#5538 = CARTESIAN_POINT ( 'NONE',  ( -0.6413811672690400423, 4.049522218518203154, 7.999999989042877679 ) ) ;
#5539 = CARTESIAN_POINT ( 'NONE',  ( -1.718473782203454592, 3.372694985396756273, -0.9339746071726841015 ) ) ;
#5540 = EDGE_CURVE ( 'NONE', #5249, #6457, #935, .T. ) ;
#5541 = CARTESIAN_POINT ( 'NONE',  ( -4.100000000000004974, -1.839369435481412074, 9.692768001529897148 ) ) ;
#5542 = CARTESIAN_POINT ( 'NONE',  ( 1.634365909477758727, 3.207623430818667742, 7.933974585258435575 ) ) ;
#5543 = CARTESIAN_POINT ( 'NONE',  ( 2.899137703068392025, -2.899137902661292454, -2.800000010957122587 ) ) ;
#5544 = CARTESIAN_POINT ( 'NONE',  ( 3.048333987505708276, 3.048333777641312192, -1.200000010957123830 ) ) ;
#5545 = CARTESIAN_POINT ( 'NONE',  ( 4.257919638985431909, 0.6743880687212407965, 9.499999989042878568 ) ) ;
#5546 = CARTESIAN_POINT ( 'NONE',  ( 2.899137703068392025, -2.899137902661292454, -3.700000010957124275 ) ) ;
#5547 = CARTESIAN_POINT ( 'NONE',  ( -3.048333987505707388, -3.048333777641312636, 0.6999999890428785232 ) ) ;
#5548 = CARTESIAN_POINT ( 'NONE',  ( -3.372694867087378423, 1.718474014398682526, 1.266025392827316409 ) ) ;
#5549 = DIRECTION ( 'NONE',  ( -0.000000000000000000, -0.000000000000000000, -1.000000000000000000 ) ) ;
#5550 = CARTESIAN_POINT ( 'NONE',  ( -4.257919638985431909, -0.6743880687212413516, -1.500000010957122099 ) ) ;
#5551 = CARTESIAN_POINT ( 'NONE',  ( 3.738661146426232484, 0.5921456213162111792, -3.533974607172683857 ) ) ;
#5552 = CARTESIAN_POINT ( 'NONE',  ( 0.8032692747553554780, -3.567447231024252652, -8.179098719942635766E-16 ) ) ;
#5553 = CARTESIAN_POINT ( 'NONE',  ( -0.5921458787066042895, -3.738661105659599748, -2.133974607172684390 ) ) ;
#5554 = CARTESIAN_POINT ( 'NONE',  ( 4.049522174361919191, -0.6413814460608513457, -2.600000010957122409 ) ) ;
#5555 = CARTESIAN_POINT ( 'NONE',  ( -3.048333987505707832, -3.048333777641312636, -3.300000010957120811 ) ) ;
#5556 = EDGE_CURVE ( 'NONE', #4078, #5097, #441, .T. ) ;
#5557 = DIRECTION ( 'NONE',  ( -0.000000000000000000, -0.000000000000000000, -1.000000000000000000 ) ) ;
#5558 = CARTESIAN_POINT ( 'NONE',  ( -3.653126813245570315, -1.861360923181276883, 4.599999989042878212 ) ) ;
#5559 = CARTESIAN_POINT ( 'NONE',  ( -1.957150696398379353, 3.841124844479640643, 10.09999998904287466 ) ) ;
#5560 = CARTESIAN_POINT ( 'NONE',  ( 4.049522174361919191, -0.6413814460608517898, 0.4999999890428763472 ) ) ;
#5561 = DIRECTION ( 'NONE',  ( 1.000000000000000000, 0.000000000000000000, 0.000000000000000000 ) ) ;
#5562 = CARTESIAN_POINT ( 'NONE',  ( -0.5631639517484252622, 3.555678045528177567, 0.1339745852584356967 ) ) ;
#5563 = CARTESIAN_POINT ( 'NONE',  ( 0.6413811672690400423, -4.049522218518203154, -1.900000010957123120 ) ) ;
#5564 = CARTESIAN_POINT ( 'NONE',  ( 3.841124709738403809, -1.957150960842944709, 1.299999989042878612 ) ) ;
#5565 = CARTESIAN_POINT ( 'NONE',  ( -3.653126813245570315, -1.861360923181276883, 1.699999989042876081 ) ) ;
#5566 = CARTESIAN_POINT ( 'NONE',  ( 4.257919638985431909, 0.6743880687212407965, -1.400000010957124230 ) ) ;
#5567 = VERTEX_POINT ( 'NONE', #5350 ) ;
#5568 = CARTESIAN_POINT ( 'NONE',  ( -0.4999999999999979461, -4.069397989875159993, 6.461267035992043439 ) ) ;
#5569 = CARTESIAN_POINT ( 'NONE',  ( 7.546920011902812142, -4.907123535925404845, 1.465058834784824571 ) ) ;
#5570 = CARTESIAN_POINT ( 'NONE',  ( -3.048333987505707832, -3.048333777641312636, 7.799999989042877502 ) ) ;
#5571 = CARTESIAN_POINT ( 'NONE',  ( 4.257919638985430133, 0.6743880687212409075, 3.499999989042877235 ) ) ;
#5572 = CARTESIAN_POINT ( 'NONE',  ( -3.555678006756805676, 0.5631641965412349515, 0.5339745852584367736 ) ) ;
#5573 = CARTESIAN_POINT ( 'NONE',  ( 4.049522174361919191, -0.6413814460608513457, 5.399999989042878035 ) ) ;
#5574 = CARTESIAN_POINT ( 'NONE',  ( 1.634365909477759171, 3.207623430818668187, -1.233974607172684257 ) ) ;
#5575 = CARTESIAN_POINT ( 'NONE',  ( 3.653126813245570315, 1.861360923181276661, 8.699999989042877857 ) ) ;
#5576 = CARTESIAN_POINT ( 'NONE',  ( -3.372694867087378423, 1.718474014398681859, 10.43397458525843646 ) ) ;
#5577 = DIRECTION ( 'NONE',  ( -0.000000000000000000, -0.000000000000000000, -1.000000000000000000 ) ) ;
#5578 = CARTESIAN_POINT ( 'NONE',  ( 4.257919638985431909, 0.6743880687212407965, 7.499999989042877679 ) ) ;
#5579 = CARTESIAN_POINT ( 'NONE',  ( -3.841124709738404253, 1.957150960842944709, -2.600000010957123742 ) ) ;
#5580 = CARTESIAN_POINT ( 'NONE',  ( 3.207623543337573047, 1.634365688646974624, 7.733974585258436285 ) ) ;
#5581 = EDGE_CURVE ( 'NONE', #2662, #1120, #1836, .T. ) ;
#5582 = EDGE_LOOP ( 'NONE', ( #2730, #4523, #4533, #4167 ) ) ;
#5583 = AXIS2_PLACEMENT_3D ( 'NONE', #6085, #2006, #3048 ) ;
#5584 = CARTESIAN_POINT ( 'NONE',  ( -3.372694867087378423, 1.718474014398682526, -0.7339746071726837018 ) ) ;
#5585 = DIRECTION ( 'NONE',  ( -0.000000000000000000, 0.5000000000000004441, 0.8660254037844383745 ) ) ;
#5586 = CARTESIAN_POINT ( 'NONE',  ( -2.899137703068391581, 2.899137902661292898, -3.800000010957122143 ) ) ;
#5587 = CARTESIAN_POINT ( 'NONE',  ( -4.100004593621992655, 0.3226480660034077852, 9.524224093377002376 ) ) ;
#5588 = FACE_BOUND ( 'NONE', #4682, .T. ) ;
#5589 = CARTESIAN_POINT ( 'NONE',  ( 2.545584324645417063, -2.545584499897719510, -3.833974607172684124 ) ) ;
#5590 = CARTESIAN_POINT ( 'NONE',  ( 3.738661146426232484, 0.5921456213162111792, 0.4660253928273159763 ) ) ;
#5591 = CARTESIAN_POINT ( 'NONE',  ( -4.000000000000000888, 0.000000000000000000, 0.000000000000000000 ) ) ;
#5592 = CARTESIAN_POINT ( 'NONE',  ( -3.555678006756805676, 0.5631641965412349515, 10.53397458525843611 ) ) ;
#5593 = CARTESIAN_POINT ( 'NONE',  ( 0.5000000000000085487, -3.646022830672994264, 3.106062357428693410 ) ) ;
#5594 = CARTESIAN_POINT ( 'NONE',  ( 3.653126813245570315, 1.861360923181276661, 0.6999999890428768579 ) ) ;
#5595 = CARTESIAN_POINT ( 'NONE',  ( -0.6413811672690397092, 4.049522218518203154, 5.999999989042877679 ) ) ;
#5596 = CARTESIAN_POINT ( 'NONE',  ( -3.653126813245570315, -1.861360923181276883, 2.599999989042877324 ) ) ;
#5597 = CARTESIAN_POINT ( 'NONE',  ( -1.861361174683003439, -3.653126685099040039, 8.799999989042877502 ) ) ;
#5598 = CARTESIAN_POINT ( 'NONE',  ( 3.600000006942134068, -0.2833261630825443245, 3.558196489126409290 ) ) ;
#5599 = CARTESIAN_POINT ( 'NONE',  ( 3.555678006756805676, -0.5631641965412358397, 6.366025392827316942 ) ) ;
#5600 = CARTESIAN_POINT ( 'NONE',  ( -2.676585940248912721, -2.676585755977737513, 2.833974585258435930 ) ) ;
#5601 = CARTESIAN_POINT ( 'NONE',  ( -3.841124709738404253, 1.957150960842944709, -0.6000000109571239637 ) ) ;
#5602 = CARTESIAN_POINT ( 'NONE',  ( -3.600003115103224349, 0.2833065389301239745, 10.55819818773159113 ) ) ;
#5603 = CARTESIAN_POINT ( 'NONE',  ( 0.6743883618602999341, 4.257919592556767441, -3.000000010957122321 ) ) ;
#5604 = CARTESIAN_POINT ( 'NONE',  ( 3.841124709738403809, -1.957150960842944709, -3.600000010957123298 ) ) ;
#5605 = CARTESIAN_POINT ( 'NONE',  ( 0.4999999999999979461, -3.807886675600657966, 7.061316993169822531 ) ) ;
#5606 = CARTESIAN_POINT ( 'NONE',  ( -4.049522174361919191, 0.6413814460608515677, 9.499999989042876791 ) ) ;
#5607 = CARTESIAN_POINT ( 'NONE',  ( -0.5921458787066042895, -3.738661105659599748, 1.866025392827315832 ) ) ;
#5608 = B_SPLINE_CURVE_WITH_KNOTS ( 'NONE', 3,
 ( #3202, #3799, #675, #6520, #2691, #4492, #2187, #4262, #1780, #5392 ),
 .UNSPECIFIED., .F., .F.,
 ( 4, 3, 3, 4 ),
 ( 0.000000000000000000, 0.0001356333316564121256, 0.0002712666646230655005, 0.0005232287769239012294 ),
 .UNSPECIFIED. ) ;
#5609 = CARTESIAN_POINT ( 'NONE',  ( 2.899137703068392025, -2.899137902661292454, 6.299999989042876614 ) ) ;
#5610 = CARTESIAN_POINT ( 'NONE',  ( -0.6413811672690400423, 4.049522218518203154, 1.999999989042877679 ) ) ;
#5611 = CARTESIAN_POINT ( 'NONE',  ( -3.275085578731296021, -2.478434688461894186, 7.999999999999994671 ) ) ;
#5612 = CARTESIAN_POINT ( 'NONE',  ( -3.207623543337572602, -1.634365688646975068, 4.733974585258436285 ) ) ;
#5613 = CARTESIAN_POINT ( 'NONE',  ( -1.634365909477758949, -3.207623430818668631, -0.2339746071726833132 ) ) ;
#5614 = CARTESIAN_POINT ( 'NONE',  ( 6.720610260001267378, -5.986100377805716022, 1.249999999999998446 ) ) ;
#5615 = CARTESIAN_POINT ( 'NONE',  ( 0.6743883618602993790, 4.257919592556766553, -2.100000010957121965 ) ) ;
#5616 = CARTESIAN_POINT ( 'NONE',  ( -2.676585940248913165, -2.676585755977737513, 0.8339745852584365959 ) ) ;
#5617 = CARTESIAN_POINT ( 'NONE',  ( -4.049522174361919191, 0.6413814460608515677, 10.39999998904287892 ) ) ;
#5618 = CARTESIAN_POINT ( 'NONE',  ( -1.861361174683003439, -3.653126685099040039, -2.100000010957123742 ) ) ;
#5619 = CARTESIAN_POINT ( 'NONE',  ( -3.207623543337572602, -1.634365688646975068, 6.733974585258436285 ) ) ;
#5620 = CARTESIAN_POINT ( 'NONE',  ( -0.5631639517484248181, 3.555678045528178011, 0.9660253928273163648 ) ) ;
#5621 = CARTESIAN_POINT ( 'NONE',  ( 3.207623543337573047, 1.634365688646974624, 4.566025392827317120 ) ) ;
#5622 = EDGE_CURVE ( 'NONE', #1310, #5193, #3888, .T. ) ;
#5623 = CARTESIAN_POINT ( 'NONE',  ( 1.861361174683003439, 3.653126685099039594, 1.799999989042877058 ) ) ;
#5624 = CARTESIAN_POINT ( 'NONE',  ( 1.634365909477759171, 3.207623430818668187, -1.233974607172684257 ) ) ;
#5625 = CARTESIAN_POINT ( 'NONE',  ( -1.718473782203454592, 3.372694985396756273, -0.9339746071726841015 ) ) ;
#5626 = CARTESIAN_POINT ( 'NONE',  ( 0.5631639517484252622, -3.555678045528178011, 1.966025392827317253 ) ) ;
#5627 = SURFACE_SIDE_STYLE ('',( #5211 ) ) ;
#5628 = CARTESIAN_POINT ( 'NONE',  ( -3.372694867087378423, 1.718474014398681859, 6.433974585258436463 ) ) ;
#5629 = ORIENTED_EDGE ( 'NONE', *, *, #6300, .F. ) ;
#5630 = CARTESIAN_POINT ( 'NONE',  ( 0.5000000701683726678, -3.565108684149226992, 3.128430125577697396 ) ) ;
#5631 = CARTESIAN_POINT ( 'NONE',  ( -3.653126813245570315, -1.861360923181276883, 1.699999989042876081 ) ) ;
#5632 = AXIS2_PLACEMENT_3D ( 'NONE', #1139, #66, #1207 ) ;
#5633 = B_SPLINE_CURVE_WITH_KNOTS ( 'NONE', 3,
 ( #5962, #3273, #3874, #521 ),
 .UNSPECIFIED., .F., .F.,
 ( 4, 4 ),
 ( 0.001557643137740409838, 0.001700319569518921655 ),
 .UNSPECIFIED. ) ;
#5634 = CARTESIAN_POINT ( 'NONE',  ( -4.049522174361919191, 0.6413814460608515677, 2.399999989042878923 ) ) ;
#5635 = CARTESIAN_POINT ( 'NONE',  ( -1.861361174683003439, -3.653126685099040039, 4.799999989042878390 ) ) ;
#5636 = CARTESIAN_POINT ( 'NONE',  ( -3.841124709738404253, 1.957150960842944709, 6.299999989042879278 ) ) ;
#5637 = DIRECTION ( 'NONE',  ( 1.000000000000000000, 0.000000000000000000, -0.000000000000000000 ) ) ;
#5638 = CARTESIAN_POINT ( 'NONE',  ( 3.555678006756805676, -0.5631641965412358397, 8.366025392827316054 ) ) ;
#5639 = CARTESIAN_POINT ( 'NONE',  ( 2.899137703068392025, -2.899137902661292010, 5.199999989042877857 ) ) ;
#5640 = CARTESIAN_POINT ( 'NONE',  ( -4.257919638985431909, -0.6743880687212413516, -4.400000010957124452 ) ) ;
#5641 = CARTESIAN_POINT ( 'NONE',  ( 3.372694867087377979, -1.718474014398682526, 7.433974585258435575 ) ) ;
#5642 = FACE_OUTER_BOUND ( 'NONE', #6374, .T. ) ;
#5643 = CARTESIAN_POINT ( 'NONE',  ( -0.4999999999999993339, -8.986100377805716022, 0.000000000000000000 ) ) ;
#5644 = CARTESIAN_POINT ( 'NONE',  ( -3.599999999999997868, 3.451745254649113680E-15, 3.415402147540223865 ) ) ;
#5645 = CARTESIAN_POINT ( 'NONE',  ( -2.418122749795521109, -3.319794458105072010, -1.975026571276772060E-15 ) ) ;
#5646 = CARTESIAN_POINT ( 'NONE',  ( 3.048333987505708276, 3.048333777641312192, 4.799999989042876614 ) ) ;
#5647 = CARTESIAN_POINT ( 'NONE',  ( 1.861361174683003439, 3.653126685099039594, 3.799999989042877058 ) ) ;
#5648 = CARTESIAN_POINT ( 'NONE',  ( -0.8821173264719065488, -4.011393356537941379, 8.000000000000000000 ) ) ;
#5649 = CARTESIAN_POINT ( 'NONE',  ( 0.5631639517484254842, -3.555678045528177122, -0.8660254147415634707 ) ) ;
#5650 = ORIENTED_EDGE ( 'NONE', *, *, #3158, .T. ) ;
#5651 = CARTESIAN_POINT ( 'NONE',  ( 3.738661146426232484, 0.5921456213162111792, 2.466025392827315255 ) ) ;
#5652 = CARTESIAN_POINT ( 'NONE',  ( 4.257919638985431909, 0.6743880687212407965, 8.599999989042872883 ) ) ;
#5653 = CARTESIAN_POINT ( 'NONE',  ( 0.5631639517484254842, -3.555678045528177122, 9.133974585258437529 ) ) ;
#5654 = CARTESIAN_POINT ( 'NONE',  ( -0.6413811672690397092, 4.049522218518203154, -2.900000010957124008 ) ) ;
#5655 = CARTESIAN_POINT ( 'NONE',  ( 2.899137703068392025, -2.899137902661292454, 9.199999989042879633 ) ) ;
#5656 = LINE ( 'NONE', #1348, #3489 ) ;
#5657 = CARTESIAN_POINT ( 'NONE',  ( 0.5631639517484254842, -3.555678045528177122, 9.133974585258437529 ) ) ;
#5658 = EDGE_LOOP ( 'NONE', ( #840, #633, #3742, #3670 ) ) ;
#5659 = CARTESIAN_POINT ( 'NONE',  ( 0.5631639517484252622, -3.555678045528178011, 1.966025392827317253 ) ) ;
#5660 = FACE_OUTER_BOUND ( 'NONE', #770, .T. ) ;
#5661 = DIRECTION ( 'NONE',  ( 1.000000000000000000, 0.000000000000000000, 0.000000000000000000 ) ) ;
#5662 = CARTESIAN_POINT ( 'NONE',  ( -0.5631639517484248181, 3.555678045528178011, -3.033974607172683857 ) ) ;
#5663 = CARTESIAN_POINT ( 'NONE',  ( 4.000000000000000888, -5.986100377805715134, 3.999999999999998224 ) ) ;
#5664 = ADVANCED_FACE ( 'NONE', ( #2714 ), #1786, .F. ) ;
#5665 = CARTESIAN_POINT ( 'NONE',  ( 0.5921458787066047336, 3.738661105659600192, 0.8660253928273169421 ) ) ;
#5666 = CARTESIAN_POINT ( 'NONE',  ( 0.5631639517484252622, -3.555678045528178011, 3.966025392827316587 ) ) ;
#5667 = ORIENTED_EDGE ( 'NONE', *, *, #1404, .F. ) ;
#5668 = CARTESIAN_POINT ( 'NONE',  ( 2.545584324645417063, -2.545584499897719066, 3.333974585258435486 ) ) ;
#5669 = ORIENTED_EDGE ( 'NONE', *, *, #5241, .T. ) ;
#5670 = CARTESIAN_POINT ( 'NONE',  ( -3.653126813245570315, -1.861360923181276883, -3.400000010957122676 ) ) ;
#5671 = CARTESIAN_POINT ( 'NONE',  ( -9.000000000000001776, 0.000000000000000000, 0.000000000000000000 ) ) ;
#5672 = CARTESIAN_POINT ( 'NONE',  ( 3.653126813245570315, 1.861360923181276661, 7.599999989042878212 ) ) ;
#5673 = CARTESIAN_POINT ( 'NONE',  ( -0.6413811672690397092, 4.049522218518203154, 9.999999989042878568 ) ) ;
#5674 = CARTESIAN_POINT ( 'NONE',  ( -0.5000000000000049960, -3.565108693995175493, 1.871765981903404041 ) ) ;
#5675 = CIRCLE ( 'NONE', #4775, 4.250000000000000888 ) ;
#5676 = CARTESIAN_POINT ( 'NONE',  ( -3.555678006756805676, 0.5631641965412353956, 7.366025392827317830 ) ) ;
#5677 = CARTESIAN_POINT ( 'NONE',  ( -4.099999999752186319, -4.507849041229200444E-05, 10.44938025793131686 ) ) ;
#5678 = CARTESIAN_POINT ( 'NONE',  ( -2.899137703068391581, 2.899137902661292898, -2.700000010957123386 ) ) ;
#5679 = CARTESIAN_POINT ( 'NONE',  ( 3.372694867087377979, -1.718474014398682526, 9.433974585258436463 ) ) ;
#5680 = CARTESIAN_POINT ( 'NONE',  ( -4.257919638985431909, -0.6743880687212413516, -4.400000010957124452 ) ) ;
#5681 = ORIENTED_EDGE ( 'NONE', *, *, #3054, .T. ) ;
#5682 = CARTESIAN_POINT ( 'NONE',  ( 3.048333987505708276, 3.048333777641312192, -1.200000010957123830 ) ) ;
#5683 = CARTESIAN_POINT ( 'NONE',  ( 2.899137703068392025, -2.899137902661292454, 4.299999989042876614 ) ) ;
#5684 = CARTESIAN_POINT ( 'NONE',  ( -4.257919638985431909, -0.6743880687212415737, -1.500000010957122099 ) ) ;
#5685 = CARTESIAN_POINT ( 'NONE',  ( 0.4999999999999834022, -3.608934508622637871, 7.971656035645699134 ) ) ;
#5686 = CARTESIAN_POINT ( 'NONE',  ( 3.207623543337573047, 1.634365688646974624, -2.266025414741563715 ) ) ;
#5687 = ORIENTED_EDGE ( 'NONE', *, *, #1839, .T. ) ;
#5688 = CARTESIAN_POINT ( 'NONE',  ( -1.861361174683003439, -3.653126685099040039, 5.899999989042876258 ) ) ;
#5689 = CARTESIAN_POINT ( 'NONE',  ( -3.048333987505707832, -3.048333777641312636, 7.799999989042877502 ) ) ;
#5690 = CARTESIAN_POINT ( 'NONE',  ( -2.545584324645416618, 2.545584499897719510, 10.33397458525843682 ) ) ;
#5691 = DIRECTION ( 'NONE',  ( -0.000000000000000000, -0.000000000000000000, -1.000000000000000000 ) ) ;
#5692 = CARTESIAN_POINT ( 'NONE',  ( 3.653126813245570315, 1.861360923181276661, -0.4000000109571216766 ) ) ;
#5693 = CARTESIAN_POINT ( 'NONE',  ( -3.841124709738404253, 1.957150960842944709, -0.6000000109571239637 ) ) ;
#5694 = CARTESIAN_POINT ( 'NONE',  ( 3.372694867087377979, -1.718474014398682526, 9.433974585258436463 ) ) ;
#5695 = CARTESIAN_POINT ( 'NONE',  ( -3.738661146426232484, -0.5921456213162119564, 1.466025392827317031 ) ) ;
#5696 = CARTESIAN_POINT ( 'NONE',  ( 0.4999999999999985012, -3.696570492327022173, 3.993929677904387354 ) ) ;
#5697 = CARTESIAN_POINT ( 'NONE',  ( 2.899137703068392025, -2.899137902661292010, 1.199999989042877413 ) ) ;
#5698 = CARTESIAN_POINT ( 'NONE',  ( -3.372694867087378423, 1.718474014398682526, -2.733974607172684035 ) ) ;
#5699 = CARTESIAN_POINT ( 'NONE',  ( 0.5000000000000004441, -4.220485754033534320, 8.500000000000000000 ) ) ;
#5700 = CARTESIAN_POINT ( 'NONE',  ( 1.718473782203455036, -3.372694985396756273, 2.066025392827316676 ) ) ;
#5701 = CARTESIAN_POINT ( 'NONE',  ( -1.634365909477758949, -3.207623430818668631, 3.766025392827316853 ) ) ;
#5702 = VERTEX_POINT ( 'NONE', #5715 ) ;
#5703 = ORIENTED_EDGE ( 'NONE', *, *, #2641, .F. ) ;
#5704 = CARTESIAN_POINT ( 'NONE',  ( -0.4999999999999993339, -9.003074372223595745, 8.500000000000000000 ) ) ;
#5705 = CARTESIAN_POINT ( 'NONE',  ( -3.841124709738404253, 1.957150960842944709, 1.399999989042875814 ) ) ;
#5706 =( BOUNDED_CURVE ( )  B_SPLINE_CURVE ( 2, ( #5449, #5020, #1141, #2, #2176, #3928, #1209, #2141, #5942, #3322, #5980, #68, #6512 ),
 .UNSPECIFIED., .F., .T. ) 
 B_SPLINE_CURVE_WITH_KNOTS ( ( 3, 2, 2, 2, 2, 2, 3 ),
 ( 0.3684346892938187290, 0.3789390397060362070, 0.3929738189544078608, 0.4070085982027796256, 0.4210433774511512794, 0.4350781566995229332, 0.4386085849895147160 ),
 .UNSPECIFIED. ) 
 CURVE ( )  GEOMETRIC_REPRESENTATION_ITEM ( )  RATIONAL_B_SPLINE_CURVE ( ( 0.9815706352953444958, 0.9633681802804267003, 1.000000000000000000, 0.9510565162951535312, 1.000000000000000000, 0.9510565162951535312, 1.000000000000000000, 0.9510565162951535312, 1.000000000000000000, 0.9510565162951535312, 1.000000000000000000, 0.9876883379193592827, 0.9815706371881791625 ) ) 
 REPRESENTATION_ITEM ( '' )  );
#5707 = CARTESIAN_POINT ( 'NONE',  ( 1.861361174683003883, 3.653126685099039594, 3.799999989042877058 ) ) ;
#5708 = CARTESIAN_POINT ( 'NONE',  ( -4.257919638985431909, -0.6743880687212413516, 8.499999989042878568 ) ) ;
#5709 = CARTESIAN_POINT ( 'NONE',  ( -3.207623543337572602, -1.634365688646974846, -4.433974607172683768 ) ) ;
#5710 = EDGE_CURVE ( 'NONE', #2488, #2020, #3485, .T. ) ;
#5711 = CARTESIAN_POINT ( 'NONE',  ( -1.718473782203454592, 3.372694985396756273, 3.066025392827317564 ) ) ;
#5712 = CARTESIAN_POINT ( 'NONE',  ( -0.6413811672690400423, 4.049522218518203154, 9.999999989042878568 ) ) ;
#5713 = CARTESIAN_POINT ( 'NONE',  ( 1.957150696398380463, -3.841124844479640643, 7.099999989042877324 ) ) ;
#5714 = CARTESIAN_POINT ( 'NONE',  ( -2.545584324645416618, 2.545584499897719510, 8.333974585258436818 ) ) ;
#5715 = CARTESIAN_POINT ( 'NONE',  ( 3.599999999999998757, 4.410407838885627001E-08, 3.583351343887083207 ) ) ;
#5716 = EDGE_LOOP ( 'NONE', ( #1902, #668, #2105, #1653, #875, #6899 ) ) ;
#5717 = CARTESIAN_POINT ( 'NONE',  ( -1.861361174683003439, -3.653126685099040039, 1.899999989042876480 ) ) ;
#5718 = CARTESIAN_POINT ( 'NONE',  ( -0.6413811672690397092, 4.049522218518203154, 3.099999989042876436 ) ) ;
#5719 = CARTESIAN_POINT ( 'NONE',  ( -1.861361174683002995, -3.653126685099040039, -1.200000010957122054 ) ) ;
#5720 = CARTESIAN_POINT ( 'NONE',  ( -3.417580090182819941, 2.277788807689267170, 7.999999999999998224 ) ) ;
#5721 = CARTESIAN_POINT ( 'NONE',  ( 0.4999999999999886202, -3.608934508622637427, 5.971656035645700022 ) ) ;
#5722 = ORIENTED_EDGE ( 'NONE', *, *, #1223, .T. ) ;
#5723 = CARTESIAN_POINT ( 'NONE',  ( -2.676585940248913165, -2.676585755977737513, -4.333974607172681459 ) ) ;
#5724 = CARTESIAN_POINT ( 'NONE',  ( -3.653126813245570315, -1.861360923181276883, -0.3000000109571240303 ) ) ;
#5725 = CARTESIAN_POINT ( 'NONE',  ( -0.5631639517484252622, 3.555678045528177567, 6.133974585258435752 ) ) ;
#5726 = CARTESIAN_POINT ( 'NONE',  ( -3.599999999999997424, 0.2833262069134579453, 3.390247292901423570 ) ) ;
#5727 = CARTESIAN_POINT ( 'NONE',  ( 1.957150696398380463, -3.841124844479640643, 5.099999989042878212 ) ) ;
#5728 = CARTESIAN_POINT ( 'NONE',  ( -1.634365909477758505, -3.207623430818668187, 6.933974585258436463 ) ) ;
#5729 = CARTESIAN_POINT ( 'NONE',  ( -1.634365909477758949, -3.207623430818668631, -4.233974607172683591 ) ) ;
#5730 = CARTESIAN_POINT ( 'NONE',  ( -0.4999999999999928391, -4.055772672769021092, 0.007512323236991645496 ) ) ;
#5731 = CARTESIAN_POINT ( 'NONE',  ( -0.5000000000000476286, -3.726966696890034125, 7.916682575474764505 ) ) ;
#5732 = CARTESIAN_POINT ( 'NONE',  ( 3.653126813245570315, 1.861360923181276661, 4.699999989042876969 ) ) ;
#5733 = CARTESIAN_POINT ( 'NONE',  ( -4.000000000000000888, -5.986100377805715134, 7.233161507461903561 ) ) ;
#5734 = CARTESIAN_POINT ( 'NONE',  ( 0.5631639517484252622, -3.555678045528178011, -0.03397460717268277475 ) ) ;
#5735 = CARTESIAN_POINT ( 'NONE',  ( 1.718473782203455036, -3.372694985396756273, 6.066025392827316232 ) ) ;
#5736 = CARTESIAN_POINT ( 'NONE',  ( 3.841124709738403809, -1.957150960842944709, 6.399999989042877147 ) ) ;
#5737 = ORIENTED_EDGE ( 'NONE', *, *, #842, .T. ) ;
#5738 = ORIENTED_EDGE ( 'NONE', *, *, #2179, .T. ) ;
#5739 = CARTESIAN_POINT ( 'NONE',  ( 3.555678006756805676, -0.5631641965412353956, 7.533974585258436107 ) ) ;
#5740 = CARTESIAN_POINT ( 'NONE',  ( 3.048333987505708276, 3.048333777641312192, 5.699999989042876081 ) ) ;
#5741 = CARTESIAN_POINT ( 'NONE',  ( 1.634365909477759171, 3.207623430818668187, 4.766025392827316409 ) ) ;
#5742 = CARTESIAN_POINT ( 'NONE',  ( -2.899137703068391581, 2.899137902661292898, 8.199999989042877857 ) ) ;
#5743 = CARTESIAN_POINT ( 'NONE',  ( -0.5921458787066042895, -3.738661105659599748, -4.133974607172684834 ) ) ;
#5744 = CARTESIAN_POINT ( 'NONE',  ( 0.5000000000000032196, -4.069397989875159993, 0.9892237821706797440 ) ) ;
#5745 =( BOUNDED_SURFACE ( )  B_SPLINE_SURFACE ( 1, 2, ( 
 ( #3447, #5073, #5260, #4727, #905, #377, #2554, #3095, #1982, #4159, #6317, #1441, #3630, #5785, #2805, #2265, #2303, #1193, #2232, #3380, #4971, #3911, #4439, #6000, #3877, #3418, #5538, #6601, #658, #4406, #2844, #2199, #5006, #1126, #3276, #6034, #6566, #1626, #3811, #587, #696, #2881, #4513, #1726, #6066, #5043, #127, #2770, #3844, #1763, #21, #3309, #5573, #4475, #1160, #4373, #6638, #3949, #6103, #165, #89, #1232, #1693, #5965, #52, #3344, #5502, #2342, #1091, #4937, #5433, #6532, #554, #2737, #4900, #1660, #5468, #621, #667, #1703, #7052, #2779, #1735, #631, #3853, #3389, #1169, #6112, #2852, #4382, #5014, #2241, #4449, #6011, #4946, #4349, #5512, #4415, #3922, #5547, #3354, #1240, #136, #6542, #2311, #6576, #6610, #1136, #63, #6507, #2815, #3886, #6076, #3318, #1635, #4483, #6043, #3285, #2173, #4910, #4981, #3956, #2208, #5479, #6647, #99, #1202, #3820, #1670, #1771, #5975, #596, #2274, #1101, #5444, #30, #563, #2746, #5412, #532, #2711, #4878, #4068, #6227, #4106 ),
 ( #1349, #3035, #6295, #4670, #6148, #3991, #4597, #3539, #6263, #3000, #4030, #5165, #6767, #5694, #812, #740, #5657, #5201, #287, #2467, #4636, #6187, #6801, #1274, #1927, #2925, #5050, #777, #1309, #3425, #5580, #2388, #2500, #6838, #704, #1387, #3574, #1961, #5728, #4560, #5619, #847, #1810, #5088, #324, #4140, #2965, #3464, #2887, #173, #2349, #4522, #1891, #6686, #3501, #215, #1850, #5126, #253, #6728, #2430, #392, #5372, #6329, #6432, #1559, #3749, #6944, #1026, #3644, #5864, #3072, #2129, #6873, #957, #4241, #5339, #4173, #492, #2602, #2095, #4706, #2566, #4273, #5238, #1492, #3679, #1455, #2535, #3109, #5797, #919, #5274, #461, #4742, #5900, #2062, #6398, #3213, #6907, #2637, #2027, #992, #4207, #3180, #3715, #5764, #5307, #2671, #3144, #356, #1421, #4837, #6364, #7008, #1526, #1994, #5831, #884, #4305, #4776, #429, #4807, #6975, #3609, #586, #1058, #1125, #4372, #1725, #1659, #7042, #2701, #6531, #553, #3244, #6464, #3910, #5964, #2302, #126, #2264, #4438, #4899, #2231 ) ),
 .UNSPECIFIED., .F., .F., .T. ) 
 B_SPLINE_SURFACE_WITH_KNOTS ( ( 2, 2 ),
 ( 3, 2, 2, 2, 2, 2, 2, 2, 2, 2, 2, 2, 2, 2, 2, 2, 2, 2, 2, 2, 2, 2, 2, 2, 2, 2, 2, 2, 2, 2, 2, 2, 2, 2, 2, 2, 2, 2, 2, 2, 2, 2, 2, 2, 2, 2, 2, 2, 2, 2, 2, 2, 2, 2, 2, 2, 2, 2, 2, 2, 2, 2, 2, 2, 2, 2, 2, 2, 2, 2, 2, 2, 3 ),
 ( 0.000000000000000000, 1.000000000000000000 ),
 ( 0.1093554249205430928, 0.1125000000000000028, 0.1250000000000000000, 0.1375000000000000111, 0.1499999999999999944, 0.1625000000000000056, 0.1749999999999999889, 0.1875000000000000000, 0.2000000000000000111, 0.2124999999999999944, 0.2250000000000000056, 0.2374999999999999889, 0.2500000000000000000, 0.2625000000000000111, 0.2750000000000000222, 0.2874999999999999778, 0.2999999999999999889, 0.3125000000000000000, 0.3250000000000000111, 0.3375000000000000222, 0.3499999999999999778, 0.3624999999999999889, 0.3750000000000000000, 0.3875000000000000111, 0.4000000000000000222, 0.4124999999999999778, 0.4249999999999999889, 0.4375000000000000000, 0.4500000000000000111, 0.4625000000000000222, 0.4749999999999999778, 0.4874999999999999889, 0.5000000000000000000, 0.5124999999999999556, 0.5250000000000000222, 0.5374999999999999778, 0.5500000000000000444, 0.5625000000000000000, 0.5749999999999999556, 0.5875000000000000222, 0.5999999999999999778, 0.6125000000000000444, 0.6250000000000000000, 0.6374999999999999556, 0.6500000000000000222, 0.6624999999999999778, 0.6750000000000000444, 0.6875000000000000000, 0.6999999999999999556, 0.7125000000000000222, 0.7249999999999999778, 0.7375000000000000444, 0.7500000000000000000, 0.7624999999999999556, 0.7750000000000000222, 0.7874999999999999778, 0.8000000000000000444, 0.8125000000000000000, 0.8249999999999999556, 0.8375000000000000222, 0.8499999999999999778, 0.8625000000000000444, 0.8750000000000000000, 0.8874999999999999556, 0.9000000000000000222, 0.9124999999999999778, 0.9250000000000000444, 0.9375000000000000000, 0.9499999999999999556, 0.9625000000000000222, 0.9749999999999999778, 0.9875000000000000444, 1.000000000000000000 ),
 .UNSPECIFIED. ) 
 GEOMETRIC_REPRESENTATION_ITEM ( )  RATIONAL_B_SPLINE_SURFACE ( (
 ( 0.9815697878597295922, 0.9876874832671946880, 1.000000000000000000, 0.9510565162951535312, 1.000000000000000000, 0.9510565162951535312, 1.000000000000000000, 0.9510565162951535312, 1.000000000000000000, 0.9510565162951535312, 1.000000000000000000, 0.9510565162951535312, 1.000000000000000000, 0.9510565162951535312, 1.000000000000000000, 0.9510565162951535312, 1.000000000000000000, 0.9510565162951535312, 1.000000000000000000, 0.9510565162951535312, 1.000000000000000000, 0.9510565162951535312, 1.000000000000000000, 0.9510565162951535312, 1.000000000000000000, 0.9510565162951535312, 1.000000000000000000, 0.9510565162951535312, 1.000000000000000000, 0.9510565162951535312, 1.000000000000000000, 0.9510565162951535312, 1.000000000000000000, 0.9510565162951535312, 1.000000000000000000, 0.9510565162951535312, 1.000000000000000000, 0.9510565162951535312, 1.000000000000000000, 0.9510565162951535312, 1.000000000000000000, 0.9510565162951535312, 1.000000000000000000, 0.9510565162951535312, 1.000000000000000000, 0.9510565162951535312, 1.000000000000000000, 0.9510565162951535312, 1.000000000000000000, 0.9510565162951535312, 1.000000000000000000, 0.9510565162951535312, 1.000000000000000000, 0.9510565162951535312, 1.000000000000000000, 0.9510565162951535312, 1.000000000000000000, 0.9510565162951535312, 1.000000000000000000, 0.9510565162951535312, 1.000000000000000000, 0.9510565162951535312, 1.000000000000000000, 0.9510565162951535312, 1.000000000000000000, 0.9510565162951535312, 1.000000000000000000, 0.9510565162951535312, 1.000000000000000000, 0.9510565162951535312, 1.000000000000000000, 0.9510565162951535312, 1.000000000000000000, 0.9510565162951535312, 1.000000000000000000, 0.9510565162951535312, 1.000000000000000000, 0.9510565162951535312, 1.000000000000000000, 0.9510565162951535312, 1.000000000000000000, 0.9510565162951535312, 1.000000000000000000, 0.9510565162951535312, 1.000000000000000000, 0.9510565162951535312, 1.000000000000000000, 0.9510565162951535312, 1.000000000000000000, 0.9510565162951535312, 1.000000000000000000, 0.9510565162951535312, 1.000000000000000000, 0.9510565162951535312, 1.000000000000000000, 0.9510565162951535312, 1.000000000000000000, 0.9510565162951535312, 1.000000000000000000, 0.9510565162951535312, 1.000000000000000000, 0.9510565162951535312, 1.000000000000000000, 0.9510565162951535312, 1.000000000000000000, 0.9510565162951535312, 1.000000000000000000, 0.9510565162951535312, 1.000000000000000000, 0.9510565162951535312, 1.000000000000000000, 0.9510565162951535312, 1.000000000000000000, 0.9510565162951535312, 1.000000000000000000, 0.9510565162951535312, 1.000000000000000000, 0.9510565162951535312, 1.000000000000000000, 0.9510565162951535312, 1.000000000000000000, 0.9510565162951535312, 1.000000000000000000, 0.9510565162951535312, 1.000000000000000000, 0.9510565162951535312, 1.000000000000000000, 0.9510565162951535312, 1.000000000000000000, 0.9510565162951535312, 1.000000000000000000, 0.9510565162951535312, 1.000000000000000000, 0.9510565162951535312, 1.000000000000000000, 0.9510565162951535312, 1.000000000000000000, 0.9510565162951535312, 1.000000000000000000, 0.9510565162951535312, 1.000000000000000000, 0.9510565162951535312, 1.000000000000000000, 0.9510565162951535312, 1.000000000000000000),
 ( 0.9815697878597295922, 0.9876874832671946880, 1.000000000000000000, 0.9510565162951535312, 1.000000000000000000, 0.9510565162951535312, 1.000000000000000000, 0.9510565162951535312, 1.000000000000000000, 0.9510565162951535312, 1.000000000000000000, 0.9510565162951535312, 1.000000000000000000, 0.9510565162951535312, 1.000000000000000000, 0.9510565162951535312, 1.000000000000000000, 0.9510565162951535312, 1.000000000000000000, 0.9510565162951535312, 1.000000000000000000, 0.9510565162951535312, 1.000000000000000000, 0.9510565162951535312, 1.000000000000000000, 0.9510565162951535312, 1.000000000000000000, 0.9510565162951535312, 1.000000000000000000, 0.9510565162951535312, 1.000000000000000000, 0.9510565162951535312, 1.000000000000000000, 0.9510565162951535312, 1.000000000000000000, 0.9510565162951535312, 1.000000000000000000, 0.9510565162951535312, 1.000000000000000000, 0.9510565162951535312, 1.000000000000000000, 0.9510565162951535312, 1.000000000000000000, 0.9510565162951535312, 1.000000000000000000, 0.9510565162951535312, 1.000000000000000000, 0.9510565162951535312, 1.000000000000000000, 0.9510565162951535312, 1.000000000000000000, 0.9510565162951535312, 1.000000000000000000, 0.9510565162951535312, 1.000000000000000000, 0.9510565162951535312, 1.000000000000000000, 0.9510565162951535312, 1.000000000000000000, 0.9510565162951535312, 1.000000000000000000, 0.9510565162951535312, 1.000000000000000000, 0.9510565162951535312, 1.000000000000000000, 0.9510565162951535312, 1.000000000000000000, 0.9510565162951535312, 1.000000000000000000, 0.9510565162951535312, 1.000000000000000000, 0.9510565162951535312, 1.000000000000000000, 0.9510565162951535312, 1.000000000000000000, 0.9510565162951535312, 1.000000000000000000, 0.9510565162951535312, 1.000000000000000000, 0.9510565162951535312, 1.000000000000000000, 0.9510565162951535312, 1.000000000000000000, 0.9510565162951535312, 1.000000000000000000, 0.9510565162951535312, 1.000000000000000000, 0.9510565162951535312, 1.000000000000000000, 0.9510565162951535312, 1.000000000000000000, 0.9510565162951535312, 1.000000000000000000, 0.9510565162951535312, 1.000000000000000000, 0.9510565162951535312, 1.000000000000000000, 0.9510565162951535312, 1.000000000000000000, 0.9510565162951535312, 1.000000000000000000, 0.9510565162951535312, 1.000000000000000000, 0.9510565162951535312, 1.000000000000000000, 0.9510565162951535312, 1.000000000000000000, 0.9510565162951535312, 1.000000000000000000, 0.9510565162951535312, 1.000000000000000000, 0.9510565162951535312, 1.000000000000000000, 0.9510565162951535312, 1.000000000000000000, 0.9510565162951535312, 1.000000000000000000, 0.9510565162951535312, 1.000000000000000000, 0.9510565162951535312, 1.000000000000000000, 0.9510565162951535312, 1.000000000000000000, 0.9510565162951535312, 1.000000000000000000, 0.9510565162951535312, 1.000000000000000000, 0.9510565162951535312, 1.000000000000000000, 0.9510565162951535312, 1.000000000000000000, 0.9510565162951535312, 1.000000000000000000, 0.9510565162951535312, 1.000000000000000000, 0.9510565162951535312, 1.000000000000000000, 0.9510565162951535312, 1.000000000000000000, 0.9510565162951535312, 1.000000000000000000, 0.9510565162951535312, 1.000000000000000000, 0.9510565162951535312, 1.000000000000000000) ) ) 
 REPRESENTATION_ITEM ( '' )  SURFACE ( )  );
#5746 = AXIS2_PLACEMENT_3D ( 'NONE', #3908, #6064, #490 ) ;
#5747 = CARTESIAN_POINT ( 'NONE',  ( -3.372694867087378423, 1.718474014398681859, -3.566025414741563537 ) ) ;
#5748 = CARTESIAN_POINT ( 'NONE',  ( -1.861361174683003439, -3.653126685099040039, 8.799999989042877502 ) ) ;
#5749 = CARTESIAN_POINT ( 'NONE',  ( 2.676585940248913165, 2.676585755977737069, 1.833974585258435708 ) ) ;
#5750 = CARTESIAN_POINT ( 'NONE',  ( -0.6743883618602996011, -4.257919592556767441, -4.000000010957124097 ) ) ;
#5751 = ORIENTED_EDGE ( 'NONE', *, *, #1356, .T. ) ;
#5752 = CARTESIAN_POINT ( 'NONE',  ( -0.6413811672690397092, 4.049522218518203154, 3.099999989042876436 ) ) ;
#5753 = CARTESIAN_POINT ( 'NONE',  ( -1.861361174683003439, -3.653126685099040039, 3.899999989042876702 ) ) ;
#5754 = CARTESIAN_POINT ( 'NONE',  ( -1.957150696398379353, 3.841124844479640199, -1.900000010957122898 ) ) ;
#5755 = EDGE_CURVE ( 'NONE', #4080, #1821, #3323, .T. ) ;
#5756 = CARTESIAN_POINT ( 'NONE',  ( 0.4999999999999968914, -3.712473355015514453, 7.997975935725968100 ) ) ;
#5757 = CARTESIAN_POINT ( 'NONE',  ( -2.545584324645416618, 2.545584499897719510, -3.666025414741564070 ) ) ;
#5758 = VERTEX_POINT ( 'NONE', #5224 ) ;
#5759 = CARTESIAN_POINT ( 'NONE',  ( -3.653126813245570315, -1.861360923181276883, 7.699999989042876081 ) ) ;
#5760 = AXIS2_PLACEMENT_3D ( 'NONE', #1213, #1323, #6160 ) ;
#5761 = CARTESIAN_POINT ( 'NONE',  ( -0.6413811672690397092, 4.049522218518203154, -0.9000000109571238971 ) ) ;
#5762 = CARTESIAN_POINT ( 'NONE',  ( 0.4999999999999986122, -3.646022830672996040, 5.106062357428692522 ) ) ;
#5763 = CARTESIAN_POINT ( 'NONE',  ( -1.957150696398379353, 3.841124844479640643, 4.099999989042879101 ) ) ;
#5764 = CARTESIAN_POINT ( 'NONE',  ( -0.5631639517484252622, 3.555678045528177567, 0.1339745852584356967 ) ) ;
#5765 = CARTESIAN_POINT ( 'NONE',  ( -2.899137703068391581, 2.899137902661292898, 9.299999989042877502 ) ) ;
#5766 = CARTESIAN_POINT ( 'NONE',  ( -3.207623543337572602, -1.634365688646974846, 5.566025392827317120 ) ) ;
#5767 = CARTESIAN_POINT ( 'NONE',  ( -1.957150696398379353, 3.841124844479640643, 7.199999989042875193 ) ) ;
#5768 = CARTESIAN_POINT ( 'NONE',  ( 3.048333987505707832, 3.048333777641312192, 7.699999989042878745 ) ) ;
#5769 = CARTESIAN_POINT ( 'NONE',  ( 4.049522174361919191, -0.6413814460608517898, 4.499999989042876791 ) ) ;
#5770 = CARTESIAN_POINT ( 'NONE',  ( -0.5921458787066042895, -3.738661105659599748, 1.866025392827315832 ) ) ;
#5771 = CARTESIAN_POINT ( 'NONE',  ( 2.545584324645417063, -2.545584499897719510, -3.833974607172684124 ) ) ;
#5772 = ORIENTED_EDGE ( 'NONE', *, *, #1839, .F. ) ;
#5773 = ORIENTED_EDGE ( 'NONE', *, *, #1137, .F. ) ;
#5774 = CARTESIAN_POINT ( 'NONE',  ( 3.599999999999997424, -0.2833262069134597216, 0.3902472929014231817 ) ) ;
#5775 = CARTESIAN_POINT ( 'NONE',  ( -0.4999999999999923395, -4.069397989875159993, 0.9112670359920481689 ) ) ;
#5776 = CARTESIAN_POINT ( 'NONE',  ( 0.5921458787066047336, 3.738661105659600192, 4.866025392827316942 ) ) ;
#5777 = AXIS2_PLACEMENT_3D ( 'NONE', #2522, #5112, #4160 ) ;
#5778 = CARTESIAN_POINT ( 'NONE',  ( 2.899137703068392025, -2.899137902661292454, -0.8000000109571226981 ) ) ;
#5779 = CARTESIAN_POINT ( 'NONE',  ( -2.545584324645416618, 2.545584499897719954, -2.833974607172683235 ) ) ;
#5780 = CARTESIAN_POINT ( 'NONE',  ( 0.6743883618602993790, 4.257919592556766553, 3.899999989042878035 ) ) ;
#5781 = EDGE_CURVE ( 'NONE', #6697, #1262, #6283, .T. ) ;
#5782 = CARTESIAN_POINT ( 'NONE',  ( -3.841124709738404253, 1.957150960842943821, 10.29999998904287750 ) ) ;
#5783 = CARTESIAN_POINT ( 'NONE',  ( -4.049522174361919191, 0.6413814460608515677, 4.399999989042878035 ) ) ;
#5784 = CARTESIAN_POINT ( 'NONE',  ( -1.718473782203454592, 3.372694985396755829, 4.233974585258436285 ) ) ;
#5785 = CARTESIAN_POINT ( 'NONE',  ( 3.841124709738403809, -1.957150960842944709, 9.299999989042879278 ) ) ;
#5786 = CARTESIAN_POINT ( 'NONE',  ( 3.048333987505708276, 3.048333777641312192, 8.799999989042873949 ) ) ;
#5787 = CARTESIAN_POINT ( 'NONE',  ( -0.6743883618602996011, -4.257919592556767441, 1.999999989042875903 ) ) ;
#5788 = CARTESIAN_POINT ( 'NONE',  ( 3.653126813245570315, 1.861360923181276661, 4.699999989042876969 ) ) ;
#5789 = CARTESIAN_POINT ( 'NONE',  ( 4.257919638985430133, 0.6743880687212409075, -0.5000000109571227647 ) ) ;
#5790 = CARTESIAN_POINT ( 'NONE',  ( 1.861361174683003883, 3.653126685099039594, 8.899999989042877147 ) ) ;
#5791 = LINE ( 'NONE', #484, #2417 ) ;
#5792 = ORIENTED_EDGE ( 'NONE', *, *, #5241, .F. ) ;
#5793 = CARTESIAN_POINT ( 'NONE',  ( -3.048333987505707832, -3.048333777641312636, 7.799999989042877502 ) ) ;
#5794 = CARTESIAN_POINT ( 'NONE',  ( -3.653126813245570315, -1.861360923181276883, 3.699999989042876969 ) ) ;
#5795 = CARTESIAN_POINT ( 'NONE',  ( 4.049522174361919191, -0.6413814460608517898, 6.499999989042876791 ) ) ;
#5796 = CARTESIAN_POINT ( 'NONE',  ( -3.841124709738404253, 1.957150960842944709, 0.2999999890428775018 ) ) ;
#5797 = CARTESIAN_POINT ( 'NONE',  ( 3.207623543337573047, 1.634365688646974624, 1.733974585258436507 ) ) ;
#5798 = CARTESIAN_POINT ( 'NONE',  ( 3.555678006756805676, -0.5631641965412353956, 1.533974585258435885 ) ) ;
#5799 = CARTESIAN_POINT ( 'NONE',  ( 1.957150696398380463, -3.841124844479640643, 8.199999989042876081 ) ) ;
#5800 = DIRECTION ( 'NONE',  ( -1.000000000000000000, -0.000000000000000000, -0.000000000000000000 ) ) ;
#5801 = CARTESIAN_POINT ( 'NONE',  ( -0.4999999999999916733, -3.784222789756008343, 2.984126222984924137 ) ) ;
#5802 = CARTESIAN_POINT ( 'NONE',  ( -4.257919638985431909, -0.6743880687212413516, 5.599999989042876436 ) ) ;
#5803 = CARTESIAN_POINT ( 'NONE',  ( 0.4999999999999886202, -3.565108693995177269, 5.960550053940177229 ) ) ;
#5804 = CARTESIAN_POINT ( 'NONE',  ( -0.6743883618602996011, -4.257919592556767441, 7.999999989042875903 ) ) ;
#5805 = CARTESIAN_POINT ( 'NONE',  ( 2.676585940248914053, 2.676585755977737069, 6.666025392827316765 ) ) ;
#5806 = CARTESIAN_POINT ( 'NONE',  ( -3.207623543337572602, -1.634365688646974846, -4.433974607172683768 ) ) ;
#5807 = ORIENTED_EDGE ( 'NONE', *, *, #3036, .T. ) ;
#5808 = ORIENTED_EDGE ( 'NONE', *, *, #5887, .T. ) ;
#5809 = CARTESIAN_POINT ( 'NONE',  ( -0.4999999999999975020, -4.069397989875159993, 6.911267035992047170 ) ) ;
#5810 = CARTESIAN_POINT ( 'NONE',  ( 0.6413811672690400423, -4.049522218518203154, 0.9999999890428785676 ) ) ;
#5811 = CARTESIAN_POINT ( 'NONE',  ( -2.676585940248913165, -2.676585755977737513, 1.666025392827317431 ) ) ;
#5812 = CARTESIAN_POINT ( 'NONE',  ( 1.861361174683003883, 3.653126685099039594, 3.799999989042877058 ) ) ;
#5813 = CARTESIAN_POINT ( 'NONE',  ( 3.599999978823089197, 0.8642835087181006681, 3.660085950404077693 ) ) ;
#5814 = CARTESIAN_POINT ( 'NONE',  ( 3.048333987505707832, 3.048333777641312192, -0.3000000109571222540 ) ) ;
#5815 = CARTESIAN_POINT ( 'NONE',  ( -3.653126813245570315, -1.861360923181276883, 6.599999989042878212 ) ) ;
#5816 = CARTESIAN_POINT ( 'NONE',  ( -2.676585940248912721, -2.676585755977737513, 4.833974585258434153 ) ) ;
#5817 = CARTESIAN_POINT ( 'NONE',  ( 0.6743883618602999341, 4.257919592556767441, 8.999999989042876791 ) ) ;
#5818 = CARTESIAN_POINT ( 'NONE',  ( -3.048333987505707832, -3.048333777641312636, -0.2000000109571228590 ) ) ;
#5819 = CARTESIAN_POINT ( 'NONE',  ( -3.653126813245570315, -1.861360923181276883, 3.699999989042876969 ) ) ;
#5820 = CARTESIAN_POINT ( 'NONE',  ( 1.634365909477758727, 3.207623430818667742, 9.933974585258436463 ) ) ;
#5821 =( BOUNDED_CURVE ( )  B_SPLINE_CURVE ( 2, ( #1622, #5399, #915, #4772, #3712, #6941, #4865, #3141, #2698 ),
 .UNSPECIFIED., .F., .F. ) 
 B_SPLINE_CURVE_WITH_KNOTS ( ( 3, 2, 2, 2, 3 ),
 ( 0.6171279455289784277, 0.6175302869283679774, 0.6315650661767340246, 0.6455998454250999607, 0.6491302742612528043 ),
 .UNSPECIFIED. ) 
 CURVE ( )  GEOMETRIC_REPRESENTATION_ITEM ( )  RATIONAL_B_SPLINE_CURVE ( ( 0.9972742755462781217, 0.9985969148943256712, 1.000000000000000000, 0.9510565162951535312, 1.000000000000000000, 0.9510565162951535312, 1.000000000000000000, 0.9876883360147270530, 0.9815706352953446068 ) ) 
 REPRESENTATION_ITEM ( '' )  );
#5822 = CARTESIAN_POINT ( 'NONE',  ( -0.6743883618602996011, -4.257919592556767441, 7.999999989042875903 ) ) ;
#5823 = CARTESIAN_POINT ( 'NONE',  ( -4.049522174361919191, 0.6413814460608511236, 6.399999989042878035 ) ) ;
#5824 = ORIENTED_EDGE ( 'NONE', *, *, #1767, .F. ) ;
#5825 = CARTESIAN_POINT ( 'NONE',  ( 3.841124709738403809, -1.957150960842944709, 8.399999989042877147 ) ) ;
#5826 = CARTESIAN_POINT ( 'NONE',  ( 4.049522174361919191, -0.6413814460608517898, 2.499999989042876347 ) ) ;
#5827 = CARTESIAN_POINT ( 'NONE',  ( 3.653126813245570315, 1.861360923181276661, 4.699999989042876969 ) ) ;
#5828 = CARTESIAN_POINT ( 'NONE',  ( -3.599999999999998312, 2.595712431496132535E-14, 0.5833513399713420311 ) ) ;
#5829 = CARTESIAN_POINT ( 'NONE',  ( 1.861361174683003883, 3.653126685099039594, 6.899999989042876258 ) ) ;
#5830 = CARTESIAN_POINT ( 'NONE',  ( 4.049522174361919191, -0.6413814460608517898, 3.399999989042878035 ) ) ;
#5831 = CARTESIAN_POINT ( 'NONE',  ( -0.5921458787066038454, -3.738661105659599304, -0.9660254147415644477 ) ) ;
#5832 = CARTESIAN_POINT ( 'NONE',  ( 0.5631639517484254842, -3.555678045528177122, 5.133974585258435752 ) ) ;
#5833 = CARTESIAN_POINT ( 'NONE',  ( -1.957150696398379353, 3.841124844479640643, 7.199999989042875193 ) ) ;
#5834 = DIRECTION ( 'NONE',  ( 0.000000000000000000, 0.000000000000000000, 1.000000000000000000 ) ) ;
#5835 = CARTESIAN_POINT ( 'NONE',  ( 3.841124709738403809, -1.957150960842944709, 8.399999989042877147 ) ) ;
#5836 = CARTESIAN_POINT ( 'NONE',  ( 3.048333987505707832, 3.048333777641312192, 9.699999989042877857 ) ) ;
#5837 = CARTESIAN_POINT ( 'NONE',  ( -0.6743883618602996011, -4.257919592556767441, 5.999999989042876791 ) ) ;
#5838 = CARTESIAN_POINT ( 'NONE',  ( -2.676585940248913165, -2.676585755977737513, 1.666025392827317431 ) ) ;
#5839 = CARTESIAN_POINT ( 'NONE',  ( -1.957150696398379353, 3.841124844479640643, 9.199999989042876081 ) ) ;
#5840 = EDGE_LOOP ( 'NONE', ( #3337, #2993, #2926, #4507 ) ) ;
#5841 = ORIENTED_EDGE ( 'NONE', *, *, #6712, .F. ) ;
#5842 = CARTESIAN_POINT ( 'NONE',  ( 0.4999999999999888423, -3.608934508622636983, 1.971656035645700467 ) ) ;
#5843 = CARTESIAN_POINT ( 'NONE',  ( -1.957150696398379353, 3.841124844479640643, -1.900000010957122898 ) ) ;
#5844 = CARTESIAN_POINT ( 'NONE',  ( 3.738661146426232484, 0.5921456213162111792, 6.466025392827315699 ) ) ;
#5845 = CARTESIAN_POINT ( 'NONE',  ( 3.048333987505708276, 3.048333777641312192, -0.3000000109571222540 ) ) ;
#5846 = CARTESIAN_POINT ( 'NONE',  ( 2.899137703068392025, -2.899137902661292010, 3.199999989042877413 ) ) ;
#5847 = CARTESIAN_POINT ( 'NONE',  ( 3.841124709738403809, -1.957150960842944709, -0.7000000109571216100 ) ) ;
#5848 = CARTESIAN_POINT ( 'NONE',  ( 1.861361174683003883, 3.653126685099039594, 7.799999989042878390 ) ) ;
#5849 = CARTESIAN_POINT ( 'NONE',  ( 3.372694867087377979, -1.718474014398682526, 5.433974585258435575 ) ) ;
#5850 = ADVANCED_FACE ( 'NONE', ( #1295 ), #3976, .T. ) ;
#5851 = CARTESIAN_POINT ( 'NONE',  ( 2.676585940248914053, 2.676585755977737069, 6.666025392827316765 ) ) ;
#5852 = CARTESIAN_POINT ( 'NONE',  ( 3.653126813245570315, 1.861360923181276661, 9.599999989042878212 ) ) ;
#5853 = CARTESIAN_POINT ( 'NONE',  ( 3.048333987505708276, 3.048333777641312192, 2.799999989042875725 ) ) ;
#5854 = CARTESIAN_POINT ( 'NONE',  ( 3.555678006756805676, -0.5631641965412353956, 7.533974585258436107 ) ) ;
#5855 = DIRECTION ( 'NONE',  ( -0.000000000000000000, -0.000000000000000000, -1.000000000000000000 ) ) ;
#5856 = CARTESIAN_POINT ( 'NONE',  ( 0.6413811672690402643, -4.049522218518203154, 6.999999989042877679 ) ) ;
#5857 = ORIENTED_EDGE ( 'NONE', *, *, #2669, .T. ) ;
#5858 = CARTESIAN_POINT ( 'NONE',  ( -4.049522174361919191, 0.6413814460608515677, -0.5000000109571227647 ) ) ;
#5859 = CARTESIAN_POINT ( 'NONE',  ( -1.957150696398379353, 3.841124844479640643, 3.199999989042876525 ) ) ;
#5860 = CARTESIAN_POINT ( 'NONE',  ( -1.861361174683003439, -3.653126685099040039, -0.1000000109571234919 ) ) ;
#5861 = FACE_OUTER_BOUND ( 'NONE', #4218, .T. ) ;
#5862 = CARTESIAN_POINT ( 'NONE',  ( -0.6413811672690397092, 4.049522218518203154, 7.099999989042876436 ) ) ;
#5863 = CARTESIAN_POINT ( 'NONE',  ( 3.653126813245570315, 1.861360923181276883, 7.599999989042878212 ) ) ;
#5864 = CARTESIAN_POINT ( 'NONE',  ( 3.207623543337573047, 1.634365688646974624, 3.733974585258436285 ) ) ;
#5865 = ADVANCED_FACE ( 'NONE', ( #5642 ), #5745, .F. ) ;
#5866 = CARTESIAN_POINT ( 'NONE',  ( 3.738661146426232040, 0.5921456213162114013, 5.633974585258434864 ) ) ;
#5867 = CARTESIAN_POINT ( 'NONE',  ( -3.653126813245570315, -1.861360923181276883, 3.699999989042876969 ) ) ;
#5868 = CARTESIAN_POINT ( 'NONE',  ( 0.5921458787066047336, 3.738661105659600192, 6.866025392827316054 ) ) ;
#5869 = MECHANICAL_DESIGN_GEOMETRIC_PRESENTATION_REPRESENTATION (  '', ( #64 ), #747 ) ;
#5870 = CARTESIAN_POINT ( 'NONE',  ( -2.899137703068391581, 2.899137902661292898, 7.299999989042876614 ) ) ;
#5871 = CARTESIAN_POINT ( 'NONE',  ( 2.899137703068392025, -2.899137902661292010, 7.199999989042878745 ) ) ;
#5872 = CARTESIAN_POINT ( 'NONE',  ( -3.372694867087378423, 1.718474014398682526, -4.733974607172682703 ) ) ;
#5873 = CARTESIAN_POINT ( 'NONE',  ( -3.555678006756805676, 0.5631641965412353956, 3.366025392827316498 ) ) ;
#5874 = CARTESIAN_POINT ( 'NONE',  ( 3.653126813245570315, 1.861360923181276661, 8.699999989042877857 ) ) ;
#5875 = EDGE_LOOP ( 'NONE', ( #3979, #1379, #297, #3173 ) ) ;
#5876 = ORIENTED_EDGE ( 'NONE', *, *, #4933, .F. ) ;
#5877 = CARTESIAN_POINT ( 'NONE',  ( 1.297958688048267195, 3.379031486117157090, 7.966252531517113766 ) ) ;
#5878 = EDGE_CURVE ( 'NONE', #5331, #6442, #5196, .T. ) ;
#5879 = CARTESIAN_POINT ( 'NONE',  ( -2.899137703068391581, 2.899137902661292898, -3.800000010957122143 ) ) ;
#5880 = CARTESIAN_POINT ( 'NONE',  ( 3.207623543337573047, 1.634365688646974624, 0.5660253928273171198 ) ) ;
#5881 = LINE ( 'NONE', #3053, #2574 ) ;
#5882 = CARTESIAN_POINT ( 'NONE',  ( 4.049522174361919191, -0.6413814460608513457, 3.399999989042878035 ) ) ;
#5883 = CARTESIAN_POINT ( 'NONE',  ( 4.049522174361919191, -0.6413814460608517898, -0.6000000109571221873 ) ) ;
#5884 = CARTESIAN_POINT ( 'NONE',  ( -3.738661146426231596, -0.5921456213162122895, 6.633974585258435752 ) ) ;
#5885 = CARTESIAN_POINT ( 'NONE',  ( -2.899137703068391581, 2.899137902661292898, -4.700000010957123386 ) ) ;
#5886 = CARTESIAN_POINT ( 'NONE',  ( 4.257919638985431909, 0.6743880687212407965, 8.599999989042872883 ) ) ;
#5887 = EDGE_CURVE ( 'NONE', #6028, #3691, #6007, .T. ) ;
#5888 = PLANE ( 'NONE',  #6543 ) ;
#5889 = CARTESIAN_POINT ( 'NONE',  ( -2.676585940248912721, -2.676585755977737513, 4.833974585258434153 ) ) ;
#5890 = CARTESIAN_POINT ( 'NONE',  ( -4.257919638985431909, -0.6743880687212413516, 7.599999989042876436 ) ) ;
#5891 = CARTESIAN_POINT ( 'NONE',  ( -0.6743883618602991570, -4.257919592556766553, 8.899999989042878923 ) ) ;
#5892 = ORIENTED_EDGE ( 'NONE', *, *, #3470, .F. ) ;
#5893 = CARTESIAN_POINT ( 'NONE',  ( -0.6743883618602996011, -4.257919592556767441, 3.999999989042876791 ) ) ;
#5894 = CARTESIAN_POINT ( 'NONE',  ( -1.957150696398379353, 3.841124844479640643, 5.199999989042876969 ) ) ;
#5895 = CARTESIAN_POINT ( 'NONE',  ( 0.6413811672690400423, -4.049522218518203154, -1.900000010957123120 ) ) ;
#5896 = CARTESIAN_POINT ( 'NONE',  ( 6.720610260001266489, -5.986100377805715134, 6.749999999999998224 ) ) ;
#5897 = CYLINDRICAL_SURFACE ( 'NONE', #2219, 3.600000000000000089 ) ;
#5898 = FACE_OUTER_BOUND ( 'NONE', #1535, .T. ) ;
#5899 = AXIS2_PLACEMENT_3D ( 'NONE', #757, #6626, #2944 ) ;
#5900 = CARTESIAN_POINT ( 'NONE',  ( 1.718473782203455258, -3.372694985396755829, 1.233974585258436063 ) ) ;
#5901 = CARTESIAN_POINT ( 'NONE',  ( -1.634365909477758505, -3.207623430818668187, -3.066025414741563981 ) ) ;
#5902 = CARTESIAN_POINT ( 'NONE',  ( -2.545584324645416618, 2.545584499897719954, 9.166025392827316765 ) ) ;
#5903 = CARTESIAN_POINT ( 'NONE',  ( 0.6743883618602999341, 4.257919592556767441, -3.000000010957122321 ) ) ;
#5904 = CARTESIAN_POINT ( 'NONE',  ( 3.841124709738403809, -1.957150960842944709, 9.299999989042879278 ) ) ;
#5905 = CARTESIAN_POINT ( 'NONE',  ( 3.841124709738403809, -1.957150960842944709, 4.399999989042875370 ) ) ;
#5906 = CARTESIAN_POINT ( 'NONE',  ( 3.653126813245570315, 1.861360923181276661, 0.6999999890428768579 ) ) ;
#5907 = CARTESIAN_POINT ( 'NONE',  ( 1.957150696398380463, -3.841124844479640643, 4.199999989042876969 ) ) ;
#5908 = ORIENTED_EDGE ( 'NONE', *, *, #4848, .F. ) ;
#5909 = CARTESIAN_POINT ( 'NONE',  ( 2.545584324645417063, -2.545584499897719510, 4.166025392827316765 ) ) ;
#5910 = CARTESIAN_POINT ( 'NONE',  ( -2.676585940248912721, -2.676585755977737513, 0.8339745852584364849 ) ) ;
#5911 = CARTESIAN_POINT ( 'NONE',  ( 0.000000000000000000, 0.000000000000000000, 8.500000000000000000 ) ) ;
#5912 = CARTESIAN_POINT ( 'NONE',  ( -1.634365909477758949, -3.207623430818668631, -0.2339746071726833132 ) ) ;
#5913 = CARTESIAN_POINT ( 'NONE',  ( -3.555678006756805676, 0.5631641965412353956, 5.366025392827316942 ) ) ;
#5914 = CARTESIAN_POINT ( 'NONE',  ( 3.841124709738403809, -1.957150960842944709, 1.299999989042878612 ) ) ;
#5915 = CARTESIAN_POINT ( 'NONE',  ( -3.841124709738404253, 1.957150960842944709, -1.700000010957122498 ) ) ;
#5916 = LINE ( 'NONE', #571, #576 ) ;
#5917 = CARTESIAN_POINT ( 'NONE',  ( -4.257919638985431909, -0.6743880687212413516, -4.400000010957124452 ) ) ;
#5918 = EDGE_CURVE ( 'NONE', #1938, #5082, #3032, .T. ) ;
#5919 = CARTESIAN_POINT ( 'NONE',  ( 4.257919638985431909, 0.6743880687212407965, 0.5999999890428755478 ) ) ;
#5920 = DIRECTION ( 'NONE',  ( -1.000000000000000000, 0.000000000000000000, 0.000000000000000000 ) ) ;
#5921 = CARTESIAN_POINT ( 'NONE',  ( -0.5631639517484252622, 3.555678045528177567, 8.133974585258435752 ) ) ;
#5922 = VECTOR ( 'NONE', #6780, 1000.000000000000000 ) ;
#5923 = CARTESIAN_POINT ( 'NONE',  ( -2.899137703068391581, 2.899137902661292898, 3.299999989042876614 ) ) ;
#5924 = CARTESIAN_POINT ( 'NONE',  ( 3.653126813245570315, 1.861360923181276883, 9.599999989042878212 ) ) ;
#5925 = EDGE_CURVE ( 'NONE', #6632, #5758, #5432, .T. ) ;
#5926 = CARTESIAN_POINT ( 'NONE',  ( -3.841124709738404253, 1.957150960842944709, 3.399999989042875814 ) ) ;
#5927 = CARTESIAN_POINT ( 'NONE',  ( -3.841124709738404253, 1.957150960842944709, 3.399999989042875814 ) ) ;
#5928 = CARTESIAN_POINT ( 'NONE',  ( 3.653126813245570315, 1.861360923181276661, -1.300000010957123253 ) ) ;
#5929 = CARTESIAN_POINT ( 'NONE',  ( -3.600000000000000089, 0.000000000000000000, 10.00000000000000000 ) ) ;
#5930 = CARTESIAN_POINT ( 'NONE',  ( 0.5000000000000004441, -5.986100377805715134, 5.599999999999997868 ) ) ;
#5931 = CARTESIAN_POINT ( 'NONE',  ( 3.048333987505708276, 3.048333777641312192, -2.300000010957122587 ) ) ;
#5932 = LINE ( 'NONE', #4474, #7011 ) ;
#5933 = CARTESIAN_POINT ( 'NONE',  ( 0.000000000000000000, 0.000000000000000000, 8.500000000000000000 ) ) ;
#5934 = CARTESIAN_POINT ( 'NONE',  ( 2.676585940248914053, 2.676585755977737069, 4.666025392827315876 ) ) ;
#5935 = CARTESIAN_POINT ( 'NONE',  ( 0.6413811672690400423, -4.049522218518203154, 2.099999989042876880 ) ) ;
#5936 = CARTESIAN_POINT ( 'NONE',  ( -3.841124709738404253, 1.957150960842943821, 0.2999999890428775018 ) ) ;
#5937 = CARTESIAN_POINT ( 'NONE',  ( -3.653126813245570315, -1.861360923181276883, -2.300000010957123919 ) ) ;
#5938 = CARTESIAN_POINT ( 'NONE',  ( 3.841124709738403809, -1.957150960842944709, -3.600000010957123298 ) ) ;
#5939 = CARTESIAN_POINT ( 'NONE',  ( -3.653126813245570315, -1.861360923181276883, 3.699999989042876969 ) ) ;
#5940 = CARTESIAN_POINT ( 'NONE',  ( 3.555678006756805676, -0.5631641965412358397, 6.366025392827316942 ) ) ;
#5941 = CARTESIAN_POINT ( 'NONE',  ( -0.5921458787066038454, -3.738661105659599304, 5.033974585258436107 ) ) ;
#5942 = CARTESIAN_POINT ( 'NONE',  ( -2.545584324645416618, 2.545584499897719510, 2.333974585258436374 ) ) ;
#5943 = CARTESIAN_POINT ( 'NONE',  ( 3.372694867087377979, -1.718474014398682970, 0.2660253928273171864 ) ) ;
#5944 = CARTESIAN_POINT ( 'NONE',  ( 3.372694867087377979, -1.718474014398682970, 6.266025392827315521 ) ) ;
#5945 = CARTESIAN_POINT ( 'NONE',  ( -2.899137703068391581, 2.899137902661292454, 0.1999999890428781624 ) ) ;
#5946 = CARTESIAN_POINT ( 'NONE',  ( 3.841124709738403809, -1.957150960842944709, -2.700000010957121610 ) ) ;
#5947 = DIRECTION ( 'NONE',  ( 1.000000000000000000, 0.000000000000000000, 0.000000000000000000 ) ) ;
#5948 = CARTESIAN_POINT ( 'NONE',  ( 4.049522174361919191, -0.6413814460608517898, -1.500000010957123653 ) ) ;
#5949 = CARTESIAN_POINT ( 'NONE',  ( 0.6413811672690400423, -4.049522218518203154, -3.900000010957123120 ) ) ;
#5950 = CARTESIAN_POINT ( 'NONE',  ( -0.6413811672690397092, 4.049522218518203154, 1.099999989042876214 ) ) ;
#5951 = CYLINDRICAL_SURFACE ( 'NONE', #1772, 9.000000000000001776 ) ;
#5952 = CARTESIAN_POINT ( 'NONE',  ( -3.738661146426231596, -0.5921456213162122895, 4.633974585258436640 ) ) ;
#5953 = CARTESIAN_POINT ( 'NONE',  ( -1.861361174683003439, -3.653126685099040039, 1.899999989042876480 ) ) ;
#5954 = CARTESIAN_POINT ( 'NONE',  ( 0.6743883618602993790, 4.257919592556766553, 3.899999989042877591 ) ) ;
#5955 = CARTESIAN_POINT ( 'NONE',  ( 3.841124709738403809, -1.957150960842944709, 2.399999989042877147 ) ) ;
#5956 = EDGE_CURVE ( 'NONE', #4069, #5462, #2735, .T. ) ;
#5957 = CARTESIAN_POINT ( 'NONE',  ( -3.048333987505707832, -3.048333777641312636, 7.799999989042877502 ) ) ;
#5958 = CARTESIAN_POINT ( 'NONE',  ( -3.930223885871159339, 1.192443513755041762, 2.517958222761013387E-16 ) ) ;
#5959 = CARTESIAN_POINT ( 'NONE',  ( 0.6743883618602999341, 4.257919592556767441, -3.000000010957122321 ) ) ;
#5960 = DIRECTION ( 'NONE',  ( -1.000000000000000000, 0.000000000000000000, 0.000000000000000000 ) ) ;
#5961 = EDGE_CURVE ( 'NONE', #2439, #1335, #3914, .T. ) ;
#5962 = CARTESIAN_POINT ( 'NONE',  ( -0.4999999999999992784, -4.028522837186561567, 8.000000000000000000 ) ) ;
#5963 = CARTESIAN_POINT ( 'NONE',  ( 0.6413811672690402643, -4.049522218518203154, 8.999999989042878568 ) ) ;
#5964 = CARTESIAN_POINT ( 'NONE',  ( -1.634365909477758505, -3.207623430818668187, -3.066025414741563981 ) ) ;
#5965 = CARTESIAN_POINT ( 'NONE',  ( -3.841124709738404253, 1.957150960842943821, 4.299999989042877502 ) ) ;
#5966 = CARTESIAN_POINT ( 'NONE',  ( -3.372694867087378423, 1.718474014398681859, -1.566025414741564425 ) ) ;
#5967 = AXIS2_PLACEMENT_3D ( 'NONE', #3841, #6563, #5499 ) ;
#5968 = CARTESIAN_POINT ( 'NONE',  ( 0.5631639517484252622, -3.555678045528178011, 5.966025392827316587 ) ) ;
#5969 = CARTESIAN_POINT ( 'NONE',  ( 0.6743883618602999341, 4.257919592556767441, -1.000000010957123209 ) ) ;
#5970 = CARTESIAN_POINT ( 'NONE',  ( 2.899137703068392025, -2.899137902661292010, -0.8000000109571226981 ) ) ;
#5971 = CARTESIAN_POINT ( 'NONE',  ( 1.861361174683003883, 3.653126685099039594, 1.799999989042877058 ) ) ;
#5972 = CARTESIAN_POINT ( 'NONE',  ( 4.049522174361919191, -0.6413814460608517898, -1.500000010957123653 ) ) ;
#5973 = CARTESIAN_POINT ( 'NONE',  ( -3.048333987505707832, -3.048333777641312636, 1.799999989042877058 ) ) ;
#5974 = CARTESIAN_POINT ( 'NONE',  ( -0.6413811672690397092, 4.049522218518203154, 1.099999989042876214 ) ) ;
#5975 = CARTESIAN_POINT ( 'NONE',  ( 3.653126813245570315, 1.861360923181276883, -2.400000010957121788 ) ) ;
#5976 = VECTOR ( 'NONE', #1613, 1000.000000000000000 ) ;
#5977 = CARTESIAN_POINT ( 'NONE',  ( -3.738661146426232484, -0.5921456213162119564, 5.466025392827315699 ) ) ;
#5978 = CARTESIAN_POINT ( 'NONE',  ( 3.653126813245570315, 1.861360923181276661, -0.4000000109571216766 ) ) ;
#5979 = CARTESIAN_POINT ( 'NONE',  ( 3.555678006756805676, -0.5631641965412353956, -0.4660254147415641146 ) ) ;
#5980 = CARTESIAN_POINT ( 'NONE',  ( -3.555678006756805676, 0.5631641965412349515, 2.533974585258436996 ) ) ;
#5981 = CARTESIAN_POINT ( 'NONE',  ( 0.5631639517484252622, -3.555678045528178011, 7.966025392827317475 ) ) ;
#5982 = CARTESIAN_POINT ( 'NONE',  ( -2.676585940248912721, -2.676585755977737513, 6.833974585258436818 ) ) ;
#5983 = CARTESIAN_POINT ( 'NONE',  ( 3.653126813245570315, 1.861360923181276661, 1.599999989042878434 ) ) ;
#5984 = CARTESIAN_POINT ( 'NONE',  ( -3.207623543337572602, -1.634365688646975068, -1.266025414741564603 ) ) ;
#5985 = CARTESIAN_POINT ( 'NONE',  ( 0.6743883618602999341, 4.257919592556767441, 7.899999989042878035 ) ) ;
#5986 = ADVANCED_FACE ( 'NONE', ( #3843 ), #4936, .T. ) ;
#5987 = CARTESIAN_POINT ( 'NONE',  ( -1.861361174683003439, -3.653126685099040039, -0.1000000109571234919 ) ) ;
#5988 = CARTESIAN_POINT ( 'NONE',  ( 3.653126813245570315, 1.861360923181276661, -1.300000010957123253 ) ) ;
#5989 = CARTESIAN_POINT ( 'NONE',  ( 0.5921458787066045115, 3.738661105659599748, 4.033974585258436107 ) ) ;
#5990 = CARTESIAN_POINT ( 'NONE',  ( 4.257919638985431909, 0.6743880687212407965, 2.599999989042875548 ) ) ;
#5991 = CARTESIAN_POINT ( 'NONE',  ( 0.6743883618602993790, 4.257919592556766553, -0.1000000109571217294 ) ) ;
#5992 = CARTESIAN_POINT ( 'NONE',  ( -0.6413811672690397092, 4.049522218518203154, 1.099999989042876214 ) ) ;
#5993 = CARTESIAN_POINT ( 'NONE',  ( 0.6413811672690400423, -4.049522218518203154, 0.09999998904287703272 ) ) ;
#5994 = VERTEX_POINT ( 'NONE', #88 ) ;
#5995 = CARTESIAN_POINT ( 'NONE',  ( -1.569915521045124107, 3.795141905541768779, 4.920646298105315329E-15 ) ) ;
#5996 = CARTESIAN_POINT ( 'NONE',  ( -3.207623543337572602, -1.634365688646974846, 7.566025392827316232 ) ) ;
#5997 = CYLINDRICAL_SURFACE ( 'NONE', #5746, 4.250000000000000888 ) ;
#5998 = CARTESIAN_POINT ( 'NONE',  ( 3.841124709738403809, -1.957150960842944709, -2.700000010957121610 ) ) ;
#5999 = CARTESIAN_POINT ( 'NONE',  ( 4.257919638985430133, 0.6743880687212409075, 7.499999989042877679 ) ) ;
#6000 = CARTESIAN_POINT ( 'NONE',  ( -3.841124709738404253, 1.957150960842943821, 8.299999989042875725 ) ) ;
#6001 = PLANE ( 'NONE',  #6643 ) ;
#6002 = CARTESIAN_POINT ( 'NONE',  ( 1.718473782203455036, -3.372694985396756273, 4.066025392827317120 ) ) ;
#6003 = CARTESIAN_POINT ( 'NONE',  ( -4.049522174361919191, 0.6413814460608515677, -2.500000010957124541 ) ) ;
#6004 = AXIS2_PLACEMENT_3D ( 'NONE', #2314, #2890, #4033 ) ;
#6005 = CARTESIAN_POINT ( 'NONE',  ( -3.841124709738404253, 1.957150960842943821, 4.299999989042877502 ) ) ;
#6006 = CARTESIAN_POINT ( 'NONE',  ( -4.257919638985431909, -0.6743880687212413516, 0.4999999890428779570 ) ) ;
#6007 =( BOUNDED_CURVE ( )  B_SPLINE_CURVE ( 2, ( #1192, #4868, #1090, #3379, #3876, #5999, #2163, #51, #4405, #5537, #5005, #2769, #657 ),
 .UNSPECIFIED., .F., .F. ) 
 B_SPLINE_CURVE_WITH_KNOTS ( ( 3, 2, 2, 2, 2, 2, 3 ),
 ( 0.1719478193371679065, 0.1859826028549931010, 0.2000173855643695431, 0.2140521682737460407, 0.2280869509831225384, 0.2421217336924990637, 0.2429104493302532974 ),
 .UNSPECIFIED. ) 
 CURVE ( )  GEOMETRIC_REPRESENTATION_ITEM ( )  RATIONAL_B_SPLINE_CURVE ( ( 1.000000000000000000, 0.9510565162951535312, 1.000000000000000000, 0.9510565162951535312, 1.000000000000000000, 0.9510565162951535312, 1.000000000000000000, 0.9510565162951535312, 1.000000000000000000, 0.9510565162951535312, 1.000000000000000000, 0.9972495127453313568, 0.9948081649129285609 ) ) 
 REPRESENTATION_ITEM ( '' )  );
#6008 = CARTESIAN_POINT ( 'NONE',  ( -4.257919638985431909, -0.6743880687212413516, 1.599999989042876214 ) ) ;
#6009 = CARTESIAN_POINT ( 'NONE',  ( -2.899137703068391581, 2.899137902661292898, 1.299999989042876614 ) ) ;
#6010 = CARTESIAN_POINT ( 'NONE',  ( 3.841124709738403809, -1.957150960842944709, 0.3999999890428768690 ) ) ;
#6011 = CARTESIAN_POINT ( 'NONE',  ( 3.841124709738403809, -1.957150960842944709, 1.299999989042878612 ) ) ;
#6012 = CARTESIAN_POINT ( 'NONE',  ( 0.5921458787066047336, 3.738661105659600192, 4.866025392827316942 ) ) ;
#6013 = CARTESIAN_POINT ( 'NONE',  ( 9.000000000000001776, -5.986100377805715134, 2.399999999999998579 ) ) ;
#6014 = CARTESIAN_POINT ( 'NONE',  ( 3.555678006756805676, -0.5631641965412353956, 3.533974585258436107 ) ) ;
#6015 = CARTESIAN_POINT ( 'NONE',  ( -3.653126813245569871, -1.861360923181277105, 0.5999999890428774352 ) ) ;
#6016 = CARTESIAN_POINT ( 'NONE',  ( -3.372694867087378423, 1.718474014398682526, 7.266025392827314633 ) ) ;
#6017 = CARTESIAN_POINT ( 'NONE',  ( -3.841124709738404253, 1.957150960842943821, -3.700000010957121610 ) ) ;
#6018 = CARTESIAN_POINT ( 'NONE',  ( 0.6743883618602999341, 4.257919592556767441, 1.899999989042878035 ) ) ;
#6019 = CARTESIAN_POINT ( 'NONE',  ( -0.5921458787066038454, -3.738661105659599304, -0.9660254147415644477 ) ) ;
#6020 = CARTESIAN_POINT ( 'NONE',  ( -0.6743883618602996011, -4.257919592556767441, 2.899999989042877591 ) ) ;
#6021 = CARTESIAN_POINT ( 'NONE',  ( 0.6743883618602999341, 4.257919592556767441, -3.000000010957122321 ) ) ;
#6022 = CARTESIAN_POINT ( 'NONE',  ( -4.257919638985431909, -0.6743880687212413516, -2.400000010957123120 ) ) ;
#6023 = CARTESIAN_POINT ( 'NONE',  ( -3.555678006756805676, 0.5631641965412349515, 2.533974585258436996 ) ) ;
#6024 = CARTESIAN_POINT ( 'NONE',  ( 0.6413811672690400423, -4.049522218518203154, 2.099999989042876880 ) ) ;
#6025 = CARTESIAN_POINT ( 'NONE',  ( 4.257919638985430133, 0.6743880687212409075, 3.499999989042877235 ) ) ;
#6026 = CARTESIAN_POINT ( 'NONE',  ( -0.6743883618602996011, -4.257919592556767441, 3.999999989042876791 ) ) ;
#6027 = CARTESIAN_POINT ( 'NONE',  ( -1.634365909477758505, -3.207623430818668187, 6.933974585258436463 ) ) ;
#6028 = VERTEX_POINT ( 'NONE', #3776 ) ;
#6029 = CARTESIAN_POINT ( 'NONE',  ( -3.657861960351968200, 1.867583978053263705, 2.602546121998605964E-17 ) ) ;
#6030 = CARTESIAN_POINT ( 'NONE',  ( -2.676585940248913165, -2.676585755977737513, 7.666025392827315876 ) ) ;
#6031 = CARTESIAN_POINT ( 'NONE',  ( -1.861361174683003439, -3.653126685099040039, 5.899999989042876258 ) ) ;
#6032 = CARTESIAN_POINT ( 'NONE',  ( 3.653126813245570315, 1.861360923181276883, 1.599999989042878434 ) ) ;
#6033 = DIRECTION ( 'NONE',  ( -0.000000000000000000, -0.000000000000000000, -1.000000000000000000 ) ) ;
#6034 = CARTESIAN_POINT ( 'NONE',  ( 1.957150696398380463, -3.841124844479640643, 7.099999989042877324 ) ) ;
#6035 = CARTESIAN_POINT ( 'NONE',  ( -3.738661146426231596, -0.5921456213162122895, -1.366025414741564026 ) ) ;
#6036 = CARTESIAN_POINT ( 'NONE',  ( 0.5921458787066047336, 3.738661105659600192, -1.133974607172683058 ) ) ;
#6037 = CARTESIAN_POINT ( 'NONE',  ( -1.957150696398379353, 3.841124844479640643, 1.199999989042875415 ) ) ;
#6038 = CARTESIAN_POINT ( 'NONE',  ( 1.957150696398380463, -3.841124844479640643, 1.099999989042877990 ) ) ;
#6039 = CYLINDRICAL_SURFACE ( 'NONE', #2713, 3.600000000000000089 ) ;
#6040 = CARTESIAN_POINT ( 'NONE',  ( -2.899137703068391581, 2.899137902661292898, 3.299999989042876614 ) ) ;
#6041 = CARTESIAN_POINT ( 'NONE',  ( -0.6743883618602996011, -4.257919592556767441, -1.095712409693305744E-08 ) ) ;
#6042 = CARTESIAN_POINT ( 'NONE',  ( -3.048333987505707832, -3.048333777641312636, 5.799999989042874837 ) ) ;
#6043 = CARTESIAN_POINT ( 'NONE',  ( 0.6413811672690402643, -4.049522218518203154, -1.000000010957121432 ) ) ;
#6044 = CARTESIAN_POINT ( 'NONE',  ( 3.372694867087377979, -1.718474014398682970, 8.266025392827318186 ) ) ;
#6045 = CARTESIAN_POINT ( 'NONE',  ( -3.841124709738404253, 1.957150960842944709, -1.700000010957122498 ) ) ;
#6046 = CARTESIAN_POINT ( 'NONE',  ( 3.372694867087377979, -1.718474014398682526, 3.433974585258436463 ) ) ;
#6047 = LINE ( 'NONE', #3788, #2285 ) ;
#6048 = CARTESIAN_POINT ( 'NONE',  ( 2.545584324645417063, -2.545584499897719510, 6.166025392827316765 ) ) ;
#6049 = CARTESIAN_POINT ( 'NONE',  ( 3.555678006756805676, -0.5631641965412353956, 7.533974585258436107 ) ) ;
#6050 = CARTESIAN_POINT ( 'NONE',  ( -4.000000000000000888, -5.986100377805715134, 7.233161507461903561 ) ) ;
#6051 = CARTESIAN_POINT ( 'NONE',  ( -3.555678006756805676, 0.5631641965412349515, 0.5339745852584367736 ) ) ;
#6052 = CARTESIAN_POINT ( 'NONE',  ( 4.257919638985431909, 0.6743880687212407965, 7.499999989042877679 ) ) ;
#6053 = CARTESIAN_POINT ( 'NONE',  ( -1.861361174683003439, -3.653126685099040039, -4.100000010957123742 ) ) ;
#6054 = CARTESIAN_POINT ( 'NONE',  ( -4.000000000000000888, -3.186100377805715755, 5.616580753730949560 ) ) ;
#6055 = CARTESIAN_POINT ( 'NONE',  ( 0.5631639517484254842, -3.555678045528177122, -0.8660254147415634707 ) ) ;
#6056 = CARTESIAN_POINT ( 'NONE',  ( -2.899137703068391581, 2.899137902661292898, 1.299999989042876614 ) ) ;
#6057 = EDGE_CURVE ( 'NONE', #2611, #4785, #5932, .T. ) ;
#6058 = CARTESIAN_POINT ( 'NONE',  ( 1.957150696398380463, -3.841124844479640643, 1.099999989042877990 ) ) ;
#6059 = CARTESIAN_POINT ( 'NONE',  ( 0.6413811672690400423, -4.049522218518203154, 2.099999989042876880 ) ) ;
#6060 = CARTESIAN_POINT ( 'NONE',  ( -3.653126813245570315, -1.861360923181276883, -2.300000010957123919 ) ) ;
#6061 = ORIENTED_EDGE ( 'NONE', *, *, #1486, .T. ) ;
#6062 = CARTESIAN_POINT ( 'NONE',  ( -1.957150696398379353, 3.841124844479640643, 7.199999989042875193 ) ) ;
#6063 = CARTESIAN_POINT ( 'NONE',  ( 0.5316238025021805536, -3.560673513301361393, 3.963295376305790541 ) ) ;
#6064 = DIRECTION ( 'NONE',  ( -0.000000000000000000, -0.000000000000000000, -1.000000000000000000 ) ) ;
#6065 = CARTESIAN_POINT ( 'NONE',  ( 3.048333987505707832, 3.048333777641312192, 1.699999989042877635 ) ) ;
#6066 = CARTESIAN_POINT ( 'NONE',  ( -2.899137703068391581, 2.899137902661292454, 6.199999989042877857 ) ) ;
#6067 = CARTESIAN_POINT ( 'NONE',  ( -3.372694867087378423, 1.718474014398682526, 7.266025392827314633 ) ) ;
#6068 = CARTESIAN_POINT ( 'NONE',  ( 3.738661146426232484, 0.5921456213162111792, 0.4660253928273159763 ) ) ;
#6069 = CARTESIAN_POINT ( 'NONE',  ( -1.957150696398379353, 3.841124844479640643, 5.199999989042876969 ) ) ;
#6070 = CARTESIAN_POINT ( 'NONE',  ( -0.6413811672690400423, 4.049522218518203154, -1.095712236220958147E-08 ) ) ;
#6071 = ADVANCED_FACE ( 'NONE', ( #1339 ), #278, .F. ) ;
#6072 = CARTESIAN_POINT ( 'NONE',  ( -3.841124709738404253, 1.957150960842944709, -3.700000010957121610 ) ) ;
#6073 = CARTESIAN_POINT ( 'NONE',  ( 3.048333987505708276, 3.048333777641312192, 2.799999989042875725 ) ) ;
#6074 = CARTESIAN_POINT ( 'NONE',  ( -2.899137703068391581, 2.899137902661292898, 6.199999989042877857 ) ) ;
#6075 = CARTESIAN_POINT ( 'NONE',  ( -4.257919638985431909, -0.6743880687212413516, -2.400000010957123120 ) ) ;
#6076 = CARTESIAN_POINT ( 'NONE',  ( 4.049522174361919191, -0.6413814460608513457, -0.6000000109571221873 ) ) ;
#6077 = ORIENTED_EDGE ( 'NONE', *, *, #1022, .T. ) ;
#6078 = CARTESIAN_POINT ( 'NONE',  ( 3.372694867087377979, -1.718474014398682970, -1.733974607172682703 ) ) ;
#6079 = CARTESIAN_POINT ( 'NONE',  ( -0.4999999999999995559, -3.565108693995175937, 3.871765981903404708 ) ) ;
#6080 = LINE ( 'NONE', #6013, #4538 ) ;
#6081 = CARTESIAN_POINT ( 'NONE',  ( 3.555678006756805676, -0.5631641965412358397, -3.633974607172683502 ) ) ;
#6082 = CARTESIAN_POINT ( 'NONE',  ( -3.048333987505707388, -3.048333777641312636, 0.6999999890428785232 ) ) ;
#6083 = CARTESIAN_POINT ( 'NONE',  ( 1.718473782203455036, -3.372694985396756273, -1.933974607172683102 ) ) ;
#6084 = CARTESIAN_POINT ( 'NONE',  ( -3.738661146426231596, -0.5921456213162122895, 8.633974585258437529 ) ) ;
#6085 = CARTESIAN_POINT ( 'NONE',  ( 0.000000000000000000, 0.000000000000000000, 8.500000000000000000 ) ) ;
#6086 = CIRCLE ( 'NONE', #2473, 5.999999999999999112 ) ;
#6087 = CARTESIAN_POINT ( 'NONE',  ( 1.957150696398380463, -3.841124844479640643, 3.099999989042878212 ) ) ;
#6088 = CARTESIAN_POINT ( 'NONE',  ( -0.6743883618602996011, -4.257919592556767441, -2.000000010957124097 ) ) ;
#6089 = CARTESIAN_POINT ( 'NONE',  ( 0.6743883618602999341, 4.257919592556767441, -1.000000010957123209 ) ) ;
#6090 = DIRECTION ( 'NONE',  ( 0.000000000000000000, 0.000000000000000000, 1.000000000000000000 ) ) ;
#6091 = CARTESIAN_POINT ( 'NONE',  ( -3.738661146426231596, -0.5921456213162122895, 0.6339745852584360852 ) ) ;
#6092 = CARTESIAN_POINT ( 'NONE',  ( -4.049522174361919191, 0.6413814460608515677, -4.500000010957124985 ) ) ;
#6093 = CARTESIAN_POINT ( 'NONE',  ( -1.861361174683002995, -3.653126685099040039, 2.799999989042877946 ) ) ;
#6094 = CARTESIAN_POINT ( 'NONE',  ( 2.899137703068392025, -2.899137902661292454, 2.299999989042875725 ) ) ;
#6095 = CARTESIAN_POINT ( 'NONE',  ( 9.000000000000001776, -5.986100377805715134, 3.999999999999998224 ) ) ;
#6096 = EDGE_LOOP ( 'NONE', ( #5857, #3726 ) ) ;
#6097 = CARTESIAN_POINT ( 'NONE',  ( -0.6413811672690397092, 4.049522218518203154, 7.099999989042876436 ) ) ;
#6098 = CARTESIAN_POINT ( 'NONE',  ( -3.599999999635204784, -5.124947355626040474E-05, 9.415406697682357162 ) ) ;
#6099 = ADVANCED_FACE ( 'NONE', ( #6677 ), #1802, .F. ) ;
#6100 = CARTESIAN_POINT ( 'NONE',  ( 3.653126813245570315, 1.861360923181276661, 4.699999989042876969 ) ) ;
#6101 = CARTESIAN_POINT ( 'NONE',  ( 4.257919638985430133, 0.6743880687212409075, 5.499999989042877679 ) ) ;
#6102 = CARTESIAN_POINT ( 'NONE',  ( -0.6413813089465657535, -4.049522196078690683, 8.000000000000000000 ) ) ;
#6103 = CARTESIAN_POINT ( 'NONE',  ( -1.861361174683002995, -3.653126685099040039, 4.799999989042878390 ) ) ;
#6104 = CARTESIAN_POINT ( 'NONE',  ( 1.634365909477759171, 3.207623430818668187, 0.7660253928273158541 ) ) ;
#6105 = B_SPLINE_CURVE_WITH_KNOTS ( 'NONE', 3,
 ( #640, #6122, #6658, #1782, #1250, #5062, #299, #3550, #6779, #1362 ),
 .UNSPECIFIED., .F., .F.,
 ( 4, 3, 3, 4 ),
 ( 0.000000000000000000, 0.0001356333446764942626, 0.0002712666841590274328, 0.0005203910659086944486 ),
 .UNSPECIFIED. ) ;
#6106 = CARTESIAN_POINT ( 'NONE',  ( -0.6743883618602996011, -4.257919592556767441, -4.000000010957124097 ) ) ;
#6107 = VECTOR ( 'NONE', #4804, 1000.000000000000000 ) ;
#6108 = CARTESIAN_POINT ( 'NONE',  ( -3.048333987505707388, -3.048333777641312636, -1.300000010957121699 ) ) ;
#6109 = CARTESIAN_POINT ( 'NONE',  ( 5.999999999999999112, 7.347880794884118750E-16, 8.500000000000000000 ) ) ;
#6110 = CARTESIAN_POINT ( 'NONE',  ( 3.048333987505708276, 3.048333777641312192, 7.699999989042878745 ) ) ;
#6111 = CARTESIAN_POINT ( 'NONE',  ( -2.899137703068391581, 2.899137902661292898, -0.7000000109571233864 ) ) ;
#6112 = CARTESIAN_POINT ( 'NONE',  ( 0.6743883618602993790, 4.257919592556766553, 1.899999989042878035 ) ) ;
#6113 = ORIENTED_EDGE ( 'NONE', *, *, #4848, .T. ) ;
#6114 = CARTESIAN_POINT ( 'NONE',  ( 1.718473782203455036, -3.372694985396756273, -1.933974607172683102 ) ) ;
#6115 = CARTESIAN_POINT ( 'NONE',  ( -3.372694867087379311, 1.718474014398682526, 5.266025392827317297 ) ) ;
#6116 = VECTOR ( 'NONE', #5834, 1000.000000000000000 ) ;
#6117 = CARTESIAN_POINT ( 'NONE',  ( 2.899137703068392025, -2.899137902661292454, -0.8000000109571226981 ) ) ;
#6118 = CARTESIAN_POINT ( 'NONE',  ( -3.372694867087378423, 1.718474014398682526, -4.733974607172682703 ) ) ;
#6119 = CARTESIAN_POINT ( 'NONE',  ( -3.207623543337572602, -1.634365688646975068, 2.733974585258435397 ) ) ;
#6120 = CARTESIAN_POINT ( 'NONE',  ( -1.718473782203454592, 3.372694985396756273, 1.066025392827315788 ) ) ;
#6121 = CARTESIAN_POINT ( 'NONE',  ( 0.6413811672690402643, -4.049522218518203154, -3.000000010957121432 ) ) ;
#6122 = CARTESIAN_POINT ( 'NONE',  ( -0.5000000000000045519, -3.608940165819219725, 1.028631538309712434 ) ) ;
#6123 = CARTESIAN_POINT ( 'NONE',  ( -0.08037720819687170504, 3.984114503485412406, 8.000000000000001776 ) ) ;
#6124 = CARTESIAN_POINT ( 'NONE',  ( -1.861361174683003439, -3.653126685099040039, 2.799999989042877946 ) ) ;
#6125 = CARTESIAN_POINT ( 'NONE',  ( 1.957150696398380463, -3.841124844479640643, 3.099999989042878212 ) ) ;
#6126 = CARTESIAN_POINT ( 'NONE',  ( 3.841124709738403809, -1.957150960842944709, 5.299999989042876614 ) ) ;
#6127 = LINE ( 'NONE', #5526, #94 ) ;
#6128 = CARTESIAN_POINT ( 'NONE',  ( 1.634365909477759171, 3.207623430818668187, 4.766025392827316409 ) ) ;
#6129 = CARTESIAN_POINT ( 'NONE',  ( 3.372694867087377979, -1.718474014398682526, -2.566025414741563537 ) ) ;
#6130 = CARTESIAN_POINT ( 'NONE',  ( 3.841124709738403809, -1.957150960842944709, 0.3999999890428768690 ) ) ;
#6131 = CARTESIAN_POINT ( 'NONE',  ( -2.899137703068391581, 2.899137902661292454, -1.800000010957121921 ) ) ;
#6132 = DIRECTION ( 'NONE',  ( -1.000000000000000000, 0.000000000000000000, 0.000000000000000000 ) ) ;
#6133 = CARTESIAN_POINT ( 'NONE',  ( 4.257919638985431909, 0.6743880687212407965, -3.400000010957124008 ) ) ;
#6134 = VERTEX_POINT ( 'NONE', #6176 ) ;
#6135 = FACE_OUTER_BOUND ( 'NONE', #2334, .T. ) ;
#6136 = CARTESIAN_POINT ( 'NONE',  ( 0.5631639517484252622, -3.555678045528178011, 1.966025392827317253 ) ) ;
#6137 = CARTESIAN_POINT ( 'NONE',  ( 3.841124709738403809, -1.957150960842944709, 6.399999989042877147 ) ) ;
#6138 = EDGE_CURVE ( 'NONE', #4470, #227, #430, .T. ) ;
#6139 = CARTESIAN_POINT ( 'NONE',  ( -2.899137703068391581, 2.899137902661292454, 2.199999989042878301 ) ) ;
#6140 = CARTESIAN_POINT ( 'NONE',  ( -4.099947555330787807, -0.2424877108877338538, 8.000000000000005329 ) ) ;
#6141 = CARTESIAN_POINT ( 'NONE',  ( -2.676585940248913165, -2.676585755977737513, 3.666025392827316765 ) ) ;
#6142 = CARTESIAN_POINT ( 'NONE',  ( -4.049522174361919191, 0.6413814460608515677, 7.499999989042877679 ) ) ;
#6143 = CARTESIAN_POINT ( 'NONE',  ( 2.545584324645417063, -2.545584499897719066, 7.333974585258436818 ) ) ;
#6144 = CARTESIAN_POINT ( 'NONE',  ( -3.207623543337572602, -1.634365688646975068, 0.7339745852584355079 ) ) ;
#6145 = CARTESIAN_POINT ( 'NONE',  ( -0.6413811672690397092, 4.049522218518203154, 9.999999989042878568 ) ) ;
#6146 = APPLICATION_CONTEXT ( 'automotive_design' ) ;
#6147 = CARTESIAN_POINT ( 'NONE',  ( -0.4999999999999979461, -4.069397989875159993, 4.461267035992042551 ) ) ;
#6148 = CARTESIAN_POINT ( 'NONE',  ( -2.545584324645416618, 2.545584499897719510, 10.33397458525843682 ) ) ;
#6149 = VERTEX_POINT ( 'NONE', #3026 ) ;
#6150 = VECTOR ( 'NONE', #34, 1000.000000000000000 ) ;
#6151 = CARTESIAN_POINT ( 'NONE',  ( -1.718473782203454592, 3.372694985396756273, 1.066025392827315788 ) ) ;
#6152 = DIRECTION ( 'NONE',  ( 0.000000000000000000, -0.8660254037844383745, 0.5000000000000004441 ) ) ;
#6153 = LINE ( 'NONE', #3684, #6116 ) ;
#6154 = CARTESIAN_POINT ( 'NONE',  ( -3.372694867087378423, 1.718474014398682526, -0.7339746071726837018 ) ) ;
#6155 = CARTESIAN_POINT ( 'NONE',  ( -1.634365909477758505, -3.207623430818668187, 2.933974585258436019 ) ) ;
#6156 = CARTESIAN_POINT ( 'NONE',  ( 3.207623543337573047, 1.634365688646974624, 0.5660253928273171198 ) ) ;
#6157 = CARTESIAN_POINT ( 'NONE',  ( -2.676585940248913165, -2.676585755977737513, 3.666025392827316765 ) ) ;
#6158 = CARTESIAN_POINT ( 'NONE',  ( -2.676585940248912721, -2.676585755977737513, 0.8339745852584364849 ) ) ;
#6159 = ORIENTED_EDGE ( 'NONE', *, *, #5445, .T. ) ;
#6160 = DIRECTION ( 'NONE',  ( 0.000000000000000000, 0.000000000000000000, -1.000000000000000000 ) ) ;
#6161 = CARTESIAN_POINT ( 'NONE',  ( -0.5000000000000038858, -3.696586610426562114, 7.006399086944288257 ) ) ;
#6162 = CARTESIAN_POINT ( 'NONE',  ( -3.841124709738404253, 1.957150960842944709, 2.299999989042877058 ) ) ;
#6163 = CARTESIAN_POINT ( 'NONE',  ( -3.653126813245570315, -1.861360923181276883, 6.599999989042878212 ) ) ;
#6164 = CARTESIAN_POINT ( 'NONE',  ( 1.957150696398380463, -3.841124844479640643, 7.099999989042877324 ) ) ;
#6165 = CARTESIAN_POINT ( 'NONE',  ( -3.048333987505707832, -3.048333777641312636, -4.200000010957123386 ) ) ;
#6166 = CARTESIAN_POINT ( 'NONE',  ( 3.372694867087377979, -1.718474014398682970, 2.266025392827316853 ) ) ;
#6167 = CARTESIAN_POINT ( 'NONE',  ( -3.372694867087378423, 1.718474014398681859, -1.566025414741564425 ) ) ;
#6168 = CARTESIAN_POINT ( 'NONE',  ( -4.049522174361919191, 0.6413814460608515677, -2.500000010957124541 ) ) ;
#6169 = CARTESIAN_POINT ( 'NONE',  ( 3.555678006756805676, -0.5631641965412353956, 7.533974585258436107 ) ) ;
#6170 = CARTESIAN_POINT ( 'NONE',  ( 3.653126813245570315, 1.861360923181276661, -1.300000010957123253 ) ) ;
#6171 = CARTESIAN_POINT ( 'NONE',  ( 2.899137703068392025, -2.899137902661292454, -3.700000010957124275 ) ) ;
#6172 = CARTESIAN_POINT ( 'NONE',  ( 0.4999999999999986122, -3.646022830672996040, 7.106062357428691634 ) ) ;
#6173 = CARTESIAN_POINT ( 'NONE',  ( 3.841124709738403809, -1.957150960842944709, 8.399999989042877147 ) ) ;
#6174 = CARTESIAN_POINT ( 'NONE',  ( -1.957150696398379353, 3.841124844479640643, 7.199999989042875193 ) ) ;
#6175 = CARTESIAN_POINT ( 'NONE',  ( 0.6743883618602993790, 4.257919592556766553, 3.899999989042877591 ) ) ;
#6176 = CARTESIAN_POINT ( 'NONE',  ( -0.4999999999999992784, -3.565108693995177713, 7.039698219484952446 ) ) ;
#6177 = CARTESIAN_POINT ( 'NONE',  ( -3.555678006756805676, 0.5631641965412353956, 1.366025392827317386 ) ) ;
#6178 = EDGE_CURVE ( 'NONE', #3222, #6028, #1609, .T. ) ;
#6179 = ORIENTED_EDGE ( 'NONE', *, *, #2098, .F. ) ;
#6180 = CARTESIAN_POINT ( 'NONE',  ( -2.676585940248913165, -2.676585755977737513, -2.333974607172683235 ) ) ;
#6181 = EDGE_CURVE ( 'NONE', #6442, #3560, #5117, .T. ) ;
#6182 = CARTESIAN_POINT ( 'NONE',  ( 4.257919638985431909, 0.6743880687212407965, 6.599999989042875548 ) ) ;
#6183 = CARTESIAN_POINT ( 'NONE',  ( 3.841124709738403809, -1.957150960842944709, -2.700000010957121610 ) ) ;
#6184 = CARTESIAN_POINT ( 'NONE',  ( -0.4999999999999975020, -4.069397989875159993, 4.911267035992048058 ) ) ;
#6185 = CARTESIAN_POINT ( 'NONE',  ( -4.049522174361919191, 0.6413814460608515677, 6.399999989042878035 ) ) ;
#6186 = CARTESIAN_POINT ( 'NONE',  ( 0.6743883618602999341, 4.257919592556767441, -3.000000010957122321 ) ) ;
#6187 = CARTESIAN_POINT ( 'NONE',  ( -3.738661146426231596, -0.5921456213162122895, 8.633974585258437529 ) ) ;
#6188 = ORIENTED_EDGE ( 'NONE', *, *, #5351, .F. ) ;
#6189 = CARTESIAN_POINT ( 'NONE',  ( 3.372694867087377979, -1.718474014398682970, 2.266025392827316853 ) ) ;
#6190 = CARTESIAN_POINT ( 'NONE',  ( -3.599999999999997868, 3.451745254649113680E-15, 5.415402147540224753 ) ) ;
#6191 = CARTESIAN_POINT ( 'NONE',  ( -0.4999999999999995559, -3.646030824578028628, 3.894248989059480692 ) ) ;
#6192 = CARTESIAN_POINT ( 'NONE',  ( -3.738661146426232484, -0.5921456213162119564, -2.533974607172683413 ) ) ;
#6193 = CARTESIAN_POINT ( 'NONE',  ( -0.4999999999999993339, -9.003074372223595745, -0.1847404773994473226 ) ) ;
#6194 = EDGE_CURVE ( 'NONE', #5186, #1821, #6708, .T. ) ;
#6195 = CARTESIAN_POINT ( 'NONE',  ( 0.5631639517484252622, -3.555678045528178011, 1.966025392827317253 ) ) ;
#6196 = CARTESIAN_POINT ( 'NONE',  ( 2.545584324645417063, -2.545584499897719510, 4.166025392827316765 ) ) ;
#6197 = VERTEX_POINT ( 'NONE', #1414 ) ;
#6198 = CARTESIAN_POINT ( 'NONE',  ( -2.545584324645416618, 2.545584499897719510, 4.333974585258435930 ) ) ;
#6199 = ORIENTED_EDGE ( 'NONE', *, *, #6814, .F. ) ;
#6200 = CARTESIAN_POINT ( 'NONE',  ( 0.4999999999999982792, -3.851466211747805790, 3.049280857965500857 ) ) ;
#6201 = DIRECTION ( 'NONE',  ( -0.000000000000000000, -0.000000000000000000, -1.000000000000000000 ) ) ;
#6202 =( BOUNDED_SURFACE ( )  B_SPLINE_SURFACE ( 1, 2, ( 
 ( #3359, #2685, #6513, #1675, #1640, #5416, #505, #6548, #1605, #3290, #7023, #4883, #4456, #5386, #3858, #638, #5981, #2144, #4319, #6478, #3790, #1107, #2246, #6016, #3892, #4988, #2784, #35, #1174, #2717, #2822, #568, #4388, #5944, #6048, #107, #2281, #4915, #2212, #602, #1071, #3760, #5913, #3257, #5450, #1042, #4353, #1142, #3226, #3, #536, #2178, #3325, #5484, #6196, #1318, #5666, #3999, #5701, #6157, #2397, #144, #1282, #4568, #784, #6737, #3472, #2896, #4490, #5058, #2318, #1818, #3963, #3509, #5021, #2357, #5626, #2859, #6655, #4530, #4038, #712, #2476, #749, #1779, #6120, #674, #1247, #1858, #3396, #2934, #5590, #2973, #3432, #182, #5096, #5135, #223, #6695, #3547, #261, #296, #2438, #4605, #6236, #6775, #1901, #4077, #1358, #820, #3007, #4645, #5172, #1742, #3929, #6083, #1210, #5553, #3724, #6809, #3653, #332, #931, #401, #438, #2072, #4249, #967, #2003, #2036, #2577, #4148, #4181, #6304, #5771, #4751, #3689, #6916, #6847, #4114, #5806, #6373, #855, #6407, #3118 ),
 ( #4216, #3584, #4714, #3618, #1534, #5839, #6880, #6953, #5209, #1430, #5874, #5282, #4784, #3045, #1969, #1000, #3188, #6338, #1465, #2508, #4679, #1502, #3153, #5314, #2610, #5347, #2543, #469, #2646, #1937, #6271, #1395, #892, #5736, #3081, #5247, #365, #562, #6440, #6042, #3284, #1100, #4815, #2678, #1568, #4280, #1034, #1634, #6575, #4414, #3755, #531, #2745, #2710, #6472, #5907, #4909, #4844, #4348, #3221, #5939, #5511, #5380, #29, #1702, #7051, #499, #7016, #2136, #4313, #2172, #1135, #2207, #5478, #1168, #3852, #5443, #2240, #3784, #3885, #3819, #4381, #1598, #4945, #3353, #630, #5974, #6541, #1669, #1066, #2778, #6506, #3251, #6010, #3317, #4877, #6984, #2103, #5411, #595, #62, #703, #4029, #5693, #6111, #5013, #2429, #135, #5125, #3921, #4482, #2851, #2310, #3538, #2387, #5087, #6645, #3463, #5618, #3500, #1770, #6075, #6727, #5579, #3955, #1239, #3424, #6186, #2886, #776, #2348, #1734, #2814, #5049, #5546, #172, #2273, #1201, #4521, #4448, #4980, #2924, #3388, #666, #214 ) ),
 .UNSPECIFIED., .F., .F., .F. ) 
 B_SPLINE_SURFACE_WITH_KNOTS ( ( 2, 2 ),
 ( 3, 2, 2, 2, 2, 2, 2, 2, 2, 2, 2, 2, 2, 2, 2, 2, 2, 2, 2, 2, 2, 2, 2, 2, 2, 2, 2, 2, 2, 2, 2, 2, 2, 2, 2, 2, 2, 2, 2, 2, 2, 2, 2, 2, 2, 2, 2, 2, 2, 2, 2, 2, 2, 2, 2, 2, 2, 2, 2, 2, 2, 2, 2, 2, 2, 2, 2, 2, 2, 2, 2, 2, 3 ),
 ( 0.000000000000000000, 1.000000000000000000 ),
 ( 0.1093553605738695755, 0.1125000000000000028, 0.1250000000000000000, 0.1375000000000000111, 0.1499999999999999944, 0.1625000000000000056, 0.1749999999999999889, 0.1875000000000000000, 0.2000000000000000111, 0.2124999999999999944, 0.2250000000000000056, 0.2374999999999999889, 0.2500000000000000000, 0.2625000000000000111, 0.2750000000000000222, 0.2874999999999999778, 0.2999999999999999889, 0.3125000000000000000, 0.3250000000000000111, 0.3375000000000000222, 0.3499999999999999778, 0.3624999999999999889, 0.3750000000000000000, 0.3875000000000000111, 0.4000000000000000222, 0.4124999999999999778, 0.4249999999999999889, 0.4375000000000000000, 0.4500000000000000111, 0.4625000000000000222, 0.4749999999999999778, 0.4874999999999999889, 0.5000000000000000000, 0.5124999999999999556, 0.5250000000000000222, 0.5374999999999999778, 0.5500000000000000444, 0.5625000000000000000, 0.5749999999999999556, 0.5875000000000000222, 0.5999999999999999778, 0.6125000000000000444, 0.6250000000000000000, 0.6374999999999999556, 0.6500000000000000222, 0.6624999999999999778, 0.6750000000000000444, 0.6875000000000000000, 0.6999999999999999556, 0.7125000000000000222, 0.7249999999999999778, 0.7375000000000000444, 0.7500000000000000000, 0.7624999999999999556, 0.7750000000000000222, 0.7874999999999999778, 0.8000000000000000444, 0.8125000000000000000, 0.8249999999999999556, 0.8375000000000000222, 0.8499999999999999778, 0.8625000000000000444, 0.8750000000000000000, 0.8874999999999999556, 0.9000000000000000222, 0.9124999999999999778, 0.9250000000000000444, 0.9375000000000000000, 0.9499999999999999556, 0.9625000000000000222, 0.9749999999999999778, 0.9875000000000000444, 1.000000000000000000 ),
 .UNSPECIFIED. ) 
 GEOMETRIC_REPRESENTATION_ITEM ( )  RATIONAL_B_SPLINE_SURFACE ( (
 ( 0.9815695374925029748, 0.9876872313191653596, 1.000000000000000000, 0.9510565162951535312, 1.000000000000000000, 0.9510565162951535312, 1.000000000000000000, 0.9510565162951535312, 1.000000000000000000, 0.9510565162951535312, 1.000000000000000000, 0.9510565162951535312, 1.000000000000000000, 0.9510565162951535312, 1.000000000000000000, 0.9510565162951535312, 1.000000000000000000, 0.9510565162951535312, 1.000000000000000000, 0.9510565162951535312, 1.000000000000000000, 0.9510565162951535312, 1.000000000000000000, 0.9510565162951535312, 1.000000000000000000, 0.9510565162951535312, 1.000000000000000000, 0.9510565162951535312, 1.000000000000000000, 0.9510565162951535312, 1.000000000000000000, 0.9510565162951535312, 1.000000000000000000, 0.9510565162951535312, 1.000000000000000000, 0.9510565162951535312, 1.000000000000000000, 0.9510565162951535312, 1.000000000000000000, 0.9510565162951535312, 1.000000000000000000, 0.9510565162951535312, 1.000000000000000000, 0.9510565162951535312, 1.000000000000000000, 0.9510565162951535312, 1.000000000000000000, 0.9510565162951535312, 1.000000000000000000, 0.9510565162951535312, 1.000000000000000000, 0.9510565162951535312, 1.000000000000000000, 0.9510565162951535312, 1.000000000000000000, 0.9510565162951535312, 1.000000000000000000, 0.9510565162951535312, 1.000000000000000000, 0.9510565162951535312, 1.000000000000000000, 0.9510565162951535312, 1.000000000000000000, 0.9510565162951535312, 1.000000000000000000, 0.9510565162951535312, 1.000000000000000000, 0.9510565162951535312, 1.000000000000000000, 0.9510565162951535312, 1.000000000000000000, 0.9510565162951535312, 1.000000000000000000, 0.9510565162951535312, 1.000000000000000000, 0.9510565162951535312, 1.000000000000000000, 0.9510565162951535312, 1.000000000000000000, 0.9510565162951535312, 1.000000000000000000, 0.9510565162951535312, 1.000000000000000000, 0.9510565162951535312, 1.000000000000000000, 0.9510565162951535312, 1.000000000000000000, 0.9510565162951535312, 1.000000000000000000, 0.9510565162951535312, 1.000000000000000000, 0.9510565162951535312, 1.000000000000000000, 0.9510565162951535312, 1.000000000000000000, 0.9510565162951535312, 1.000000000000000000, 0.9510565162951535312, 1.000000000000000000, 0.9510565162951535312, 1.000000000000000000, 0.9510565162951535312, 1.000000000000000000, 0.9510565162951535312, 1.000000000000000000, 0.9510565162951535312, 1.000000000000000000, 0.9510565162951535312, 1.000000000000000000, 0.9510565162951535312, 1.000000000000000000, 0.9510565162951535312, 1.000000000000000000, 0.9510565162951535312, 1.000000000000000000, 0.9510565162951535312, 1.000000000000000000, 0.9510565162951535312, 1.000000000000000000, 0.9510565162951535312, 1.000000000000000000, 0.9510565162951535312, 1.000000000000000000, 0.9510565162951535312, 1.000000000000000000, 0.9510565162951535312, 1.000000000000000000, 0.9510565162951535312, 1.000000000000000000, 0.9510565162951535312, 1.000000000000000000, 0.9510565162951535312, 1.000000000000000000, 0.9510565162951535312, 1.000000000000000000, 0.9510565162951535312, 1.000000000000000000, 0.9510565162951535312, 1.000000000000000000, 0.9510565162951535312, 1.000000000000000000, 0.9510565162951535312, 1.000000000000000000, 0.9510565162951535312, 1.000000000000000000),
 ( 0.9815695374925029748, 0.9876872313191653596, 1.000000000000000000, 0.9510565162951535312, 1.000000000000000000, 0.9510565162951535312, 1.000000000000000000, 0.9510565162951535312, 1.000000000000000000, 0.9510565162951535312, 1.000000000000000000, 0.9510565162951535312, 1.000000000000000000, 0.9510565162951535312, 1.000000000000000000, 0.9510565162951535312, 1.000000000000000000, 0.9510565162951535312, 1.000000000000000000, 0.9510565162951535312, 1.000000000000000000, 0.9510565162951535312, 1.000000000000000000, 0.9510565162951535312, 1.000000000000000000, 0.9510565162951535312, 1.000000000000000000, 0.9510565162951535312, 1.000000000000000000, 0.9510565162951535312, 1.000000000000000000, 0.9510565162951535312, 1.000000000000000000, 0.9510565162951535312, 1.000000000000000000, 0.9510565162951535312, 1.000000000000000000, 0.9510565162951535312, 1.000000000000000000, 0.9510565162951535312, 1.000000000000000000, 0.9510565162951535312, 1.000000000000000000, 0.9510565162951535312, 1.000000000000000000, 0.9510565162951535312, 1.000000000000000000, 0.9510565162951535312, 1.000000000000000000, 0.9510565162951535312, 1.000000000000000000, 0.9510565162951535312, 1.000000000000000000, 0.9510565162951535312, 1.000000000000000000, 0.9510565162951535312, 1.000000000000000000, 0.9510565162951535312, 1.000000000000000000, 0.9510565162951535312, 1.000000000000000000, 0.9510565162951535312, 1.000000000000000000, 0.9510565162951535312, 1.000000000000000000, 0.9510565162951535312, 1.000000000000000000, 0.9510565162951535312, 1.000000000000000000, 0.9510565162951535312, 1.000000000000000000, 0.9510565162951535312, 1.000000000000000000, 0.9510565162951535312, 1.000000000000000000, 0.9510565162951535312, 1.000000000000000000, 0.9510565162951535312, 1.000000000000000000, 0.9510565162951535312, 1.000000000000000000, 0.9510565162951535312, 1.000000000000000000, 0.9510565162951535312, 1.000000000000000000, 0.9510565162951535312, 1.000000000000000000, 0.9510565162951535312, 1.000000000000000000, 0.9510565162951535312, 1.000000000000000000, 0.9510565162951535312, 1.000000000000000000, 0.9510565162951535312, 1.000000000000000000, 0.9510565162951535312, 1.000000000000000000, 0.9510565162951535312, 1.000000000000000000, 0.9510565162951535312, 1.000000000000000000, 0.9510565162951535312, 1.000000000000000000, 0.9510565162951535312, 1.000000000000000000, 0.9510565162951535312, 1.000000000000000000, 0.9510565162951535312, 1.000000000000000000, 0.9510565162951535312, 1.000000000000000000, 0.9510565162951535312, 1.000000000000000000, 0.9510565162951535312, 1.000000000000000000, 0.9510565162951535312, 1.000000000000000000, 0.9510565162951535312, 1.000000000000000000, 0.9510565162951535312, 1.000000000000000000, 0.9510565162951535312, 1.000000000000000000, 0.9510565162951535312, 1.000000000000000000, 0.9510565162951535312, 1.000000000000000000, 0.9510565162951535312, 1.000000000000000000, 0.9510565162951535312, 1.000000000000000000, 0.9510565162951535312, 1.000000000000000000, 0.9510565162951535312, 1.000000000000000000, 0.9510565162951535312, 1.000000000000000000, 0.9510565162951535312, 1.000000000000000000, 0.9510565162951535312, 1.000000000000000000, 0.9510565162951535312, 1.000000000000000000, 0.9510565162951535312, 1.000000000000000000) ) ) 
 REPRESENTATION_ITEM ( '' )  SURFACE ( )  );
#6203 = VECTOR ( 'NONE', #4205, 1000.000000000000000 ) ;
#6204 = CARTESIAN_POINT ( 'NONE',  ( -0.6743883618602996011, -4.257919592556767441, 0.8999999890428772575 ) ) ;
#6205 = CARTESIAN_POINT ( 'NONE',  ( -3.048333987505707832, -3.048333777641312636, 4.699999989042877857 ) ) ;
#6206 = CARTESIAN_POINT ( 'NONE',  ( 3.048333987505708276, 3.048333777641312192, 9.699999989042877857 ) ) ;
#6207 = DIRECTION ( 'NONE',  ( 0.000000000000000000, 0.000000000000000000, 1.000000000000000000 ) ) ;
#6208 = CARTESIAN_POINT ( 'NONE',  ( 2.676585940248914053, 2.676585755977737069, 6.666025392827316765 ) ) ;
#6209 = CARTESIAN_POINT ( 'NONE',  ( -0.6743883618602991570, -4.257919592556766553, 8.899999989042878923 ) ) ;
#6210 = CARTESIAN_POINT ( 'NONE',  ( -0.6413811672690397092, 4.049522218518203154, -0.9000000109571238971 ) ) ;
#6211 = CARTESIAN_POINT ( 'NONE',  ( -1.718473782203454592, 3.372694985396755829, 10.23397458525843540 ) ) ;
#6212 = VECTOR ( 'NONE', #823, 1000.000000000000000 ) ;
#6213 = CARTESIAN_POINT ( 'NONE',  ( -3.841124709738404253, 1.957150960842944709, -2.600000010957123742 ) ) ;
#6214 = ORIENTED_EDGE ( 'NONE', *, *, #5781, .T. ) ;
#6215 = CARTESIAN_POINT ( 'NONE',  ( -2.899137703068391581, 2.899137902661292898, 5.299999989042876614 ) ) ;
#6216 = CARTESIAN_POINT ( 'NONE',  ( 0.6743883618602999341, 4.257919592556767441, 6.999999989042875903 ) ) ;
#6217 = CARTESIAN_POINT ( 'NONE',  ( -3.048333987505707388, -3.048333777641312636, -1.300000010957121699 ) ) ;
#6218 = CARTESIAN_POINT ( 'NONE',  ( 9.000000000000001776, -5.986100377805715134, 5.599999999999997868 ) ) ;
#6219 = CARTESIAN_POINT ( 'NONE',  ( -1.634365909477758505, -3.207623430818668187, -1.066025414741563981 ) ) ;
#6220 = ORIENTED_EDGE ( 'NONE', *, *, #2736, .T. ) ;
#6221 = CARTESIAN_POINT ( 'NONE',  ( 1.957150696398380463, -3.841124844479640643, 6.199999989042875193 ) ) ;
#6222 = CARTESIAN_POINT ( 'NONE',  ( -3.653126813245570315, -1.861360923181276883, 5.699999989042876969 ) ) ;
#6223 = CARTESIAN_POINT ( 'NONE',  ( -3.653126813245569871, -1.861360923181277105, -1.400000010957122676 ) ) ;
#6224 = LINE ( 'NONE', #1346, #1427 ) ;
#6225 = CARTESIAN_POINT ( 'NONE',  ( 3.048333987505708276, 3.048333777641312192, 9.699999989042877857 ) ) ;
#6226 = FACE_OUTER_BOUND ( 'NONE', #6273, .T. ) ;
#6227 = CARTESIAN_POINT ( 'NONE',  ( -3.841124709738404253, 1.957150960842943821, -3.700000010957121610 ) ) ;
#6228 = ORIENTED_EDGE ( 'NONE', *, *, #3011, .F. ) ;
#6229 = CARTESIAN_POINT ( 'NONE',  ( -3.555678006756805676, 0.5631641965412353956, 1.366025392827317386 ) ) ;
#6230 = CYLINDRICAL_SURFACE ( 'NONE', #6004, 3.600000000000000089 ) ;
#6231 = CARTESIAN_POINT ( 'NONE',  ( -0.5000000000000335287, -3.895066202844928327, 7.963171921366784645 ) ) ;
#6232 = ADVANCED_FACE ( 'NONE', ( #5363 ), #1448, .F. ) ;
#6233 = CARTESIAN_POINT ( 'NONE',  ( -1.634365909477758949, -3.207623430818668631, -4.233974607172683591 ) ) ;
#6234 = CARTESIAN_POINT ( 'NONE',  ( -0.4999999999999992784, -3.565108693995177713, 3.039698219489806785 ) ) ;
#6235 = CARTESIAN_POINT ( 'NONE',  ( 2.676585940248914053, 2.676585755977737069, 0.6660253928273162094 ) ) ;
#6236 = CARTESIAN_POINT ( 'NONE',  ( -2.545584324645416618, 2.545584499897719954, -0.8339746071726831245 ) ) ;
#6237 = EDGE_LOOP ( 'NONE', ( #548, #4716, #6220, #6868 ) ) ;
#6238 = VERTEX_POINT ( 'NONE', #4766 ) ;
#6239 = CARTESIAN_POINT ( 'NONE',  ( -1.634365909477758949, -3.207623430818668631, 1.766025392827316853 ) ) ;
#6240 = CARTESIAN_POINT ( 'NONE',  ( -0.5000000000012061463, -4.069397989875012556, 2.011267035991950003 ) ) ;
#6241 = CARTESIAN_POINT ( 'NONE',  ( 1.861361174683003883, 3.653126685099039594, 1.799999989042877058 ) ) ;
#6242 = CARTESIAN_POINT ( 'NONE',  ( 0.6743883618602999341, 4.257919592556767441, 7.899999989042878035 ) ) ;
#6243 = CARTESIAN_POINT ( 'NONE',  ( -0.6413811672690397092, 4.049522218518203154, 9.099999989042876436 ) ) ;
#6244 = VECTOR ( 'NONE', #2502, 1000.000000000000000 ) ;
#6245 = CARTESIAN_POINT ( 'NONE',  ( -0.5921458787066042895, -3.738661105659599748, 7.866025392827318719 ) ) ;
#6246 =( BOUNDED_CURVE ( )  B_SPLINE_CURVE ( 2, ( #1992, #1024, #4773, #4704, #4271, #990, #1490, #3677, #917, #6430, #5862, #3211, #5829, #5336, #4805, #2600, #5795, #955, #1557, #4668, #6942, #2060, #4239 ),
 .UNSPECIFIED., .F., .F. ) 
 B_SPLINE_CURVE_WITH_KNOTS ( ( 3, 2, 2, 2, 2, 2, 2, 2, 2, 2, 2, 3 ),
 ( 0.1087915813657185371, 0.1158089712330045151, 0.1298437494674012926, 0.1438785277017980146, 0.1579133059361947922, 0.1719480841705915419, 0.1859828624049883194, 0.2000176406393850137, 0.2140524188737817912, 0.2280871971081785410, 0.2421219753425753185, 0.2429106907287673367 ),
 .UNSPECIFIED. ) 
 CURVE ( )  GEOMETRIC_REPRESENTATION_ITEM ( )  RATIONAL_B_SPLINE_CURVE ( ( 0.9755282581475770431, 0.9755282555317961179, 1.000000000000000000, 0.9510565162951535312, 1.000000000000000000, 0.9510565162951535312, 1.000000000000000000, 0.9510565162951535312, 1.000000000000000000, 0.9510565162951535312, 1.000000000000000000, 0.9510565162951535312, 1.000000000000000000, 0.9510565162951535312, 1.000000000000000000, 0.9510565162951535312, 1.000000000000000000, 0.9510565162951535312, 1.000000000000000000, 0.9510565162951535312, 1.000000000000000000, 0.9972495127456133535, 0.9948081649134290494 ) ) 
 REPRESENTATION_ITEM ( '' )  );
#6247 = CARTESIAN_POINT ( 'NONE',  ( 1.861361174683003439, 3.653126685099039594, 7.799999989042878390 ) ) ;
#6248 = CARTESIAN_POINT ( 'NONE',  ( -1.957150696398379353, 3.841124844479640643, 10.09999998904287466 ) ) ;
#6249 = CARTESIAN_POINT ( 'NONE',  ( 3.555678006756805676, -0.5631641965412353956, 9.533974585258436107 ) ) ;
#6250 = CARTESIAN_POINT ( 'NONE',  ( 3.653126813245570315, 1.861360923181276661, -3.300000010957123031 ) ) ;
#6251 = ORIENTED_EDGE ( 'NONE', *, *, #5445, .F. ) ;
#6252 = CARTESIAN_POINT ( 'NONE',  ( -1.957150696398379353, 3.841124844479640643, 3.199999989042876525 ) ) ;
#6253 = CARTESIAN_POINT ( 'NONE',  ( -4.257919638985431909, -0.6743880687212413516, 7.599999989042876436 ) ) ;
#6254 = CARTESIAN_POINT ( 'NONE',  ( 1.861361174683003439, 3.653126685099039594, -0.2000000109571228868 ) ) ;
#6255 = CARTESIAN_POINT ( 'NONE',  ( -2.215662703703478620, 3.458143946891857556, 7.999999999999994671 ) ) ;
#6256 = CARTESIAN_POINT ( 'NONE',  ( -1.634365909477758505, -3.207623430818668187, 4.933974585258436463 ) ) ;
#6257 = ORIENTED_EDGE ( 'NONE', *, *, #923, .F. ) ;
#6258 = CARTESIAN_POINT ( 'NONE',  ( 3.207623543337573047, 1.634365688646974624, -3.433974607172682880 ) ) ;
#6259 = CARTESIAN_POINT ( 'NONE',  ( 1.861361174683003883, 3.653126685099039594, 0.8999999890428757032 ) ) ;
#6260 = CARTESIAN_POINT ( 'NONE',  ( -1.634365909477758505, -3.207623430818668187, 6.933974585258436463 ) ) ;
#6261 = CARTESIAN_POINT ( 'NONE',  ( 3.207623543337573047, 1.634365688646974624, 2.566025392827317120 ) ) ;
#6262 = CARTESIAN_POINT ( 'NONE',  ( 3.048333987505708276, 3.048333777641312192, 1.699999989042877635 ) ) ;
#6263 = CARTESIAN_POINT ( 'NONE',  ( 1.634365909477758727, 3.207623430818667742, 9.933974585258436463 ) ) ;
#6264 = CARTESIAN_POINT ( 'NONE',  ( -3.555678006756805676, 0.5631641965412353956, -2.633974607172684390 ) ) ;
#6265 = DIRECTION ( 'NONE',  ( 0.000000000000000000, -0.8660254037844385966, -0.5000000000000001110 ) ) ;
#6266 = DIRECTION ( 'NONE',  ( 0.000000000000000000, 0.000000000000000000, 1.000000000000000000 ) ) ;
#6267 = CARTESIAN_POINT ( 'NONE',  ( 1.861361174683003883, 3.653126685099039594, 4.899999989042876258 ) ) ;
#6268 = CYLINDRICAL_SURFACE ( 'NONE', #4342, 9.000000000000001776 ) ;
#6269 = CARTESIAN_POINT ( 'NONE',  ( 2.676585940248914053, 2.676585755977737069, -3.333974607172683235 ) ) ;
#6270 = CARTESIAN_POINT ( 'NONE',  ( 2.676585940248914053, 2.676585755977737069, 0.6660253928273162094 ) ) ;
#6271 = CARTESIAN_POINT ( 'NONE',  ( 3.653126813245570315, 1.861360923181276661, 6.699999989042876969 ) ) ;
#6272 = VERTEX_POINT ( 'NONE', #3064 ) ;
#6273 = EDGE_LOOP ( 'NONE', ( #1904, #4115, #5427, #3008, #912, #2936, #3189 ) ) ;
#6274 = CARTESIAN_POINT ( 'NONE',  ( 3.599999999999998757, -6.489281078740333703E-15, 0.4154021475402236985 ) ) ;
#6275 = CARTESIAN_POINT ( 'NONE',  ( 3.048333987505708276, 3.048333777641312192, 1.699999989042877635 ) ) ;
#6276 = CARTESIAN_POINT ( 'NONE',  ( 0.5921458787066047336, 3.738661105659600192, 6.866025392827316054 ) ) ;
#6277 = CARTESIAN_POINT ( 'NONE',  ( 3.653126813245570315, 1.861360923181276661, 5.599999989042878212 ) ) ;
#6278 = CARTESIAN_POINT ( 'NONE',  ( -3.372694867087378423, 1.718474014398682526, -2.733974607172684035 ) ) ;
#6279 = CARTESIAN_POINT ( 'NONE',  ( 3.372694867087377979, -1.718474014398682970, 4.266025392827316409 ) ) ;
#6280 = CARTESIAN_POINT ( 'NONE',  ( 4.049522174361919191, -0.6413814460608513457, 9.399999989042877147 ) ) ;
#6281 = CARTESIAN_POINT ( 'NONE',  ( -1.957150696398379353, 3.841124844479640643, 8.099999989042878212 ) ) ;
#6282 = CARTESIAN_POINT ( 'NONE',  ( 0.5921458787066045115, 3.738661105659599748, 10.03397458525843433 ) ) ;
#6283 = LINE ( 'NONE', #5185, #6435 ) ;
#6284 = ORIENTED_EDGE ( 'NONE', *, *, #368, .T. ) ;
#6285 = CARTESIAN_POINT ( 'NONE',  ( 3.653126813245570315, 1.861360923181276661, 2.699999989042876969 ) ) ;
#6286 = CARTESIAN_POINT ( 'NONE',  ( 4.049522174361919191, -0.6413814460608517898, 6.499999989042876791 ) ) ;
#6287 = CARTESIAN_POINT ( 'NONE',  ( 2.899137703068392025, -2.899137902661292010, -2.800000010957122587 ) ) ;
#6288 = CARTESIAN_POINT ( 'NONE',  ( -4.100000000000004974, -1.839369435481412074, 9.692768001529897148 ) ) ;
#6289 = CARTESIAN_POINT ( 'NONE',  ( -3.555678006756805676, 0.5631641965412349515, -1.466025414741565003 ) ) ;
#6290 = VERTEX_POINT ( 'NONE', #2492 ) ;
#6291 = CARTESIAN_POINT ( 'NONE',  ( 2.899137703068392025, -2.899137902661292454, 8.299999989042877502 ) ) ;
#6292 = CARTESIAN_POINT ( 'NONE',  ( 3.653126813245570315, 1.861360923181276661, 0.6999999890428768579 ) ) ;
#6293 = CARTESIAN_POINT ( 'NONE',  ( 0.4999999999999996669, -3.895048774917469370, 5.037255678360722300 ) ) ;
#6294 = CARTESIAN_POINT ( 'NONE',  ( 3.653126813245570315, 1.861360923181276661, 3.599999989042878212 ) ) ;
#6295 = CARTESIAN_POINT ( 'NONE',  ( -3.555678006756805676, 0.5631641965412349515, 10.53397458525843611 ) ) ;
#6296 = CARTESIAN_POINT ( 'NONE',  ( 3.841124709738403809, -1.957150960842944709, 8.399999989042877147 ) ) ;
#6297 = CARTESIAN_POINT ( 'NONE',  ( 0.4999999999999834022, -3.565108693995177713, 7.960550053940177229 ) ) ;
#6298 = CARTESIAN_POINT ( 'NONE',  ( 0.5708636371774282736, -4.060691095566527409, 2.094640575518665671 ) ) ;
#6299 = CARTESIAN_POINT ( 'NONE',  ( 3.048333987505708276, 3.048333777641312192, 2.799999989042875725 ) ) ;
#6300 = EDGE_CURVE ( 'NONE', #3905, #6197, #1870, .T. ) ;
#6301 = CARTESIAN_POINT ( 'NONE',  ( -2.899137703068391581, 2.899137902661292454, 10.19999998904287786 ) ) ;
#6302 = CARTESIAN_POINT ( 'NONE',  ( 3.555678006756805676, -0.5631641965412358397, -3.633974607172683502 ) ) ;
#6303 = CARTESIAN_POINT ( 'NONE',  ( 1.718473782203455036, -3.372694985396756273, 4.066025392827317120 ) ) ;
#6304 = CARTESIAN_POINT ( 'NONE',  ( 3.372694867087377979, -1.718474014398682970, -3.733974607172682258 ) ) ;
#6305 = ORIENTED_EDGE ( 'NONE', *, *, #3411, .T. ) ;
#6306 = ORIENTED_EDGE ( 'NONE', *, *, #405, .F. ) ;
#6307 = CARTESIAN_POINT ( 'NONE',  ( 4.257919638985430133, 0.6743880687212409075, 5.499999989042878568 ) ) ;
#6308 = CARTESIAN_POINT ( 'NONE',  ( -4.000000000000000888, -5.986100377805715134, 5.599999999999997868 ) ) ;
#6309 = CARTESIAN_POINT ( 'NONE',  ( 2.545584324645417063, -2.545584499897719510, 4.166025392827316765 ) ) ;
#6310 = CARTESIAN_POINT ( 'NONE',  ( 4.257919638985431909, 0.6743880687212407965, -0.5000000109571227647 ) ) ;
#6311 = CARTESIAN_POINT ( 'NONE',  ( -2.676585940248913165, -2.676585755977737513, -4.333974607172681459 ) ) ;
#6312 = CARTESIAN_POINT ( 'NONE',  ( 0.5000000000000000000, -3.982219388076666533, 1.013225234163880328 ) ) ;
#6313 = VECTOR ( 'NONE', #1123, 1000.000000000000000 ) ;
#6314 = CARTESIAN_POINT ( 'NONE',  ( 3.048333987505707832, 3.048333777641312192, 5.699999989042876081 ) ) ;
#6315 = CARTESIAN_POINT ( 'NONE',  ( 2.899137703068392025, -2.899137902661292454, 7.199999989042878745 ) ) ;
#6316 = CARTESIAN_POINT ( 'NONE',  ( -1.634365909477758505, -3.207623430818668187, 4.933974585258436463 ) ) ;
#6317 = CARTESIAN_POINT ( 'NONE',  ( 3.653126813245570315, 1.861360923181276883, 9.599999989042878212 ) ) ;
#6318 = LINE ( 'NONE', #240, #4531 ) ;
#6319 = CARTESIAN_POINT ( 'NONE',  ( 1.957150696398380463, -3.841124844479640643, 4.199999989042876969 ) ) ;
#6320 = CARTESIAN_POINT ( 'NONE',  ( 4.049522174361919191, -0.6413814460608517898, 8.499999989042876791 ) ) ;
#6321 = CARTESIAN_POINT ( 'NONE',  ( -0.6413811672690400423, 4.049522218518203154, -1.095712236220958147E-08 ) ) ;
#6322 = CARTESIAN_POINT ( 'NONE',  ( -1.957150696398379353, 3.841124844479640643, 9.199999989042876081 ) ) ;
#6323 = CARTESIAN_POINT ( 'NONE',  ( -1.957150696398379353, 3.841124844479640199, 10.09999998904287466 ) ) ;
#6324 = ORIENTED_EDGE ( 'NONE', *, *, #1130, .F. ) ;
#6325 = CARTESIAN_POINT ( 'NONE',  ( -1.957150696398379353, 3.841124844479640643, 7.199999989042875193 ) ) ;
#6326 = CARTESIAN_POINT ( 'NONE',  ( -1.957150696398379353, 3.841124844479640643, 3.199999989042876525 ) ) ;
#6327 = CARTESIAN_POINT ( 'NONE',  ( -0.6413813089465657535, -4.049522196078690683, 8.000000000000000000 ) ) ;
#6328 = CARTESIAN_POINT ( 'NONE',  ( 3.841124709738403809, -1.957150960842944709, 5.299999989042876614 ) ) ;
#6329 = CARTESIAN_POINT ( 'NONE',  ( -3.372694867087378423, 1.718474014398681859, 4.433974585258435575 ) ) ;
#6330 = CARTESIAN_POINT ( 'NONE',  ( -1.718473782203454592, 3.372694985396755829, 6.233974585258436285 ) ) ;
#6331 = CARTESIAN_POINT ( 'NONE',  ( 2.899137703068392025, -2.899137902661292454, 8.299999989042877502 ) ) ;
#6332 = CARTESIAN_POINT ( 'NONE',  ( -5.034486451845991084, -7.549008738335154511, 1.669184055208486006 ) ) ;
#6333 = CARTESIAN_POINT ( 'NONE',  ( -3.417580088780471037, -2.277788809793339642, 1.263217468568690878E-15 ) ) ;
#6334 = CARTESIAN_POINT ( 'NONE',  ( -1.861361174683003439, -3.653126685099040039, 7.899999989042876258 ) ) ;
#6335 = CARTESIAN_POINT ( 'NONE',  ( 3.048333987505707832, 3.048333777641312192, 5.699999989042876081 ) ) ;
#6336 = CARTESIAN_POINT ( 'NONE',  ( -2.899137703068391581, 2.899137902661292898, 9.299999989042877502 ) ) ;
#6337 = CARTESIAN_POINT ( 'NONE',  ( -0.5921458787066042895, -3.738661105659599748, 3.866025392827316942 ) ) ;
#6338 = CARTESIAN_POINT ( 'NONE',  ( -0.6743883618602996011, -4.257919592556767441, 7.999999989042875903 ) ) ;
#6339 = ORIENTED_EDGE ( 'NONE', *, *, #4491, .F. ) ;
#6340 = VERTEX_POINT ( 'NONE', #3668 ) ;
#6341 = DIRECTION ( 'NONE',  ( 0.000000000000000000, 0.000000000000000000, -1.000000000000000000 ) ) ;
#6342 = CARTESIAN_POINT ( 'NONE',  ( -4.049522174361919191, 0.6413814460608515677, 0.3999999890428787008 ) ) ;
#6343 = CARTESIAN_POINT ( 'NONE',  ( 3.207623543337573047, 1.634365688646974624, 6.566025392827317120 ) ) ;
#6344 = CLOSED_SHELL ( 'NONE', ( #699, #85, #3896, #800, #3676, #5850, #5986, #3121, #4629, #6099, #4615, #876, #3640, #211, #1251, #4194, #6232, #1560, #3241, #3363, #510, #1753, #1898, #140, #6444, #3682, #2297, #5664, #1474, #2808, #2935, #832, #3728, #5865, #4882, #3693, #2323, #6973, #5159, #3931, #3887, #4718, #6071, #916, #3871, #2949, #3459, #6595, #4402, #177, #2183, #3375, #6893, #1695, #6932, #5268, #1447, #4517 ) ) ;
#6345 = CARTESIAN_POINT ( 'NONE',  ( -4.257919638985431909, -0.6743880687212413516, -1.500000010957122099 ) ) ;
#6346 = CARTESIAN_POINT ( 'NONE',  ( 0.6413811672690402643, -4.049522218518203154, 2.999999989042878568 ) ) ;
#6347 = CARTESIAN_POINT ( 'NONE',  ( 3.653126813245570315, 1.861360923181276883, 5.599999989042878212 ) ) ;
#6348 = CARTESIAN_POINT ( 'NONE',  ( 3.841124709738403809, -1.957150960842944709, 9.299999989042879278 ) ) ;
#6349 = CARTESIAN_POINT ( 'NONE',  ( -3.738661146426231596, -0.5921456213162122895, 4.633974585258436640 ) ) ;
#6350 = CARTESIAN_POINT ( 'NONE',  ( -4.100000000000000533, 0.3226770689847697771, 9.524221889116983419 ) ) ;
#6351 = COLOUR_RGB ( '',0.7921568627450980005, 0.8196078431372548767, 0.9333333333333333481 ) ;
#6352 = CARTESIAN_POINT ( 'NONE',  ( 1.957150696398380463, -3.841124844479640643, 0.1999999890428764415 ) ) ;
#6353 = CARTESIAN_POINT ( 'NONE',  ( 3.653126813245570315, 1.861360923181276661, 6.699999989042876969 ) ) ;
#6354 = CARTESIAN_POINT ( 'NONE',  ( -3.372694867087378423, 1.718474014398681859, 10.43397458525843646 ) ) ;
#6355 = CARTESIAN_POINT ( 'NONE',  ( 6.309425346398541024, -6.424899477773605483, 1.277381170831171531 ) ) ;
#6356 = CARTESIAN_POINT ( 'NONE',  ( -3.653126813245569871, -1.861360923181277105, 6.599999989042878212 ) ) ;
#6357 = ORIENTED_EDGE ( 'NONE', *, *, #4083, .T. ) ;
#6358 = CARTESIAN_POINT ( 'NONE',  ( 0.6743883618602999341, 4.257919592556767441, 6.999999989042875903 ) ) ;
#6359 = CARTESIAN_POINT ( 'NONE',  ( 4.257919638985431909, 0.6743880687212407965, 2.599999989042875548 ) ) ;
#6360 = CARTESIAN_POINT ( 'NONE',  ( 0.6743883618602999341, 4.257919592556767441, 4.999999989042876791 ) ) ;
#6361 = CARTESIAN_POINT ( 'NONE',  ( 7.826694560727721850, -4.446784317415166221, 6.285559200029682714 ) ) ;
#6362 = DIRECTION ( 'NONE',  ( 1.000000000000000000, 0.000000000000000000, 0.000000000000000000 ) ) ;
#6363 = CARTESIAN_POINT ( 'NONE',  ( -3.653126813245570315, -1.861360923181276883, 2.599999989042877324 ) ) ;
#6364 = CARTESIAN_POINT ( 'NONE',  ( 3.372694867087377979, -1.718474014398682526, -0.5660254147415634263 ) ) ;
#6365 = CARTESIAN_POINT ( 'NONE',  ( -1.634365909477758505, -3.207623430818668187, 0.9339745852584360186 ) ) ;
#6366 = CARTESIAN_POINT ( 'NONE',  ( -2.899137703068391581, 2.899137902661292898, 7.299999989042876614 ) ) ;
#6367 = CARTESIAN_POINT ( 'NONE',  ( 3.207623543337573047, 1.634365688646974624, 5.733974585258436285 ) ) ;
#6368 = CARTESIAN_POINT ( 'NONE',  ( -8.417170806306966568, -3.186100377805715755, 5.616580753730949560 ) ) ;
#6369 = CARTESIAN_POINT ( 'NONE',  ( 3.048333987505708276, 3.048333777641312192, 4.799999989042876614 ) ) ;
#6370 = CARTESIAN_POINT ( 'NONE',  ( 1.957150696398380463, -3.841124844479640643, 9.099999989042876436 ) ) ;
#6371 = CARTESIAN_POINT ( 'NONE',  ( 3.841124709738403809, -1.957150960842944709, 8.399999989042877147 ) ) ;
#6372 = CARTESIAN_POINT ( 'NONE',  ( 3.207623543337573047, 1.634365688646974624, 2.566025392827317120 ) ) ;
#6373 = CARTESIAN_POINT ( 'NONE',  ( -3.738661146426232484, -0.5921456213162119564, -4.533974607172685189 ) ) ;
#6374 = EDGE_LOOP ( 'NONE', ( #1416, #2494, #6720, #4016, #1503, #6611 ) ) ;
#6375 = ORIENTED_EDGE ( 'NONE', *, *, #5235, .F. ) ;
#6376 = CARTESIAN_POINT ( 'NONE',  ( -1.217371670653512261, -3.981255754532436963, 6.854254770371698058 ) ) ;
#6377 = CARTESIAN_POINT ( 'NONE',  ( 3.841124709738403809, -1.957150960842944709, -2.700000010957121610 ) ) ;
#6378 = CARTESIAN_POINT ( 'NONE',  ( 2.676585940248914053, 2.676585755977737069, 4.666025392827315876 ) ) ;
#6379 = CARTESIAN_POINT ( 'NONE',  ( -3.048333987505707832, -3.048333777641312636, 2.699999989042877857 ) ) ;
#6380 = CARTESIAN_POINT ( 'NONE',  ( 3.841124709738403809, -1.957150960842944709, 3.299999989042878390 ) ) ;
#6381 = CARTESIAN_POINT ( 'NONE',  ( -3.653126813245569871, -1.861360923181277105, 0.5999999890428774352 ) ) ;
#6382 = CARTESIAN_POINT ( 'NONE',  ( -3.048333987505707832, -3.048333777641312636, 6.699999989042876081 ) ) ;
#6383 = CARTESIAN_POINT ( 'NONE',  ( 1.634365909477758727, 3.207623430818667742, 5.933974585258436463 ) ) ;
#6384 = VECTOR ( 'NONE', #6547, 1000.000000000000000 ) ;
#6385 = CARTESIAN_POINT ( 'NONE',  ( 3.653126813245570315, 1.861360923181276661, 8.699999989042877857 ) ) ;
#6386 = CARTESIAN_POINT ( 'NONE',  ( 0.6743883618602999341, 4.257919592556767441, -1.000000010957123209 ) ) ;
#6387 = CARTESIAN_POINT ( 'NONE',  ( -4.257919638985431909, -0.6743880687212413516, 3.599999989042876880 ) ) ;
#6388 = CARTESIAN_POINT ( 'NONE',  ( -2.545584324645416618, 2.545584499897719510, 4.333974585258435930 ) ) ;
#6389 = CARTESIAN_POINT ( 'NONE',  ( -3.048333987505707832, -3.048333777641312636, 7.799999989042877502 ) ) ;
#6390 = CARTESIAN_POINT ( 'NONE',  ( -3.048333987505707388, -3.048333777641312636, 8.699999989042879633 ) ) ;
#6391 = VERTEX_POINT ( 'NONE', #2087 ) ;
#6392 = CARTESIAN_POINT ( 'NONE',  ( -0.6743883618602996011, -4.257919592556767441, -1.095712409693305744E-08 ) ) ;
#6393 = CARTESIAN_POINT ( 'NONE',  ( 2.899137703068392025, -2.899137902661292454, 2.299999989042875725 ) ) ;
#6394 = CARTESIAN_POINT ( 'NONE',  ( 2.899137703068392025, -2.899137902661292454, 0.2999999890428758365 ) ) ;
#6395 = CARTESIAN_POINT ( 'NONE',  ( 0.000000000000000000, 0.000000000000000000, 0.000000000000000000 ) ) ;
#6396 = CARTESIAN_POINT ( 'NONE',  ( 0.000000000000000000, 0.000000000000000000, 10.00000000000000000 ) ) ;
#6397 = CARTESIAN_POINT ( 'NONE',  ( 1.861361174683003439, 3.653126685099039594, 7.799999989042878390 ) ) ;
#6398 = CARTESIAN_POINT ( 'NONE',  ( -0.5921458787066038454, -3.738661105659599304, 1.033974585258435441 ) ) ;
#6399 = CARTESIAN_POINT ( 'NONE',  ( -3.372694867087378423, 1.718474014398681859, 0.4339745852584355190 ) ) ;
#6400 = CARTESIAN_POINT ( 'NONE',  ( 4.049522174361919191, -0.6413814460608517898, 6.499999989042876791 ) ) ;
#6401 = EDGE_CURVE ( 'NONE', #4470, #367, #3157, .T. ) ;
#6402 = CARTESIAN_POINT ( 'NONE',  ( -0.5940842226757236944, -4.043368351285534956, -7.363025450801296200E-16 ) ) ;
#6403 = CARTESIAN_POINT ( 'NONE',  ( -3.653126813245570315, -1.861360923181276883, 3.699999989042876969 ) ) ;
#6404 = CARTESIAN_POINT ( 'NONE',  ( 0.5316238024962254283, -3.560673513302304194, 5.963295376305273621 ) ) ;
#6405 = CARTESIAN_POINT ( 'NONE',  ( 3.653126813245570315, 1.861360923181276661, 6.699999989042876969 ) ) ;
#6406 = CARTESIAN_POINT ( 'NONE',  ( 3.372694867087377979, -1.718474014398682970, 2.266025392827316853 ) ) ;
#6407 = CARTESIAN_POINT ( 'NONE',  ( -3.372694867087378423, 1.718474014398682526, -4.733974607172682703 ) ) ;
#6408 = VERTEX_POINT ( 'NONE', #3740 ) ;
#6409 = ORIENTED_EDGE ( 'NONE', *, *, #4003, .F. ) ;
#6410 = EDGE_CURVE ( 'NONE', #216, #1970, #6425, .T. ) ;
#6411 = CARTESIAN_POINT ( 'NONE',  ( 3.653126813245570315, 1.861360923181276661, -0.4000000109571216766 ) ) ;
#6412 = CARTESIAN_POINT ( 'NONE',  ( 0.5631639517484252622, -3.555678045528178011, -0.03397460717268277475 ) ) ;
#6413 = CARTESIAN_POINT ( 'NONE',  ( -3.372694867087379311, 1.718474014398681859, 4.433974585258435575 ) ) ;
#6414 = CARTESIAN_POINT ( 'NONE',  ( -3.653126813245569871, -1.861360923181277105, 2.599999989042877324 ) ) ;
#6415 = CARTESIAN_POINT ( 'NONE',  ( 4.049522174361919191, -0.6413814460608517898, 9.399999989042877147 ) ) ;
#6416 = CARTESIAN_POINT ( 'NONE',  ( -3.555678006756805676, 0.5631641965412349515, 4.533974585258436107 ) ) ;
#6417 = CARTESIAN_POINT ( 'NONE',  ( -3.841124709738404253, 1.957150960842944709, -4.600000010957123742 ) ) ;
#6418 = CARTESIAN_POINT ( 'NONE',  ( 3.048333987505708276, 3.048333777641312192, 4.799999989042876614 ) ) ;
#6419 = FACE_OUTER_BOUND ( 'NONE', #5658, .T. ) ;
#6420 = CARTESIAN_POINT ( 'NONE',  ( -3.207623543337572602, -1.634365688646975068, 8.733974585258435397 ) ) ;
#6421 = CARTESIAN_POINT ( 'NONE',  ( 0.5000000000000004441, -3.720424548291745293, 8.000000000000000000 ) ) ;
#6422 = CARTESIAN_POINT ( 'NONE',  ( -2.899137703068391581, 2.899137902661292454, 6.199999989042877857 ) ) ;
#6423 = ORIENTED_EDGE ( 'NONE', *, *, #3456, .T. ) ;
#6424 = CARTESIAN_POINT ( 'NONE',  ( 3.048333987505708276, 3.048333777641312192, 4.799999989042876614 ) ) ;
#6425 =( BOUNDED_CURVE ( )  B_SPLINE_CURVE ( 2, ( #1987, #420, #3204 ),
 .UNSPECIFIED., .F., .T. ) 
 B_SPLINE_CURVE_WITH_KNOTS ( ( 3, 3 ),
 ( 0.6694111737102328430, 0.6701827107415886386 ),
 .UNSPECIFIED. ) 
 CURVE ( )  GEOMETRIC_REPRESENTATION_ITEM ( )  RATIONAL_B_SPLINE_CURVE ( ( 0.9758240785751683966, 0.9755282584351729902, 0.9755282581475771542 ) ) 
 REPRESENTATION_ITEM ( '' )  );
#6426 = CARTESIAN_POINT ( 'NONE',  ( -3.653126813245570315, -1.861360923181276883, 7.699999989042876081 ) ) ;
#6427 = AXIS2_PLACEMENT_3D ( 'NONE', #940, #974, #1509 ) ;
#6428 = CARTESIAN_POINT ( 'NONE',  ( 0.6413811672690400423, -4.049522218518203154, 8.999999989042878568 ) ) ;
#6429 = CYLINDRICAL_SURFACE ( 'NONE', #1111, 3.600000000000000089 ) ;
#6430 = CARTESIAN_POINT ( 'NONE',  ( -1.957150696398379353, 3.841124844479640199, 7.199999989042875193 ) ) ;
#6431 = CARTESIAN_POINT ( 'NONE',  ( -3.653126813245570315, -1.861360923181276883, -3.400000010957122676 ) ) ;
#6432 = CARTESIAN_POINT ( 'NONE',  ( -2.545584324645416618, 2.545584499897719510, 4.333974585258435930 ) ) ;
#6433 = CARTESIAN_POINT ( 'NONE',  ( -0.5631639517484252622, 3.555678045528177567, -1.866025414741564248 ) ) ;
#6434 = CARTESIAN_POINT ( 'NONE',  ( 3.372694867087377979, -1.718474014398682970, 8.266025392827318186 ) ) ;
#6435 = VECTOR ( 'NONE', #4052, 1000.000000000000000 ) ;
#6436 = CARTESIAN_POINT ( 'NONE',  ( 1.957150696398380463, -3.841124844479640643, -3.800000010957123919 ) ) ;
#6437 = CARTESIAN_POINT ( 'NONE',  ( 1.861361174683003439, 3.653126685099039594, 9.799999989042879278 ) ) ;
#6438 = CARTESIAN_POINT ( 'NONE',  ( -4.049522174361919191, 0.6413814460608515677, 9.499999989042876791 ) ) ;
#6439 = CARTESIAN_POINT ( 'NONE',  ( 0.6743883618602999341, 4.257919592556767441, -3.000000010957122321 ) ) ;
#6440 = CARTESIAN_POINT ( 'NONE',  ( -1.861361174683003439, -3.653126685099040039, 5.899999989042876258 ) ) ;
#6441 = ORIENTED_EDGE ( 'NONE', *, *, #1931, .F. ) ;
#6442 = VERTEX_POINT ( 'NONE', #4798 ) ;
#6443 = CARTESIAN_POINT ( 'NONE',  ( 3.207623543337573047, 1.634365688646974624, 4.566025392827317120 ) ) ;
#6444 = ADVANCED_FACE ( 'NONE', ( #6934 ), #1103, .F. ) ;
#6445 = CARTESIAN_POINT ( 'NONE',  ( -0.4999999999999992784, -4.220485754033534320, 8.500000000000000000 ) ) ;
#6446 = CARTESIAN_POINT ( 'NONE',  ( -1.634365909477758949, -3.207623430818668631, -2.233974607172683147 ) ) ;
#6447 = CARTESIAN_POINT ( 'NONE',  ( 3.048333987505707832, 3.048333777641312192, 3.699999989042877413 ) ) ;
#6448 = CARTESIAN_POINT ( 'NONE',  ( 3.653126813245570315, 1.861360923181276883, 1.599999989042878434 ) ) ;
#6449 = CARTESIAN_POINT ( 'NONE',  ( 1.957150696398380463, -3.841124844479640643, 1.099999989042877990 ) ) ;
#6450 = CARTESIAN_POINT ( 'NONE',  ( 3.207623543337573047, 1.634365688646974624, 3.733974585258436285 ) ) ;
#6451 = CARTESIAN_POINT ( 'NONE',  ( 0.6743883618602999341, 4.257919592556767441, -3.000000010957122321 ) ) ;
#6452 = CARTESIAN_POINT ( 'NONE',  ( 1.957150696398380463, -3.841124844479640643, 2.199999989042876525 ) ) ;
#6453 = FILL_AREA_STYLE_COLOUR ( '', #4849 ) ;
#6454 = CARTESIAN_POINT ( 'NONE',  ( 3.738661146426232040, 0.5921456213162114013, 5.633974585258434864 ) ) ;
#6455 = CARTESIAN_POINT ( 'NONE',  ( 2.899137703068392025, -2.899137902661292454, 2.299999989042875725 ) ) ;
#6456 = CARTESIAN_POINT ( 'NONE',  ( 3.841124709738403809, -1.957150960842944709, 9.299999989042879278 ) ) ;
#6457 = VERTEX_POINT ( 'NONE', #3894 ) ;
#6458 = CARTESIAN_POINT ( 'NONE',  ( 4.257919638985431909, 0.6743880687212407965, 0.5999999890428755478 ) ) ;
#6459 = CARTESIAN_POINT ( 'NONE',  ( -0.6743883618602996011, -4.257919592556767441, 3.999999989042876791 ) ) ;
#6460 = CARTESIAN_POINT ( 'NONE',  ( -2.899137703068391581, 2.899137902661292898, 8.199999989042877857 ) ) ;
#6461 = CARTESIAN_POINT ( 'NONE',  ( 0.5000000000000131006, -3.720424548291199063, 1.004764581231410722E-12 ) ) ;
#6462 = CARTESIAN_POINT ( 'NONE',  ( -4.099999999999999645, 1.932977342603504507E-16, 9.549376743755786379 ) ) ;
#6463 = CARTESIAN_POINT ( 'NONE',  ( -0.6743883618602996011, -4.257919592556767441, -1.100000010957122631 ) ) ;
#6464 = CARTESIAN_POINT ( 'NONE',  ( 0.5631639517484254842, -3.555678045528177122, -2.866025414741563360 ) ) ;
#6465 =( BOUNDED_CURVE ( )  B_SPLINE_CURVE ( 3, ( #513, #1248, #2860, #481 ),
 .UNSPECIFIED., .F., .T. ) 
 B_SPLINE_CURVE_WITH_KNOTS ( ( 4, 4 ),
 ( 0.8431387889017251114, 1.208939788909489499 ),
 .UNSPECIFIED. ) 
 CURVE ( )  GEOMETRIC_REPRESENTATION_ITEM ( )  RATIONAL_B_SPLINE_CURVE ( ( 1.000000000000000000, 0.9888801865008480796, 0.9888801865008480796, 1.000000000000000000 ) ) 
 REPRESENTATION_ITEM ( '' )  );
#6466 = CARTESIAN_POINT ( 'NONE',  ( 1.634365909477759171, 3.207623430818668187, 8.766025392827316409 ) ) ;
#6467 = CARTESIAN_POINT ( 'NONE',  ( -3.738661146426232484, -0.5921456213162119564, 7.466025392827316587 ) ) ;
#6468 = CARTESIAN_POINT ( 'NONE',  ( -3.653126813245570315, -1.861360923181276883, -2.300000010957123919 ) ) ;
#6469 = CARTESIAN_POINT ( 'NONE',  ( 4.257919638985430133, 0.6743880687212409075, -0.5000000109571227647 ) ) ;
#6470 = CARTESIAN_POINT ( 'NONE',  ( -0.6743883618602996011, -4.257919592556767441, -2.000000010957124097 ) ) ;
#6471 = CARTESIAN_POINT ( 'NONE',  ( -1.861361174683003439, -3.653126685099040039, -2.100000010957123742 ) ) ;
#6472 = CARTESIAN_POINT ( 'NONE',  ( 2.899137703068392025, -2.899137902661292454, 4.299999989042876614 ) ) ;
#6473 = ORIENTED_EDGE ( 'NONE', *, *, #1223, .F. ) ;
#6474 = CARTESIAN_POINT ( 'NONE',  ( 1.718473782203455036, -3.372694985396756273, 6.066025392827316232 ) ) ;
#6475 = CARTESIAN_POINT ( 'NONE',  ( 3.372694867087377979, -1.718474014398682526, 1.433974585258436685 ) ) ;
#6476 = CARTESIAN_POINT ( 'NONE',  ( -3.599999999999997424, 4.606008867803774126E-14, 2.583351339971340366 ) ) ;
#6477 = CARTESIAN_POINT ( 'NONE',  ( 3.372694867087377979, -1.718474014398682970, -1.733974607172682703 ) ) ;
#6478 = CARTESIAN_POINT ( 'NONE',  ( -2.676585940248913165, -2.676585755977737513, 7.666025392827315876 ) ) ;
#6479 = CARTESIAN_POINT ( 'NONE',  ( 4.257919638985430133, 0.6743880687212409075, 1.499999989042876791 ) ) ;
#6480 = CARTESIAN_POINT ( 'NONE',  ( 3.048333987505708276, 3.048333777641312192, -2.300000010957122587 ) ) ;
#6481 = DIRECTION ( 'NONE',  ( 1.000000000000000000, 0.000000000000000000, 0.000000000000000000 ) ) ;
#6482 = EDGE_CURVE ( 'NONE', #3047, #2441, #6086, .T. ) ;
#6483 = CARTESIAN_POINT ( 'NONE',  ( 3.841124709738403809, -1.957150960842944709, -1.600000010957122631 ) ) ;
#6484 = CARTESIAN_POINT ( 'NONE',  ( -2.899137703068391581, 2.899137902661292898, -0.7000000109571233864 ) ) ;
#6485 = CARTESIAN_POINT ( 'NONE',  ( 1.861361174683003883, 3.653126685099039594, -3.100000010957124630 ) ) ;
#6486 = DIRECTION ( 'NONE',  ( 0.000000000000000000, -0.000000000000000000, 1.000000000000000000 ) ) ;
#6487 = CARTESIAN_POINT ( 'NONE',  ( 2.676585940248913165, 2.676585755977737069, 5.833974585258435930 ) ) ;
#6488 = VECTOR ( 'NONE', #6341, 1000.000000000000000 ) ;
#6489 = CARTESIAN_POINT ( 'NONE',  ( 1.861361174683003883, 3.653126685099039594, 4.899999989042876258 ) ) ;
#6490 = CARTESIAN_POINT ( 'NONE',  ( -2.899137703068391581, 2.899137902661292454, 0.1999999890428781624 ) ) ;
#6491 = CARTESIAN_POINT ( 'NONE',  ( -2.899137703068391581, 2.899137902661292898, 3.299999989042876614 ) ) ;
#6492 = CARTESIAN_POINT ( 'NONE',  ( -1.861361174683003439, -3.653126685099040039, 3.899999989042876702 ) ) ;
#6493 = CARTESIAN_POINT ( 'NONE',  ( -1.791243628385711606, 3.696017513396872900, 8.748901539293583491E-16 ) ) ;
#6494 = CARTESIAN_POINT ( 'NONE',  ( -3.653126813245570315, -1.861360923181276883, -2.300000010957123919 ) ) ;
#6495 = CARTESIAN_POINT ( 'NONE',  ( 0.5000000000000103251, -3.908482078909106150, 0.04796913332143230152 ) ) ;
#6496 = CARTESIAN_POINT ( 'NONE',  ( -0.6413811672690397092, 4.049522218518203154, 5.099999989042876436 ) ) ;
#6497 = CARTESIAN_POINT ( 'NONE',  ( 3.841124709738403809, -1.957150960842944709, 9.299999989042879278 ) ) ;
#6498 = CARTESIAN_POINT ( 'NONE',  ( -4.000000000000000888, -8.062257748298549132, 6.034491490727839746 ) ) ;
#6499 = CARTESIAN_POINT ( 'NONE',  ( 0.5631639517484254842, -3.555678045528177122, -2.866025414741563360 ) ) ;
#6500 = CARTESIAN_POINT ( 'NONE',  ( -1.718473782203454592, 3.372694985396756273, 5.066025392827315343 ) ) ;
#6501 = CARTESIAN_POINT ( 'NONE',  ( 3.048333987505708276, 3.048333777641312192, 0.7999999890428763916 ) ) ;
#6502 = CARTESIAN_POINT ( 'NONE',  ( 3.048333987505707832, 3.048333777641312192, 1.699999989042877635 ) ) ;
#6503 = CARTESIAN_POINT ( 'NONE',  ( 4.257919638985431909, 0.6743880687212407965, 3.499999989042877235 ) ) ;
#6504 = CARTESIAN_POINT ( 'NONE',  ( -2.899137703068391581, 2.899137902661292898, -0.7000000109571233864 ) ) ;
#6505 = CARTESIAN_POINT ( 'NONE',  ( 2.899137703068392025, -2.899137902661292454, 2.299999989042875725 ) ) ;
#6506 = CARTESIAN_POINT ( 'NONE',  ( 4.257919638985431909, 0.6743880687212407965, 0.5999999890428755478 ) ) ;
#6507 = CARTESIAN_POINT ( 'NONE',  ( 3.048333987505707832, 3.048333777641312192, -0.3000000109571222540 ) ) ;
#6508 = CARTESIAN_POINT ( 'NONE',  ( -3.555678006756805676, 0.5631641965412353956, 7.366025392827317830 ) ) ;
#6509 = EDGE_CURVE ( 'NONE', #6810, #4470, #2801, .T. ) ;
#6510 = CARTESIAN_POINT ( 'NONE',  ( 0.6743883618602999341, 4.257919592556767441, -0.1000000109571217294 ) ) ;
#6511 = CARTESIAN_POINT ( 'NONE',  ( 2.676585940248913165, 2.676585755977737069, -0.1660254147415641812 ) ) ;
#6512 = CARTESIAN_POINT ( 'NONE',  ( -3.599999999999997868, 4.606008867803774126E-14, 2.583351339971340366 ) ) ;
#6513 = CARTESIAN_POINT ( 'NONE',  ( -3.555678006756805676, 0.5631641965412353956, 9.366025392827317830 ) ) ;
#6514 = CARTESIAN_POINT ( 'NONE',  ( 3.372694867087377979, -1.718474014398682526, 9.433974585258436463 ) ) ;
#6515 = CARTESIAN_POINT ( 'NONE',  ( 1.861361174683003883, 3.653126685099039594, -0.2000000109571228868 ) ) ;
#6516 = CARTESIAN_POINT ( 'NONE',  ( 1.718473782203455258, -3.372694985396755829, -2.766025414741564159 ) ) ;
#6517 = CARTESIAN_POINT ( 'NONE',  ( -2.899137703068391581, 2.899137902661292898, 8.199999989042877857 ) ) ;
#6518 = CARTESIAN_POINT ( 'NONE',  ( -3.653126813245570315, -1.861360923181276883, 1.699999989042876081 ) ) ;
#6519 = CARTESIAN_POINT ( 'NONE',  ( 0.6413811672690400423, -4.049522218518203154, 0.09999998904287703272 ) ) ;
#6520 = CARTESIAN_POINT ( 'NONE',  ( -0.5000000000000360822, -3.938646991333214942, 5.975203522068656348 ) ) ;
#6521 = CARTESIAN_POINT ( 'NONE',  ( 2.676585940248913165, 2.676585755977737069, 7.833974585258435930 ) ) ;
#6522 = CARTESIAN_POINT ( 'NONE',  ( -3.653126813245570315, -1.861360923181276883, 3.699999989042876969 ) ) ;
#6523 = CARTESIAN_POINT ( 'NONE',  ( 4.049522174361919191, -0.6413814460608513457, -0.6000000109571221873 ) ) ;
#6524 = CARTESIAN_POINT ( 'NONE',  ( 1.957150696398380463, -3.841124844479640643, 4.199999989042876969 ) ) ;
#6525 = CARTESIAN_POINT ( 'NONE',  ( 3.048333987505708276, 3.048333777641312192, 0.7999999890428763916 ) ) ;
#6526 = ORIENTED_EDGE ( 'NONE', *, *, #4100, .T. ) ;
#6527 = CARTESIAN_POINT ( 'NONE',  ( -7.454616696332048598, -5.162029467601589872, 6.757383945624209964 ) ) ;
#6528 = DIRECTION ( 'NONE',  ( 1.000000000000000000, -0.000000000000000000, -0.000000000000000000 ) ) ;
#6529 = CARTESIAN_POINT ( 'NONE',  ( 0.6413811672690400423, -4.049522218518203154, 4.099999989042876436 ) ) ;
#6530 = CARTESIAN_POINT ( 'NONE',  ( 2.899137703068392025, -2.899137902661292010, 9.199999989042879633 ) ) ;
#6531 = CARTESIAN_POINT ( 'NONE',  ( 3.372694867087377979, -1.718474014398682526, -2.566025414741563537 ) ) ;
#6532 = CARTESIAN_POINT ( 'NONE',  ( 4.257919638985430133, 0.6743880687212409075, 3.499999989042877235 ) ) ;
#6533 = CARTESIAN_POINT ( 'NONE',  ( 2.545584324645417063, -2.545584499897719066, -2.666025414741564514 ) ) ;
#6534 = CIRCLE ( 'NONE', #6427, 9.000000000000001776 ) ;
#6535 = CARTESIAN_POINT ( 'NONE',  ( -3.555678006756805676, 0.5631641965412353956, 5.366025392827316942 ) ) ;
#6536 = CARTESIAN_POINT ( 'NONE',  ( -1.957150696398379353, 3.841124844479640643, -0.8000000109571244744 ) ) ;
#6537 = CARTESIAN_POINT ( 'NONE',  ( 1.861361174683003439, 3.653126685099039594, 3.799999989042877058 ) ) ;
#6538 = CARTESIAN_POINT ( 'NONE',  ( 0.6743883618602999341, 4.257919592556767441, 3.899999989042877591 ) ) ;
#6539 = CARTESIAN_POINT ( 'NONE',  ( 3.653126813245570315, 1.861360923181276661, 0.6999999890428768579 ) ) ;
#6540 = CARTESIAN_POINT ( 'NONE',  ( -1.957150696398379353, 3.841124844479640643, -0.8000000109571244744 ) ) ;
#6541 = CARTESIAN_POINT ( 'NONE',  ( 0.6743883618602999341, 4.257919592556767441, 0.9999999890428767912 ) ) ;
#6542 = CARTESIAN_POINT ( 'NONE',  ( -3.841124709738404253, 1.957150960842943821, 0.2999999890428775018 ) ) ;
#6543 = AXIS2_PLACEMENT_3D ( 'NONE', #5591, #2725, #184 ) ;
#6544 = CARTESIAN_POINT ( 'NONE',  ( -0.5631639517484248181, 3.555678045528178011, 4.966025392827316587 ) ) ;
#6545 = CARTESIAN_POINT ( 'NONE',  ( -4.049522174361919191, 0.6413814460608515677, -1.600000010957123076 ) ) ;
#6546 = CARTESIAN_POINT ( 'NONE',  ( 3.372694867087377979, -1.718474014398682526, 5.433974585258435575 ) ) ;
#6547 = DIRECTION ( 'NONE',  ( -0.000000000000000000, -0.000000000000000000, -1.000000000000000000 ) ) ;
#6548 = CARTESIAN_POINT ( 'NONE',  ( 0.5921458787066047336, 3.738661105659600192, 8.866025392827316054 ) ) ;
#6549 = CARTESIAN_POINT ( 'NONE',  ( -1.634365909477758505, -3.207623430818668187, 8.933974585258436463 ) ) ;
#6550 = CARTESIAN_POINT ( 'NONE',  ( -2.899137703068391581, 2.899137902661292898, 2.199999989042878301 ) ) ;
#6551 = CARTESIAN_POINT ( 'NONE',  ( 3.738661146426232040, 0.5921456213162114013, -0.3660254147415646364 ) ) ;
#6552 = CARTESIAN_POINT ( 'NONE',  ( -3.653126813245570315, -1.861360923181276883, 8.599999989042878212 ) ) ;
#6553 = CARTESIAN_POINT ( 'NONE',  ( -4.049522174361919191, 0.6413814460608515677, -0.5000000109571227647 ) ) ;
#6554 = CARTESIAN_POINT ( 'NONE',  ( 2.899137703068392025, -2.899137902661292454, 0.2999999890428758365 ) ) ;
#6555 = CARTESIAN_POINT ( 'NONE',  ( -2.676585940248912721, -2.676585755977737513, -3.166025414741562738 ) ) ;
#6556 = CARTESIAN_POINT ( 'NONE',  ( -0.6743883618602996011, -4.257919592556767441, 5.999999989042876791 ) ) ;
#6557 = CARTESIAN_POINT ( 'NONE',  ( -3.653126813245569871, -1.861360923181277105, 2.599999989042877324 ) ) ;
#6558 = CARTESIAN_POINT ( 'NONE',  ( 2.899137703068392025, -2.899137902661292454, 0.2999999890428758365 ) ) ;
#6559 = DIRECTION ( 'NONE',  ( -1.000000000000000000, -0.000000000000000000, -0.000000000000000000 ) ) ;
#6560 = ORIENTED_EDGE ( 'NONE', *, *, #4326, .F. ) ;
#6561 = CARTESIAN_POINT ( 'NONE',  ( -0.4999999999999923395, -3.988957180146347259, 2.931886401057758551 ) ) ;
#6562 = CARTESIAN_POINT ( 'NONE',  ( -1.634365909477758949, -3.207623430818668631, 7.766025392827317297 ) ) ;
#6563 = DIRECTION ( 'NONE',  ( -0.000000000000000000, -0.000000000000000000, -1.000000000000000000 ) ) ;
#6564 = CARTESIAN_POINT ( 'NONE',  ( -3.841124709738404253, 1.957150960842943821, 2.299999989042877058 ) ) ;
#6565 = CARTESIAN_POINT ( 'NONE',  ( -0.4999999999999992784, -5.979130371550698264, 8.500000000000000000 ) ) ;
#6566 = CARTESIAN_POINT ( 'NONE',  ( 0.6413811672690402643, -4.049522218518203154, 6.999999989042877679 ) ) ;
#6567 = CARTESIAN_POINT ( 'NONE',  ( 3.738661146426232040, 0.5921456213162114013, -2.366025414741564692 ) ) ;
#6568 = CARTESIAN_POINT ( 'NONE',  ( 1.634365909477759171, 3.207623430818668187, 8.766025392827316409 ) ) ;
#6569 = CARTESIAN_POINT ( 'NONE',  ( -3.841124709738404253, 1.957150960842944709, 1.399999989042875814 ) ) ;
#6570 = CARTESIAN_POINT ( 'NONE',  ( -0.6413811672690400423, 4.049522218518203154, 1.999999989042877679 ) ) ;
#6571 = VECTOR ( 'NONE', #6265, 1000.000000000000114 ) ;
#6572 = DIRECTION ( 'NONE',  ( -0.000000000000000000, -0.000000000000000000, -1.000000000000000000 ) ) ;
#6573 = CARTESIAN_POINT ( 'NONE',  ( 0.6413811672690400423, -4.049522218518203154, 0.09999998904287703272 ) ) ;
#6574 = CARTESIAN_POINT ( 'NONE',  ( -1.861361174683003439, -3.653126685099040039, 1.899999989042876480 ) ) ;
#6575 = CARTESIAN_POINT ( 'NONE',  ( 1.861361174683003883, 3.653126685099039594, 4.899999989042876258 ) ) ;
#6576 = CARTESIAN_POINT ( 'NONE',  ( -1.957150696398379353, 3.841124844479640199, 0.09999998904287703272 ) ) ;
#6577 = CARTESIAN_POINT ( 'NONE',  ( 0.5631639517484252622, -3.555678045528178011, 7.966025392827317475 ) ) ;
#6578 = DIRECTION ( 'NONE',  ( 0.000000000000000000, 0.000000000000000000, -1.000000000000000000 ) ) ;
#6579 = CARTESIAN_POINT ( 'NONE',  ( -3.207623543337572602, -1.634365688646975068, 2.733974585258435397 ) ) ;
#6580 = CARTESIAN_POINT ( 'NONE',  ( -4.257919638985431909, -0.6743880687212416847, 0.4999999890428779570 ) ) ;
#6581 = EDGE_CURVE ( 'NONE', #4553, #985, #6651, .T. ) ;
#6582 = FACE_OUTER_BOUND ( 'NONE', #581, .T. ) ;
#6583 = CARTESIAN_POINT ( 'NONE',  ( -2.899137703068391581, 2.899137902661292454, -3.800000010957122143 ) ) ;
#6584 = CARTESIAN_POINT ( 'NONE',  ( -0.6743883618602996011, -4.257919592556767441, -3.100000010957122409 ) ) ;
#6585 = CARTESIAN_POINT ( 'NONE',  ( -3.738661146426231596, -0.5921456213162122895, 0.6339745852584360852 ) ) ;
#6586 = CARTESIAN_POINT ( 'NONE',  ( -3.048333987505707832, -3.048333777641312636, 2.699999989042877857 ) ) ;
#6587 = CARTESIAN_POINT ( 'NONE',  ( 1.957150696398380463, -3.841124844479640643, -3.800000010957123919 ) ) ;
#6588 = CARTESIAN_POINT ( 'NONE',  ( -2.899137703068391581, 2.899137902661292898, 1.299999989042876614 ) ) ;
#6589 = CARTESIAN_POINT ( 'NONE',  ( 1.634365909477758727, 3.207623430818667742, -0.06602541474156481405 ) ) ;
#6590 = CARTESIAN_POINT ( 'NONE',  ( 3.048333987505708276, 3.048333777641312192, 4.799999989042876614 ) ) ;
#6591 = CARTESIAN_POINT ( 'NONE',  ( 1.957150696398380463, -3.841124844479640643, 5.099999989042878212 ) ) ;
#6592 = CARTESIAN_POINT ( 'NONE',  ( -3.048333987505707832, -3.048333777641312636, 5.799999989042874837 ) ) ;
#6593 = CARTESIAN_POINT ( 'NONE',  ( -4.257919638985431909, -0.6743880687212413516, -4.400000010957124452 ) ) ;
#6594 = ORIENTED_EDGE ( 'NONE', *, *, #3262, .T. ) ;
#6595 = ADVANCED_FACE ( 'NONE', ( #3965, #4990 ), #6620, .F. ) ;
#6596 = CARTESIAN_POINT ( 'NONE',  ( -1.795858914372258752, -3.693617675623328100, -1.110725450654271291E-14 ) ) ;
#6597 = CARTESIAN_POINT ( 'NONE',  ( 0.000000000000000000, 0.000000000000000000, 8.500000000000000000 ) ) ;
#6598 = CARTESIAN_POINT ( 'NONE',  ( 0.5000000000000024425, -4.069397989875159105, 4.089223782170677168 ) ) ;
#6599 = CARTESIAN_POINT ( 'NONE',  ( -0.6743883618602991570, -4.257919592556766553, 4.899999989042877147 ) ) ;
#6600 = DIRECTION ( 'NONE',  ( 0.000000000000000000, 0.000000000000000000, -1.000000000000000000 ) ) ;
#6601 = CARTESIAN_POINT ( 'NONE',  ( 0.6743883618602993790, 4.257919592556766553, 7.899999989042878035 ) ) ;
#6602 = CARTESIAN_POINT ( 'NONE',  ( -1.634365909477758949, -3.207623430818668631, 7.766025392827317297 ) ) ;
#6603 = CARTESIAN_POINT ( 'NONE',  ( 3.207623543337573047, 1.634365688646974624, 0.5660253928273171198 ) ) ;
#6604 = CARTESIAN_POINT ( 'NONE',  ( -0.6413811672690397092, 4.049522218518203154, 7.099999989042876436 ) ) ;
#6605 = CARTESIAN_POINT ( 'NONE',  ( 4.049522174361919191, -0.6413814460608513457, 1.399999989042877813 ) ) ;
#6606 = CARTESIAN_POINT ( 'NONE',  ( 0.000000000000000000, 0.000000000000000000, 10.00000000000000000 ) ) ;
#6607 = CARTESIAN_POINT ( 'NONE',  ( -4.049522174361919191, 0.6413814460608515677, -0.5000000109571227647 ) ) ;
#6608 = CARTESIAN_POINT ( 'NONE',  ( 0.6743883618602999341, 4.257919592556767441, 7.899999989042878035 ) ) ;
#6609 = CARTESIAN_POINT ( 'NONE',  ( 3.600000000000000089, 4.408728476930471151E-16, 10.00000000000000000 ) ) ;
#6610 = CARTESIAN_POINT ( 'NONE',  ( -0.6413811672690400423, 4.049522218518203154, -1.095712236220958147E-08 ) ) ;
#6611 = ORIENTED_EDGE ( 'NONE', *, *, #2529, .T. ) ;
#6612 = CARTESIAN_POINT ( 'NONE',  ( 2.676585940248914053, 2.676585755977737069, -1.333974607172683680 ) ) ;
#6613 = CARTESIAN_POINT ( 'NONE',  ( 0.6743883618602999341, 4.257919592556767441, 2.999999989042876347 ) ) ;
#6614 = AXIS2_PLACEMENT_3D ( 'NONE', #6095, #6559, #4399 ) ;
#6615 = CARTESIAN_POINT ( 'NONE',  ( 1.861361174683003883, 3.653126685099039594, -2.200000010957122942 ) ) ;
#6616 = CARTESIAN_POINT ( 'NONE',  ( 3.738661146426232040, 0.5921456213162114013, 1.633974585258435086 ) ) ;
#6617 = CARTESIAN_POINT ( 'NONE',  ( -4.049522174361919191, 0.6413814460608511236, 0.3999999890428787008 ) ) ;
#6618 = CARTESIAN_POINT ( 'NONE',  ( 0.5000000701683781079, -3.565108684149226992, 1.128430125576952214 ) ) ;
#6619 = CARTESIAN_POINT ( 'NONE',  ( -1.718473782203454592, 3.372694985396755829, 8.233974585258435397 ) ) ;
#6620 = PLANE ( 'NONE',  #5760 ) ;
#6621 = CARTESIAN_POINT ( 'NONE',  ( -4.000000000000000888, -8.062257748298549132, 10.00000000000000000 ) ) ;
#6622 = EDGE_CURVE ( 'NONE', #6238, #3708, #4341, .T. ) ;
#6623 = CARTESIAN_POINT ( 'NONE',  ( -0.6743883618602996011, -4.257919592556767441, 4.899999989042877147 ) ) ;
#6624 = CARTESIAN_POINT ( 'NONE',  ( -3.841124709738404253, 1.957150960842944709, 10.29999998904287750 ) ) ;
#6625 = CARTESIAN_POINT ( 'NONE',  ( -0.6413811672690397092, 4.049522218518203154, -2.900000010957124008 ) ) ;
#6626 = DIRECTION ( 'NONE',  ( 1.000000000000000000, 0.000000000000000000, 0.000000000000000000 ) ) ;
#6627 = CARTESIAN_POINT ( 'NONE',  ( 3.555678006756805676, -0.5631641965412353956, -0.4660254147415641146 ) ) ;
#6628 = CARTESIAN_POINT ( 'NONE',  ( 2.899137703068392025, -2.899137902661292454, 0.2999999890428758365 ) ) ;
#6629 = CARTESIAN_POINT ( 'NONE',  ( -3.841124709738404253, 1.957150960842943821, 4.299999989042877502 ) ) ;
#6630 = CARTESIAN_POINT ( 'NONE',  ( -4.257919638985431909, -0.6743880687212413516, -0.4000000109571233420 ) ) ;
#6631 = CARTESIAN_POINT ( 'NONE',  ( 0.6743883618602999341, 4.257919592556767441, -3.000000010957122321 ) ) ;
#6632 = VERTEX_POINT ( 'NONE', #1177 ) ;
#6633 = CARTESIAN_POINT ( 'NONE',  ( -4.100000000000000533, 0.3226770689847697771, 9.524221889116983419 ) ) ;
#6634 = CARTESIAN_POINT ( 'NONE',  ( 1.718473782203455036, -3.372694985396756273, 4.066025392827317120 ) ) ;
#6635 = CARTESIAN_POINT ( 'NONE',  ( -0.6743883618602996011, -4.257919592556767441, 7.999999989042875903 ) ) ;
#6636 = CARTESIAN_POINT ( 'NONE',  ( -4.049522174361919191, 0.6413814460608511236, 6.399999989042878035 ) ) ;
#6637 = CARTESIAN_POINT ( 'NONE',  ( -0.8821173289415367158, 4.011393355994860244, 8.000000000000010658 ) ) ;
#6638 = CARTESIAN_POINT ( 'NONE',  ( 0.6413811672690402643, -4.049522218518203154, 4.999999989042877679 ) ) ;
#6639 = CARTESIAN_POINT ( 'NONE',  ( 3.738661146426232484, 0.5921456213162111792, -1.533974607172684301 ) ) ;
#6640 = CARTESIAN_POINT ( 'NONE',  ( 4.049522174361919191, -0.6413814460608517898, 8.499999989042876791 ) ) ;
#6641 = CARTESIAN_POINT ( 'NONE',  ( 3.048333987505707832, 3.048333777641312192, -2.300000010957122587 ) ) ;
#6642 = CARTESIAN_POINT ( 'NONE',  ( 0.5921458787066047336, 3.738661105659599748, 2.866025392827316942 ) ) ;
#6643 = AXIS2_PLACEMENT_3D ( 'NONE', #5933, #7009, #1059 ) ;
#6644 = CARTESIAN_POINT ( 'NONE',  ( 3.653126813245570315, 1.861360923181276661, 9.599999989042878212 ) ) ;
#6645 = CARTESIAN_POINT ( 'NONE',  ( 0.6413811672690400423, -4.049522218518203154, -1.900000010957123120 ) ) ;
#6646 = B_SPLINE_CURVE_WITH_KNOTS ( 'NONE', 3,
 ( #5272, #427, #390, #4171, #6293, #5305, #354, #2025, #5762, #3642 ),
 .UNSPECIFIED., .F., .F.,
 ( 4, 3, 3, 4 ),
 ( 0.000000000000000000, 0.0001356333311457768090, 0.0002712666633846870685, 0.0005231686598705931335 ),
 .UNSPECIFIED. ) ;
#6647 = CARTESIAN_POINT ( 'NONE',  ( -2.899137703068391581, 2.899137902661292454, -1.800000010957121921 ) ) ;
#6648 = ORIENTED_EDGE ( 'NONE', *, *, #1037, .T. ) ;
#6649 = CARTESIAN_POINT ( 'NONE',  ( -2.676585940248913165, -2.676585755977737513, 1.666025392827317431 ) ) ;
#6650 = DIRECTION ( 'NONE',  ( -1.000000000000000000, 0.000000000000000000, 0.000000000000000000 ) ) ;
#6651 =( BOUNDED_CURVE ( )  B_SPLINE_CURVE ( 2, ( #6698, #4042, #1822, #109, #2977, #2283, #714, #187, #228 ),
 .UNSPECIFIED., .F., .T. ) 
 B_SPLINE_CURVE_WITH_KNOTS ( ( 3, 2, 2, 2, 3 ),
 ( 0.3364323605615434643, 0.3368347019609713722, 0.3508694812093207105, 0.3649042604576700488, 0.3684346892938187290 ),
 .UNSPECIFIED. ) 
 CURVE ( )  GEOMETRIC_REPRESENTATION_ITEM ( )  RATIONAL_B_SPLINE_CURVE ( ( 0.9972742755460227704, 0.9985969148941902240, 1.000000000000000000, 0.9510565162951535312, 1.000000000000000000, 0.9510565162951535312, 1.000000000000000000, 0.9876883360147268309, 0.9815706352953444958 ) ) 
 REPRESENTATION_ITEM ( '' )  );
#6652 = CARTESIAN_POINT ( 'NONE',  ( 0.4999999999999806266, -4.069397989875162658, 0.08922378217067646056 ) ) ;
#6653 = CARTESIAN_POINT ( 'NONE',  ( -3.207623543337572602, -1.634365688646974846, -2.433974607172683768 ) ) ;
#6654 = DIRECTION ( 'NONE',  ( -1.000000000000000000, 0.000000000000000000, 0.000000000000000000 ) ) ;
#6655 = CARTESIAN_POINT ( 'NONE',  ( -1.634365909477758949, -3.207623430818668631, 1.766025392827316853 ) ) ;
#6656 =( LENGTH_UNIT ( ) NAMED_UNIT ( * ) SI_UNIT ( .MILLI., .METRE. ) );
#6657 = CARTESIAN_POINT ( 'NONE',  ( -3.653126813245569871, -1.861360923181277105, -3.400000010957122676 ) ) ;
#6658 = CARTESIAN_POINT ( 'NONE',  ( -0.5000000000000095479, -3.652765956095308297, 1.017525414450402232 ) ) ;
#6659 = CARTESIAN_POINT ( 'NONE',  ( -1.217371670653504934, -3.981255754532441404, 1.954254770371695926 ) ) ;
#6660 = AXIS2_PLACEMENT_3D ( 'NONE', #620, #2843, #4970 ) ;
#6661 = CARTESIAN_POINT ( 'NONE',  ( -1.957150696398379353, 3.841124844479640643, 2.099999989042876436 ) ) ;
#6662 = CARTESIAN_POINT ( 'NONE',  ( -4.049522174361919191, 0.6413814460608515677, 10.39999998904287892 ) ) ;
#6663 = EDGE_CURVE ( 'NONE', #1484, #4620, #6741, .T. ) ;
#6664 = CARTESIAN_POINT ( 'NONE',  ( 0.6743883618602999341, 4.257919592556767441, 5.899999989042878035 ) ) ;
#6665 = CARTESIAN_POINT ( 'NONE',  ( 0.9333306517190402829, 3.476908669211595804, 7.999999998754899089 ) ) ;
#6666 = CARTESIAN_POINT ( 'NONE',  ( -2.676585940248913165, -2.676585755977737513, 5.666025392827316765 ) ) ;
#6667 = CARTESIAN_POINT ( 'NONE',  ( -3.372694867087378423, 1.718474014398681859, 2.433974585258435130 ) ) ;
#6668 = CARTESIAN_POINT ( 'NONE',  ( 1.861361174683003883, 3.653126685099039594, -1.100000010957124408 ) ) ;
#6669 = CARTESIAN_POINT ( 'NONE',  ( -4.049522174361919191, 0.6413814460608511236, -3.600000010957123298 ) ) ;
#6670 = CARTESIAN_POINT ( 'NONE',  ( -3.841124709738404253, 1.957150960842944709, 5.399999989042875370 ) ) ;
#6671 = CARTESIAN_POINT ( 'NONE',  ( -2.899137703068391581, 2.899137902661292898, -2.700000010957123386 ) ) ;
#6672 = ORIENTED_EDGE ( 'NONE', *, *, #4126, .T. ) ;
#6673 = CARTESIAN_POINT ( 'NONE',  ( 1.957150696398380463, -3.841124844479640643, 6.199999989042875193 ) ) ;
#6674 = CARTESIAN_POINT ( 'NONE',  ( 0.5631639517484252622, -3.555678045528178011, 7.966025392827317475 ) ) ;
#6675 = CARTESIAN_POINT ( 'NONE',  ( 1.861361174683003883, 3.653126685099039594, 6.899999989042876258 ) ) ;
#6676 = CARTESIAN_POINT ( 'NONE',  ( -1.957150696398379353, 3.841124844479640199, 4.099999989042879101 ) ) ;
#6677 = FACE_OUTER_BOUND ( 'NONE', #3654, .T. ) ;
#6678 = CARTESIAN_POINT ( 'NONE',  ( 0.4999999999999886202, -3.565108693995177269, 5.960550053940177229 ) ) ;
#6679 = CARTESIAN_POINT ( 'NONE',  ( -3.207623543337572602, -1.634365688646974846, 3.566025392827317120 ) ) ;
#6680 = CARTESIAN_POINT ( 'NONE',  ( -3.841124709738404253, 1.957150960842944709, 9.399999989042877147 ) ) ;
#6681 = CIRCLE ( 'NONE', #1794, 3.600000000000000089 ) ;
#6682 = CARTESIAN_POINT ( 'NONE',  ( -0.5631639517484252622, 3.555678045528177567, 8.133974585258435752 ) ) ;
#6683 = CARTESIAN_POINT ( 'NONE',  ( 2.676585940248914053, 2.676585755977737069, 2.666025392827314988 ) ) ;
#6684 = CARTESIAN_POINT ( 'NONE',  ( 3.048333987505708276, 3.048333777641312192, 5.699999989042876081 ) ) ;
#6685 = CARTESIAN_POINT ( 'NONE',  ( 3.600000000000000089, 4.408728476930471151E-16, 10.00000000000000000 ) ) ;
#6686 = CARTESIAN_POINT ( 'NONE',  ( 3.372694867087377979, -1.718474014398682526, 5.433974585258435575 ) ) ;
#6687 = ORIENTED_EDGE ( 'NONE', *, *, #4161, .T. ) ;
#6688 = CARTESIAN_POINT ( 'NONE',  ( -3.207623543337572602, -1.634365688646974846, 3.566025392827317120 ) ) ;
#6689 = CARTESIAN_POINT ( 'NONE',  ( 2.676585940248914053, 2.676585755977737069, 4.666025392827315876 ) ) ;
#6690 = AXIS2_PLACEMENT_3D ( 'NONE', #5168, #5661, #815 ) ;
#6691 = CARTESIAN_POINT ( 'NONE',  ( -3.841124709738404253, 1.957150960842943821, 2.299999989042877058 ) ) ;
#6692 = CARTESIAN_POINT ( 'NONE',  ( -2.545584324645416618, 2.545584499897719954, -4.833974607172683235 ) ) ;
#6693 = PLANE ( 'NONE',  #2751 ) ;
#6694 = CARTESIAN_POINT ( 'NONE',  ( -3.555678006756805676, 0.5631641965412353956, 1.366025392827317386 ) ) ;
#6695 = CARTESIAN_POINT ( 'NONE',  ( -1.634365909477758949, -3.207623430818668631, -0.2339746071726833132 ) ) ;
#6696 = CARTESIAN_POINT ( 'NONE',  ( 2.545584324645417063, -2.545584499897719066, 1.333974585258435486 ) ) ;
#6697 = VERTEX_POINT ( 'NONE', #3932 ) ;
#6698 = CARTESIAN_POINT ( 'NONE',  ( 0.5000000701683781079, -3.565108684149226992, 1.128430125576952214 ) ) ;
#6699 = CARTESIAN_POINT ( 'NONE',  ( -8.417170806306968345, -3.186100377805715755, 2.383419246269047775 ) ) ;
#6700 =( BOUNDED_SURFACE ( )  B_SPLINE_SURFACE ( 1, 2, ( 
 ( #1127, #53, #5503, #2130, #4808, #6977, #4307, #2096, #6466, #1592, #524, #2702, #4869, #7044, #4440, #622, #1727, #2806, #6602, #3912, #4973, #3381, #1194, #6067, #90, #2266, #5313, #437, #2609, #5805, #6952, #2542, #4248, #4713, #929, #5735, #6879, #3117, #4215, #5281, #2002, #1429, #3044, #3617, #854, #363, #2507, #4750, #3583, #891, #4180, #400, #2576, #3080, #5246, #6303, #999, #6337, #5208, #331, #4783, #2070, #5873, #1936, #1464, #4147, #6915, #4678, #6845, #3652, #6372, #2035, #1394, #6406, #1968, #3187, #1500, #5770, #1533, #5838, #3688, #966, #3152, #3723, #295, #2475, #4644, #6808, #4113, #6270, #781, #4565, #1279, #2857, #1896, #3468, #5019, #3927, #816, #3429, #5169, #6734, #142, #6154, #3394, #4640, #221, #2931, #5624, #5093, #2471, #2970, #2393, #292, #1855, #745, #1815, #3506, #4035, #4602, #6653, #6192, #3544, #5698, #1314, #4488, #5662, #6772, #6805, #5131, #258, #5551, #6081, #2435, #4073, #1208, #1777, #672, #6233, #1354, #3004, #2316, #3961, #6118, #6692 ),
 ( #1245, #5587, #709, #2893, #5055, #179, #2354, #4527, #3996, #2571, #2606, #1425, #3040, #5835, #4710, #3613, #963, #4746, #6334, #851, #6949, #1461, #5205, #1932, #5870, #5767, #3184, #6912, #327, #4177, #1391, #2642, #5278, #925, #3649, #3114, #465, #3148, #397, #5343, #2032, #5802, #6876, #1497, #4213, #4780, #1998, #4110, #6267, #6369, #5732, #3685, #888, #4245, #5310, #434, #2066, #2504, #3076, #3719, #6403, #1530, #4675, #4144, #996, #4811, #3578, #6842, #1965, #6299, #5243, #360, #2539, #2704, #2773, #2740, #5935, #3880, #4840, #4940, #57, #2235, #5436, #6569, #2166, #6037, #4343, #557, #5376, #6501, #4904, #3847, #24, #1629, #1062, #2674, #3247, #495, #7046, #2132, #4376, #3217, #526, #3814, #2202, #6536, #4871, #5969, #5407, #625, #1095, #7012, #4309, #4409, #1697, #5505, #1563, #3279, #3780, #1663, #6468, #1594, #6003, #1129, #3312, #1030, #1163, #5903, #5473, #590, #3347, #2809, #6980, #2099, #4276, #6436, #3751, #6106, #1884, #1805, #2383, #2425, #167, #1196, #3383 ) ),
 .UNSPECIFIED., .F., .F., .T. ) 
 B_SPLINE_SURFACE_WITH_KNOTS ( ( 2, 2 ),
 ( 3, 2, 2, 2, 2, 2, 2, 2, 2, 2, 2, 2, 2, 2, 2, 2, 2, 2, 2, 2, 2, 2, 2, 2, 2, 2, 2, 2, 2, 2, 2, 2, 2, 2, 2, 2, 2, 2, 2, 2, 2, 2, 2, 2, 2, 2, 2, 2, 2, 2, 2, 2, 2, 2, 2, 2, 2, 2, 2, 2, 2, 2, 2, 2, 2, 2, 2, 2, 2, 2, 2, 2, 3 ),
 ( 0.000000000000000000, 1.000000000000000000 ),
 ( 0.1093553605738695755, 0.1125000000000000028, 0.1250000000000000000, 0.1375000000000000111, 0.1499999999999999944, 0.1625000000000000056, 0.1749999999999999889, 0.1875000000000000000, 0.2000000000000000111, 0.2124999999999999944, 0.2250000000000000056, 0.2374999999999999889, 0.2500000000000000000, 0.2625000000000000111, 0.2750000000000000222, 0.2874999999999999778, 0.2999999999999999889, 0.3125000000000000000, 0.3250000000000000111, 0.3375000000000000222, 0.3499999999999999778, 0.3624999999999999889, 0.3750000000000000000, 0.3875000000000000111, 0.4000000000000000222, 0.4124999999999999778, 0.4249999999999999889, 0.4375000000000000000, 0.4500000000000000111, 0.4625000000000000222, 0.4749999999999999778, 0.4874999999999999889, 0.5000000000000000000, 0.5124999999999999556, 0.5250000000000000222, 0.5374999999999999778, 0.5500000000000000444, 0.5625000000000000000, 0.5749999999999999556, 0.5875000000000000222, 0.5999999999999999778, 0.6125000000000000444, 0.6250000000000000000, 0.6374999999999999556, 0.6500000000000000222, 0.6624999999999999778, 0.6750000000000000444, 0.6875000000000000000, 0.6999999999999999556, 0.7125000000000000222, 0.7249999999999999778, 0.7375000000000000444, 0.7500000000000000000, 0.7624999999999999556, 0.7750000000000000222, 0.7874999999999999778, 0.8000000000000000444, 0.8125000000000000000, 0.8249999999999999556, 0.8375000000000000222, 0.8499999999999999778, 0.8625000000000000444, 0.8750000000000000000, 0.8874999999999999556, 0.9000000000000000222, 0.9124999999999999778, 0.9250000000000000444, 0.9375000000000000000, 0.9499999999999999556, 0.9625000000000000222, 0.9749999999999999778, 0.9875000000000000444, 1.000000000000000000 ),
 .UNSPECIFIED. ) 
 GEOMETRIC_REPRESENTATION_ITEM ( )  RATIONAL_B_SPLINE_SURFACE ( (
 ( 0.9815695374925029748, 0.9876872313191653596, 1.000000000000000000, 0.9510565162951535312, 1.000000000000000000, 0.9510565162951535312, 1.000000000000000000, 0.9510565162951535312, 1.000000000000000000, 0.9510565162951535312, 1.000000000000000000, 0.9510565162951535312, 1.000000000000000000, 0.9510565162951535312, 1.000000000000000000, 0.9510565162951535312, 1.000000000000000000, 0.9510565162951535312, 1.000000000000000000, 0.9510565162951535312, 1.000000000000000000, 0.9510565162951535312, 1.000000000000000000, 0.9510565162951535312, 1.000000000000000000, 0.9510565162951535312, 1.000000000000000000, 0.9510565162951535312, 1.000000000000000000, 0.9510565162951535312, 1.000000000000000000, 0.9510565162951535312, 1.000000000000000000, 0.9510565162951535312, 1.000000000000000000, 0.9510565162951535312, 1.000000000000000000, 0.9510565162951535312, 1.000000000000000000, 0.9510565162951535312, 1.000000000000000000, 0.9510565162951535312, 1.000000000000000000, 0.9510565162951535312, 1.000000000000000000, 0.9510565162951535312, 1.000000000000000000, 0.9510565162951535312, 1.000000000000000000, 0.9510565162951535312, 1.000000000000000000, 0.9510565162951535312, 1.000000000000000000, 0.9510565162951535312, 1.000000000000000000, 0.9510565162951535312, 1.000000000000000000, 0.9510565162951535312, 1.000000000000000000, 0.9510565162951535312, 1.000000000000000000, 0.9510565162951535312, 1.000000000000000000, 0.9510565162951535312, 1.000000000000000000, 0.9510565162951535312, 1.000000000000000000, 0.9510565162951535312, 1.000000000000000000, 0.9510565162951535312, 1.000000000000000000, 0.9510565162951535312, 1.000000000000000000, 0.9510565162951535312, 1.000000000000000000, 0.9510565162951535312, 1.000000000000000000, 0.9510565162951535312, 1.000000000000000000, 0.9510565162951535312, 1.000000000000000000, 0.9510565162951535312, 1.000000000000000000, 0.9510565162951535312, 1.000000000000000000, 0.9510565162951535312, 1.000000000000000000, 0.9510565162951535312, 1.000000000000000000, 0.9510565162951535312, 1.000000000000000000, 0.9510565162951535312, 1.000000000000000000, 0.9510565162951535312, 1.000000000000000000, 0.9510565162951535312, 1.000000000000000000, 0.9510565162951535312, 1.000000000000000000, 0.9510565162951535312, 1.000000000000000000, 0.9510565162951535312, 1.000000000000000000, 0.9510565162951535312, 1.000000000000000000, 0.9510565162951535312, 1.000000000000000000, 0.9510565162951535312, 1.000000000000000000, 0.9510565162951535312, 1.000000000000000000, 0.9510565162951535312, 1.000000000000000000, 0.9510565162951535312, 1.000000000000000000, 0.9510565162951535312, 1.000000000000000000, 0.9510565162951535312, 1.000000000000000000, 0.9510565162951535312, 1.000000000000000000, 0.9510565162951535312, 1.000000000000000000, 0.9510565162951535312, 1.000000000000000000, 0.9510565162951535312, 1.000000000000000000, 0.9510565162951535312, 1.000000000000000000, 0.9510565162951535312, 1.000000000000000000, 0.9510565162951535312, 1.000000000000000000, 0.9510565162951535312, 1.000000000000000000, 0.9510565162951535312, 1.000000000000000000, 0.9510565162951535312, 1.000000000000000000, 0.9510565162951535312, 1.000000000000000000, 0.9510565162951535312, 1.000000000000000000, 0.9510565162951535312, 1.000000000000000000),
 ( 0.9815695374925029748, 0.9876872313191653596, 1.000000000000000000, 0.9510565162951535312, 1.000000000000000000, 0.9510565162951535312, 1.000000000000000000, 0.9510565162951535312, 1.000000000000000000, 0.9510565162951535312, 1.000000000000000000, 0.9510565162951535312, 1.000000000000000000, 0.9510565162951535312, 1.000000000000000000, 0.9510565162951535312, 1.000000000000000000, 0.9510565162951535312, 1.000000000000000000, 0.9510565162951535312, 1.000000000000000000, 0.9510565162951535312, 1.000000000000000000, 0.9510565162951535312, 1.000000000000000000, 0.9510565162951535312, 1.000000000000000000, 0.9510565162951535312, 1.000000000000000000, 0.9510565162951535312, 1.000000000000000000, 0.9510565162951535312, 1.000000000000000000, 0.9510565162951535312, 1.000000000000000000, 0.9510565162951535312, 1.000000000000000000, 0.9510565162951535312, 1.000000000000000000, 0.9510565162951535312, 1.000000000000000000, 0.9510565162951535312, 1.000000000000000000, 0.9510565162951535312, 1.000000000000000000, 0.9510565162951535312, 1.000000000000000000, 0.9510565162951535312, 1.000000000000000000, 0.9510565162951535312, 1.000000000000000000, 0.9510565162951535312, 1.000000000000000000, 0.9510565162951535312, 1.000000000000000000, 0.9510565162951535312, 1.000000000000000000, 0.9510565162951535312, 1.000000000000000000, 0.9510565162951535312, 1.000000000000000000, 0.9510565162951535312, 1.000000000000000000, 0.9510565162951535312, 1.000000000000000000, 0.9510565162951535312, 1.000000000000000000, 0.9510565162951535312, 1.000000000000000000, 0.9510565162951535312, 1.000000000000000000, 0.9510565162951535312, 1.000000000000000000, 0.9510565162951535312, 1.000000000000000000, 0.9510565162951535312, 1.000000000000000000, 0.9510565162951535312, 1.000000000000000000, 0.9510565162951535312, 1.000000000000000000, 0.9510565162951535312, 1.000000000000000000, 0.9510565162951535312, 1.000000000000000000, 0.9510565162951535312, 1.000000000000000000, 0.9510565162951535312, 1.000000000000000000, 0.9510565162951535312, 1.000000000000000000, 0.9510565162951535312, 1.000000000000000000, 0.9510565162951535312, 1.000000000000000000, 0.9510565162951535312, 1.000000000000000000, 0.9510565162951535312, 1.000000000000000000, 0.9510565162951535312, 1.000000000000000000, 0.9510565162951535312, 1.000000000000000000, 0.9510565162951535312, 1.000000000000000000, 0.9510565162951535312, 1.000000000000000000, 0.9510565162951535312, 1.000000000000000000, 0.9510565162951535312, 1.000000000000000000, 0.9510565162951535312, 1.000000000000000000, 0.9510565162951535312, 1.000000000000000000, 0.9510565162951535312, 1.000000000000000000, 0.9510565162951535312, 1.000000000000000000, 0.9510565162951535312, 1.000000000000000000, 0.9510565162951535312, 1.000000000000000000, 0.9510565162951535312, 1.000000000000000000, 0.9510565162951535312, 1.000000000000000000, 0.9510565162951535312, 1.000000000000000000, 0.9510565162951535312, 1.000000000000000000, 0.9510565162951535312, 1.000000000000000000, 0.9510565162951535312, 1.000000000000000000, 0.9510565162951535312, 1.000000000000000000, 0.9510565162951535312, 1.000000000000000000, 0.9510565162951535312, 1.000000000000000000, 0.9510565162951535312, 1.000000000000000000, 0.9510565162951535312, 1.000000000000000000) ) ) 
 REPRESENTATION_ITEM ( '' )  SURFACE ( )  );
#6701 = CARTESIAN_POINT ( 'NONE',  ( 3.841124709738403809, -1.957150960842944709, 5.299999989042876614 ) ) ;
#6702 = CARTESIAN_POINT ( 'NONE',  ( -1.861361174683003439, -3.653126685099040039, 6.799999989042878390 ) ) ;
#6703 = EDGE_CURVE ( 'NONE', #1226, #3992, #5139, .T. ) ;
#6704 = CARTESIAN_POINT ( 'NONE',  ( 4.257919638985431909, 0.6743880687212407965, 9.499999989042878568 ) ) ;
#6705 = CARTESIAN_POINT ( 'NONE',  ( 2.545584324645417063, -2.545584499897719510, 2.166025392827315876 ) ) ;
#6706 = CARTESIAN_POINT ( 'NONE',  ( 0.5921458787066047336, 3.738661105659600192, 2.866025392827316942 ) ) ;
#6707 = CARTESIAN_POINT ( 'NONE',  ( 1.634365909477758727, 3.207623430818667742, -2.066025414741564870 ) ) ;
#6708 = B_SPLINE_CURVE_WITH_KNOTS ( 'NONE', 3,
 ( #1878, #5685, #3948, #3100, #3171, #5756, #6421 ),
 .UNSPECIFIED., .F., .F.,
 ( 4, 3, 4 ),
 ( 0.000000000000000000, 0.0001356333429383606997, 0.0001602476621168896624 ),
 .UNSPECIFIED. ) ;
#6709 = CARTESIAN_POINT ( 'NONE',  ( -1.957150696398379353, 3.841124844479640643, -0.8000000109571244744 ) ) ;
#6710 = CARTESIAN_POINT ( 'NONE',  ( 0.6413811672690402643, -4.049522218518203154, -3.000000010957121432 ) ) ;
#6711 = CARTESIAN_POINT ( 'NONE',  ( -1.957150696398379353, 3.841124844479640643, -2.800000010957124363 ) ) ;
#6712 = EDGE_CURVE ( 'NONE', #4785, #6862, #3399, .T. ) ;
#6713 = CARTESIAN_POINT ( 'NONE',  ( -0.4999999999999992784, -3.565108693995177713, 10.00000000000000000 ) ) ;
#6714 = CARTESIAN_POINT ( 'NONE',  ( 0.4999999999999996669, -3.982219388076668309, 7.013225234163878774 ) ) ;
#6715 = CARTESIAN_POINT ( 'NONE',  ( -4.049522174361919191, 0.6413814460608515677, 7.499999989042877679 ) ) ;
#6716 = CARTESIAN_POINT ( 'NONE',  ( -1.861361174683003439, -3.653126685099040039, 3.899999989042876702 ) ) ;
#6717 = CARTESIAN_POINT ( 'NONE',  ( -3.048333987505707388, -3.048333777641312636, 6.699999989042876081 ) ) ;
#6718 = CARTESIAN_POINT ( 'NONE',  ( -1.791243626110207154, -3.696017514499676970, 8.000000000000001776 ) ) ;
#6719 = CARTESIAN_POINT ( 'NONE',  ( 2.545584324645417063, -2.545584499897719066, -0.6660254147415646253 ) ) ;
#6720 = ORIENTED_EDGE ( 'NONE', *, *, #2626, .T. ) ;
#6721 = CARTESIAN_POINT ( 'NONE',  ( -0.5921458787066042895, -3.738661105659599748, 3.866025392827316942 ) ) ;
#6722 = EDGE_CURVE ( 'NONE', #3992, #2836, #3042, .T. ) ;
#6723 = CARTESIAN_POINT ( 'NONE',  ( 3.048333987505708276, 3.048333777641312192, 6.799999989042875725 ) ) ;
#6724 = CARTESIAN_POINT ( 'NONE',  ( -3.841124709738404253, 1.957150960842943821, -1.700000010957122498 ) ) ;
#6725 = CARTESIAN_POINT ( 'NONE',  ( 0.000000000000000000, 0.000000000000000000, 10.00000000000000000 ) ) ;
#6726 = CARTESIAN_POINT ( 'NONE',  ( 3.841124709738403809, -1.957150960842944709, 7.299999989042879278 ) ) ;
#6727 = CARTESIAN_POINT ( 'NONE',  ( -4.049522174361919191, 0.6413814460608515677, -2.500000010957124541 ) ) ;
#6728 = CARTESIAN_POINT ( 'NONE',  ( -2.676585940248912721, -2.676585755977737513, 4.833974585258434153 ) ) ;
#6729 = EDGE_LOOP ( 'NONE', ( #6306, #3870, #1955, #2875 ) ) ;
#6730 = CIRCLE ( 'NONE', #2531, 9.000000000000001776 ) ;
#6731 = CARTESIAN_POINT ( 'NONE',  ( -2.676585940248913165, -2.676585755977737513, 3.666025392827316765 ) ) ;
#6732 = CARTESIAN_POINT ( 'NONE',  ( 0.5000000000000004441, -3.720424548291745293, 8.000000000000000000 ) ) ;
#6733 = CARTESIAN_POINT ( 'NONE',  ( 4.049522174361919191, -0.6413814460608517898, 2.499999989042876347 ) ) ;
#6734 = CARTESIAN_POINT ( 'NONE',  ( -3.738661146426232484, -0.5921456213162119564, -0.5339746071726833021 ) ) ;
#6735 = CARTESIAN_POINT ( 'NONE',  ( -3.600000000000008527, -0.8642834671560516435, 2.660085946416239189 ) ) ;
#6736 = CARTESIAN_POINT ( 'NONE',  ( 3.372694867087377979, -1.718474014398682970, -1.733974607172682703 ) ) ;
#6737 = CARTESIAN_POINT ( 'NONE',  ( -1.718473782203454592, 3.372694985396756273, 3.066025392827317564 ) ) ;
#6738 = ORIENTED_EDGE ( 'NONE', *, *, #6722, .T. ) ;
#6739 = CARTESIAN_POINT ( 'NONE',  ( -2.676585940248912721, -2.676585755977737513, 4.833974585258434153 ) ) ;
#6740 = EDGE_LOOP ( 'NONE', ( #4627, #6228, #3603, #3102 ) ) ;
#6741 = LINE ( 'NONE', #1745, #309 ) ;
#6742 = FACE_OUTER_BOUND ( 'NONE', #2647, .T. ) ;
#6743 = CARTESIAN_POINT ( 'NONE',  ( 1.957150696398380463, -3.841124844479640643, 1.099999989042877990 ) ) ;
#6744 = CARTESIAN_POINT ( 'NONE',  ( 2.899137703068392025, -2.899137902661292454, 5.199999989042877857 ) ) ;
#6745 = CARTESIAN_POINT ( 'NONE',  ( 2.899137703068392025, -2.899137902661292454, 5.199999989042877857 ) ) ;
#6746 = CARTESIAN_POINT ( 'NONE',  ( 3.599999999999998312, 4.410412838890397126E-08, 1.583351343887087870 ) ) ;
#6747 = CARTESIAN_POINT ( 'NONE',  ( 0.5631639517484252622, -3.555678045528178011, 5.966025392827316587 ) ) ;
#6748 =( BOUNDED_CURVE ( )  B_SPLINE_CURVE ( 2, ( #3307, #5430, #6031, #3377, #3808, #4866, #86, #7040, #2262, #4336, #6496, #18, #2196, #1190, #49, #2767, #4370, #5465, #4934, #1157, #6529, #3341, #6598 ),
 .UNSPECIFIED., .F., .F. ) 
 B_SPLINE_CURVE_WITH_KNOTS ( ( 3, 2, 2, 2, 2, 2, 2, 2, 2, 2, 2, 3 ),
 ( 0.2483678266866916895, 0.2561567535769720405, 0.2701915318113687348, 0.2842263100457655400, 0.2982610882801622898, 0.3122958665145590951, 0.3263306447489558448, 0.3403654229833525946, 0.3544002012177493444, 0.3684349794521460941, 0.3824697576865428994, 0.3832584730727348066 ),
 .UNSPECIFIED. ) 
 CURVE ( )  GEOMETRIC_REPRESENTATION_ITEM ( )  RATIONAL_B_SPLINE_CURVE ( ( 0.9758240785687566365, 0.9728376743853079933, 1.000000000000000000, 0.9510565162951535312, 1.000000000000000000, 0.9510565162951535312, 1.000000000000000000, 0.9510565162951535312, 1.000000000000000000, 0.9510565162951535312, 1.000000000000000000, 0.9510565162951535312, 1.000000000000000000, 0.9510565162951535312, 1.000000000000000000, 0.9510565162951535312, 1.000000000000000000, 0.9510565162951535312, 1.000000000000000000, 0.9510565162951535312, 1.000000000000000000, 0.9972495127456136865, 0.9948081649134297155 ) ) 
 REPRESENTATION_ITEM ( '' )  );
#6749 = CARTESIAN_POINT ( 'NONE',  ( -3.841124709738404253, 1.957150960842943821, 8.299999989042875725 ) ) ;
#6750 = CARTESIAN_POINT ( 'NONE',  ( -0.6413811672690397092, 4.049522218518203154, -2.900000010957124008 ) ) ;
#6751 = CARTESIAN_POINT ( 'NONE',  ( -1.861361174683002995, -3.653126685099040039, -3.200000010957122054 ) ) ;
#6752 = CARTESIAN_POINT ( 'NONE',  ( 3.048333987505708276, 3.048333777641312192, -1.200000010957123830 ) ) ;
#6753 = CARTESIAN_POINT ( 'NONE',  ( -1.097120584122483589, -3.481363620003794956, 6.985522752583310790 ) ) ;
#6754 = DIRECTION ( 'NONE',  ( 0.000000000000000000, 0.000000000000000000, 1.000000000000000000 ) ) ;
#6755 = CARTESIAN_POINT ( 'NONE',  ( -3.653126813245570315, -1.861360923181276883, 5.699999989042876969 ) ) ;
#6756 = CARTESIAN_POINT ( 'NONE',  ( 3.653126813245570315, 1.861360923181276661, 8.699999989042877857 ) ) ;
#6757 = CARTESIAN_POINT ( 'NONE',  ( 3.372694867087377979, -1.718474014398682526, 9.433974585258436463 ) ) ;
#6758 = DIRECTION ( 'NONE',  ( -1.000000000000000000, -0.000000000000000000, -0.000000000000000000 ) ) ;
#6759 = CARTESIAN_POINT ( 'NONE',  ( -3.599999999999997424, 0.2833262069134592775, 1.390247292901423792 ) ) ;
#6760 = VERTEX_POINT ( 'NONE', #6050 ) ;
#6761 = CARTESIAN_POINT ( 'NONE',  ( -3.555678006756805676, 0.5631641965412353956, -0.6339746071726826138 ) ) ;
#6762 = CARTESIAN_POINT ( 'NONE',  ( -2.899137703068391581, 2.899137902661292898, 7.299999989042876614 ) ) ;
#6763 = CARTESIAN_POINT ( 'NONE',  ( -3.372694867087378423, 1.718474014398681859, 8.433974585258436463 ) ) ;
#6764 = CARTESIAN_POINT ( 'NONE',  ( -0.4999999999999992784, -3.565108693995177713, 1.039698219489805231 ) ) ;
#6765 = CARTESIAN_POINT ( 'NONE',  ( -2.899137703068391581, 2.899137902661292898, 10.19999998904287786 ) ) ;
#6766 = LINE ( 'NONE', #6685, #1079 ) ;
#6767 = CARTESIAN_POINT ( 'NONE',  ( 3.555678006756805676, -0.5631641965412353956, 9.533974585258436107 ) ) ;
#6768 = ORIENTED_EDGE ( 'NONE', *, *, #3349, .T. ) ;
#6769 = CARTESIAN_POINT ( 'NONE',  ( -3.555678006756805676, 0.5631641965412353956, 3.366025392827316498 ) ) ;
#6770 = CARTESIAN_POINT ( 'NONE',  ( -3.555678006756805676, 0.5631641965412353956, 5.366025392827316942 ) ) ;
#6771 = CARTESIAN_POINT ( 'NONE',  ( -1.217371670157454178, -3.981255754785190337, 2.854254770413488629 ) ) ;
#6772 = CARTESIAN_POINT ( 'NONE',  ( 0.5921458787066047336, 3.738661105659600192, -3.133974607172682614 ) ) ;
#6773 = CARTESIAN_POINT ( 'NONE',  ( -0.4999999999999966693, -3.784222789756007899, 4.984126222984922805 ) ) ;
#6774 = CARTESIAN_POINT ( 'NONE',  ( -3.372694867087378423, 1.718474014398682526, -0.7339746071726837018 ) ) ;
#6775 = CARTESIAN_POINT ( 'NONE',  ( -1.718473782203454592, 3.372694985396756273, -0.9339746071726841015 ) ) ;
#6776 = EDGE_LOOP ( 'NONE', ( #137, #5751, #4831, #3084 ) ) ;
#6777 = CARTESIAN_POINT ( 'NONE',  ( -3.555678006756805676, 0.5631641965412349515, 2.533974585258436996 ) ) ;
#6778 = EDGE_LOOP ( 'NONE', ( #4001, #822, #5284, #186 ) ) ;
#6779 = CARTESIAN_POINT ( 'NONE',  ( -0.4999999999999923395, -3.988957180146347259, 0.9318864010577583290 ) ) ;
#6780 = DIRECTION ( 'NONE',  ( -0.000000000000000000, -0.000000000000000000, -1.000000000000000000 ) ) ;
#6781 = AXIS2_PLACEMENT_3D ( 'NONE', #3320, #4418, #6578 ) ;
#6782 = CARTESIAN_POINT ( 'NONE',  ( -1.861361174683003439, -3.653126685099040039, 2.799999989042877946 ) ) ;
#6783 = CARTESIAN_POINT ( 'NONE',  ( -1.957150696398379353, 3.841124844479640643, 8.099999989042878212 ) ) ;
#6784 = CARTESIAN_POINT ( 'NONE',  ( -3.738661146426232484, -0.5921456213162119564, 3.466025392827317031 ) ) ;
#6785 = CARTESIAN_POINT ( 'NONE',  ( -1.861361174683002995, -3.653126685099040039, 8.799999989042877502 ) ) ;
#6786 = CARTESIAN_POINT ( 'NONE',  ( -3.653126813245570315, -1.861360923181276883, -4.300000010957123919 ) ) ;
#6787 = CARTESIAN_POINT ( 'NONE',  ( 3.841124709738403809, -1.957150960842944709, -2.700000010957121610 ) ) ;
#6788 = VECTOR ( 'NONE', #3397, 1000.000000000000000 ) ;
#6789 = CARTESIAN_POINT ( 'NONE',  ( 3.841124709738403809, -1.957150960842944709, -3.600000010957123298 ) ) ;
#6790 = ORIENTED_EDGE ( 'NONE', *, *, #1617, .F. ) ;
#6791 = CARTESIAN_POINT ( 'NONE',  ( 3.653126813245570315, 1.861360923181276661, 0.6999999890428768579 ) ) ;
#6792 = CARTESIAN_POINT ( 'NONE',  ( -1.957150696398379353, 3.841124844479640643, 9.199999989042876081 ) ) ;
#6793 = CARTESIAN_POINT ( 'NONE',  ( 0.6413811672690402643, -4.049522218518203154, 0.9999999890428785676 ) ) ;
#6794 = CARTESIAN_POINT ( 'NONE',  ( -1.569915518708574487, -3.795141906508316954, 8.000000000000005329 ) ) ;
#6795 = ORIENTED_EDGE ( 'NONE', *, *, #1544, .T. ) ;
#6796 = CARTESIAN_POINT ( 'NONE',  ( -0.6743883618602996011, -4.257919592556767441, 7.999999989042875903 ) ) ;
#6797 = CARTESIAN_POINT ( 'NONE',  ( 1.957150696398380463, -3.841124844479640643, 4.199999989042876969 ) ) ;
#6798 = CARTESIAN_POINT ( 'NONE',  ( -0.5631639517484252622, 3.555678045528177567, 10.13397458525843575 ) ) ;
#6799 = CARTESIAN_POINT ( 'NONE',  ( 3.841124709738403809, -1.957150960842944709, -3.600000010957123298 ) ) ;
#6800 = CARTESIAN_POINT ( 'NONE',  ( -3.841124709738404253, 1.957150960842944709, 4.299999989042877502 ) ) ;
#6801 = CARTESIAN_POINT ( 'NONE',  ( -3.555678006756805676, 0.5631641965412349515, 8.533974585258436107 ) ) ;
#6802 = CARTESIAN_POINT ( 'NONE',  ( 2.899137703068392025, -2.899137902661292454, 6.299999989042876614 ) ) ;
#6803 = CARTESIAN_POINT ( 'NONE',  ( -0.5469573220218729714, -4.036367558113355791, 7.291505073052957257E-17 ) ) ;
#6804 = CARTESIAN_POINT ( 'NONE',  ( 0.5000000000000024425, -4.069397989875159105, 4.089223782170677168 ) ) ;
#6805 = CARTESIAN_POINT ( 'NONE',  ( 1.634365909477759171, 3.207623430818668187, -3.233974607172684035 ) ) ;
#6806 = CARTESIAN_POINT ( 'NONE',  ( -0.4999999999999993339, -8.986100377805716022, 8.000000000000000000 ) ) ;
#6807 = CARTESIAN_POINT ( 'NONE',  ( -1.634365909477758949, -3.207623430818668631, -2.233974607172683147 ) ) ;
#6808 = CARTESIAN_POINT ( 'NONE',  ( 0.5921458787066047336, 3.738661105659600192, 0.8660253928273169421 ) ) ;
#6809 = CARTESIAN_POINT ( 'NONE',  ( -2.676585940248913165, -2.676585755977737513, -2.333974607172683235 ) ) ;
#6810 = VERTEX_POINT ( 'NONE', #3361 ) ;
#6811 =( LENGTH_UNIT ( ) NAMED_UNIT ( * ) SI_UNIT ( .MILLI., .METRE. ) );
#6812 = EDGE_LOOP ( 'NONE', ( #751, #5669, #403, #5650, #3372, #4817 ) ) ;
#6813 = CARTESIAN_POINT ( 'NONE',  ( 3.048333987505707832, 3.048333777641312192, 5.699999989042876969 ) ) ;
#6814 = EDGE_CURVE ( 'NONE', #2511, #1971, #6105, .T. ) ;
#6815 = CARTESIAN_POINT ( 'NONE',  ( -1.957150696398379353, 3.841124844479640643, 6.099999989042877324 ) ) ;
#6816 = CARTESIAN_POINT ( 'NONE',  ( -3.372694867087378423, 1.718474014398682526, 1.266025392827316409 ) ) ;
#6817 = CARTESIAN_POINT ( 'NONE',  ( -1.861361174683003439, -3.653126685099040039, 6.799999989042878390 ) ) ;
#6818 = CARTESIAN_POINT ( 'NONE',  ( 1.718473782203455036, -3.372694985396756273, -3.933974607172682436 ) ) ;
#6819 = VECTOR ( 'NONE', #5800, 1000.000000000000000 ) ;
#6820 = CARTESIAN_POINT ( 'NONE',  ( -1.634365909477758949, -3.207623430818668631, 5.766025392827316409 ) ) ;
#6821 = CARTESIAN_POINT ( 'NONE',  ( -4.049522174361919191, 0.6413814460608511236, 6.399999989042878035 ) ) ;
#6822 = CARTESIAN_POINT ( 'NONE',  ( 0.6743883618602999341, 4.257919592556767441, 3.899999989042877591 ) ) ;
#6823 = CARTESIAN_POINT ( 'NONE',  ( -3.372694867087378423, 1.718474014398681859, 10.43397458525843646 ) ) ;
#6824 = CARTESIAN_POINT ( 'NONE',  ( -2.899137703068391581, 2.899137902661292898, -0.7000000109571233864 ) ) ;
#6825 = EDGE_LOOP ( 'NONE', ( #3619, #4031, #2580, #3154, #4135, #1536, #4149, #5773, #893, #5136 ) ) ;
#6826 = CARTESIAN_POINT ( 'NONE',  ( -4.049522174361919191, 0.6413814460608515677, 3.499999989042876347 ) ) ;
#6827 = CARTESIAN_POINT ( 'NONE',  ( 4.257919638985431909, 0.6743880687212407965, 2.599999989042875548 ) ) ;
#6828 = CARTESIAN_POINT ( 'NONE',  ( 0.6743883618602993790, 4.257919592556766553, -2.100000010957121965 ) ) ;
#6829 = CARTESIAN_POINT ( 'NONE',  ( -2.899137703068391581, 2.899137902661292898, 7.299999989042876614 ) ) ;
#6830 = CARTESIAN_POINT ( 'NONE',  ( 1.718473782203455258, -3.372694985396755829, -2.766025414741564159 ) ) ;
#6831 = EDGE_LOOP ( 'NONE', ( #2974, #3410, #894 ) ) ;
#6832 = EDGE_CURVE ( 'NONE', #1361, #5758, #4609, .T. ) ;
#6833 = CARTESIAN_POINT ( 'NONE',  ( -2.545584324645416618, 2.545584499897719954, -2.833974607172683235 ) ) ;
#6834 = CARTESIAN_POINT ( 'NONE',  ( 3.841124709738403809, -1.957150960842944709, 4.399999989042875370 ) ) ;
#6835 = CARTESIAN_POINT ( 'NONE',  ( -3.372694867087378423, 1.718474014398681859, 6.433974585258436463 ) ) ;
#6836 = LINE ( 'NONE', #3747, #5302 ) ;
#6837 = CARTESIAN_POINT ( 'NONE',  ( 2.899137703068392025, -2.899137902661292454, -0.8000000109571226981 ) ) ;
#6838 = CARTESIAN_POINT ( 'NONE',  ( 3.372694867087377979, -1.718474014398682526, 7.433974585258435575 ) ) ;
#6839 = CARTESIAN_POINT ( 'NONE',  ( -3.555678006756805676, 0.5631641965412353956, -4.633974607172684834 ) ) ;
#6840 = LINE ( 'NONE', #922, #1933 ) ;
#6841 = CARTESIAN_POINT ( 'NONE',  ( -0.5000000000000363043, -3.938646991333215830, 3.975203522068657680 ) ) ;
#6842 = CARTESIAN_POINT ( 'NONE',  ( 0.6743883618602999341, 4.257919592556767441, 2.999999989042876347 ) ) ;
#6843 = CARTESIAN_POINT ( 'NONE',  ( -3.048333987505707388, -3.048333777641312636, 6.699999989042876081 ) ) ;
#6844 = CARTESIAN_POINT ( 'NONE',  ( 3.207623543337573047, 1.634365688646974624, -3.433974607172682880 ) ) ;
#6845 = CARTESIAN_POINT ( 'NONE',  ( 1.634365909477759171, 3.207623430818668187, 2.766025392827315965 ) ) ;
#6846 = VECTOR ( 'NONE', #148, 1000.000000000000000 ) ;
#6847 = CARTESIAN_POINT ( 'NONE',  ( -1.634365909477758949, -3.207623430818668631, -4.233974607172683591 ) ) ;
#6848 = ORIENTED_EDGE ( 'NONE', *, *, #6832, .T. ) ;
#6849 = DIRECTION ( 'NONE',  ( 0.000000000000000000, 0.000000000000000000, 1.000000000000000000 ) ) ;
#6850 = ORIENTED_EDGE ( 'NONE', *, *, #3969, .T. ) ;
#6851 = CARTESIAN_POINT ( 'NONE',  ( 2.545584324645417063, -2.545584499897719066, 7.333974585258436818 ) ) ;
#6852 = CARTESIAN_POINT ( 'NONE',  ( 3.653126813245570315, 1.861360923181276661, 3.599999989042878212 ) ) ;
#6853 = CARTESIAN_POINT ( 'NONE',  ( -2.545584324645416618, 2.545584499897719954, 5.166025392827316765 ) ) ;
#6854 = CARTESIAN_POINT ( 'NONE',  ( -4.257919638985431909, -0.6743880687212413516, 2.499999989042877679 ) ) ;
#6855 = CARTESIAN_POINT ( 'NONE',  ( -3.555678006756805676, 0.5631641965412353956, -2.633974607172684390 ) ) ;
#6856 = CARTESIAN_POINT ( 'NONE',  ( 3.207623543337573047, 1.634365688646974624, 3.733974585258436285 ) ) ;
#6857 = CARTESIAN_POINT ( 'NONE',  ( -1.957150696398379353, 3.841124844479640199, 6.099999989042877324 ) ) ;
#6858 = CARTESIAN_POINT ( 'NONE',  ( -4.257919638985431909, -0.6743880687212413516, 6.499999989042879456 ) ) ;
#6859 = CARTESIAN_POINT ( 'NONE',  ( -2.676585940248912721, -2.676585755977737513, 0.8339745852584364849 ) ) ;
#6860 = EDGE_CURVE ( 'NONE', #4039, #821, #6938, .T. ) ;
#6861 = CARTESIAN_POINT ( 'NONE',  ( 0.5000000000000004441, -3.720424548291745293, 8.000000000000000000 ) ) ;
#6862 = VERTEX_POINT ( 'NONE', #1211 ) ;
#6863 = CARTESIAN_POINT ( 'NONE',  ( -1.957150696398379353, 3.841124844479640643, 1.199999989042875415 ) ) ;
#6864 = CARTESIAN_POINT ( 'NONE',  ( -4.049522174361919191, 0.6413814460608515677, 7.499999989042877679 ) ) ;
#6865 = CARTESIAN_POINT ( 'NONE',  ( -3.841124709738404253, 1.957150960842943821, -3.700000010957121610 ) ) ;
#6866 = CARTESIAN_POINT ( 'NONE',  ( -2.899137703068391581, 2.899137902661292898, 9.299999989042877502 ) ) ;
#6867 = CARTESIAN_POINT ( 'NONE',  ( 3.653126813245570315, 1.861360923181276883, 5.599999989042878212 ) ) ;
#6868 = ORIENTED_EDGE ( 'NONE', *, *, #305, .F. ) ;
#6869 = CARTESIAN_POINT ( 'NONE',  ( 3.048333987505708276, 3.048333777641312192, 6.799999989042875725 ) ) ;
#6870 = CARTESIAN_POINT ( 'NONE',  ( 3.048333987505708276, 3.048333777641312192, -1.200000010957123830 ) ) ;
#6871 = CARTESIAN_POINT ( 'NONE',  ( -0.4999999999999979461, -4.069397989875159993, 4.011267035992046814 ) ) ;
#6872 = CARTESIAN_POINT ( 'NONE',  ( 4.257919638985431909, 0.6743880687212407965, 1.499999989042876791 ) ) ;
#6873 = CARTESIAN_POINT ( 'NONE',  ( 3.372694867087377979, -1.718474014398682526, 3.433974585258436463 ) ) ;
#6874 = CARTESIAN_POINT ( 'NONE',  ( 3.048333987505708276, 3.048333777641312192, 8.799999989042873949 ) ) ;
#6875 = DIRECTION ( 'NONE',  ( -0.000000000000000000, -0.000000000000000000, -1.000000000000000000 ) ) ;
#6876 = CARTESIAN_POINT ( 'NONE',  ( -4.049522174361919191, 0.6413814460608515677, 5.499999989042876791 ) ) ;
#6877 = CARTESIAN_POINT ( 'NONE',  ( 0.6743883618602993790, 4.257919592556766553, 5.899999989042878035 ) ) ;
#6878 = CARTESIAN_POINT ( 'NONE',  ( -4.257919638985431909, -0.6743880687212413516, 7.599999989042876436 ) ) ;
#6879 = CARTESIAN_POINT ( 'NONE',  ( 0.5631639517484252622, -3.555678045528178011, 5.966025392827316587 ) ) ;
#6880 = CARTESIAN_POINT ( 'NONE',  ( -0.6413811672690397092, 4.049522218518203154, 9.099999989042876436 ) ) ;
#6881 = ORIENTED_EDGE ( 'NONE', *, *, #6138, .T. ) ;
#6882 = ORIENTED_EDGE ( 'NONE', *, *, #2405, .T. ) ;
#6883 = CARTESIAN_POINT ( 'NONE',  ( -0.6413811672690400423, 4.049522218518203154, 5.999999989042877679 ) ) ;
#6884 = CARTESIAN_POINT ( 'NONE',  ( -0.6413811672690397092, 4.049522218518203154, -2.000000010957122321 ) ) ;
#6885 = CARTESIAN_POINT ( 'NONE',  ( 3.372694867087377979, -1.718474014398682970, 2.266025392827316853 ) ) ;
#6886 = CARTESIAN_POINT ( 'NONE',  ( -1.861361174683003439, -3.653126685099040039, -1.200000010957122054 ) ) ;
#6887 = CARTESIAN_POINT ( 'NONE',  ( 4.049522174361919191, -0.6413814460608513457, 3.399999989042878035 ) ) ;
#6888 = VECTOR ( 'NONE', #5354, 1000.000000000000000 ) ;
#6889 = CARTESIAN_POINT ( 'NONE',  ( 4.049522174361919191, -0.6413814460608513457, 5.399999989042878035 ) ) ;
#6890 = CARTESIAN_POINT ( 'NONE',  ( 4.049522174361919191, -0.6413814460608517898, 7.399999989042878035 ) ) ;
#6891 = CARTESIAN_POINT ( 'NONE',  ( 1.718473782203455258, -3.372694985396755829, 5.233974585258434509 ) ) ;
#6892 = CARTESIAN_POINT ( 'NONE',  ( 3.600000000000000089, 0.8642834671560708504, 6.492136753985122688 ) ) ;
#6893 = ADVANCED_FACE ( 'NONE', ( #145 ), #5059, .F. ) ;
#6894 = CARTESIAN_POINT ( 'NONE',  ( 0.6743883618602999341, 4.257919592556767441, 0.9999999890428767912 ) ) ;
#6895 = CARTESIAN_POINT ( 'NONE',  ( 2.899137703068392025, -2.899137902661292454, 4.299999989042876614 ) ) ;
#6896 = CARTESIAN_POINT ( 'NONE',  ( 2.676585940248913165, 2.676585755977737069, 9.833974585258433265 ) ) ;
#6897 = CARTESIAN_POINT ( 'NONE',  ( -4.099999999999999645, 1.932977342603504507E-16, 9.549376743755786379 ) ) ;
#6898 = CARTESIAN_POINT ( 'NONE',  ( -1.957150696398379353, 3.841124844479640199, 8.099999989042878212 ) ) ;
#6899 = ORIENTED_EDGE ( 'NONE', *, *, #4916, .F. ) ;
#6900 = CARTESIAN_POINT ( 'NONE',  ( -3.207623543337572602, -1.634365688646974846, -2.433974607172683768 ) ) ;
#6901 = CARTESIAN_POINT ( 'NONE',  ( 4.257919638985431909, 0.6743880687212407965, 6.599999989042875548 ) ) ;
#6902 = EDGE_CURVE ( 'NONE', #6697, #16, #5022, .T. ) ;
#6903 = CARTESIAN_POINT ( 'NONE',  ( 4.257919638985431909, 0.6743880687212407965, 2.599999989042875548 ) ) ;
#6904 = CARTESIAN_POINT ( 'NONE',  ( 8.332057027868806642, -3.403615609823482213, 3.034846433283491240 ) ) ;
#6905 = CARTESIAN_POINT ( 'NONE',  ( -0.4999999999999991673, 1.203846619959475662E-17, 8.000000000000000000 ) ) ;
#6906 = CARTESIAN_POINT ( 'NONE',  ( -0.6413811672690397092, 4.049522218518203154, -1.095712236220958147E-08 ) ) ;
#6907 = CARTESIAN_POINT ( 'NONE',  ( -2.676585940248912721, -2.676585755977737513, 0.8339745852584364849 ) ) ;
#6908 = CARTESIAN_POINT ( 'NONE',  ( 3.207623543337573047, 1.634365688646974624, 5.733974585258436285 ) ) ;
#6909 = CARTESIAN_POINT ( 'NONE',  ( 0.5921458787066047336, 3.738661105659600192, -3.133974607172682614 ) ) ;
#6910 = CARTESIAN_POINT ( 'NONE',  ( 3.599999999999999201, 4.410412574535703716E-08, 5.583351343887088092 ) ) ;
#6911 = CARTESIAN_POINT ( 'NONE',  ( -0.5000000000000095479, -3.696586610426562114, 3.006399086944287813 ) ) ;
#6912 = CARTESIAN_POINT ( 'NONE',  ( 0.6743883618602999341, 4.257919592556767441, 6.999999989042875903 ) ) ;
#6913 = CARTESIAN_POINT ( 'NONE',  ( 0.6413811672690402643, -4.049522218518203154, 8.999999989042878568 ) ) ;
#6914 = CARTESIAN_POINT ( 'NONE',  ( 4.049522174361919191, -0.6413814460608517898, 6.499999989042876791 ) ) ;
#6915 = CARTESIAN_POINT ( 'NONE',  ( -0.5631639517484248181, 3.555678045528178011, 2.966025392827316587 ) ) ;
#6916 = CARTESIAN_POINT ( 'NONE',  ( -0.5921458787066042895, -3.738661105659599748, -4.133974607172684834 ) ) ;
#6917 = ORIENTED_EDGE ( 'NONE', *, *, #1094, .T. ) ;
#6918 = ORIENTED_EDGE ( 'NONE', *, *, #3411, .F. ) ;
#6919 = B_SPLINE_CURVE_WITH_KNOTS ( 'NONE', 3,
 ( #814, #5730, #2469, #290 ),
 .UNSPECIFIED., .F., .F.,
 ( 4, 4 ),
 ( 0.000000000000000000, 4.239957736214198093E-05 ),
 .UNSPECIFIED. ) ;
#6920 = CARTESIAN_POINT ( 'NONE',  ( 0.4999999999999806266, -4.069397989875162658, 2.089223782170676724 ) ) ;
#6921 = CARTESIAN_POINT ( 'NONE',  ( 1.957150696398380463, -3.841124844479640643, 1.099999989042877990 ) ) ;
#6922 = CARTESIAN_POINT ( 'NONE',  ( 3.738661146426232484, 0.5921456213162111792, 2.466025392827315255 ) ) ;
#6923 = CARTESIAN_POINT ( 'NONE',  ( -3.653126813245570315, -1.861360923181276883, 2.599999989042877324 ) ) ;
#6924 = CARTESIAN_POINT ( 'NONE',  ( -3.599999999999996980, 0.2833262069134625527, 4.558196485332541847 ) ) ;
#6925 = CARTESIAN_POINT ( 'NONE',  ( 3.653126813245570315, 1.861360923181276883, -0.4000000109571216766 ) ) ;
#6926 = CARTESIAN_POINT ( 'NONE',  ( 3.653126813245570315, 1.861360923181276661, 3.599999989042878212 ) ) ;
#6927 = CARTESIAN_POINT ( 'NONE',  ( -1.634365909477758505, -3.207623430818668187, 2.933974585258436019 ) ) ;
#6928 = CARTESIAN_POINT ( 'NONE',  ( 3.207623543337573047, 1.634365688646974624, 6.566025392827317120 ) ) ;
#6929 = CARTESIAN_POINT ( 'NONE',  ( -2.899137703068391581, 2.899137902661292898, -0.7000000109571233864 ) ) ;
#6930 = EDGE_CURVE ( 'NONE', #4041, #4845, #10, .T. ) ;
#6931 = CARTESIAN_POINT ( 'NONE',  ( -2.899137703068391581, 2.899137902661292898, 7.299999989042876614 ) ) ;
#6932 = ADVANCED_FACE ( 'NONE', ( #3265, #1048 ), #5888, .T. ) ;
#6933 = CARTESIAN_POINT ( 'NONE',  ( 2.545584324645417063, -2.545584499897719066, 3.333974585258435486 ) ) ;
#6934 = FACE_OUTER_BOUND ( 'NONE', #2038, .T. ) ;
#6935 = CARTESIAN_POINT ( 'NONE',  ( -4.100003547756451816, 0.3226546693370858088, 10.42422359151603395 ) ) ;
#6936 = ORIENTED_EDGE ( 'NONE', *, *, #3169, .F. ) ;
#6937 = CARTESIAN_POINT ( 'NONE',  ( -4.049522174361919191, 0.6413814460608515677, 5.499999989042876791 ) ) ;
#6938 =( BOUNDED_CURVE ( )  B_SPLINE_CURVE ( 2, ( #5176, #1905, #6239, #4081, #1080, #3232, #2319 ),
 .UNSPECIFIED., .F., .T. ) 
 B_SPLINE_CURVE_WITH_KNOTS ( ( 3, 2, 2, 3 ),
 ( 0.5808999657812182749, 0.5875000000000000222, 0.5999999999999999778, 0.6093556431958115915 ),
 .UNSPECIFIED. ) 
 CURVE ( )  GEOMETRIC_REPRESENTATION_ITEM ( )  RATIONAL_B_SPLINE_CURVE ( ( 0.9756050165368453930, 0.9741577066209301528, 1.000000000000000000, 0.9510565162951535312, 1.000000000000000000, 0.9633681783757951367, 0.9815706371881782744 ) ) 
 REPRESENTATION_ITEM ( '' )  );
#6939 = CARTESIAN_POINT ( 'NONE',  ( 1.861361174683003883, 3.653126685099039594, 4.899999989042876258 ) ) ;
#6940 = CARTESIAN_POINT ( 'NONE',  ( -0.6413811672690397092, 4.049522218518203154, 5.099999989042876436 ) ) ;
#6941 = CARTESIAN_POINT ( 'NONE',  ( 3.372694867087378423, -1.718474014398682526, 5.433974585258435575 ) ) ;
#6942 = CARTESIAN_POINT ( 'NONE',  ( 0.6413811672690400423, -4.049522218518203154, 6.099999989042876436 ) ) ;
#6943 = CARTESIAN_POINT ( 'NONE',  ( -3.653126813245570315, -1.861360923181276883, 0.5999999890428774352 ) ) ;
#6944 = CARTESIAN_POINT ( 'NONE',  ( 0.5921458787066045115, 3.738661105659599748, 4.033974585258436107 ) ) ;
#6945 = CARTESIAN_POINT ( 'NONE',  ( -3.555678006756805676, 0.5631641965412349515, 4.533974585258436107 ) ) ;
#6946 = CARTESIAN_POINT ( 'NONE',  ( -0.5921458787066042895, -3.738661105659599748, -4.133974607172684834 ) ) ;
#6947 = CARTESIAN_POINT ( 'NONE',  ( -0.5631639517484252622, 3.555678045528177567, 6.133974585258435752 ) ) ;
#6948 = EDGE_CURVE ( 'NONE', #4929, #4608, #5608, .T. ) ;
#6949 = CARTESIAN_POINT ( 'NONE',  ( -3.653126813245570315, -1.861360923181276883, 7.699999989042876081 ) ) ;
#6950 = CARTESIAN_POINT ( 'NONE',  ( 0.6743883618602993790, 4.257919592556766553, 7.899999989042878035 ) ) ;
#6951 = CARTESIAN_POINT ( 'NONE',  ( 0.6743883618602999341, 4.257919592556767441, 4.999999989042876791 ) ) ;
#6952 = CARTESIAN_POINT ( 'NONE',  ( 3.207623543337573047, 1.634365688646974624, 6.566025392827317120 ) ) ;
#6953 = CARTESIAN_POINT ( 'NONE',  ( 0.6743883618602999341, 4.257919592556767441, 8.999999989042876791 ) ) ;
#6954 = EDGE_LOOP ( 'NONE', ( #6473, #6324, #274, #3586 ) ) ;
#6955 = ORIENTED_EDGE ( 'NONE', *, *, #288, .F. ) ;
#6956 = CARTESIAN_POINT ( 'NONE',  ( 0.5708636398762948483, -4.060691095139069340, 4.994640575723783726 ) ) ;
#6957 = CARTESIAN_POINT ( 'NONE',  ( 4.049522174361919191, -0.6413814460608517898, -0.6000000109571221873 ) ) ;
#6958 = CARTESIAN_POINT ( 'NONE',  ( -3.207623543337572602, -1.634365688646974846, 5.566025392827317120 ) ) ;
#6959 = CARTESIAN_POINT ( 'NONE',  ( -3.653126813245569871, -1.861360923181277105, -1.400000010957122676 ) ) ;
#6960 = CARTESIAN_POINT ( 'NONE',  ( 1.957150696398380463, -3.841124844479640643, 9.099999989042876436 ) ) ;
#6961 = CARTESIAN_POINT ( 'NONE',  ( 3.207623543337573047, 1.634365688646974624, 1.733974585258436507 ) ) ;
#6962 = CARTESIAN_POINT ( 'NONE',  ( -4.049522174361919191, 0.6413814460608515677, -2.500000010957124541 ) ) ;
#6963 = CARTESIAN_POINT ( 'NONE',  ( -4.049522174361919191, 0.6413814460608515677, 5.499999989042876791 ) ) ;
#6964 = CARTESIAN_POINT ( 'NONE',  ( 3.207623543337573047, 1.634365688646974624, 5.733974585258436285 ) ) ;
#6965 = CARTESIAN_POINT ( 'NONE',  ( 3.048333987505708276, 3.048333777641312192, 8.799999989042873949 ) ) ;
#6966 = CARTESIAN_POINT ( 'NONE',  ( -0.4999999999999993339, -4.220485754033535208, 8.000000000000000000 ) ) ;
#6967 = ORIENTED_EDGE ( 'NONE', *, *, #1999, .F. ) ;
#6968 = CARTESIAN_POINT ( 'NONE',  ( -4.257919638985431909, -0.6743880687212413516, 3.599999989042876880 ) ) ;
#6969 = CARTESIAN_POINT ( 'NONE',  ( 0.6743883618602999341, 4.257919592556767441, 2.999999989042876347 ) ) ;
#6970 = CARTESIAN_POINT ( 'NONE',  ( 3.841124709738403809, -1.957150960842944709, 9.299999989042879278 ) ) ;
#6971 = CARTESIAN_POINT ( 'NONE',  ( 0.5000000000000004441, -3.565108693995177269, 10.00000000000000000 ) ) ;
#6972 = DIRECTION ( 'NONE',  ( 0.000000000000000000, 0.000000000000000000, 1.000000000000000000 ) ) ;
#6973 = ADVANCED_FACE ( 'NONE', ( #6419, #2118 ), #5951, .T. ) ;
#6974 = CARTESIAN_POINT ( 'NONE',  ( 0.6413811672690400423, -4.049522218518203154, -1.000000010957121432 ) ) ;
#6975 = CARTESIAN_POINT ( 'NONE',  ( -3.372694867087378423, 1.718474014398681859, -1.566025414741564425 ) ) ;
#6976 =( BOUNDED_SURFACE ( )  B_SPLINE_SURFACE ( 1, 2, ( 
 ( #7006, #4303, #6462, #2841, #4510, #2989, #766, #6792, #2454, #4094, #1298, #3452, #6756, #1375, #1799, #693, #5153, #2878, #801, #6635, #162, #5570, #5040, #6253, #5115, #2954, #2339, #6174, #3490, #6216, #6675, #1760, #2418, #1265, #3982, #6137, #5609, #1876, #730, #3526, #5078, #4472, #5535, #2914, #202, #2300, #2377, #3946, #4549, #5003, #655, #5646, #6100, #1229, #242, #124, #5683, #4586, #3414, #4056, #6716, #276, #1838, #4018, #1337, #4623, #1917, #3563, #5718, #836, #3024, #5189, #314, #1633, #4347, #2709, #6505, #3884, #2206, #3818, #6574, #5973, #2171, #3250, #4908, #4876, #6009, #1033, #5442, #4944, #61, #561, #5906, #3283, #1134, #1701, #2744, #1099, #6983, #6041, #28, #4380, #5346, #3220, #2102, #4814, #1567, #6540, #2239, #4413, #4279, #1065, #1668, #3316, #3851, #5477, #3754, #5379, #7050, #498, #6471, #1167, #594, #2777, #468, #530, #2677, #4843, #7015, #6439, #2645, #2135, #4312, #1597, #3783, #5938, #5410, #775, #2309, #2963, #171, #3989, #1733, #3499, #5124, #251, #2850 ),
 ( #1200, #629, #4481, #2428, #5617, #4595, #6765, #1889, #6145, #1238, #4558, #6225, #6644, #5545, #4066, #665, #5655, #4447, #5012, #3387, #134, #3352, #2923, #738, #1769, #1273, #3462, #4028, #3954, #6608, #213, #6110, #3423, #5578, #702, #6726, #2885, #1307, #5510, #2813, #2347, #3919, #4520, #5086, #6185, #5048, #6074, #4979, #97, #2386, #1848, #6684, #1808, #2272, #3108, #6328, #5273, #5727, #355, #1993, #5163, #918, #2465, #3678, #2534, #6800, #2499, #5763, #3071, #3537, #4172, #285, #6294, #5200, #5830, #391, #1420, #1491, #1926, #846, #3143, #4705, #6363, #4634, #3573, #2601, #956, #883, #5237, #4105, #2565, #6262, #3608, #6872, #4139, #4206, #1454, #323, #5306, #1386, #428, #4774, #6943, #3643, #2061, #5796, #4240, #4741, #6906, #3034, #2026, #1347, #5692, #810, #2998, #4669, #6837, #1960, #6974, #6463, #1558, #3809, #2636, #7007, #1057, #4867, #1624, #2128, #4304, #5371, #50, #5931, #4806, #2094, #3842, #5998, #4935, #991, #1590, #3212, #2162, #4272, #6431, #5401, #3274, #3775, #460 ) ),
 .UNSPECIFIED., .F., .F., .F. ) 
 B_SPLINE_SURFACE_WITH_KNOTS ( ( 2, 2 ),
 ( 3, 2, 2, 2, 2, 2, 2, 2, 2, 2, 2, 2, 2, 2, 2, 2, 2, 2, 2, 2, 2, 2, 2, 2, 2, 2, 2, 2, 2, 2, 2, 2, 2, 2, 2, 2, 2, 2, 2, 2, 2, 2, 2, 2, 2, 2, 2, 2, 2, 2, 2, 2, 2, 2, 2, 2, 2, 2, 2, 2, 2, 2, 2, 2, 2, 2, 2, 2, 2, 2, 2, 2, 2, 3 ),
 ( 0.000000000000000000, 1.000000000000000000 ),
 ( 0.1004491996277696586, 0.1093556431958115360, 0.1125000000000000028, 0.1250000000000000000, 0.1375000000000000111, 0.1499999999999999944, 0.1625000000000000056, 0.1749999999999999889, 0.1875000000000000000, 0.2000000000000000111, 0.2124999999999999944, 0.2250000000000000056, 0.2374999999999999889, 0.2500000000000000000, 0.2625000000000000111, 0.2750000000000000222, 0.2874999999999999778, 0.2999999999999999889, 0.3125000000000000000, 0.3250000000000000111, 0.3375000000000000222, 0.3499999999999999778, 0.3624999999999999889, 0.3750000000000000000, 0.3875000000000000111, 0.4000000000000000222, 0.4124999999999999778, 0.4249999999999999889, 0.4375000000000000000, 0.4500000000000000111, 0.4625000000000000222, 0.4749999999999999778, 0.4874999999999999889, 0.5000000000000000000, 0.5124999999999999556, 0.5250000000000000222, 0.5374999999999999778, 0.5500000000000000444, 0.5625000000000000000, 0.5749999999999999556, 0.5875000000000000222, 0.5999999999999999778, 0.6125000000000000444, 0.6250000000000000000, 0.6374999999999999556, 0.6500000000000000222, 0.6624999999999999778, 0.6750000000000000444, 0.6875000000000000000, 0.6999999999999999556, 0.7125000000000000222, 0.7249999999999999778, 0.7375000000000000444, 0.7500000000000000000, 0.7624999999999999556, 0.7750000000000000222, 0.7874999999999999778, 0.8000000000000000444, 0.8125000000000000000, 0.8249999999999999556, 0.8375000000000000222, 0.8499999999999999778, 0.8625000000000000444, 0.8750000000000000000, 0.8874999999999999556, 0.9000000000000000222, 0.9124999999999999778, 0.9250000000000000444, 0.9375000000000000000, 0.9499999999999999556, 0.9625000000000000222, 0.9749999999999999778, 0.9875000000000000444, 1.000000000000000000 ),
 .UNSPECIFIED. ) 
 GEOMETRIC_REPRESENTATION_ITEM ( )  RATIONAL_B_SPLINE_SURFACE ( (
 ( 0.9815706371881780523, 0.9815706371881780523, 0.9815706371881780523, 0.9876883379193582835, 1.000000000000000000, 0.9510565162951535312, 1.000000000000000000, 0.9510565162951535312, 1.000000000000000000, 0.9510565162951535312, 1.000000000000000000, 0.9510565162951535312, 1.000000000000000000, 0.9510565162951535312, 1.000000000000000000, 0.9510565162951535312, 1.000000000000000000, 0.9510565162951535312, 1.000000000000000000, 0.9510565162951535312, 1.000000000000000000, 0.9510565162951535312, 1.000000000000000000, 0.9510565162951535312, 1.000000000000000000, 0.9510565162951535312, 1.000000000000000000, 0.9510565162951535312, 1.000000000000000000, 0.9510565162951535312, 1.000000000000000000, 0.9510565162951535312, 1.000000000000000000, 0.9510565162951535312, 1.000000000000000000, 0.9510565162951535312, 1.000000000000000000, 0.9510565162951535312, 1.000000000000000000, 0.9510565162951535312, 1.000000000000000000, 0.9510565162951535312, 1.000000000000000000, 0.9510565162951535312, 1.000000000000000000, 0.9510565162951535312, 1.000000000000000000, 0.9510565162951535312, 1.000000000000000000, 0.9510565162951535312, 1.000000000000000000, 0.9510565162951535312, 1.000000000000000000, 0.9510565162951535312, 1.000000000000000000, 0.9510565162951535312, 1.000000000000000000, 0.9510565162951535312, 1.000000000000000000, 0.9510565162951535312, 1.000000000000000000, 0.9510565162951535312, 1.000000000000000000, 0.9510565162951535312, 1.000000000000000000, 0.9510565162951535312, 1.000000000000000000, 0.9510565162951535312, 1.000000000000000000, 0.9510565162951535312, 1.000000000000000000, 0.9510565162951535312, 1.000000000000000000, 0.9510565162951535312, 1.000000000000000000, 0.9510565162951535312, 1.000000000000000000, 0.9510565162951535312, 1.000000000000000000, 0.9510565162951535312, 1.000000000000000000, 0.9510565162951535312, 1.000000000000000000, 0.9510565162951535312, 1.000000000000000000, 0.9510565162951535312, 1.000000000000000000, 0.9510565162951535312, 1.000000000000000000, 0.9510565162951535312, 1.000000000000000000, 0.9510565162951535312, 1.000000000000000000, 0.9510565162951535312, 1.000000000000000000, 0.9510565162951535312, 1.000000000000000000, 0.9510565162951535312, 1.000000000000000000, 0.9510565162951535312, 1.000000000000000000, 0.9510565162951535312, 1.000000000000000000, 0.9510565162951535312, 1.000000000000000000, 0.9510565162951535312, 1.000000000000000000, 0.9510565162951535312, 1.000000000000000000, 0.9510565162951535312, 1.000000000000000000, 0.9510565162951535312, 1.000000000000000000, 0.9510565162951535312, 1.000000000000000000, 0.9510565162951535312, 1.000000000000000000, 0.9510565162951535312, 1.000000000000000000, 0.9510565162951535312, 1.000000000000000000, 0.9510565162951535312, 1.000000000000000000, 0.9510565162951535312, 1.000000000000000000, 0.9510565162951535312, 1.000000000000000000, 0.9510565162951535312, 1.000000000000000000, 0.9510565162951535312, 1.000000000000000000, 0.9510565162951535312, 1.000000000000000000, 0.9510565162951535312, 1.000000000000000000, 0.9510565162951535312, 1.000000000000000000, 0.9510565162951535312, 1.000000000000000000, 0.9510565162951535312, 1.000000000000000000, 0.9510565162951535312, 1.000000000000000000, 0.9510565162951535312, 1.000000000000000000, 0.9510565162951535312, 1.000000000000000000),
 ( 0.9815706371881780523, 0.9815706371881780523, 0.9815706371881780523, 0.9876883379193582835, 1.000000000000000000, 0.9510565162951535312, 1.000000000000000000, 0.9510565162951535312, 1.000000000000000000, 0.9510565162951535312, 1.000000000000000000, 0.9510565162951535312, 1.000000000000000000, 0.9510565162951535312, 1.000000000000000000, 0.9510565162951535312, 1.000000000000000000, 0.9510565162951535312, 1.000000000000000000, 0.9510565162951535312, 1.000000000000000000, 0.9510565162951535312, 1.000000000000000000, 0.9510565162951535312, 1.000000000000000000, 0.9510565162951535312, 1.000000000000000000, 0.9510565162951535312, 1.000000000000000000, 0.9510565162951535312, 1.000000000000000000, 0.9510565162951535312, 1.000000000000000000, 0.9510565162951535312, 1.000000000000000000, 0.9510565162951535312, 1.000000000000000000, 0.9510565162951535312, 1.000000000000000000, 0.9510565162951535312, 1.000000000000000000, 0.9510565162951535312, 1.000000000000000000, 0.9510565162951535312, 1.000000000000000000, 0.9510565162951535312, 1.000000000000000000, 0.9510565162951535312, 1.000000000000000000, 0.9510565162951535312, 1.000000000000000000, 0.9510565162951535312, 1.000000000000000000, 0.9510565162951535312, 1.000000000000000000, 0.9510565162951535312, 1.000000000000000000, 0.9510565162951535312, 1.000000000000000000, 0.9510565162951535312, 1.000000000000000000, 0.9510565162951535312, 1.000000000000000000, 0.9510565162951535312, 1.000000000000000000, 0.9510565162951535312, 1.000000000000000000, 0.9510565162951535312, 1.000000000000000000, 0.9510565162951535312, 1.000000000000000000, 0.9510565162951535312, 1.000000000000000000, 0.9510565162951535312, 1.000000000000000000, 0.9510565162951535312, 1.000000000000000000, 0.9510565162951535312, 1.000000000000000000, 0.9510565162951535312, 1.000000000000000000, 0.9510565162951535312, 1.000000000000000000, 0.9510565162951535312, 1.000000000000000000, 0.9510565162951535312, 1.000000000000000000, 0.9510565162951535312, 1.000000000000000000, 0.9510565162951535312, 1.000000000000000000, 0.9510565162951535312, 1.000000000000000000, 0.9510565162951535312, 1.000000000000000000, 0.9510565162951535312, 1.000000000000000000, 0.9510565162951535312, 1.000000000000000000, 0.9510565162951535312, 1.000000000000000000, 0.9510565162951535312, 1.000000000000000000, 0.9510565162951535312, 1.000000000000000000, 0.9510565162951535312, 1.000000000000000000, 0.9510565162951535312, 1.000000000000000000, 0.9510565162951535312, 1.000000000000000000, 0.9510565162951535312, 1.000000000000000000, 0.9510565162951535312, 1.000000000000000000, 0.9510565162951535312, 1.000000000000000000, 0.9510565162951535312, 1.000000000000000000, 0.9510565162951535312, 1.000000000000000000, 0.9510565162951535312, 1.000000000000000000, 0.9510565162951535312, 1.000000000000000000, 0.9510565162951535312, 1.000000000000000000, 0.9510565162951535312, 1.000000000000000000, 0.9510565162951535312, 1.000000000000000000, 0.9510565162951535312, 1.000000000000000000, 0.9510565162951535312, 1.000000000000000000, 0.9510565162951535312, 1.000000000000000000, 0.9510565162951535312, 1.000000000000000000, 0.9510565162951535312, 1.000000000000000000, 0.9510565162951535312, 1.000000000000000000, 0.9510565162951535312, 1.000000000000000000, 0.9510565162951535312, 1.000000000000000000) ) ) 
 REPRESENTATION_ITEM ( '' )  SURFACE ( )  );
#6977 = CARTESIAN_POINT ( 'NONE',  ( -1.718473782203454592, 3.372694985396756273, 9.066025392827317120 ) ) ;
#6978 = CARTESIAN_POINT ( 'NONE',  ( 3.048333987505708276, 3.048333777641312192, 2.799999989042875725 ) ) ;
#6979 = CARTESIAN_POINT ( 'NONE',  ( 3.555678006756805676, -0.5631641965412358397, 6.366025392827316942 ) ) ;
#6980 = CARTESIAN_POINT ( 'NONE',  ( 4.049522174361919191, -0.6413814460608517898, -3.500000010957123653 ) ) ;
#6981 = CARTESIAN_POINT ( 'NONE',  ( 1.861361174683003439, 3.653126685099039594, 7.799999989042878390 ) ) ;
#6982 = CARTESIAN_POINT ( 'NONE',  ( 3.048333987505708276, 3.048333777641312192, 4.799999989042876614 ) ) ;
#6983 = CARTESIAN_POINT ( 'NONE',  ( 0.6413811672690400423, -4.049522218518203154, 0.09999998904287703272 ) ) ;
#6984 = CARTESIAN_POINT ( 'NONE',  ( 0.6413811672690400423, -4.049522218518203154, 0.09999998904287703272 ) ) ;
#6985 = ORIENTED_EDGE ( 'NONE', *, *, #842, .F. ) ;
#6986 = EDGE_LOOP ( 'NONE', ( #787, #5824, #4434, #4606 ) ) ;
#6987 = CARTESIAN_POINT ( 'NONE',  ( -0.5631639517484248181, 3.555678045528178011, 8.966025392827315699 ) ) ;
#6988 = CARTESIAN_POINT ( 'NONE',  ( 2.899137703068392025, -2.899137902661292454, -0.8000000109571226981 ) ) ;
#6989 = CARTESIAN_POINT ( 'NONE',  ( 1.718473782203455036, -3.372694985396756273, -1.933974607172683102 ) ) ;
#6990 = CARTESIAN_POINT ( 'NONE',  ( 0.5000000000000032196, -4.069397989875159993, 2.989223782170679300 ) ) ;
#6991 = CARTESIAN_POINT ( 'NONE',  ( 3.841124709738403809, -1.957150960842944709, 3.299999989042878390 ) ) ;
#6992 = CARTESIAN_POINT ( 'NONE',  ( 0.6413811672690400423, -4.049522218518203154, 2.999999989042878568 ) ) ;
#6993 = CARTESIAN_POINT ( 'NONE',  ( -2.545584324645416618, 2.545584499897719510, 4.333974585258435930 ) ) ;
#6994 = UNCERTAINTY_MEASURE_WITH_UNIT (LENGTH_MEASURE( 1.000000000000000082E-05 ), #6811, 'distance_accuracy_value', 'NONE');
#6995 = CARTESIAN_POINT ( 'NONE',  ( 0.6413811672690400423, -4.049522218518203154, -3.900000010957123120 ) ) ;
#6996 = CARTESIAN_POINT ( 'NONE',  ( 4.257919638985431909, 0.6743880687212407965, -3.400000010957124008 ) ) ;
#6997 = CARTESIAN_POINT ( 'NONE',  ( 0.000000000000000000, 0.000000000000000000, 10.00000000000000000 ) ) ;
#6998 = CARTESIAN_POINT ( 'NONE',  ( 3.372694867087377979, -1.718474014398682526, 7.433974585258435575 ) ) ;
#6999 = CARTESIAN_POINT ( 'NONE',  ( -1.957150696398379353, 3.841124844479640643, 1.199999989042875415 ) ) ;
#7000 = CARTESIAN_POINT ( 'NONE',  ( 3.048333987505707832, 3.048333777641312192, 5.699999989042876081 ) ) ;
#7001 = ORIENTED_EDGE ( 'NONE', *, *, #1767, .T. ) ;
#7002 = CARTESIAN_POINT ( 'NONE',  ( -3.048333987505707832, -3.048333777641312636, 1.799999989042877058 ) ) ;
#7003 = CARTESIAN_POINT ( 'NONE',  ( -3.841124709738404253, 1.957150960842944709, 5.399999989042875370 ) ) ;
#7004 = CARTESIAN_POINT ( 'NONE',  ( 2.899137703068392025, -2.899137902661292454, -1.700000010957124275 ) ) ;
#7005 = CARTESIAN_POINT ( 'NONE',  ( 8.356182445913530543, -3.343097527531951219, 4.784844289316780852 ) ) ;
#7006 = CARTESIAN_POINT ( 'NONE',  ( -4.100000000000004974, -1.839369435481412074, 9.692768001529897148 ) ) ;
#7007 = CARTESIAN_POINT ( 'NONE',  ( -4.257919638985431909, -0.6743880687212413516, -1.500000010957122099 ) ) ;
#7008 = CARTESIAN_POINT ( 'NONE',  ( 2.545584324645417063, -2.545584499897719066, -0.6660254147415646253 ) ) ;
#7009 = DIRECTION ( 'NONE',  ( 0.000000000000000000, 0.000000000000000000, 1.000000000000000000 ) ) ;
#7010 = CARTESIAN_POINT ( 'NONE',  ( -3.599999999999997868, -1.467943733322380928E-08, 6.583351341274645385 ) ) ;
#7011 = VECTOR ( 'NONE', #316, 1000.000000000000000 ) ;
#7012 = CARTESIAN_POINT ( 'NONE',  ( 4.257919638985431909, 0.6743880687212407965, -1.400000010957124230 ) ) ;
#7013 = CARTESIAN_POINT ( 'NONE',  ( -1.861361174683002995, -3.653126685099040039, 4.799999989042878390 ) ) ;
#7014 = CARTESIAN_POINT ( 'NONE',  ( 4.257919638985431909, 0.6743880687212407965, 8.599999989042872883 ) ) ;
#7015 = CARTESIAN_POINT ( 'NONE',  ( -0.6413811672690397092, 4.049522218518203154, -2.900000010957124008 ) ) ;
#7016 = CARTESIAN_POINT ( 'NONE',  ( 0.6743883618602999341, 4.257919592556767441, 2.999999989042876347 ) ) ;
#7017 = ORIENTED_EDGE ( 'NONE', *, *, #4003, .T. ) ;
#7018 = EDGE_CURVE ( 'NONE', #5331, #5119, #4360, .T. ) ;
#7019 = CARTESIAN_POINT ( 'NONE',  ( 3.738661146426232484, 0.5921456213162111792, 6.466025392827315699 ) ) ;
#7020 = CARTESIAN_POINT ( 'NONE',  ( 1.718473782203455258, -3.372694985396755829, 5.233974585258434509 ) ) ;
#7021 = CARTESIAN_POINT ( 'NONE',  ( 1.957150696398380463, -3.841124844479640643, -2.900000010957122232 ) ) ;
#7022 = CARTESIAN_POINT ( 'NONE',  ( -0.5631639517484248181, 3.555678045528178011, 0.9660253928273163648 ) ) ;
#7023 = CARTESIAN_POINT ( 'NONE',  ( 3.207623543337573047, 1.634365688646974624, 8.566025392827317120 ) ) ;
#7024 = CARTESIAN_POINT ( 'NONE',  ( -4.049522174361919191, 0.6413814460608511236, 0.3999999890428787008 ) ) ;
#7025 = CARTESIAN_POINT ( 'NONE',  ( -4.049522174361919191, 0.6413814460608515677, 2.399999989042878923 ) ) ;
#7026 = CARTESIAN_POINT ( 'NONE',  ( -0.4999999999999992784, -3.565108693995177713, 10.00000000000000000 ) ) ;
#7027 = VECTOR ( 'NONE', #2160, 1000.000000000000000 ) ;
#7028 = CARTESIAN_POINT ( 'NONE',  ( -0.6743883618602996011, -4.257919592556767441, -2.000000010957124097 ) ) ;
#7029 = CARTESIAN_POINT ( 'NONE',  ( 1.957150696398380463, -3.841124844479640643, 0.1999999890428764415 ) ) ;
#7030 = CARTESIAN_POINT ( 'NONE',  ( 3.048333987505708276, 3.048333777641312192, -3.200000010957123386 ) ) ;
#7031 = CARTESIAN_POINT ( 'NONE',  ( 1.634365909477758727, 3.207623430818667742, 5.933974585258436463 ) ) ;
#7032 = CARTESIAN_POINT ( 'NONE',  ( -4.049522174361919191, 0.6413814460608515677, 5.499999989042876791 ) ) ;
#7033 = CARTESIAN_POINT ( 'NONE',  ( -3.048333987505707388, -3.048333777641312636, 0.6999999890428785232 ) ) ;
#7034 = MECHANICAL_DESIGN_GEOMETRIC_PRESENTATION_REPRESENTATION (  '', ( #4872 ), #3641 ) ;
#7035 = CARTESIAN_POINT ( 'NONE',  ( -3.653126813245570315, -1.861360923181276883, 3.699999989042876969 ) ) ;
#7036 = CARTESIAN_POINT ( 'NONE',  ( 0.6413811672690400423, -4.049522218518203154, 6.099999989042876436 ) ) ;
#7037 = CARTESIAN_POINT ( 'NONE',  ( -0.4999999999999916733, -3.828033666944108404, 2.972961463502938440 ) ) ;
#7038 = CARTESIAN_POINT ( 'NONE',  ( -4.049522174361919191, 0.6413814460608515677, -4.500000010957124985 ) ) ;
#7039 = CARTESIAN_POINT ( 'NONE',  ( 6.979723327830378743, -5.685216462539312232, 6.737960265763393686 ) ) ;
#7040 = CARTESIAN_POINT ( 'NONE',  ( -3.841124709738404253, 1.957150960842944709, 5.399999989042876258 ) ) ;
#7041 = CARTESIAN_POINT ( 'NONE',  ( 0.6743883618602993790, 4.257919592556766553, 9.899999989042875370 ) ) ;
#7042 = CARTESIAN_POINT ( 'NONE',  ( 3.738661146426232040, 0.5921456213162114013, -2.366025414741564692 ) ) ;
#7043 = EDGE_CURVE ( 'NONE', #3655, #5193, #6465, .T. ) ;
#7044 = CARTESIAN_POINT ( 'NONE',  ( 3.372694867087377979, -1.718474014398682970, 8.266025392827318186 ) ) ;
#7045 = CARTESIAN_POINT ( 'NONE',  ( 3.372694867087377979, -1.718474014398682970, 6.266025392827315521 ) ) ;
#7046 = CARTESIAN_POINT ( 'NONE',  ( -1.861361174683003439, -3.653126685099040039, -0.1000000109571234919 ) ) ;
#7047 = CARTESIAN_POINT ( 'NONE',  ( 0.6413811672690402643, -4.049522218518203154, 4.999999989042877679 ) ) ;
#7048 = CARTESIAN_POINT ( 'NONE',  ( -0.6413811672690397092, 4.049522218518203154, 1.999999989042877679 ) ) ;
#7049 = CARTESIAN_POINT ( 'NONE',  ( 3.048333987505708276, 3.048333777641312192, 0.7999999890428763916 ) ) ;
#7050 = CARTESIAN_POINT ( 'NONE',  ( 0.6413811672690400423, -4.049522218518203154, -1.900000010957123120 ) ) ;
#7051 = CARTESIAN_POINT ( 'NONE',  ( -1.957150696398379353, 3.841124844479640643, 3.199999989042876525 ) ) ;
#7052 = CARTESIAN_POINT ( 'NONE',  ( -3.653126813245569871, -1.861360923181277105, 2.599999989042877324 ) ) ;
#7053 = CARTESIAN_POINT ( 'NONE',  ( 2.676585940248914053, 2.676585755977737069, 8.666025392827316765 ) ) ;
ENDSEC;
END-ISO-10303-21;
