ISO-10303-21;
HEADER;
FILE_DESCRIPTION (( 'STEP AP214' ),
    '1' );
FILE_NAME ('y bearing +motor holder ender 3v2.STEP',
    '2026-05-02T16:31:56',
    ( '' ),
    ( '' ),
    'SwSTEP 2.0',
    'SolidWorks 2021',
    '' );
FILE_SCHEMA (( 'AUTOMOTIVE_DESIGN' ));
ENDSEC;

DATA;
#1 = ORIENTED_EDGE ( 'NONE', *, *, #1704, .T. ) ;
#2 = PRODUCT_DEFINITION_CONTEXT ( 'detailed design', #316, 'design' ) ;
#3 = CARTESIAN_POINT ( 'NONE',  ( 20.00000000000000000, 34.00000000000000000, 6.000000000000000000 ) ) ;
#4 = VECTOR ( 'NONE', #1135, 1000.000000000000000 ) ;
#5 = DIRECTION ( 'NONE',  ( -0.000000000000000000, -0.000000000000000000, 1.000000000000000000 ) ) ;
#6 = EDGE_CURVE ( 'NONE', #1034, #1698, #914, .T. ) ;
#7 = DIRECTION ( 'NONE',  ( -0.000000000000000000, -0.000000000000000000, -1.000000000000000000 ) ) ;
#8 = ORIENTED_EDGE ( 'NONE', *, *, #1872, .T. ) ;
#9 = FACE_BOUND ( 'NONE', #1773, .T. ) ;
#10 = CYLINDRICAL_SURFACE ( 'NONE', #1320, 13.99999999999999822 ) ;
#11 = VECTOR ( 'NONE', #1948, 1000.000000000000000 ) ;
#12 = EDGE_LOOP ( 'NONE', ( #1743, #194 ) ) ;
#13 = AXIS2_PLACEMENT_3D ( 'NONE', #1134, #212, #512 ) ;
#14 = DIRECTION ( 'NONE',  ( 1.000000000000000000, 0.000000000000000000, 0.000000000000000000 ) ) ;
#15 = CARTESIAN_POINT ( 'NONE',  ( 92.36129865673042616, -15.50000000000000711, -4.000000000000000000 ) ) ;
#16 = CARTESIAN_POINT ( 'NONE',  ( 38.00000000000000000, 1.106499231684619833E-14, 6.000000000000000000 ) ) ;
#17 = ORIENTED_EDGE ( 'NONE', *, *, #416, .F. ) ;
#18 = FACE_OUTER_BOUND ( 'NONE', #185, .T. ) ;
#19 = DIRECTION ( 'NONE',  ( 1.000000000000000000, 0.000000000000000000, 0.000000000000000000 ) ) ;
#20 = ORIENTED_EDGE ( 'NONE', *, *, #437, .F. ) ;
#21 = VERTEX_POINT ( 'NONE', #1431 ) ;
#22 = LINE ( 'NONE', #470, #1798 ) ;
#23 = DIRECTION ( 'NONE',  ( 0.000000000000000000, 0.000000000000000000, 1.000000000000000000 ) ) ;
#24 = DIRECTION ( 'NONE',  ( -0.000000000000000000, -0.000000000000000000, -1.000000000000000000 ) ) ;
#25 = ORIENTED_EDGE ( 'NONE', *, *, #813, .F. ) ;
#26 = CARTESIAN_POINT ( 'NONE',  ( 62.61837608573242164, 15.21261064666438934, -4.000000000000000000 ) ) ;
#27 = CARTESIAN_POINT ( 'NONE',  ( 91.26129865673041763, -16.00000000000000000, 6.000000000000000000 ) ) ;
#28 = DIRECTION ( 'NONE',  ( 1.000000000000000000, 0.000000000000000000, 0.000000000000000000 ) ) ;
#29 = ORIENTED_EDGE ( 'NONE', *, *, #1447, .T. ) ;
#30 = AXIS2_PLACEMENT_3D ( 'NONE', #630, #1510, #902 ) ;
#31 = CARTESIAN_POINT ( 'NONE',  ( 41.99999999999999289, 11.82992782986672964, 6.000000000000000000 ) ) ;
#32 = EDGE_CURVE ( 'NONE', #1897, #1290, #678, .T. ) ;
#33 = AXIS2_PLACEMENT_3D ( 'NONE', #215, #1607, #1926 ) ;
#34 = ORIENTED_EDGE ( 'NONE', *, *, #439, .T. ) ;
#35 = FACE_OUTER_BOUND ( 'NONE', #1574, .T. ) ;
#36 = ADVANCED_FACE ( 'NONE', ( #319 ), #435, .F. ) ;
#37 = VECTOR ( 'NONE', #1616, 1000.000000000000000 ) ;
#38 = ORIENTED_EDGE ( 'NONE', *, *, #461, .F. ) ;
#39 = CARTESIAN_POINT ( 'NONE',  ( 50.58033865110979121, -8.000000000000000000, 6.000000000000000000 ) ) ;
#40 = DIRECTION ( 'NONE',  ( -1.000000000000000000, 0.000000000000000000, 0.000000000000000000 ) ) ;
#41 = DIRECTION ( 'NONE',  ( -0.000000000000000000, -0.000000000000000000, 1.000000000000000000 ) ) ;
#42 = AXIS2_PLACEMENT_3D ( 'NONE', #1844, #335, #1708 ) ;
#43 = DIRECTION ( 'NONE',  ( -0.000000000000000000, -0.000000000000000000, 1.000000000000000000 ) ) ;
#44 = VECTOR ( 'NONE', #122, 1000.000000000000000 ) ;
#45 = ADVANCED_FACE ( 'NONE', ( #614 ), #782, .F. ) ;
#46 = ORIENTED_EDGE ( 'NONE', *, *, #1875, .F. ) ;
#47 = DIRECTION ( 'NONE',  ( -1.000000000000000000, 0.000000000000000000, 0.000000000000000000 ) ) ;
#48 = ORIENTED_EDGE ( 'NONE', *, *, #617, .T. ) ;
#49 = CARTESIAN_POINT ( 'NONE',  ( -2.489948095290086351E-15, 19.82992782986672253, 6.000000000000000000 ) ) ;
#50 = CARTESIAN_POINT ( 'NONE',  ( 64.21837608573243017, 15.21261064666438934, 6.000000000000000000 ) ) ;
#51 = DIRECTION ( 'NONE',  ( 0.000000000000000000, 0.000000000000000000, 1.000000000000000000 ) ) ;
#52 = EDGE_CURVE ( 'NONE', #893, #1478, #1488, .T. ) ;
#53 = DIRECTION ( 'NONE',  ( -0.000000000000000000, -0.000000000000000000, 1.000000000000000000 ) ) ;
#54 = CARTESIAN_POINT ( 'NONE',  ( 0.000000000000000000, -16.00000000000000000, -1.000000000000000000 ) ) ;
#55 = ORIENTED_EDGE ( 'NONE', *, *, #1652, .T. ) ;
#56 = DIRECTION ( 'NONE',  ( -0.000000000000000000, 0.000000000000000000, 1.000000000000000000 ) ) ;
#57 = EDGE_CURVE ( 'NONE', #753, #1075, #1873, .T. ) ;
#58 = ORIENTED_EDGE ( 'NONE', *, *, #476, .F. ) ;
#59 = LINE ( 'NONE', #654, #345 ) ;
#60 = DIRECTION ( 'NONE',  ( 0.000000000000000000, 0.000000000000000000, -1.000000000000000000 ) ) ;
#61 = CARTESIAN_POINT ( 'NONE',  ( 50.58033865110979121, -12.00000000000000000, -4.000000000000000000 ) ) ;
#62 = CARTESIAN_POINT ( 'NONE',  ( 42.79353932347663658, 19.82992782986672964, 6.000000000000000000 ) ) ;
#63 = CIRCLE ( 'NONE', #816, 9.499999999999998224 ) ;
#64 = EDGE_LOOP ( 'NONE', ( #743, #274, #1142, #1944 ) ) ;
#65 = DIRECTION ( 'NONE',  ( -1.000000000000000000, 0.000000000000000000, 0.000000000000000000 ) ) ;
#66 = AXIS2_PLACEMENT_3D ( 'NONE', #156, #754, #14 ) ;
#67 = VERTEX_POINT ( 'NONE', #636 ) ;
#68 = DIRECTION ( 'NONE',  ( -0.000000000000000000, -0.000000000000000000, -1.000000000000000000 ) ) ;
#69 = EDGE_LOOP ( 'NONE', ( #1, #815, #1592, #1164 ) ) ;
#70 = ADVANCED_FACE ( 'NONE', ( #18 ), #1796, .F. ) ;
#71 = EDGE_LOOP ( 'NONE', ( #1849, #990 ) ) ;
#72 = DIRECTION ( 'NONE',  ( -1.000000000000000000, 0.000000000000000000, 0.000000000000000000 ) ) ;
#73 = DIRECTION ( 'NONE',  ( 0.000000000000000000, 0.000000000000000000, -1.000000000000000000 ) ) ;
#74 = CIRCLE ( 'NONE', #189, 32.42992782986675593 ) ;
#75 = CARTESIAN_POINT ( 'NONE',  ( 95.26129865673041763, 15.82992782986673141, 6.000000000000000000 ) ) ;
#76 = SURFACE_STYLE_USAGE ( .BOTH. , #399 ) ;
#77 = DIRECTION ( 'NONE',  ( -1.000000000000000000, 0.000000000000000000, 0.000000000000000000 ) ) ;
#78 = EDGE_CURVE ( 'NONE', #1670, #1698, #895, .T. ) ;
#79 = ORIENTED_EDGE ( 'NONE', *, *, #892, .T. ) ;
#80 = AXIS2_PLACEMENT_3D ( 'NONE', #1044, #528, #1148 ) ;
#81 = DIRECTION ( 'NONE',  ( 1.000000000000000000, 0.000000000000000000, 0.000000000000000000 ) ) ;
#82 = ORIENTED_EDGE ( 'NONE', *, *, #1447, .F. ) ;
#83 = CIRCLE ( 'NONE', #1434, 32.42992782986674882 ) ;
#84 = DIRECTION ( 'NONE',  ( 0.000000000000000000, 0.000000000000000000, -1.000000000000000000 ) ) ;
#85 = ORIENTED_EDGE ( 'NONE', *, *, #979, .T. ) ;
#86 = EDGE_LOOP ( 'NONE', ( #1445, #1289, #152, #1482, #1865, #1449 ) ) ;
#87 = EDGE_LOOP ( 'NONE', ( #1725, #321, #1315, #506 ) ) ;
#88 = FACE_OUTER_BOUND ( 'NONE', #1304, .T. ) ;
#89 = DIRECTION ( 'NONE',  ( 1.000000000000000000, 0.000000000000000000, 0.000000000000000000 ) ) ;
#90 = FACE_OUTER_BOUND ( 'NONE', #1596, .T. ) ;
#91 = CARTESIAN_POINT ( 'NONE',  ( 90.73195539678907551, -16.84478256445629185, -1.000000000000000000 ) ) ;
#92 = DIRECTION ( 'NONE',  ( 1.000000000000000000, 0.000000000000000000, 0.000000000000000000 ) ) ;
#93 = EDGE_LOOP ( 'NONE', ( #925, #534, #98, #391 ) ) ;
#94 = DIRECTION ( 'NONE',  ( -1.000000000000000000, 0.000000000000000000, 0.000000000000000000 ) ) ;
#95 = ORIENTED_EDGE ( 'NONE', *, *, #1094, .F. ) ;
#96 = DIRECTION ( 'NONE',  ( -0.000000000000000000, -0.000000000000000000, 1.000000000000000000 ) ) ;
#97 = VERTEX_POINT ( 'NONE', #607 ) ;
#98 = ORIENTED_EDGE ( 'NONE', *, *, #293, .T. ) ;
#99 = CARTESIAN_POINT ( 'NONE',  ( 29.50000000000000000, 34.00000000000000000, 6.000000000000000000 ) ) ;
#100 =( NAMED_UNIT ( * ) PLANE_ANGLE_UNIT ( ) SI_UNIT ( $, .RADIAN. ) );
#101 = CARTESIAN_POINT ( 'NONE',  ( 42.79353932347663658, 19.82992782986672964, -1.000000000000000000 ) ) ;
#102 = EDGE_CURVE ( 'NONE', #788, #1759, #1370, .T. ) ;
#103 = FACE_OUTER_BOUND ( 'NONE', #1827, .T. ) ;
#104 = EDGE_LOOP ( 'NONE', ( #937, #694, #1686, #1000 ) ) ;
#105 = CIRCLE ( 'NONE', #746, 2.600000000000000089 ) ;
#106 = LINE ( 'NONE', #49, #223 ) ;
#107 = ORIENTED_EDGE ( 'NONE', *, *, #1297, .F. ) ;
#108 = ADVANCED_FACE ( 'NONE', ( #1502 ), #145, .F. ) ;
#109 = EDGE_CURVE ( 'NONE', #1603, #1155, #1213, .T. ) ;
#110 = CARTESIAN_POINT ( 'NONE',  ( 93.67673796124536523, 13.95580200546907612, -4.000000000000000000 ) ) ;
#111 = CARTESIAN_POINT ( 'NONE',  ( 59.93137082686367734, -15.50000000000000711, 6.000000000000000000 ) ) ;
#112 = DIRECTION ( 'NONE',  ( -0.000000000000000000, -0.000000000000000000, 1.000000000000000000 ) ) ;
#113 = VECTOR ( 'NONE', #161, 1000.000000000000114 ) ;
#114 = DIRECTION ( 'NONE',  ( -1.000000000000000000, 0.000000000000000000, 0.000000000000000000 ) ) ;
#115 = AXIS2_PLACEMENT_3D ( 'NONE', #1886, #51, #1576 ) ;
#116 = ORIENTED_EDGE ( 'NONE', *, *, #1307, .T. ) ;
#117 = VECTOR ( 'NONE', #1514, 1000.000000000000000 ) ;
#118 = CIRCLE ( 'NONE', #1399, 2.600000000000000089 ) ;
#119 = VERTEX_POINT ( 'NONE', #1540 ) ;
#120 = CIRCLE ( 'NONE', #1340, 13.99999999999999822 ) ;
#121 = LINE ( 'NONE', #225, #4 ) ;
#122 = DIRECTION ( 'NONE',  ( -1.000000000000000000, 0.000000000000000000, 0.000000000000000000 ) ) ;
#123 = ADVANCED_FACE ( 'NONE', ( #1834 ), #899, .F. ) ;
#124 = LINE ( 'NONE', #430, #376 ) ;
#125 = ORIENTED_EDGE ( 'NONE', *, *, #1677, .F. ) ;
#126 = EDGE_CURVE ( 'NONE', #429, #840, #1057, .T. ) ;
#127 = PRODUCT_RELATED_PRODUCT_CATEGORY ( 'part', '', ( #1717 ) ) ;
#128 = DIRECTION ( 'NONE',  ( 0.000000000000000000, 0.000000000000000000, 1.000000000000000000 ) ) ;
#129 = DIRECTION ( 'NONE',  ( -0.000000000000000000, -0.000000000000000000, -1.000000000000000000 ) ) ;
#130 = ORIENTED_EDGE ( 'NONE', *, *, #1697, .F. ) ;
#131 = ORIENTED_EDGE ( 'NONE', *, *, #1863, .F. ) ;
#132 = AXIS2_PLACEMENT_3D ( 'NONE', #1787, #147, #425 ) ;
#133 = ADVANCED_FACE ( 'NONE', ( #153 ), #1671, .T. ) ;
#134 = CARTESIAN_POINT ( 'NONE',  ( 4.000000000000000000, -16.00000000000000000, 6.000000000000000000 ) ) ;
#135 = DIRECTION ( 'NONE',  ( 1.000000000000000000, 0.000000000000000000, 0.000000000000000000 ) ) ;
#136 = ADVANCED_FACE ( 'NONE', ( #596 ), #305, .T. ) ;
#137 = AXIS2_PLACEMENT_3D ( 'NONE', #1806, #447, #1087 ) ;
#138 = VERTEX_POINT ( 'NONE', #1691 ) ;
#139 = DIRECTION ( 'NONE',  ( 0.000000000000000000, 0.000000000000000000, -1.000000000000000000 ) ) ;
#140 = CIRCLE ( 'NONE', #1841, 29.22992782986673888 ) ;
#141 = VERTEX_POINT ( 'NONE', #1360 ) ;
#142 = CARTESIAN_POINT ( 'NONE',  ( 30.00000000000000000, 10.00000000000000000, 6.000000000000000000 ) ) ;
#143 = EDGE_LOOP ( 'NONE', ( #745, #304, #1951, #343 ) ) ;
#144 = FACE_OUTER_BOUND ( 'NONE', #469, .T. ) ;
#145 = PLANE ( 'NONE',  #1274 ) ;
#146 = VERTEX_POINT ( 'NONE', #910 ) ;
#147 = DIRECTION ( 'NONE',  ( 0.000000000000000000, 0.000000000000000000, -1.000000000000000000 ) ) ;
#148 = ADVANCED_FACE ( 'NONE', ( #9, #328, #751, #1520, #762, #1622, #1165, #1565, #645, #953, #487, #247 ), #1768, .T. ) ;
#149 = CARTESIAN_POINT ( 'NONE',  ( 89.34629865673041138, -0.08500000000000867972, -1.000000000000000000 ) ) ;
#150 = AXIS2_PLACEMENT_3D ( 'NONE', #1758, #392, #848 ) ;
#151 = EDGE_CURVE ( 'NONE', #1466, #718, #257, .T. ) ;
#152 = ORIENTED_EDGE ( 'NONE', *, *, #1563, .F. ) ;
#153 = FACE_OUTER_BOUND ( 'NONE', #1166, .T. ) ;
#154 = DIRECTION ( 'NONE',  ( -0.000000000000000000, -0.000000000000000000, 1.000000000000000000 ) ) ;
#155 = ORIENTED_EDGE ( 'NONE', *, *, #6, .T. ) ;
#156 = CARTESIAN_POINT ( 'NONE',  ( 90.49754435031049127, -11.47588691394846272, 6.000000000000000000 ) ) ;
#157 = DIRECTION ( 'NONE',  ( -0.000000000000000000, -0.000000000000000000, 1.000000000000000000 ) ) ;
#158 = DIRECTION ( 'NONE',  ( 0.000000000000000000, 0.000000000000000000, -1.000000000000000000 ) ) ;
#159 = VECTOR ( 'NONE', #1887, 1000.000000000000000 ) ;
#160 = VERTEX_POINT ( 'NONE', #202 ) ;
#161 = DIRECTION ( 'NONE',  ( 0.3654646176781204958, 0.9308252323746842860, 0.000000000000000000 ) ) ;
#162 = FACE_OUTER_BOUND ( 'NONE', #143, .T. ) ;
#163 = AXIS2_PLACEMENT_3D ( 'NONE', #1008, #1637, #1480 ) ;
#164 = ORIENTED_EDGE ( 'NONE', *, *, #57, .T. ) ;
#165 = ORIENTED_EDGE ( 'NONE', *, *, #6, .F. ) ;
#166 = DIRECTION ( 'NONE',  ( 1.000000000000000000, 0.000000000000000000, 0.000000000000000000 ) ) ;
#167 = DIRECTION ( 'NONE',  ( 1.000000000000000000, 0.000000000000000000, 0.000000000000000000 ) ) ;
#168 = CYLINDRICAL_SURFACE ( 'NONE', #1024, 4.000000000000003553 ) ;
#169 = EDGE_CURVE ( 'NONE', #1759, #1610, #311, .T. ) ;
#170 = ORIENTED_EDGE ( 'NONE', *, *, #1102, .T. ) ;
#171 = CARTESIAN_POINT ( 'NONE',  ( 91.26129865673041763, 15.82992782986673141, 6.000000000000000000 ) ) ;
#172 = DIRECTION ( 'NONE',  ( 0.000000000000000000, 0.000000000000000000, -1.000000000000000000 ) ) ;
#173 = LINE ( 'NONE', #61, #789 ) ;
#174 = ORIENTED_EDGE ( 'NONE', *, *, #1921, .F. ) ;
#175 = DIRECTION ( 'NONE',  ( 0.000000000000000000, -0.000000000000000000, -1.000000000000000000 ) ) ;
#176 = LINE ( 'NONE', #1358, #555 ) ;
#177 = EDGE_LOOP ( 'NONE', ( #1359, #1170, #1522, #644 ) ) ;
#178 = CARTESIAN_POINT ( 'NONE',  ( 20.00000000000000000, 34.00000000000000000, -1.000000000000000000 ) ) ;
#179 = DIRECTION ( 'NONE',  ( -0.000000000000000000, 0.000000000000000000, 1.000000000000000000 ) ) ;
#180 = CARTESIAN_POINT ( 'NONE',  ( 59.93137082686367734, -15.50000000000000711, -1.000000000000000000 ) ) ;
#181 = EDGE_CURVE ( 'NONE', #478, #893, #1256, .T. ) ;
#182 = CIRCLE ( 'NONE', #217, 29.22992782986674598 ) ;
#183 = CARTESIAN_POINT ( 'NONE',  ( 89.13347824225810712, -16.77499154467183828, 6.000000000000000000 ) ) ;
#184 = CIRCLE ( 'NONE', #1462, 2.599999999999998312 ) ;
#185 = EDGE_LOOP ( 'NONE', ( #1401, #356, #484, #1709 ) ) ;
#186 = DIRECTION ( 'NONE',  ( 0.000000000000000000, 0.000000000000000000, -1.000000000000000000 ) ) ;
#187 = EDGE_CURVE ( 'NONE', #1610, #558, #1649, .T. ) ;
#188 = VECTOR ( 'NONE', #403, 1000.000000000000000 ) ;
#189 = AXIS2_PLACEMENT_3D ( 'NONE', #514, #1727, #944 ) ;
#190 = ORIENTED_EDGE ( 'NONE', *, *, #1792, .T. ) ;
#191 = LINE ( 'NONE', #942, #1045 ) ;
#192 = CARTESIAN_POINT ( 'NONE',  ( 12.59999999999999964, -10.00000000000000000, 6.000000000000000000 ) ) ;
#193 = DIRECTION ( 'NONE',  ( -1.000000000000000000, 0.000000000000000000, 0.000000000000000000 ) ) ;
#194 = ORIENTED_EDGE ( 'NONE', *, *, #295, .T. ) ;
#195 = LINE ( 'NONE', #1829, #881 ) ;
#196 = DIRECTION ( 'NONE',  ( -0.3654646176781204958, 0.9308252323746842860, 0.000000000000000000 ) ) ;
#197 = AXIS2_PLACEMENT_3D ( 'NONE', #847, #1608, #1272 ) ;
#198 = AXIS2_PLACEMENT_3D ( 'NONE', #923, #911, #480 ) ;
#199 = ORIENTED_EDGE ( 'NONE', *, *, #451, .F. ) ;
#200 = DIRECTION ( 'NONE',  ( 1.000000000000000000, 0.000000000000000000, 0.000000000000000000 ) ) ;
#201 = EDGE_LOOP ( 'NONE', ( #1285, #8, #1457, #199 ) ) ;
#202 = CARTESIAN_POINT ( 'NONE',  ( 95.26129865673041763, 15.82992782986673141, -1.000000000000000000 ) ) ;
#203 = DIRECTION ( 'NONE',  ( -1.000000000000000000, 0.000000000000000000, 0.000000000000000000 ) ) ;
#204 = CYLINDRICAL_SURFACE ( 'NONE', #1832, 1.600000000000004086 ) ;
#205 = FACE_OUTER_BOUND ( 'NONE', #201, .T. ) ;
#206 = EDGE_LOOP ( 'NONE', ( #912, #207, #393, #570 ) ) ;
#207 = ORIENTED_EDGE ( 'NONE', *, *, #422, .T. ) ;
#208 = EDGE_CURVE ( 'NONE', #1151, #429, #59, .T. ) ;
#209 = LINE ( 'NONE', #522, #989 ) ;
#210 = ORIENTED_EDGE ( 'NONE', *, *, #169, .F. ) ;
#211 = ORIENTED_EDGE ( 'NONE', *, *, #838, .F. ) ;
#212 = DIRECTION ( 'NONE',  ( 0.000000000000000000, -0.000000000000000000, -1.000000000000000000 ) ) ;
#213 = VERTEX_POINT ( 'NONE', #337 ) ;
#214 = CARTESIAN_POINT ( 'NONE',  ( 95.26129865673041763, -16.00000000000000000, 6.000000000000000000 ) ) ;
#215 = CARTESIAN_POINT ( 'NONE',  ( 59.93137082686367734, -15.50000000000000711, 6.000000000000000000 ) ) ;
#216 = DIRECTION ( 'NONE',  ( 1.000000000000000000, 0.000000000000000000, 0.000000000000000000 ) ) ;
#217 = AXIS2_PLACEMENT_3D ( 'NONE', #1273, #1611, #94 ) ;
#218 = LINE ( 'NONE', #1419, #731 ) ;
#219 = ORIENTED_EDGE ( 'NONE', *, *, #126, .T. ) ;
#220 = LINE ( 'NONE', #825, #1490 ) ;
#221 = ORIENTED_EDGE ( 'NONE', *, *, #728, .T. ) ;
#222 = VERTEX_POINT ( 'NONE', #1313 ) ;
#223 = VECTOR ( 'NONE', #1316, 1000.000000000000000 ) ;
#224 = CARTESIAN_POINT ( 'NONE',  ( 41.99999999999999289, -12.00000000000000000, 6.000000000000000000 ) ) ;
#225 = CARTESIAN_POINT ( 'NONE',  ( 42.79353932347663658, 19.82992782986672964, 6.000000000000000000 ) ) ;
#226 = VECTOR ( 'NONE', #68, 1000.000000000000000 ) ;
#227 = CARTESIAN_POINT ( 'NONE',  ( 10.00000000000000000, 10.00000000000000000, 6.000000000000000000 ) ) ;
#228 = SURFACE_STYLE_FILL_AREA ( #1568 ) ;
#229 = PLANE ( 'NONE',  #317 ) ;
#230 = AXIS2_PLACEMENT_3D ( 'NONE', #686, #139, #586 ) ;
#231 = DIRECTION ( 'NONE',  ( -0.000000000000000000, -0.000000000000000000, 1.000000000000000000 ) ) ;
#232 = EDGE_LOOP ( 'NONE', ( #801, #170 ) ) ;
#233 = VECTOR ( 'NONE', #1685, 1000.000000000000000 ) ;
#234 = PLANE ( 'NONE',  #472 ) ;
#235 = ORIENTED_EDGE ( 'NONE', *, *, #245, .F. ) ;
#236 = ORIENTED_EDGE ( 'NONE', *, *, #238, .T. ) ;
#237 = DIRECTION ( 'NONE',  ( 1.000000000000000000, 0.000000000000000000, 0.000000000000000000 ) ) ;
#238 = EDGE_CURVE ( 'NONE', #1539, #1255, #191, .T. ) ;
#239 = CARTESIAN_POINT ( 'NONE',  ( 92.07673796124537091, 13.95580200546907612, 6.000000000000000000 ) ) ;
#240 = CARTESIAN_POINT ( 'NONE',  ( 50.58031558623630275, 11.82992782986672964, -4.000000000000000000 ) ) ;
#241 = CARTESIAN_POINT ( 'NONE',  ( 62.47892689733615867, 13.61869912971759966, 6.000000000000000000 ) ) ;
#242 = VERTEX_POINT ( 'NONE', #1120 ) ;
#243 = LINE ( 'NONE', #661, #1144 ) ;
#244 = ORIENTED_EDGE ( 'NONE', *, *, #1297, .T. ) ;
#245 = EDGE_CURVE ( 'NONE', #222, #947, #1548, .T. ) ;
#246 = EDGE_CURVE ( 'NONE', #1724, #735, #1919, .T. ) ;
#247 = FACE_BOUND ( 'NONE', #588, .T. ) ;
#248 = EDGE_CURVE ( 'NONE', #160, #893, #1247, .T. ) ;
#249 = ORIENTED_EDGE ( 'NONE', *, *, #332, .F. ) ;
#250 = CARTESIAN_POINT ( 'NONE',  ( 59.93137082686367734, -15.50000000000000711, -4.000000000000000000 ) ) ;
#251 = DIRECTION ( 'NONE',  ( -0.000000000000000000, -0.000000000000000000, -1.000000000000000000 ) ) ;
#252 = FACE_OUTER_BOUND ( 'NONE', #1180, .T. ) ;
#253 = CARTESIAN_POINT ( 'NONE',  ( 57.24436556799494014, 15.21261064666438934, 6.000000000000000000 ) ) ;
#254 = CARTESIAN_POINT ( 'NONE',  ( 61.53137082686368586, -15.50000000000000711, 6.000000000000000000 ) ) ;
#255 = ORIENTED_EDGE ( 'NONE', *, *, #862, .F. ) ;
#256 = CIRCLE ( 'NONE', #1544, 2.599999999999998312 ) ;
#257 = LINE ( 'NONE', #703, #1395 ) ;
#258 = AXIS2_PLACEMENT_3D ( 'NONE', #854, #1125, #1728 ) ;
#259 = ORIENTED_EDGE ( 'NONE', *, *, #1641, .T. ) ;
#260 = ADVANCED_FACE ( 'NONE', ( #1761 ), #1614, .F. ) ;
#261 = DIRECTION ( 'NONE',  ( -0.000000000000000000, -0.000000000000000000, 1.000000000000000000 ) ) ;
#262 = FACE_OUTER_BOUND ( 'NONE', #913, .T. ) ;
#263 = VECTOR ( 'NONE', #922, 1000.000000000000000 ) ;
#264 = DIRECTION ( 'NONE',  ( -0.000000000000000000, -0.000000000000000000, -1.000000000000000000 ) ) ;
#265 = CIRCLE ( 'NONE', #633, 4.000000000000003553 ) ;
#266 = EDGE_CURVE ( 'NONE', #1478, #1114, #106, .T. ) ;
#267 = CIRCLE ( 'NONE', #1364, 29.22992782986673888 ) ;
#268 = EDGE_CURVE ( 'NONE', #1356, #146, #1625, .T. ) ;
#269 = VERTEX_POINT ( 'NONE', #1588 ) ;
#270 = VECTOR ( 'NONE', #1825, 1000.000000000000000 ) ;
#271 = CYLINDRICAL_SURFACE ( 'NONE', #674, 6.000000000000001776 ) ;
#272 = FACE_BOUND ( 'NONE', #1621, .T. ) ;
#273 = ADVANCED_FACE ( 'NONE', ( #1910 ), #525, .F. ) ;
#274 = ORIENTED_EDGE ( 'NONE', *, *, #1321, .T. ) ;
#275 = EDGE_CURVE ( 'NONE', #1862, #1114, #121, .T. ) ;
#276 = CARTESIAN_POINT ( 'NONE',  ( 91.26129865673041763, -20.00000000000000000, -1.000000000000000000 ) ) ;
#277 = DIRECTION ( 'NONE',  ( -1.000000000000000000, 0.000000000000000000, -0.000000000000000000 ) ) ;
#278 = ORIENTED_EDGE ( 'NONE', *, *, #181, .F. ) ;
#279 = CIRCLE ( 'NONE', #1176, 45.20010206398124808 ) ;
#280 = CARTESIAN_POINT ( 'NONE',  ( 57.24436556799494014, 15.21261064666438934, -1.000000000000000000 ) ) ;
#281 = AXIS2_PLACEMENT_3D ( 'NONE', #808, #835, #1442 ) ;
#282 = VERTEX_POINT ( 'NONE', #1739 ) ;
#283 = DIRECTION ( 'NONE',  ( -0.000000000000000000, -0.000000000000000000, 1.000000000000000000 ) ) ;
#284 = CIRCLE ( 'NONE', #729, 42.00010206398124524 ) ;
#285 = ORIENTED_EDGE ( 'NONE', *, *, #876, .F. ) ;
#286 = DIRECTION ( 'NONE',  ( 0.000000000000000000, -0.000000000000000000, -1.000000000000000000 ) ) ;
#287 = AXIS2_PLACEMENT_3D ( 'NONE', #1903, #1716, #501 ) ;
#288 = VECTOR ( 'NONE', #1393, 1000.000000000000000 ) ;
#289 = CARTESIAN_POINT ( 'NONE',  ( 41.46109828251464791, 16.27863524249076832, 6.000000000000000000 ) ) ;
#290 = EDGE_CURVE ( 'NONE', #585, #146, #1113, .T. ) ;
#291 = ORIENTED_EDGE ( 'NONE', *, *, #1613, .F. ) ;
#292 = DIRECTION ( 'NONE',  ( 0.000000000000000000, 0.000000000000000000, -1.000000000000000000 ) ) ;
#293 = EDGE_CURVE ( 'NONE', #421, #141, #1460, .T. ) ;
#294 = ORIENTED_EDGE ( 'NONE', *, *, #1011, .T. ) ;
#295 = EDGE_CURVE ( 'NONE', #1356, #547, #824, .T. ) ;
#296 = DIRECTION ( 'NONE',  ( 1.000000000000000000, 0.000000000000000000, 0.000000000000000000 ) ) ;
#297 = DIRECTION ( 'NONE',  ( -0.000000000000000000, -0.000000000000000000, 1.000000000000000000 ) ) ;
#298 = DIRECTION ( 'NONE',  ( -0.000000000000000000, -0.000000000000000000, 1.000000000000000000 ) ) ;
#299 = ORIENTED_EDGE ( 'NONE', *, *, #1609, .F. ) ;
#300 = DIRECTION ( 'NONE',  ( -0.000000000000000000, 0.000000000000000000, 1.000000000000000000 ) ) ;
#301 = FACE_OUTER_BOUND ( 'NONE', #887, .T. ) ;
#302 = CARTESIAN_POINT ( 'NONE',  ( 90.46811716451779262, 17.82501087327788980, -1.000000000000000000 ) ) ;
#303 = AXIS2_PLACEMENT_3D ( 'NONE', #1001, #543, #677 ) ;
#304 = ORIENTED_EDGE ( 'NONE', *, *, #246, .F. ) ;
#305 = CYLINDRICAL_SURFACE ( 'NONE', #137, 22.00000000000000711 ) ;
#306 = LINE ( 'NONE', #338, #233 ) ;
#307 = ORIENTED_EDGE ( 'NONE', *, *, #688, .F. ) ;
#308 = AXIS2_PLACEMENT_3D ( 'NONE', #91, #1416, #388 ) ;
#309 = ORIENTED_EDGE ( 'NONE', *, *, #620, .F. ) ;
#310 = CARTESIAN_POINT ( 'NONE',  ( 39.07023839397790255, 22.36806935915424077, 6.000000000000000000 ) ) ;
#311 = CIRCLE ( 'NONE', #1237, 1.600000000000004086 ) ;
#312 = ADVANCED_FACE ( 'NONE', ( #685 ), #1015, .F. ) ;
#313 = CARTESIAN_POINT ( 'NONE',  ( -6.803673753499236199, 2.671287735492296367, 6.000000000000000000 ) ) ;
#314 = CARTESIAN_POINT ( 'NONE',  ( 91.26129865673041763, -16.00000000000000000, -1.000000000000000000 ) ) ;
#315 = AXIS2_PLACEMENT_3D ( 'NONE', #1083, #1959, #1505 ) ;
#316 = APPLICATION_CONTEXT ( 'automotive_design' ) ;
#317 = AXIS2_PLACEMENT_3D ( 'NONE', #959, #1111, #540 ) ;
#318 = ORIENTED_EDGE ( 'NONE', *, *, #642, .F. ) ;
#319 = FACE_OUTER_BOUND ( 'NONE', #1769, .T. ) ;
#320 = DIRECTION ( 'NONE',  ( -0.000000000000000000, -0.000000000000000000, 1.000000000000000000 ) ) ;
#321 = ORIENTED_EDGE ( 'NONE', *, *, #1513, .T. ) ;
#322 = ORIENTED_EDGE ( 'NONE', *, *, #187, .T. ) ;
#323 = CARTESIAN_POINT ( 'NONE',  ( 50.58033865110979121, -8.000000000000000000, 6.000000000000000000 ) ) ;
#324 = EDGE_CURVE ( 'NONE', #841, #1090, #832, .T. ) ;
#325 = EDGE_CURVE ( 'NONE', #1466, #841, #865, .T. ) ;
#326 = DIRECTION ( 'NONE',  ( 2.911840083380578691E-16, -1.000000000000000000, 0.000000000000000000 ) ) ;
#327 = ORIENTED_EDGE ( 'NONE', *, *, #962, .F. ) ;
#328 = FACE_BOUND ( 'NONE', #1223, .T. ) ;
#329 = DIRECTION ( 'NONE',  ( 1.000000000000000000, 0.000000000000000000, 0.000000000000000000 ) ) ;
#330 = DIRECTION ( 'NONE',  ( 0.000000000000000000, -0.000000000000000000, -1.000000000000000000 ) ) ;
#331 = MANIFOLD_SOLID_BREP ( 'Boss-Extrude2', #1780 ) ;
#332 = EDGE_CURVE ( 'NONE', #1799, #1897, #1523, .T. ) ;
#333 = FACE_OUTER_BOUND ( 'NONE', #69, .T. ) ;
#334 = DIRECTION ( 'NONE',  ( 0.000000000000000000, 0.000000000000000000, -1.000000000000000000 ) ) ;
#335 = DIRECTION ( 'NONE',  ( 0.000000000000000000, 0.000000000000000000, -1.000000000000000000 ) ) ;
#336 = ORIENTED_EDGE ( 'NONE', *, *, #181, .T. ) ;
#337 = CARTESIAN_POINT ( 'NONE',  ( 32.56614063705823980, 38.93377233865462728, -1.000000000000000000 ) ) ;
#338 = CARTESIAN_POINT ( 'NONE',  ( 91.26129865673041763, 19.82992782986673319, 6.000000000000000000 ) ) ;
#339 = DIRECTION ( 'NONE',  ( -1.000000000000000000, 0.000000000000000000, 0.000000000000000000 ) ) ;
#340 = VERTEX_POINT ( 'NONE', #363 ) ;
#341 = CIRCLE ( 'NONE', #1305, 1.600000000000004086 ) ;
#342 = CARTESIAN_POINT ( 'NONE',  ( 20.00000000000000000, 34.00000000000000000, 0.000000000000000000 ) ) ;
#343 = ORIENTED_EDGE ( 'NONE', *, *, #1409, .F. ) ;
#344 = LINE ( 'NONE', #454, #1397 ) ;
#345 = VECTOR ( 'NONE', #860, 1000.000000000000000 ) ;
#346 = AXIS2_PLACEMENT_3D ( 'NONE', #1276, #56, #1723 ) ;
#347 = ORIENTED_EDGE ( 'NONE', *, *, #1875, .T. ) ;
#348 = DIRECTION ( 'NONE',  ( -0.000000000000000000, -0.000000000000000000, 1.000000000000000000 ) ) ;
#349 = FACE_OUTER_BOUND ( 'NONE', #492, .T. ) ;
#350 = DIRECTION ( 'NONE',  ( -0.000000000000000000, -0.000000000000000000, 1.000000000000000000 ) ) ;
#351 = AXIS2_PLACEMENT_3D ( 'NONE', #280, #697, #433 ) ;
#352 = FACE_OUTER_BOUND ( 'NONE', #1838, .T. ) ;
#353 = CARTESIAN_POINT ( 'NONE',  ( 89.38717283233275168, 16.64536713438168647, 6.000000000000000000 ) ) ;
#354 = CIRCLE ( 'NONE', #919, 3.999999999999996447 ) ;
#355 = ADVANCED_FACE ( 'NONE', ( #818 ), #204, .F. ) ;
#356 = ORIENTED_EDGE ( 'NONE', *, *, #462, .T. ) ;
#357 = CIRCLE ( 'NONE', #605, 1.600000000000004086 ) ;
#358 = ORIENTED_EDGE ( 'NONE', *, *, #529, .T. ) ;
#359 = CARTESIAN_POINT ( 'NONE',  ( 92.36129865673042616, -15.50000000000000711, 6.000000000000000000 ) ) ;
#360 = ORIENTED_EDGE ( 'NONE', *, *, #324, .F. ) ;
#361 = VERTEX_POINT ( 'NONE', #481 ) ;
#362 = DIRECTION ( 'NONE',  ( -1.000000000000000000, 0.000000000000000000, 0.000000000000000000 ) ) ;
#363 = CARTESIAN_POINT ( 'NONE',  ( 58.33137082686367592, -15.50000000000000711, 6.000000000000000000 ) ) ;
#364 =( NAMED_UNIT ( * ) SI_UNIT ( $, .STERADIAN. ) SOLID_ANGLE_UNIT ( ) );
#365 = DIRECTION ( 'NONE',  ( 0.000000000000000000, 0.000000000000000000, -1.000000000000000000 ) ) ;
#366 = EDGE_LOOP ( 'NONE', ( #1242, #1194, #1797, #1191 ) ) ;
#367 = DIRECTION ( 'NONE',  ( 0.000000000000000000, 0.000000000000000000, 1.000000000000000000 ) ) ;
#368 = ORIENTED_EDGE ( 'NONE', *, *, #554, .T. ) ;
#369 = DIRECTION ( 'NONE',  ( 1.000000000000000000, 0.000000000000000000, 0.000000000000000000 ) ) ;
#370 = ORIENTED_EDGE ( 'NONE', *, *, #1130, .T. ) ;
#371 = ORIENTED_EDGE ( 'NONE', *, *, #1555, .T. ) ;
#372 = DIRECTION ( 'NONE',  ( 1.000000000000000000, 0.000000000000000000, 0.000000000000000000 ) ) ;
#373 = CARTESIAN_POINT ( 'NONE',  ( 30.00000000000000000, -10.00000000000000000, 6.000000000000000000 ) ) ;
#374 = CARTESIAN_POINT ( 'NONE',  ( 4.000000000000000000, -20.00000000000000000, 0.000000000000000000 ) ) ;
#375 = DIRECTION ( 'NONE',  ( -1.000000000000000000, 0.000000000000000000, 0.000000000000000000 ) ) ;
#376 = VECTOR ( 'NONE', #1334, 1000.000000000000000 ) ;
#377 = CARTESIAN_POINT ( 'NONE',  ( 20.00000000000000000, 34.00000000000000000, -1.000000000000000000 ) ) ;
#378 = ORIENTED_EDGE ( 'NONE', *, *, #1384, .T. ) ;
#379 = CARTESIAN_POINT ( 'NONE',  ( 0.000000000000000000, -12.00000000000000000, 6.000000000000000000 ) ) ;
#380 = EDGE_CURVE ( 'NONE', #1141, #681, #1713, .T. ) ;
#381 = ORIENTED_EDGE ( 'NONE', *, *, #1516, .T. ) ;
#382 = ADVANCED_FACE ( 'NONE', ( #796 ), #638, .T. ) ;
#383 = ORIENTED_EDGE ( 'NONE', *, *, #929, .F. ) ;
#384 = AXIS2_PLACEMENT_3D ( 'NONE', #1093, #334, #823 ) ;
#385 = DIRECTION ( 'NONE',  ( -1.000000000000000000, 0.000000000000000000, 0.000000000000000000 ) ) ;
#386 = SURFACE_STYLE_FILL_AREA ( #1146 ) ;
#387 = CARTESIAN_POINT ( 'NONE',  ( 29.50000000000000000, 34.00000000000000000, 0.000000000000000000 ) ) ;
#388 = DIRECTION ( 'NONE',  ( -1.000000000000000000, 0.000000000000000000, 0.000000000000000000 ) ) ;
#389 = LINE ( 'NONE', #101, #1208 ) ;
#390 = VECTOR ( 'NONE', #740, 1000.000000000000000 ) ;
#391 = ORIENTED_EDGE ( 'NONE', *, *, #1171, .T. ) ;
#392 = DIRECTION ( 'NONE',  ( -0.000000000000000000, 0.000000000000000000, 1.000000000000000000 ) ) ;
#393 = ORIENTED_EDGE ( 'NONE', *, *, #936, .T. ) ;
#394 = CIRCLE ( 'NONE', #13, 4.000000000000003553 ) ;
#395 = DIRECTION ( 'NONE',  ( 0.000000000000000000, 0.000000000000000000, 1.000000000000000000 ) ) ;
#396 = ORIENTED_EDGE ( 'NONE', *, *, #248, .F. ) ;
#397 = EDGE_CURVE ( 'NONE', #561, #1763, #1314, .T. ) ;
#398 = DIRECTION ( 'NONE',  ( -1.000000000000000000, 0.000000000000000000, 0.000000000000000000 ) ) ;
#399 = SURFACE_SIDE_STYLE ('',( #228 ) ) ;
#400 = LINE ( 'NONE', #516, #517 ) ;
#401 = CARTESIAN_POINT ( 'NONE',  ( 61.34629865673041138, -0.08500000000000695888, 6.000000000000000000 ) ) ;
#402 = VERTEX_POINT ( 'NONE', #1414 ) ;
#403 = DIRECTION ( 'NONE',  ( -0.000000000000000000, -0.000000000000000000, -1.000000000000000000 ) ) ;
#404 = VERTEX_POINT ( 'NONE', #806 ) ;
#405 =( LENGTH_UNIT ( ) NAMED_UNIT ( * ) SI_UNIT ( .MILLI., .METRE. ) );
#406 = DIRECTION ( 'NONE',  ( 1.000000000000000000, 0.000000000000000000, 0.000000000000000000 ) ) ;
#407 = DIRECTION ( 'NONE',  ( 1.000000000000000000, -0.000000000000000000, -0.000000000000000000 ) ) ;
#408 = EDGE_CURVE ( 'NONE', #146, #585, #1804, .T. ) ;
#409 = AXIS2_PLACEMENT_3D ( 'NONE', #142, #1354, #1658 ) ;
#410 = PRESENTATION_LAYER_ASSIGNMENT (  '', '', ( #1019 ) ) ;
#411 = ORIENTED_EDGE ( 'NONE', *, *, #903, .T. ) ;
#412 = ORIENTED_EDGE ( 'NONE', *, *, #461, .T. ) ;
#413 = AXIS2_PLACEMENT_3D ( 'NONE', #1352, #479, #1961 ) ;
#414 = FACE_OUTER_BOUND ( 'NONE', #1507, .T. ) ;
#415 = CIRCLE ( 'NONE', #726, 22.00000000000000000 ) ;
#416 = EDGE_CURVE ( 'NONE', #242, #361, #550, .T. ) ;
#417 = CARTESIAN_POINT ( 'NONE',  ( 10.00000000000000000, 10.00000000000000000, 6.000000000000000000 ) ) ;
#418 = AXIS2_PLACEMENT_3D ( 'NONE', #1293, #1900, #237 ) ;
#419 = VECTOR ( 'NONE', #1907, 1000.000000000000000 ) ;
#420 = AXIS2_PLACEMENT_3D ( 'NONE', #1765, #650, #216 ) ;
#421 = VERTEX_POINT ( 'NONE', #773 ) ;
#422 = EDGE_CURVE ( 'NONE', #402, #590, #415, .T. ) ;
#423 = DIRECTION ( 'NONE',  ( 1.000000000000000000, 0.000000000000000000, 0.000000000000000000 ) ) ;
#424 = DIRECTION ( 'NONE',  ( 0.000000000000000000, 0.000000000000000000, 1.000000000000000000 ) ) ;
#425 = DIRECTION ( 'NONE',  ( -1.000000000000000000, 0.000000000000000000, 0.000000000000000000 ) ) ;
#426 = ORIENTED_EDGE ( 'NONE', *, *, #1102, .F. ) ;
#427 = ORIENTED_EDGE ( 'NONE', *, *, #408, .T. ) ;
#428 = LINE ( 'NONE', #1451, #475 ) ;
#429 = VERTEX_POINT ( 'NONE', #498 ) ;
#430 = CARTESIAN_POINT ( 'NONE',  ( 29.50000000000000000, 34.00000000000000000, 6.000000000000000000 ) ) ;
#431 = EDGE_LOOP ( 'NONE', ( #1269, #1372, #486, #1891 ) ) ;
#432 = AXIS2_PLACEMENT_3D ( 'NONE', #1525, #1396, #1091 ) ;
#433 = DIRECTION ( 'NONE',  ( -1.000000000000000000, 0.000000000000000000, 0.000000000000000000 ) ) ;
#434 = EDGE_CURVE ( 'NONE', #1055, #681, #827, .T. ) ;
#435 = CYLINDRICAL_SURFACE ( 'NONE', #548, 6.000000000000001776 ) ;
#436 = ORIENTED_EDGE ( 'NONE', *, *, #688, .T. ) ;
#437 = EDGE_CURVE ( 'NONE', #1151, #1106, #1258, .T. ) ;
#438 = DIRECTION ( 'NONE',  ( -0.000000000000000000, 0.000000000000000000, 1.000000000000000000 ) ) ;
#439 = EDGE_CURVE ( 'NONE', #1075, #1423, #173, .T. ) ;
#440 = VECTOR ( 'NONE', #348, 1000.000000000000000 ) ;
#441 = AXIS2_PLACEMENT_3D ( 'NONE', #1270, #1701, #1426 ) ;
#442 = CIRCLE ( 'NONE', #1050, 9.499999999999998224 ) ;
#443 = ORIENTED_EDGE ( 'NONE', *, *, #78, .F. ) ;
#444 = CARTESIAN_POINT ( 'NONE',  ( 90.49754435031049127, -11.47588691394846272, -4.000000000000000000 ) ) ;
#445 = AXIS2_PLACEMENT_3D ( 'NONE', #353, #820, #92 ) ;
#446 = AXIS2_PLACEMENT_3D ( 'NONE', #1121, #684, #372 ) ;
#447 = DIRECTION ( 'NONE',  ( -0.000000000000000000, -0.000000000000000000, 1.000000000000000000 ) ) ;
#448 = FACE_OUTER_BOUND ( 'NONE', #533, .T. ) ;
#449 = ORIENTED_EDGE ( 'NONE', *, *, #1949, .F. ) ;
#450 = DIRECTION ( 'NONE',  ( -1.000000000000000000, 0.000000000000000000, 0.000000000000000000 ) ) ;
#451 = EDGE_CURVE ( 'NONE', #1391, #1448, #1916, .T. ) ;
#452 = EDGE_LOOP ( 'NONE', ( #1311, #1103, #945, #1461 ) ) ;
#453 = DIRECTION ( 'NONE',  ( 1.000000000000000000, 0.000000000000000000, 0.000000000000000000 ) ) ;
#454 = CARTESIAN_POINT ( 'NONE',  ( 41.99999999999999289, -12.00000000000000000, -1.000000000000000000 ) ) ;
#455 = VERTEX_POINT ( 'NONE', #1871 ) ;
#456 = CARTESIAN_POINT ( 'NONE',  ( 0.000000000000000000, 20.00000000000000000, -1.000000000000000000 ) ) ;
#457 = CARTESIAN_POINT ( 'NONE',  ( 41.99999999999999289, 11.82992782986672786, -1.000000000000000000 ) ) ;
#458 = VERTEX_POINT ( 'NONE', #933 ) ;
#459 = ORIENTED_EDGE ( 'NONE', *, *, #1497, .T. ) ;
#460 = CARTESIAN_POINT ( 'NONE',  ( 90.46811716451779262, 17.82501087327788980, -4.000000000000000000 ) ) ;
#461 = EDGE_CURVE ( 'NONE', #458, #21, #1942, .T. ) ;
#462 = EDGE_CURVE ( 'NONE', #704, #242, #74, .T. ) ;
#463 = LINE ( 'NONE', #594, #117 ) ;
#464 = LINE ( 'NONE', #604, #1918 ) ;
#465 = AXIS2_PLACEMENT_3D ( 'NONE', #1341, #1496, #878 ) ;
#466 = ORIENTED_EDGE ( 'NONE', *, *, #1751, .T. ) ;
#467 = DIRECTION ( 'NONE',  ( 1.000000000000000000, 0.000000000000000000, 0.000000000000000000 ) ) ;
#468 = FACE_OUTER_BOUND ( 'NONE', #64, .T. ) ;
#469 = EDGE_LOOP ( 'NONE', ( #1487, #1039, #1908, #1757 ) ) ;
#470 = CARTESIAN_POINT ( 'NONE',  ( 13.99999999999999822, 34.00000000000000000, -1.000000000000000000 ) ) ;
#471 = EDGE_CURVE ( 'NONE', #455, #1610, #1394, .T. ) ;
#472 = AXIS2_PLACEMENT_3D ( 'NONE', #652, #1115, #1422 ) ;
#473 = PLANE ( 'NONE',  #315 ) ;
#474 = CARTESIAN_POINT ( 'NONE',  ( 91.26129865673041763, -20.00000000000000000, 6.000000000000000000 ) ) ;
#475 = VECTOR ( 'NONE', #1945, 1000.000000000000000 ) ;
#476 = EDGE_CURVE ( 'NONE', #1379, #1420, #1179, .T. ) ;
#477 = VECTOR ( 'NONE', #251, 1000.000000000000000 ) ;
#478 = VERTEX_POINT ( 'NONE', #214 ) ;
#479 = DIRECTION ( 'NONE',  ( -0.000000000000000000, -0.000000000000000000, 1.000000000000000000 ) ) ;
#480 = DIRECTION ( 'NONE',  ( -1.000000000000000000, 0.000000000000000000, 0.000000000000000000 ) ) ;
#481 = CARTESIAN_POINT ( 'NONE',  ( 64.21837608573243017, 15.21261064666438934, -1.000000000000000000 ) ) ;
#482 = ORIENTED_EDGE ( 'NONE', *, *, #1662, .T. ) ;
#483 = DIRECTION ( 'NONE',  ( 0.000000000000000000, -0.000000000000000000, -1.000000000000000000 ) ) ;
#484 = ORIENTED_EDGE ( 'NONE', *, *, #792, .T. ) ;
#485 = DIRECTION ( 'NONE',  ( 1.000000000000000000, 0.000000000000000000, 0.000000000000000000 ) ) ;
#486 = ORIENTED_EDGE ( 'NONE', *, *, #538, .T. ) ;
#487 = FACE_BOUND ( 'NONE', #71, .T. ) ;
#488 = CARTESIAN_POINT ( 'NONE',  ( 12.59999999999999964, -10.00000000000000000, -1.000000000000000000 ) ) ;
#489 = CARTESIAN_POINT ( 'NONE',  ( 41.99999999999999289, -8.000000000000000000, 6.000000000000000000 ) ) ;
#490 = ORIENTED_EDGE ( 'NONE', *, *, #1667, .F. ) ;
#491 = DIRECTION ( 'NONE',  ( -0.000000000000000000, -0.000000000000000000, 1.000000000000000000 ) ) ;
#492 = EDGE_LOOP ( 'NONE', ( #1551, #810, #1702, #1498 ) ) ;
#493 = LINE ( 'NONE', #790, #670 ) ;
#494 = ADVANCED_FACE ( 'NONE', ( #963 ), #1301, .F. ) ;
#495 = ORIENTED_EDGE ( 'NONE', *, *, #1939, .T. ) ;
#496 = DIRECTION ( 'NONE',  ( -0.000000000000000000, -0.000000000000000000, -1.000000000000000000 ) ) ;
#497 = CARTESIAN_POINT ( 'NONE',  ( 50.58033865110979121, -12.00000000000000000, -1.000000000000000000 ) ) ;
#498 = CARTESIAN_POINT ( 'NONE',  ( 0.000000000000000000, 20.00000000000000000, -1.000000000000000000 ) ) ;
#499 = CIRCLE ( 'NONE', #409, 2.599999999999998312 ) ;
#500 = DIRECTION ( 'NONE',  ( 1.000000000000000000, 0.000000000000000000, 0.000000000000000000 ) ) ;
#501 = DIRECTION ( 'NONE',  ( 1.000000000000000000, 0.000000000000000000, 0.000000000000000000 ) ) ;
#502 = EDGE_LOOP ( 'NONE', ( #1861, #236, #1585, #235 ) ) ;
#503 = EDGE_CURVE ( 'NONE', #340, #1884, #1202, .T. ) ;
#504 = ORIENTED_EDGE ( 'NONE', *, *, #1863, .T. ) ;
#505 = FACE_OUTER_BOUND ( 'NONE', #1492, .T. ) ;
#506 = ORIENTED_EDGE ( 'NONE', *, *, #1555, .F. ) ;
#507 = AXIS2_PLACEMENT_3D ( 'NONE', #864, #852, #1439 ) ;
#508 = VERTEX_POINT ( 'NONE', #812 ) ;
#509 = COLOUR_RGB ( '',0.7921568627450980005, 0.8196078431372548767, 0.9333333333333333481 ) ;
#510 = VERTEX_POINT ( 'NONE', #1410 ) ;
#511 = CARTESIAN_POINT ( 'NONE',  ( 0.000000000000000000, 0.000000000000000000, 6.000000000000000000 ) ) ;
#512 = DIRECTION ( 'NONE',  ( 1.000000000000000000, 0.000000000000000000, 0.000000000000000000 ) ) ;
#513 = ORIENTED_EDGE ( 'NONE', *, *, #1774, .F. ) ;
#514 = CARTESIAN_POINT ( 'NONE',  ( 59.93137082686367734, -15.50000000000000711, -1.000000000000000000 ) ) ;
#515 = PLANE ( 'NONE',  #258 ) ;
#516 = CARTESIAN_POINT ( 'NONE',  ( 41.46109828251464791, 16.27863524249076832, 6.000000000000000000 ) ) ;
#517 = VECTOR ( 'NONE', #196, 1000.000000000000114 ) ;
#518 = ORIENTED_EDGE ( 'NONE', *, *, #1921, .T. ) ;
#519 = AXIS2_PLACEMENT_3D ( 'NONE', #1587, #524, #203 ) ;
#520 = DIRECTION ( 'NONE',  ( 1.000000000000000000, 0.000000000000000000, 0.000000000000000000 ) ) ;
#521 = ORIENTED_EDGE ( 'NONE', *, *, #32, .T. ) ;
#522 = CARTESIAN_POINT ( 'NONE',  ( 0.000000000000000000, 0.000000000000000000, 6.000000000000000000 ) ) ;
#523 = ORIENTED_EDGE ( 'NONE', *, *, #1563, .T. ) ;
#524 = DIRECTION ( 'NONE',  ( 0.000000000000000000, 0.000000000000000000, -1.000000000000000000 ) ) ;
#525 = CYLINDRICAL_SURFACE ( 'NONE', #572, 32.42992782986674882 ) ;
#526 = CYLINDRICAL_SURFACE ( 'NONE', #1557, 2.600000000000000089 ) ;
#527 =( NAMED_UNIT ( * ) SI_UNIT ( $, .STERADIAN. ) SOLID_ANGLE_UNIT ( ) );
#528 = DIRECTION ( 'NONE',  ( -0.000000000000000000, -0.000000000000000000, 1.000000000000000000 ) ) ;
#529 = EDGE_CURVE ( 'NONE', #930, #662, #1079, .T. ) ;
#530 = CARTESIAN_POINT ( 'NONE',  ( 88.91123257211239661, -11.68472882150054915, 6.000000000000000000 ) ) ;
#531 = ORIENTED_EDGE ( 'NONE', *, *, #728, .F. ) ;
#532 = CARTESIAN_POINT ( 'NONE',  ( 50.58033865110979121, -8.000000000000000000, -4.000000000000000000 ) ) ;
#533 = EDGE_LOOP ( 'NONE', ( #131, #523, #1707, #901 ) ) ;
#534 = ORIENTED_EDGE ( 'NONE', *, *, #1458, .T. ) ;
#535 = ORIENTED_EDGE ( 'NONE', *, *, #648, .F. ) ;
#536 = CARTESIAN_POINT ( 'NONE',  ( 95.26129865673041763, 15.82992782986673141, -1.000000000000000000 ) ) ;
#537 = CARTESIAN_POINT ( 'NONE',  ( 41.99999999999999289, 7.829927829866729638, 6.000000000000000000 ) ) ;
#538 = EDGE_CURVE ( 'NONE', #508, #138, #1433, .T. ) ;
#539 = CARTESIAN_POINT ( 'NONE',  ( 57.10491637959868427, 16.80652216361120566, 6.000000000000000000 ) ) ;
#540 = DIRECTION ( 'NONE',  ( 0.000000000000000000, 0.000000000000000000, 1.000000000000000000 ) ) ;
#541 = CIRCLE ( 'NONE', #978, 13.50000000000000000 ) ;
#542 = ORIENTED_EDGE ( 'NONE', *, *, #295, .F. ) ;
#543 = DIRECTION ( 'NONE',  ( 0.000000000000000000, 0.000000000000000000, -1.000000000000000000 ) ) ;
#544 = ORIENTED_EDGE ( 'NONE', *, *, #1082, .F. ) ;
#545 = ADVANCED_FACE ( 'NONE', ( #505 ), #234, .F. ) ;
#546 = CARTESIAN_POINT ( 'NONE',  ( 54.39048634428219486, -6.782307692307695035, -1.000000000000000000 ) ) ;
#547 = VERTEX_POINT ( 'NONE', #1582 ) ;
#548 = AXIS2_PLACEMENT_3D ( 'NONE', #178, #297, #467 ) ;
#549 = DIRECTION ( 'NONE',  ( -0.000000000000000000, -0.000000000000000000, -1.000000000000000000 ) ) ;
#550 = CIRCLE ( 'NONE', #756, 1.600000000000011191 ) ;
#551 = CARTESIAN_POINT ( 'NONE',  ( 50.58031558623630275, 11.82992782986672964, 6.000000000000000000 ) ) ;
#552 = DIRECTION ( 'NONE',  ( 0.000000000000000000, 0.000000000000000000, -1.000000000000000000 ) ) ;
#553 = DIRECTION ( 'NONE',  ( -0.000000000000000000, -0.000000000000000000, 1.000000000000000000 ) ) ;
#554 = EDGE_CURVE ( 'NONE', #735, #478, #1594, .T. ) ;
#555 = VECTOR ( 'NONE', #920, 1000.000000000000000 ) ;
#556 = AXIS2_PLACEMENT_3D ( 'NONE', #1874, #659, #1126 ) ;
#557 = LINE ( 'NONE', #254, #1722 ) ;
#558 = VERTEX_POINT ( 'NONE', #359 ) ;
#559 = AXIS2_PLACEMENT_3D ( 'NONE', #1413, #60, #385 ) ;
#560 = CARTESIAN_POINT ( 'NONE',  ( 95.26129865673041763, 0.000000000000000000, 6.000000000000000000 ) ) ;
#561 = VERTEX_POINT ( 'NONE', #842 ) ;
#562 = SURFACE_SIDE_STYLE ('',( #386 ) ) ;
#563 = DIRECTION ( 'NONE',  ( -0.000000000000000000, -0.000000000000000000, -1.000000000000000000 ) ) ;
#564 = DIRECTION ( 'NONE',  ( 0.000000000000000000, 0.000000000000000000, -1.000000000000000000 ) ) ;
#565 = VERTEX_POINT ( 'NONE', #1572 ) ;
#566 = ORIENTED_EDGE ( 'NONE', *, *, #1085, .F. ) ;
#567 = EDGE_CURVE ( 'NONE', #1106, #1141, #209, .T. ) ;
#568 = CARTESIAN_POINT ( 'NONE',  ( 89.34629865673041138, -0.08500000000000867972, -4.000000000000000000 ) ) ;
#569 = CARTESIAN_POINT ( 'NONE',  ( 75.34629865673041138, -0.08500000000000867972, 6.000000000000000000 ) ) ;
#570 = ORIENTED_EDGE ( 'NONE', *, *, #1706, .F. ) ;
#571 = ORIENTED_EDGE ( 'NONE', *, *, #936, .F. ) ;
#572 = AXIS2_PLACEMENT_3D ( 'NONE', #250, #261, #89 ) ;
#573 = DIRECTION ( 'NONE',  ( 1.000000000000000000, 0.000000000000000000, 0.000000000000000000 ) ) ;
#574 = AXIS2_PLACEMENT_3D ( 'NONE', #1882, #664, #200 ) ;
#575 = FACE_BOUND ( 'NONE', #1100, .T. ) ;
#576 = AXIS2_PLACEMENT_3D ( 'NONE', #778, #186, #47 ) ;
#577 = CIRCLE ( 'NONE', #80, 3.999999999999996447 ) ;
#578 = AXIS2_PLACEMENT_3D ( 'NONE', #943, #179, #329 ) ;
#579 = ORIENTED_EDGE ( 'NONE', *, *, #567, .T. ) ;
#580 = CARTESIAN_POINT ( 'NONE',  ( 0.000000000000000000, -20.00000000000000000, 6.000000000000000000 ) ) ;
#581 = CARTESIAN_POINT ( 'NONE',  ( 62.61837608573242164, 15.21261064666438934, -4.000000000000000000 ) ) ;
#582 = DIRECTION ( 'NONE',  ( 0.000000000000000000, 0.000000000000000000, -1.000000000000000000 ) ) ;
#583 = ADVANCED_FACE ( 'NONE', ( #975 ), #1446, .F. ) ;
#584 = EDGE_CURVE ( 'NONE', #1883, #282, #220, .T. ) ;
#585 = VERTEX_POINT ( 'NONE', #679 ) ;
#586 = DIRECTION ( 'NONE',  ( -1.000000000000000000, 0.000000000000000000, 0.000000000000000000 ) ) ;
#587 = ADVANCED_FACE ( 'NONE', ( #693 ), #1895, .F. ) ;
#588 = EDGE_LOOP ( 'NONE', ( #1519, #358, #1129, #1630, #1718, #164, #1133, #1302, #318, #1383 ) ) ;
#589 = EDGE_CURVE ( 'NONE', #1391, #1075, #1746, .T. ) ;
#590 = VERTEX_POINT ( 'NONE', #546 ) ;
#591 = DIRECTION ( 'NONE',  ( 1.000000000000000000, 0.000000000000000000, 0.000000000000000000 ) ) ;
#592 = ORIENTED_EDGE ( 'NONE', *, *, #1852, .T. ) ;
#593 = ORIENTED_EDGE ( 'NONE', *, *, #1946, .T. ) ;
#594 = CARTESIAN_POINT ( 'NONE',  ( 27.40000000000000213, -10.00000000000000000, 6.000000000000000000 ) ) ;
#595 = CIRCLE ( 'NONE', #623, 4.000000000000003553 ) ;
#596 = FACE_OUTER_BOUND ( 'NONE', #206, .T. ) ;
#597 = CARTESIAN_POINT ( 'NONE',  ( 7.400000000000000355, -10.00000000000000000, 6.000000000000000000 ) ) ;
#598 = CARTESIAN_POINT ( 'NONE',  ( 59.93137082686367734, -15.50000000000000711, -1.000000000000000000 ) ) ;
#599 = EDGE_CURVE ( 'NONE', #508, #955, #442, .T. ) ;
#600 = AXIS2_PLACEMENT_3D ( 'NONE', #1533, #1109, #193 ) ;
#601 = ORIENTED_EDGE ( 'NONE', *, *, #1006, .T. ) ;
#602 = DIRECTION ( 'NONE',  ( 0.000000000000000000, -0.000000000000000000, -1.000000000000000000 ) ) ;
#603 = AXIS2_PLACEMENT_3D ( 'NONE', #1889, #1260, #1729 ) ;
#604 = CARTESIAN_POINT ( 'NONE',  ( 32.56614063705823980, 38.93377233865462728, 6.000000000000000000 ) ) ;
#605 = AXIS2_PLACEMENT_3D ( 'NONE', #1429, #1628, #1593 ) ;
#606 = ORIENTED_EDGE ( 'NONE', *, *, #78, .T. ) ;
#607 = CARTESIAN_POINT ( 'NONE',  ( 13.99999999999999822, 34.00000000000000000, 0.000000000000000000 ) ) ;
#608 = LINE ( 'NONE', #192, #999 ) ;
#609 = ORIENTED_EDGE ( 'NONE', *, *, #1809, .F. ) ;
#610 = PLANE ( 'NONE',  #1777 ) ;
#611 = CARTESIAN_POINT ( 'NONE',  ( 30.00000000000000000, -10.00000000000000000, 6.000000000000000000 ) ) ;
#612 = CARTESIAN_POINT ( 'NONE',  ( 91.26129865673041763, 15.82992782986673141, 6.000000000000000000 ) ) ;
#613 = ORIENTED_EDGE ( 'NONE', *, *, #584, .T. ) ;
#614 = FACE_OUTER_BOUND ( 'NONE', #1499, .T. ) ;
#615 = CARTESIAN_POINT ( 'NONE',  ( 59.93137082686367734, -15.50000000000000711, -4.000000000000000000 ) ) ;
#616 = VERTEX_POINT ( 'NONE', #748 ) ;
#617 = EDGE_CURVE ( 'NONE', #1748, #1724, #265, .T. ) ;
#618 = ORIENTED_EDGE ( 'NONE', *, *, #102, .T. ) ;
#619 = DIRECTION ( 'NONE',  ( -1.000000000000000000, -2.911840083380578691E-16, 0.000000000000000000 ) ) ;
#620 = EDGE_CURVE ( 'NONE', #1877, #402, #176, .T. ) ;
#621 = DIRECTION ( 'NONE',  ( 1.000000000000000000, 0.000000000000000000, 0.000000000000000000 ) ) ;
#622 = DIRECTION ( 'NONE',  ( -0.000000000000000000, -0.000000000000000000, -1.000000000000000000 ) ) ;
#623 = AXIS2_PLACEMENT_3D ( 'NONE', #323, #175, #776 ) ;
#624 = ORIENTED_EDGE ( 'NONE', *, *, #151, .T. ) ;
#625 = DIRECTION ( 'NONE',  ( 1.000000000000000000, 0.000000000000000000, 0.000000000000000000 ) ) ;
#626 = CARTESIAN_POINT ( 'NONE',  ( 59.93137082686367734, -15.50000000000000711, -4.000000000000000000 ) ) ;
#627 = DIRECTION ( 'NONE',  ( 1.000000000000000000, 0.000000000000000000, 0.000000000000000000 ) ) ;
#628 = EDGE_LOOP ( 'NONE', ( #843, #714, #1329, #1690 ) ) ;
#629 = VERTEX_POINT ( 'NONE', #1562 ) ;
#630 = CARTESIAN_POINT ( 'NONE',  ( 50.58031558623630275, 7.829927829866729638, -4.000000000000000000 ) ) ;
#631 = ORIENTED_EDGE ( 'NONE', *, *, #974, .F. ) ;
#632 = DIRECTION ( 'NONE',  ( -1.000000000000000000, -0.000000000000000000, -0.000000000000000000 ) ) ;
#633 = AXIS2_PLACEMENT_3D ( 'NONE', #314, #939, #1378 ) ;
#634 = VECTOR ( 'NONE', #553, 1000.000000000000000 ) ;
#635 = VERTEX_POINT ( 'NONE', #302 ) ;
#636 = CARTESIAN_POINT ( 'NONE',  ( 92.36129865673042616, -15.50000000000000711, -1.000000000000000000 ) ) ;
#637 = FACE_OUTER_BOUND ( 'NONE', #177, .T. ) ;
#638 = CYLINDRICAL_SURFACE ( 'NONE', #441, 4.000000000000000000 ) ;
#639 = VECTOR ( 'NONE', #154, 1000.000000000000000 ) ;
#640 = DIRECTION ( 'NONE',  ( 1.000000000000000000, 0.000000000000000000, 0.000000000000000000 ) ) ;
#641 = ORIENTED_EDGE ( 'NONE', *, *, #1326, .T. ) ;
#642 = EDGE_CURVE ( 'NONE', #1799, #1448, #1689, .T. ) ;
#643 = DIRECTION ( 'NONE',  ( -0.000000000000000000, 0.000000000000000000, 1.000000000000000000 ) ) ;
#644 = ORIENTED_EDGE ( 'NONE', *, *, #1158, .F. ) ;
#645 = FACE_BOUND ( 'NONE', #1411, .T. ) ;
#646 = CARTESIAN_POINT ( 'NONE',  ( 75.34629865673041138, -0.08500000000000867972, -1.000000000000000000 ) ) ;
#647 = DIRECTION ( 'NONE',  ( 0.000000000000000000, -0.000000000000000000, -1.000000000000000000 ) ) ;
#648 = EDGE_CURVE ( 'NONE', #1155, #510, #950, .T. ) ;
#649 = CARTESIAN_POINT ( 'NONE',  ( 38.00000000000000000, 7.829927829866727862, 6.000000000000000000 ) ) ;
#650 = DIRECTION ( 'NONE',  ( 0.000000000000000000, 0.000000000000000000, 1.000000000000000000 ) ) ;
#651 = ORIENTED_EDGE ( 'NONE', *, *, #736, .F. ) ;
#652 = CARTESIAN_POINT ( 'NONE',  ( 0.000000000000000000, -12.00000000000000000, -4.000000000000000000 ) ) ;
#653 = ORIENTED_EDGE ( 'NONE', *, *, #1038, .T. ) ;
#654 = CARTESIAN_POINT ( 'NONE',  ( 0.000000000000000000, -16.00000000000000000, -1.000000000000000000 ) ) ;
#655 = DIRECTION ( 'NONE',  ( -0.000000000000000000, -0.000000000000000000, -1.000000000000000000 ) ) ;
#656 = CARTESIAN_POINT ( 'NONE',  ( 62.61837608573242164, 15.21261064666438934, -1.000000000000000000 ) ) ;
#657 = AXIS2_PLACEMENT_3D ( 'NONE', #720, #1638, #277 ) ;
#658 = FACE_OUTER_BOUND ( 'NONE', #1535, .T. ) ;
#659 = DIRECTION ( 'NONE',  ( 0.000000000000000000, 0.000000000000000000, -1.000000000000000000 ) ) ;
#660 = ORIENTED_EDGE ( 'NONE', *, *, #929, .T. ) ;
#661 = CARTESIAN_POINT ( 'NONE',  ( 32.56614063705823980, 38.93377233865462728, -1.000000000000000000 ) ) ;
#662 = VERTEX_POINT ( 'NONE', #928 ) ;
#663 = VECTOR ( 'NONE', #696, 1000.000000000000000 ) ;
#664 = DIRECTION ( 'NONE',  ( 0.000000000000000000, 0.000000000000000000, 1.000000000000000000 ) ) ;
#665 = VERTEX_POINT ( 'NONE', #1095 ) ;
#666 = ORIENTED_EDGE ( 'NONE', *, *, #1890, .F. ) ;
#667 = PRODUCT_DEFINITION_SHAPE ( 'NONE', 'NONE',  #787 ) ;
#668 = CYLINDRICAL_SURFACE ( 'NONE', #1811, 4.000000000000003553 ) ;
#669 = DIRECTION ( 'NONE',  ( -1.000000000000000000, 0.000000000000000000, 0.000000000000000000 ) ) ;
#670 = VECTOR ( 'NONE', #24, 1000.000000000000000 ) ;
#671 = EDGE_CURVE ( 'NONE', #561, #1636, #1538, .T. ) ;
#672 = CARTESIAN_POINT ( 'NONE',  ( 92.08385612850858593, -11.26704500639636741, 6.000000000000000000 ) ) ;
#673 = DIRECTION ( 'NONE',  ( 0.000000000000000000, 0.000000000000000000, -1.000000000000000000 ) ) ;
#674 = AXIS2_PLACEMENT_3D ( 'NONE', #872, #112, #573 ) ;
#675 = EDGE_CURVE ( 'NONE', #1055, #213, #464, .T. ) ;
#676 = ORIENTED_EDGE ( 'NONE', *, *, #1843, .F. ) ;
#677 = DIRECTION ( 'NONE',  ( -1.000000000000000000, 0.000000000000000000, 0.000000000000000000 ) ) ;
#678 = LINE ( 'NONE', #1287, #1914 ) ;
#679 = CARTESIAN_POINT ( 'NONE',  ( 27.40000000000000213, -10.00000000000000000, -1.000000000000000000 ) ) ;
#680 = EDGE_CURVE ( 'NONE', #1423, #1600, #344, .T. ) ;
#681 = VERTEX_POINT ( 'NONE', #949 ) ;
#682 = ORIENTED_EDGE ( 'NONE', *, *, #1500, .F. ) ;
#683 = VERTEX_POINT ( 'NONE', #907 ) ;
#684 = DIRECTION ( 'NONE',  ( -0.000000000000000000, -0.000000000000000000, 1.000000000000000000 ) ) ;
#685 = FACE_OUTER_BOUND ( 'NONE', #1437, .T. ) ;
#686 = CARTESIAN_POINT ( 'NONE',  ( 10.00000000000000000, 10.00000000000000000, -1.000000000000000000 ) ) ;
#687 = DIRECTION ( 'NONE',  ( 1.000000000000000000, 7.158257364650285600E-17, 0.000000000000000000 ) ) ;
#688 = EDGE_CURVE ( 'NONE', #1880, #565, #867, .T. ) ;
#689 = ORIENTED_EDGE ( 'NONE', *, *, #938, .F. ) ;
#690 = LINE ( 'NONE', #1128, #1017 ) ;
#691 = ORIENTED_EDGE ( 'NONE', *, *, #1662, .F. ) ;
#692 = ADVANCED_FACE ( 'NONE', ( #1669 ), #168, .F. ) ;
#693 = FACE_OUTER_BOUND ( 'NONE', #104, .T. ) ;
#694 = ORIENTED_EDGE ( 'NONE', *, *, #1028, .T. ) ;
#695 = VERTEX_POINT ( 'NONE', #1529 ) ;
#696 = DIRECTION ( 'NONE',  ( -0.000000000000000000, 1.000000000000000000, -0.000000000000000000 ) ) ;
#697 = DIRECTION ( 'NONE',  ( 0.000000000000000000, 0.000000000000000000, -1.000000000000000000 ) ) ;
#698 = LINE ( 'NONE', #240, #1747 ) ;
#699 = DIRECTION ( 'NONE',  ( 0.000000000000000000, 0.000000000000000000, -1.000000000000000000 ) ) ;
#700 = CIRCLE ( 'NONE', #1386, 22.00000000000000711 ) ;
#701 = CARTESIAN_POINT ( 'NONE',  ( 50.58031558623630275, 11.82992782986672964, -1.000000000000000000 ) ) ;
#702 = EDGE_LOOP ( 'NONE', ( #1424, #55, #1586, #1823 ) ) ;
#703 = CARTESIAN_POINT ( 'NONE',  ( 93.25638170014156003, 15.03674633765412416, -4.000000000000000000 ) ) ;
#704 = VERTEX_POINT ( 'NONE', #760 ) ;
#705 = DIRECTION ( 'NONE',  ( 0.000000000000000000, 0.000000000000000000, -1.000000000000000000 ) ) ;
#706 = AXIS2_PLACEMENT_3D ( 'NONE', #537, #647, #627 ) ;
#707 = DIRECTION ( 'NONE',  ( 1.000000000000000000, 0.000000000000000000, 0.000000000000000000 ) ) ;
#708 = AXIS2_PLACEMENT_3D ( 'NONE', #1618, #1147, #1007 ) ;
#709 = AXIS2_PLACEMENT_3D ( 'NONE', #1591, #699, #809 ) ;
#710 = LINE ( 'NONE', #701, #797 ) ;
#711 = ORIENTED_EDGE ( 'NONE', *, *, #169, .T. ) ;
#712 = VECTOR ( 'NONE', #1145, 1000.000000000000000 ) ;
#713 = ADVANCED_FACE ( 'NONE', ( #35 ), #1367, .T. ) ;
#714 = ORIENTED_EDGE ( 'NONE', *, *, #1373, .T. ) ;
#715 = DIRECTION ( 'NONE',  ( 1.000000000000000000, 0.000000000000000000, 0.000000000000000000 ) ) ;
#716 = FACE_OUTER_BOUND ( 'NONE', #431, .T. ) ;
#717 = ORIENTED_EDGE ( 'NONE', *, *, #875, .F. ) ;
#718 = VERTEX_POINT ( 'NONE', #1245 ) ;
#719 = FACE_OUTER_BOUND ( 'NONE', #702, .T. ) ;
#720 = CARTESIAN_POINT ( 'NONE',  ( 91.26129865673041763, -16.00000000000000000, -1.000000000000000000 ) ) ;
#721 = VECTOR ( 'NONE', #491, 1000.000000000000000 ) ;
#722 = EDGE_LOOP ( 'NONE', ( #909, #814, #676, #1648 ) ) ;
#723 = DIRECTION ( 'NONE',  ( -0.000000000000000000, -0.000000000000000000, -1.000000000000000000 ) ) ;
#724 = CYLINDRICAL_SURFACE ( 'NONE', #1526, 9.499999999999998224 ) ;
#725 = EDGE_CURVE ( 'NONE', #119, #1151, #917, .T. ) ;
#726 = AXIS2_PLACEMENT_3D ( 'NONE', #1542, #350, #669 ) ;
#727 = PLANE ( 'NONE',  #657 ) ;
#728 = EDGE_CURVE ( 'NONE', #960, #1034, #493, .T. ) ;
#729 = AXIS2_PLACEMENT_3D ( 'NONE', #834, #1294, #883 ) ;
#730 = CIRCLE ( 'NONE', #445, 1.599999999999990319 ) ;
#731 = VECTOR ( 'NONE', #1163, 1000.000000000000000 ) ;
#732 = ORIENTED_EDGE ( 'NONE', *, *, #1012, .T. ) ;
#733 = DIRECTION ( 'NONE',  ( 0.000000000000000000, 0.000000000000000000, -1.000000000000000000 ) ) ;
#734 = ADVANCED_FACE ( 'NONE', ( #1084 ), #1679, .F. ) ;
#735 = VERTEX_POINT ( 'NONE', #474 ) ;
#736 = EDGE_CURVE ( 'NONE', #1712, #1930, #1363, .T. ) ;
#737 = CARTESIAN_POINT ( 'NONE',  ( 54.58031558623630275, 7.829927829866729638, -4.000000000000000000 ) ) ;
#738 = ORIENTED_EDGE ( 'NONE', *, *, #599, .F. ) ;
#739 = VERTEX_POINT ( 'NONE', #1400 ) ;
#740 = DIRECTION ( 'NONE',  ( -0.000000000000000000, -0.000000000000000000, 1.000000000000000000 ) ) ;
#741 = ADVANCED_FACE ( 'NONE', ( #1854 ), #1803, .T. ) ;
#742 = CARTESIAN_POINT ( 'NONE',  ( -7.427134006769055409E-16, 11.82992782986672609, -4.000000000000000000 ) ) ;
#743 = ORIENTED_EDGE ( 'NONE', *, *, #266, .F. ) ;
#744 = FACE_BOUND ( 'NONE', #1178, .T. ) ;
#745 = ORIENTED_EDGE ( 'NONE', *, *, #554, .F. ) ;
#746 = AXIS2_PLACEMENT_3D ( 'NONE', #417, #438, #591 ) ;
#747 = DIRECTION ( 'NONE',  ( -0.9308252323746843970, 0.3654646176781204403, 0.000000000000000000 ) ) ;
#748 = CARTESIAN_POINT ( 'NONE',  ( 61.34629865673041138, -0.08500000000000695888, -1.000000000000000000 ) ) ;
#749 = EDGE_CURVE ( 'NONE', #547, #585, #463, .T. ) ;
#750 = EDGE_LOOP ( 'NONE', ( #618, #711, #1749, #495 ) ) ;
#751 = FACE_BOUND ( 'NONE', #1584, .T. ) ;
#752 = DIRECTION ( 'NONE',  ( 1.000000000000000000, 0.000000000000000000, 0.000000000000000000 ) ) ;
#753 = VERTEX_POINT ( 'NONE', #1678 ) ;
#754 = DIRECTION ( 'NONE',  ( 0.000000000000000000, 0.000000000000000000, 1.000000000000000000 ) ) ;
#755 = AXIS2_PLACEMENT_3D ( 'NONE', #1402, #1846, #1699 ) ;
#756 = AXIS2_PLACEMENT_3D ( 'NONE', #656, #73, #339 ) ;
#757 = AXIS2_PLACEMENT_3D ( 'NONE', #1218, #769, #1070 ) ;
#758 = LINE ( 'NONE', #1501, #1943 ) ;
#759 = ADVANCED_FACE ( 'NONE', ( #144 ), #1061, .F. ) ;
#760 = CARTESIAN_POINT ( 'NONE',  ( 57.10491637959868427, 16.80652216361120566, -1.000000000000000000 ) ) ;
#761 = ORIENTED_EDGE ( 'NONE', *, *, #1225, .T. ) ;
#762 = FACE_BOUND ( 'NONE', #1222, .T. ) ;
#763 = DIRECTION ( 'NONE',  ( -0.000000000000000000, -0.000000000000000000, -1.000000000000000000 ) ) ;
#764 = EDGE_LOOP ( 'NONE', ( #125, #926, #309, #984 ) ) ;
#765 = ORIENTED_EDGE ( 'NONE', *, *, #1609, .T. ) ;
#766 = EDGE_CURVE ( 'NONE', #616, #1564, #1668, .T. ) ;
#767 = CARTESIAN_POINT ( 'NONE',  ( 58.33137082686367592, -15.50000000000000711, -1.000000000000000000 ) ) ;
#768 = DIRECTION ( 'NONE',  ( -0.000000000000000000, -0.000000000000000000, -1.000000000000000000 ) ) ;
#769 = DIRECTION ( 'NONE',  ( 0.000000000000000000, 0.000000000000000000, -1.000000000000000000 ) ) ;
#770 = ORIENTED_EDGE ( 'NONE', *, *, #567, .F. ) ;
#771 = DIRECTION ( 'NONE',  ( -0.9308252323746843970, -0.3654646176781204403, 0.000000000000000000 ) ) ;
#772 = LINE ( 'NONE', #1088, #1244 ) ;
#773 = CARTESIAN_POINT ( 'NONE',  ( 38.00000000000000000, -8.000000000000001776, -1.000000000000000000 ) ) ;
#774 = VERTEX_POINT ( 'NONE', #1210 ) ;
#775 = ORIENTED_EDGE ( 'NONE', *, *, #268, .T. ) ;
#776 = DIRECTION ( 'NONE',  ( 1.000000000000000000, -1.431146867680864591E-14, 0.000000000000000000 ) ) ;
#777 = ORIENTED_EDGE ( 'NONE', *, *, #248, .T. ) ;
#778 = CARTESIAN_POINT ( 'NONE',  ( 59.93137082686367734, -15.50000000000000711, -1.000000000000000000 ) ) ;
#779 = VECTOR ( 'NONE', #283, 1000.000000000000000 ) ;
#780 =( GEOMETRIC_REPRESENTATION_CONTEXT ( 3 ) GLOBAL_UNCERTAINTY_ASSIGNED_CONTEXT ( ( #1333 ) ) GLOBAL_UNIT_ASSIGNED_CONTEXT ( ( #1715, #100, #364 ) ) REPRESENTATION_CONTEXT ( 'NONE', 'WORKASPACE' ) );
#781 = ORIENTED_EDGE ( 'NONE', *, *, #268, .F. ) ;
#782 = PLANE ( 'NONE',  #1467 ) ;
#783 = LINE ( 'NONE', #1541, #639 ) ;
#784 = DIRECTION ( 'NONE',  ( -0.000000000000000000, -0.000000000000000000, 1.000000000000000000 ) ) ;
#785 = LINE ( 'NONE', #1703, #1795 ) ;
#786 = ADVANCED_FACE ( 'NONE', ( #1357 ), #1198, .F. ) ;
#787 = PRODUCT_DEFINITION ( 'UNKNOWN', '', #1512, #2 ) ;
#788 = VERTEX_POINT ( 'NONE', #1069 ) ;
#789 = VECTOR ( 'NONE', #330, 1000.000000000000000 ) ;
#790 = CARTESIAN_POINT ( 'NONE',  ( 32.59999999999999432, 10.00000000000000000, 6.000000000000000000 ) ) ;
#791 = AXIS2_PLACEMENT_3D ( 'NONE', #580, #1189, #1136 ) ;
#792 = EDGE_CURVE ( 'NONE', #242, #1420, #758, .T. ) ;
#793 = ORIENTED_EDGE ( 'NONE', *, *, #725, .T. ) ;
#794 = CARTESIAN_POINT ( 'NONE',  ( 7.400000000000000355, 10.00000000000000000, 6.000000000000000000 ) ) ;
#795 = PLANE ( 'NONE',  #1365 ) ;
#796 = FACE_OUTER_BOUND ( 'NONE', #1534, .T. ) ;
#797 = VECTOR ( 'NONE', #407, 1000.000000000000000 ) ;
#798 = ORIENTED_EDGE ( 'NONE', *, *, #1031, .F. ) ;
#799 = DIRECTION ( 'NONE',  ( 1.000000000000000000, 0.000000000000000000, 0.000000000000000000 ) ) ;
#800 = CARTESIAN_POINT ( 'NONE',  ( 89.34629865673041138, -0.08500000000000867972, 6.000000000000000000 ) ) ;
#801 = ORIENTED_EDGE ( 'NONE', *, *, #1843, .T. ) ;
#802 = CARTESIAN_POINT ( 'NONE',  ( 59.93137082686367734, -15.50000000000000711, 6.000000000000000000 ) ) ;
#803 = ORIENTED_EDGE ( 'NONE', *, *, #1731, .F. ) ;
#804 = DIRECTION ( 'NONE',  ( 0.000000000000000000, 1.000000000000000000, -0.000000000000000000 ) ) ;
#805 = DIRECTION ( 'NONE',  ( 0.000000000000000000, 0.000000000000000000, -1.000000000000000000 ) ) ;
#806 = CARTESIAN_POINT ( 'NONE',  ( 91.26129865673041763, 19.82992782986673319, -1.000000000000000000 ) ) ;
#807 = ADVANCED_FACE ( 'NONE', ( #301 ), #1217, .F. ) ;
#808 = CARTESIAN_POINT ( 'NONE',  ( 20.00000000000000000, 34.00000000000000000, 6.000000000000000000 ) ) ;
#809 = DIRECTION ( 'NONE',  ( -1.000000000000000000, 0.000000000000000000, 0.000000000000000000 ) ) ;
#810 = ORIENTED_EDGE ( 'NONE', *, *, #876, .T. ) ;
#811 = ORIENTED_EDGE ( 'NONE', *, *, #471, .T. ) ;
#812 = CARTESIAN_POINT ( 'NONE',  ( 10.50000000000000178, 34.00000000000000000, 6.000000000000000000 ) ) ;
#813 = EDGE_CURVE ( 'NONE', #67, #558, #918, .T. ) ;
#814 = ORIENTED_EDGE ( 'NONE', *, *, #1890, .T. ) ;
#815 = ORIENTED_EDGE ( 'NONE', *, *, #813, .T. ) ;
#816 = AXIS2_PLACEMENT_3D ( 'NONE', #342, #300, #640 ) ;
#817 = CYLINDRICAL_SURFACE ( 'NONE', #446, 1.600000000000004086 ) ;
#818 = FACE_OUTER_BOUND ( 'NONE', #87, .T. ) ;
#819 = MECHANICAL_DESIGN_GEOMETRIC_PRESENTATION_REPRESENTATION (  '', ( #1019 ), #1936 ) ;
#820 = DIRECTION ( 'NONE',  ( 0.000000000000000000, 0.000000000000000000, 1.000000000000000000 ) ) ;
#821 = ORIENTED_EDGE ( 'NONE', *, *, #1560, .F. ) ;
#822 = DIRECTION ( 'NONE',  ( -0.000000000000000000, -0.000000000000000000, -1.000000000000000000 ) ) ;
#823 = DIRECTION ( 'NONE',  ( -1.000000000000000000, 0.000000000000000000, 0.000000000000000000 ) ) ;
#824 = CIRCLE ( 'NONE', #1077, 2.599999999999998312 ) ;
#825 = CARTESIAN_POINT ( 'NONE',  ( 39.07023839397790255, 22.36806935915424788, 6.000000000000000000 ) ) ;
#826 = ORIENTED_EDGE ( 'NONE', *, *, #1171, .F. ) ;
#827 = CIRCLE ( 'NONE', #1651, 13.50000000000000178 ) ;
#828 = EDGE_CURVE ( 'NONE', #1348, #774, #1632, .T. ) ;
#829 = VECTOR ( 'NONE', #326, 1000.000000000000000 ) ;
#830 = ORIENTED_EDGE ( 'NONE', *, *, #1373, .F. ) ;
#831 = LINE ( 'NONE', #536, #712 ) ;
#832 = LINE ( 'NONE', #110, #37 ) ;
#833 = CIRCLE ( 'NONE', #287, 1.600000000000004086 ) ;
#834 = CARTESIAN_POINT ( 'NONE',  ( 59.93137082686367734, -15.50000000000000711, -1.000000000000000000 ) ) ;
#835 = DIRECTION ( 'NONE',  ( -0.000000000000000000, -0.000000000000000000, -1.000000000000000000 ) ) ;
#836 = CARTESIAN_POINT ( 'NONE',  ( 50.58033865110979121, -8.000000000000000000, -1.000000000000000000 ) ) ;
#837 = AXIS2_PLACEMENT_3D ( 'NONE', #615, #1509, #752 ) ;
#838 = EDGE_CURVE ( 'NONE', #1132, #1564, #1181, .T. ) ;
#839 = CARTESIAN_POINT ( 'NONE',  ( 75.34629865673041138, -0.08500000000000867972, 6.000000000000000000 ) ) ;
#840 = VERTEX_POINT ( 'NONE', #1228 ) ;
#841 = VERTEX_POINT ( 'NONE', #1349 ) ;
#842 = CARTESIAN_POINT ( 'NONE',  ( 88.91123257211239661, -11.68472882150054737, -1.000000000000000000 ) ) ;
#843 = ORIENTED_EDGE ( 'NONE', *, *, #766, .F. ) ;
#844 = ORIENTED_EDGE ( 'NONE', *, *, #324, .T. ) ;
#845 = CARTESIAN_POINT ( 'NONE',  ( 90.89709422234916758, 12.87485767328402986, -1.000000000000000000 ) ) ;
#846 = APPLICATION_PROTOCOL_DEFINITION ( 'draft international standard', 'automotive_design', 1998, #968 ) ;
#847 = CARTESIAN_POINT ( 'NONE',  ( 30.00000000000000000, 10.00000000000000000, 6.000000000000000000 ) ) ;
#848 = DIRECTION ( 'NONE',  ( 1.000000000000000000, 0.000000000000000000, 0.000000000000000000 ) ) ;
#849 = ORIENTED_EDGE ( 'NONE', *, *, #1384, .F. ) ;
#850 = DIRECTION ( 'NONE',  ( 1.000000000000000000, 0.000000000000000000, 0.000000000000000000 ) ) ;
#851 = EDGE_LOOP ( 'NONE', ( #174, #165 ) ) ;
#852 = DIRECTION ( 'NONE',  ( 0.000000000000000000, 0.000000000000000000, -1.000000000000000000 ) ) ;
#853 = CARTESIAN_POINT ( 'NONE',  ( 7.400000000000000355, 10.00000000000000000, -1.000000000000000000 ) ) ;
#854 = CARTESIAN_POINT ( 'NONE',  ( 95.26129865673041763, 0.000000000000000000, 6.000000000000000000 ) ) ;
#855 = DIRECTION ( 'NONE',  ( -1.000000000000000000, 0.000000000000000000, 0.000000000000000000 ) ) ;
#856 = CIRCLE ( 'NONE', #1511, 32.42992782986674172 ) ;
#857 = ADVANCED_FACE ( 'NONE', ( #1830, #897 ), #473, .F. ) ;
#858 = DIRECTION ( 'NONE',  ( -0.000000000000000000, -0.000000000000000000, -1.000000000000000000 ) ) ;
#859 = ORIENTED_EDGE ( 'NONE', *, *, #109, .F. ) ;
#860 = DIRECTION ( 'NONE',  ( 0.000000000000000000, 1.000000000000000000, 0.000000000000000000 ) ) ;
#861 = VERTEX_POINT ( 'NONE', #149 ) ;
#862 = EDGE_CURVE ( 'NONE', #222, #1539, #1206, .T. ) ;
#863 = ADVANCED_FACE ( 'NONE', ( #1036 ), #996, .F. ) ;
#864 = CARTESIAN_POINT ( 'NONE',  ( 30.00000000000000000, -10.00000000000000000, -1.000000000000000000 ) ) ;
#865 = CIRCLE ( 'NONE', #916, 1.600000000000004086 ) ;
#866 = DIRECTION ( 'NONE',  ( 1.000000000000000000, 0.000000000000000000, 0.000000000000000000 ) ) ;
#867 = CIRCLE ( 'NONE', #576, 1.600000000000004086 ) ;
#868 = CIRCLE ( 'NONE', #420, 1.600000000000004086 ) ;
#869 = FACE_BOUND ( 'NONE', #851, .T. ) ;
#870 = CIRCLE ( 'NONE', #1436, 32.42992782986674172 ) ;
#871 = ORIENTED_EDGE ( 'NONE', *, *, #1376, .F. ) ;
#872 = CARTESIAN_POINT ( 'NONE',  ( 20.00000000000000000, 34.00000000000000000, -1.000000000000000000 ) ) ;
#873 = FACE_BOUND ( 'NONE', #1253, .T. ) ;
#874 = VERTEX_POINT ( 'NONE', #672 ) ;
#875 = EDGE_CURVE ( 'NONE', #1141, #429, #428, .T. ) ;
#876 = EDGE_CURVE ( 'NONE', #961, #1603, #284, .T. ) ;
#877 = DIRECTION ( 'NONE',  ( -0.000000000000000000, -0.000000000000000000, 1.000000000000000000 ) ) ;
#878 = DIRECTION ( 'NONE',  ( -1.000000000000000000, 0.000000000000000000, 0.000000000000000000 ) ) ;
#879 = VECTOR ( 'NONE', #1346, 1000.000000000000000 ) ;
#880 = ADVANCED_FACE ( 'NONE', ( #1337 ), #526, .F. ) ;
#881 = VECTOR ( 'NONE', #53, 1000.000000000000000 ) ;
#882 = ORIENTED_EDGE ( 'NONE', *, *, #1199, .F. ) ;
#883 = DIRECTION ( 'NONE',  ( -1.000000000000000000, 0.000000000000000000, 0.000000000000000000 ) ) ;
#884 = ADVANCED_FACE ( 'NONE', ( #90 ), #1441, .F. ) ;
#885 = AXIS2_PLACEMENT_3D ( 'NONE', #39, #1816, #1046 ) ;
#886 = SHAPE_DEFINITION_REPRESENTATION ( #667, #1866 ) ;
#887 = EDGE_LOOP ( 'NONE', ( #381, #761, #46, #411 ) ) ;
#888 =( GEOMETRIC_REPRESENTATION_CONTEXT ( 3 ) GLOBAL_UNCERTAINTY_ASSIGNED_CONTEXT ( ( #1345 ) ) GLOBAL_UNIT_ASSIGNED_CONTEXT ( ( #405, #1450, #1550 ) ) REPRESENTATION_CONTEXT ( 'NONE', 'WORKASPACE' ) );
#889 = DIRECTION ( 'NONE',  ( -0.000000000000000000, 0.000000000000000000, 1.000000000000000000 ) ) ;
#890 = AXIS2_PLACEMENT_3D ( 'NONE', #444, #1813, #453 ) ;
#891 = AXIS2_PLACEMENT_3D ( 'NONE', #27, #1403, #40 ) ;
#892 = EDGE_CURVE ( 'NONE', #1278, #1096, #1878, .T. ) ;
#893 = VERTEX_POINT ( 'NONE', #75 ) ;
#894 = CARTESIAN_POINT ( 'NONE',  ( 10.00000000000000000, -10.00000000000000000, -1.000000000000000000 ) ) ;
#895 = LINE ( 'NONE', #1684, #263 ) ;
#896 = DIRECTION ( 'NONE',  ( -1.000000000000000000, 0.000000000000000000, 0.000000000000000000 ) ) ;
#897 = FACE_BOUND ( 'NONE', #232, .T. ) ;
#898 = ORIENTED_EDGE ( 'NONE', *, *, #102, .F. ) ;
#899 = CYLINDRICAL_SURFACE ( 'NONE', #1629, 1.600000000000004086 ) ;
#900 = DIRECTION ( 'NONE',  ( 1.000000000000000000, 1.255651617420345072E-16, 0.000000000000000000 ) ) ;
#901 = ORIENTED_EDGE ( 'NONE', *, *, #1376, .T. ) ;
#902 = DIRECTION ( 'NONE',  ( 1.000000000000000000, 0.000000000000000000, 0.000000000000000000 ) ) ;
#903 = EDGE_CURVE ( 'NONE', #21, #704, #1805, .T. ) ;
#904 = CIRCLE ( 'NONE', #66, 1.600000000000004086 ) ;
#905 = ORIENTED_EDGE ( 'NONE', *, *, #538, .F. ) ;
#906 = DIRECTION ( 'NONE',  ( -0.3654646176781204403, -0.9308252323746843970, 0.000000000000000000 ) ) ;
#907 = CARTESIAN_POINT ( 'NONE',  ( 50.58031558623630275, 11.82992782986672964, -1.000000000000000000 ) ) ;
#908 = CIRCLE ( 'NONE', #33, 32.42992782986674882 ) ;
#909 = ORIENTED_EDGE ( 'NONE', *, *, #1560, .T. ) ;
#910 = CARTESIAN_POINT ( 'NONE',  ( 32.59999999999999432, -10.00000000000000000, -1.000000000000000000 ) ) ;
#911 = DIRECTION ( 'NONE',  ( -0.000000000000000000, -0.000000000000000000, -1.000000000000000000 ) ) ;
#912 = ORIENTED_EDGE ( 'NONE', *, *, #620, .T. ) ;
#913 = EDGE_LOOP ( 'NONE', ( #1324, #221, #155, #443 ) ) ;
#914 = CIRCLE ( 'NONE', #384, 2.599999999999998312 ) ;
#915 = FACE_OUTER_BOUND ( 'NONE', #764, .T. ) ;
#916 = AXIS2_PLACEMENT_3D ( 'NONE', #1924, #705, #1306 ) ;
#917 = CIRCLE ( 'NONE', #757, 4.000000000000000000 ) ;
#918 = LINE ( 'NONE', #15, #390 ) ;
#919 = AXIS2_PLACEMENT_3D ( 'NONE', #836, #970, #77 ) ;
#920 = DIRECTION ( 'NONE',  ( 0.000000000000000000, 0.000000000000000000, -1.000000000000000000 ) ) ;
#921 = ORIENTED_EDGE ( 'NONE', *, *, #434, .F. ) ;
#922 = DIRECTION ( 'NONE',  ( -0.000000000000000000, -0.000000000000000000, -1.000000000000000000 ) ) ;
#923 = CARTESIAN_POINT ( 'NONE',  ( 59.93137082686367734, -15.50000000000000711, 6.000000000000000000 ) ) ;
#924 = CARTESIAN_POINT ( 'NONE',  ( 90.49754435031049127, -11.47588691394846272, -1.000000000000000000 ) ) ;
#925 = ORIENTED_EDGE ( 'NONE', *, *, #642, .T. ) ;
#926 = ORIENTED_EDGE ( 'NONE', *, *, #1440, .T. ) ;
#927 = CARTESIAN_POINT ( 'NONE',  ( 30.00000000000000000, -10.00000000000000000, 6.000000000000000000 ) ) ;
#928 = CARTESIAN_POINT ( 'NONE',  ( 54.58031558623630275, 7.829927829866729638, 6.000000000000000000 ) ) ;
#929 = EDGE_CURVE ( 'NONE', #695, #119, #1650, .T. ) ;
#930 = VERTEX_POINT ( 'NONE', #551 ) ;
#931 = CARTESIAN_POINT ( 'NONE',  ( 88.30622850014768233, 15.46572339548549202, -4.000000000000000000 ) ) ;
#932 = CARTESIAN_POINT ( 'NONE',  ( 91.26129865673041763, 15.82992782986673141, -1.000000000000000000 ) ) ;
#933 = CARTESIAN_POINT ( 'NONE',  ( 62.47892689733615867, 13.61869912971759611, -1.000000000000000000 ) ) ;
#934 = EDGE_CURVE ( 'NONE', #662, #1877, #1277, .T. ) ;
#935 = CYLINDRICAL_SURFACE ( 'NONE', #30, 3.999999999999996447 ) ;
#936 = EDGE_CURVE ( 'NONE', #590, #739, #1606, .T. ) ;
#937 = ORIENTED_EDGE ( 'NONE', *, *, #1127, .F. ) ;
#938 = EDGE_CURVE ( 'NONE', #681, #840, #1192, .T. ) ;
#939 = DIRECTION ( 'NONE',  ( 0.000000000000000000, 0.000000000000000000, -1.000000000000000000 ) ) ;
#940 = VECTOR ( 'NONE', #43, 1000.000000000000000 ) ;
#941 = ORIENTED_EDGE ( 'NONE', *, *, #1207, .T. ) ;
#942 = CARTESIAN_POINT ( 'NONE',  ( 12.59999999999999964, 10.00000000000000000, 6.000000000000000000 ) ) ;
#943 = CARTESIAN_POINT ( 'NONE',  ( 20.00000000000000000, 34.00000000000000000, 6.000000000000000000 ) ) ;
#944 = DIRECTION ( 'NONE',  ( -1.000000000000000000, 0.000000000000000000, 0.000000000000000000 ) ) ;
#945 = ORIENTED_EDGE ( 'NONE', *, *, #529, .F. ) ;
#946 = CARTESIAN_POINT ( 'NONE',  ( 41.99999999999999289, -8.000000000000000000, -1.000000000000000000 ) ) ;
#947 = VERTEX_POINT ( 'NONE', #853 ) ;
#948 = VECTOR ( 'NONE', #41, 1000.000000000000000 ) ;
#949 = CARTESIAN_POINT ( 'NONE',  ( 7.433859362941761972, 38.93377233865462728, 6.000000000000000000 ) ) ;
#950 = CIRCLE ( 'NONE', #1784, 42.00010206398123813 ) ;
#951 = AXIS2_PLACEMENT_3D ( 'NONE', #1755, #673, #1913 ) ;
#952 = EDGE_LOOP ( 'NONE', ( #255, #130 ) ) ;
#953 = FACE_BOUND ( 'NONE', #12, .T. ) ;
#954 = CYLINDRICAL_SURFACE ( 'NONE', #1601, 42.00010206398123813 ) ;
#955 = VERTEX_POINT ( 'NONE', #99 ) ;
#956 = DIRECTION ( 'NONE',  ( -1.000000000000000000, 0.000000000000000000, 0.000000000000000000 ) ) ;
#957 = AXIS2_PLACEMENT_3D ( 'NONE', #839, #1310, #81 ) ;
#958 = FILL_AREA_STYLE_COLOUR ( '', #1676 ) ;
#959 = CARTESIAN_POINT ( 'NONE',  ( 0.000000000000000000, 0.000000000000000000, 6.000000000000000000 ) ) ;
#960 = VERTEX_POINT ( 'NONE', #1640 ) ;
#961 = VERTEX_POINT ( 'NONE', #845 ) ;
#962 = EDGE_CURVE ( 'NONE', #1255, #947, #1081, .T. ) ;
#963 = FACE_OUTER_BOUND ( 'NONE', #1119, .T. ) ;
#964 = ORIENTED_EDGE ( 'NONE', *, *, #1513, .F. ) ;
#965 = EDGE_LOOP ( 'NONE', ( #1212, #1010, #490, #992, #1836, #1615, #1418, #1953, #1086, #1931 ) ) ;
#966 = CARTESIAN_POINT ( 'NONE',  ( 38.00000000000000000, -8.000000000000001776, 0.000000000000000000 ) ) ;
#967 = DIRECTION ( 'NONE',  ( -0.000000000000000000, 0.000000000000000000, 1.000000000000000000 ) ) ;
#968 = APPLICATION_CONTEXT ( 'automotive_design' ) ;
#969 = PRESENTATION_STYLE_ASSIGNMENT (( #76 ) ) ;
#970 = DIRECTION ( 'NONE',  ( 0.000000000000000000, 0.000000000000000000, -1.000000000000000000 ) ) ;
#971 = VERTEX_POINT ( 'NONE', #539 ) ;
#972 = CARTESIAN_POINT ( 'NONE',  ( 62.61837608573242164, 15.21261064666438934, -1.000000000000000000 ) ) ;
#973 = EDGE_LOOP ( 'NONE', ( #770, #1279, #1867, #368, #336, #1524, #1776, #378, #370, #1149, #1683 ) ) ;
#974 = EDGE_CURVE ( 'NONE', #1336, #269, #118, .T. ) ;
#975 = FACE_OUTER_BOUND ( 'NONE', #628, .T. ) ;
#976 = VERTEX_POINT ( 'NONE', #387 ) ;
#977 = ORIENTED_EDGE ( 'NONE', *, *, #32, .F. ) ;
#978 = AXIS2_PLACEMENT_3D ( 'NONE', #377, #1929, #985 ) ;
#979 = EDGE_CURVE ( 'NONE', #1090, #718, #1339, .T. ) ;
#980 = LINE ( 'NONE', #1292, #1657 ) ;
#981 = CARTESIAN_POINT ( 'NONE',  ( 32.59999999999999432, -10.00000000000000000, 6.000000000000000000 ) ) ;
#982 = CARTESIAN_POINT ( 'NONE',  ( 50.58031558623630275, 7.829927829866729638, 6.000000000000000000 ) ) ;
#983 = CYLINDRICAL_SURFACE ( 'NONE', #709, 4.000000000000003553 ) ;
#984 = ORIENTED_EDGE ( 'NONE', *, *, #934, .F. ) ;
#985 = DIRECTION ( 'NONE',  ( -1.000000000000000000, 0.000000000000000000, 0.000000000000000000 ) ) ;
#986 = ORIENTED_EDGE ( 'NONE', *, *, #1613, .T. ) ;
#987 = AXIS2_PLACEMENT_3D ( 'NONE', #1232, #1655, #625 ) ;
#988 = CARTESIAN_POINT ( 'NONE',  ( 50.58031558623630275, 7.829927829866729638, 6.000000000000000000 ) ) ;
#989 = VECTOR ( 'NONE', #1735, 1000.000000000000000 ) ;
#990 = ORIENTED_EDGE ( 'NONE', *, *, #1188, .T. ) ;
#991 = AXIS2_PLACEMENT_3D ( 'NONE', #1696, #1229, #1831 ) ;
#992 = ORIENTED_EDGE ( 'NONE', *, *, #1497, .F. ) ;
#993 = CARTESIAN_POINT ( 'NONE',  ( 50.58033865110979121, -8.000000000000000000, -4.000000000000000000 ) ) ;
#994 = DIRECTION ( 'NONE',  ( 0.000000000000000000, -0.000000000000000000, -1.000000000000000000 ) ) ;
#995 = CIRCLE ( 'NONE', #1947, 1.600000000000004086 ) ;
#996 = CYLINDRICAL_SURFACE ( 'NONE', #1116, 1.599999999999990319 ) ;
#997 = DIRECTION ( 'NONE',  ( -1.000000000000000000, 0.000000000000000000, 0.000000000000000000 ) ) ;
#998 = CARTESIAN_POINT ( 'NONE',  ( 93.67673796124536523, 13.95580200546907612, 6.000000000000000000 ) ) ;
#999 = VECTOR ( 'NONE', #763, 1000.000000000000000 ) ;
#1000 = ORIENTED_EDGE ( 'NONE', *, *, #57, .F. ) ;
#1001 = CARTESIAN_POINT ( 'NONE',  ( 20.00000000000000000, 34.00000000000000000, -1.000000000000000000 ) ) ;
#1002 = ORIENTED_EDGE ( 'NONE', *, *, #1199, .T. ) ;
#1003 = DIRECTION ( 'NONE',  ( 1.000000000000000000, 0.000000000000000000, 0.000000000000000000 ) ) ;
#1004 = ORIENTED_EDGE ( 'NONE', *, *, #1627, .F. ) ;
#1005 = FILL_AREA_STYLE_COLOUR ( '', #509 ) ;
#1006 = EDGE_CURVE ( 'NONE', #1236, #1759, #267, .T. ) ;
#1007 = DIRECTION ( 'NONE',  ( 1.000000000000000000, 0.000000000000000000, 0.000000000000000000 ) ) ;
#1008 = CARTESIAN_POINT ( 'NONE',  ( 10.00000000000000000, -10.00000000000000000, -1.000000000000000000 ) ) ;
#1009 = CARTESIAN_POINT ( 'NONE',  ( 10.00000000000000000, -10.00000000000000000, 6.000000000000000000 ) ) ;
#1010 = ORIENTED_EDGE ( 'NONE', *, *, #1440, .F. ) ;
#1011 = EDGE_CURVE ( 'NONE', #282, #1862, #577, .T. ) ;
#1012 = EDGE_CURVE ( 'NONE', #141, #1290, #1183, .T. ) ;
#1013 = DIRECTION ( 'NONE',  ( 1.000000000000000000, 0.000000000000000000, 0.000000000000000000 ) ) ;
#1014 = EDGE_LOOP ( 'NONE', ( #821, #651 ) ) ;
#1015 = CYLINDRICAL_SURFACE ( 'NONE', #418, 45.20010206398124808 ) ;
#1016 = DIRECTION ( 'NONE',  ( -1.000000000000000000, 0.000000000000000000, 0.000000000000000000 ) ) ;
#1017 = VECTOR ( 'NONE', #822, 1000.000000000000000 ) ;
#1018 = DIRECTION ( 'NONE',  ( -0.000000000000000000, -0.000000000000000000, 1.000000000000000000 ) ) ;
#1019 = STYLED_ITEM ( 'NONE', ( #969 ), #1866 ) ;
#1020 = ORIENTED_EDGE ( 'NONE', *, *, #1409, .T. ) ;
#1021 = STYLED_ITEM ( 'NONE', ( #1605 ), #331 ) ;
#1022 = PRODUCT_CONTEXT ( 'NONE', #968, 'mechanical' ) ;
#1023 = LINE ( 'NONE', #276, #44 ) ;
#1024 = AXIS2_PLACEMENT_3D ( 'NONE', #1814, #158, #1515 ) ;
#1025 = CIRCLE ( 'NONE', #163, 2.600000000000000089 ) ;
#1026 = FACE_BOUND ( 'NONE', #1405, .T. ) ;
#1027 = EDGE_CURVE ( 'NONE', #1763, #874, #1427, .T. ) ;
#1028 = EDGE_CURVE ( 'NONE', #1547, #1423, #354, .T. ) ;
#1029 = ORIENTED_EDGE ( 'NONE', *, *, #680, .T. ) ;
#1030 = CARTESIAN_POINT ( 'NONE',  ( 50.58031558623630275, 7.829927829866729638, -4.000000000000000000 ) ) ;
#1031 = EDGE_CURVE ( 'NONE', #510, #1090, #868, .T. ) ;
#1032 = FACE_BOUND ( 'NONE', #1617, .T. ) ;
#1033 = EDGE_CURVE ( 'NONE', #1291, #1155, #730, .T. ) ;
#1034 = VERTEX_POINT ( 'NONE', #1554 ) ;
#1035 = ORIENTED_EDGE ( 'NONE', *, *, #1321, .F. ) ;
#1036 = FACE_OUTER_BOUND ( 'NONE', #1063, .T. ) ;
#1037 = ORIENTED_EDGE ( 'NONE', *, *, #151, .F. ) ;
#1038 = EDGE_CURVE ( 'NONE', #635, #1466, #1762, .T. ) ;
#1039 = ORIENTED_EDGE ( 'NONE', *, *, #1809, .T. ) ;
#1040 = LINE ( 'NONE', #737, #879 ) ;
#1041 = CIRCLE ( 'NONE', #303, 6.000000000000001776 ) ;
#1042 = EDGE_LOOP ( 'NONE', ( #1503, #765, #1369, #592 ) ) ;
#1043 = EDGE_LOOP ( 'NONE', ( #25, #1545, #811, #322 ) ) ;
#1044 = CARTESIAN_POINT ( 'NONE',  ( 42.79353932347663658, 23.82992782986672964, -1.000000000000000000 ) ) ;
#1045 = VECTOR ( 'NONE', #496, 1000.000000000000000 ) ;
#1046 = DIRECTION ( 'NONE',  ( 1.000000000000000000, 0.000000000000000000, 0.000000000000000000 ) ) ;
#1047 = AXIS2_PLACEMENT_3D ( 'NONE', #180, #784, #956 ) ;
#1048 = ORIENTED_EDGE ( 'NONE', *, *, #892, .F. ) ;
#1049 = CYLINDRICAL_SURFACE ( 'NONE', #1674, 2.599999999999998312 ) ;
#1050 = AXIS2_PLACEMENT_3D ( 'NONE', #1211, #643, #485 ) ;
#1051 = AXIS2_PLACEMENT_3D ( 'NONE', #1182, #1619, #855 ) ;
#1052 = CIRCLE ( 'NONE', #578, 9.499999999999998224 ) ;
#1053 = ORIENTED_EDGE ( 'NONE', *, *, #1127, .T. ) ;
#1054 = ORIENTED_EDGE ( 'NONE', *, *, #725, .F. ) ;
#1055 = VERTEX_POINT ( 'NONE', #1860 ) ;
#1056 = CARTESIAN_POINT ( 'NONE',  ( 61.34629865673041138, -0.08500000000000695888, -4.000000000000000000 ) ) ;
#1057 = LINE ( 'NONE', #456, #113 ) ;
#1058 = CYLINDRICAL_SURFACE ( 'NONE', #837, 29.22992782986673888 ) ;
#1059 = EDGE_CURVE ( 'NONE', #1862, #404, #389, .T. ) ;
#1060 = CARTESIAN_POINT ( 'NONE',  ( 13.99999999999999822, 34.00000000000000000, -1.000000000000000000 ) ) ;
#1061 = CYLINDRICAL_SURFACE ( 'NONE', #890, 1.600000000000004086 ) ;
#1062 = CARTESIAN_POINT ( 'NONE',  ( 59.93137082686367734, -15.50000000000000711, 6.000000000000000000 ) ) ;
#1063 = EDGE_LOOP ( 'NONE', ( #1250, #1187, #859, #1246 ) ) ;
#1064 = DIRECTION ( 'NONE',  ( -0.000000000000000000, -0.000000000000000000, 1.000000000000000000 ) ) ;
#1065 = CARTESIAN_POINT ( 'NONE',  ( 75.34629865673041138, -0.08500000000000867972, -4.000000000000000000 ) ) ;
#1066 = ORIENTED_EDGE ( 'NONE', *, *, #1850, .T. ) ;
#1067 = CARTESIAN_POINT ( 'NONE',  ( 89.16129865673042332, -15.50000000000000711, -4.000000000000000000 ) ) ;
#1068 = CIRCLE ( 'NONE', #1828, 3.999999999999996447 ) ;
#1069 = CARTESIAN_POINT ( 'NONE',  ( 89.13347824225810712, -16.77499154467182763, -1.000000000000000000 ) ) ;
#1070 = DIRECTION ( 'NONE',  ( -1.000000000000000000, 0.000000000000000000, 0.000000000000000000 ) ) ;
#1071 = ORIENTED_EDGE ( 'NONE', *, *, #675, .T. ) ;
#1072 = DIRECTION ( 'NONE',  ( -0.000000000000000000, 0.000000000000000000, 1.000000000000000000 ) ) ;
#1073 = CARTESIAN_POINT ( 'NONE',  ( 12.59999999999999964, 10.00000000000000000, -1.000000000000000000 ) ) ;
#1074 = DIRECTION ( 'NONE',  ( 0.000000000000000000, -0.000000000000000000, -1.000000000000000000 ) ) ;
#1075 = VERTEX_POINT ( 'NONE', #1284 ) ;
#1076 = ORIENTED_EDGE ( 'NONE', *, *, #675, .F. ) ;
#1077 = AXIS2_PLACEMENT_3D ( 'NONE', #373, #994, #1753 ) ;
#1078 = CARTESIAN_POINT ( 'NONE',  ( 61.53137082686368586, -15.50000000000000711, 6.000000000000000000 ) ) ;
#1079 = CIRCLE ( 'NONE', #1682, 3.999999999999996447 ) ;
#1080 = AXIS2_PLACEMENT_3D ( 'NONE', #1366, #5, #296 ) ;
#1081 = CIRCLE ( 'NONE', #230, 2.600000000000000089 ) ;
#1082 = EDGE_CURVE ( 'NONE', #558, #874, #83, .T. ) ;
#1083 = CARTESIAN_POINT ( 'NONE',  ( 91.26129865673041763, -16.00000000000000000, 0.000000000000000000 ) ) ;
#1084 = FACE_OUTER_BOUND ( 'NONE', #750, .T. ) ;
#1085 = EDGE_CURVE ( 'NONE', #1884, #340, #833, .T. ) ;
#1086 = ORIENTED_EDGE ( 'NONE', *, *, #1028, .F. ) ;
#1087 = DIRECTION ( 'NONE',  ( 1.000000000000000000, 0.000000000000000000, 0.000000000000000000 ) ) ;
#1088 = CARTESIAN_POINT ( 'NONE',  ( 90.89709422234915337, 12.87485767328402275, -4.000000000000000000 ) ) ;
#1089 = DIRECTION ( 'NONE',  ( -0.000000000000000000, -0.000000000000000000, 1.000000000000000000 ) ) ;
#1090 = VERTEX_POINT ( 'NONE', #998 ) ;
#1091 = DIRECTION ( 'NONE',  ( -1.000000000000000000, 0.000000000000000000, 0.000000000000000000 ) ) ;
#1092 = ADVANCED_FACE ( 'NONE', ( #1741 ), #229, .T. ) ;
#1093 = CARTESIAN_POINT ( 'NONE',  ( 30.00000000000000000, 10.00000000000000000, -1.000000000000000000 ) ) ;
#1094 = EDGE_CURVE ( 'NONE', #1670, #960, #1472, .T. ) ;
#1095 = CARTESIAN_POINT ( 'NONE',  ( 89.16129865673042332, -15.50000000000000711, -1.000000000000000000 ) ) ;
#1096 = VERTEX_POINT ( 'NONE', #241 ) ;
#1097 = CARTESIAN_POINT ( 'NONE',  ( 91.26129865673041763, -20.00000000000000000, 6.000000000000000000 ) ) ;
#1098 = DIRECTION ( 'NONE',  ( 1.255651617420345072E-16, -1.000000000000000000, 0.000000000000000000 ) ) ;
#1099 = CARTESIAN_POINT ( 'NONE',  ( 59.93137082686367734, -15.50000000000000711, 6.000000000000000000 ) ) ;
#1100 = EDGE_LOOP ( 'NONE', ( #307, #1004 ) ) ;
#1101 = CARTESIAN_POINT ( 'NONE',  ( 59.93137082686367734, -15.50000000000000711, -4.000000000000000000 ) ) ;
#1102 = EDGE_CURVE ( 'NONE', #97, #1631, #1559, .T. ) ;
#1103 = ORIENTED_EDGE ( 'NONE', *, *, #1677, .T. ) ;
#1104 = CARTESIAN_POINT ( 'NONE',  ( 88.91123257211239661, -11.68472882150054915, -4.000000000000000000 ) ) ;
#1105 = VECTOR ( 'NONE', #135, 1000.000000000000000 ) ;
#1106 = VERTEX_POINT ( 'NONE', #1452 ) ;
#1107 = DIRECTION ( 'NONE',  ( -0.000000000000000000, 0.000000000000000000, 1.000000000000000000 ) ) ;
#1108 = DIRECTION ( 'NONE',  ( -0.000000000000000000, -0.000000000000000000, 1.000000000000000000 ) ) ;
#1109 = DIRECTION ( 'NONE',  ( 0.000000000000000000, 0.000000000000000000, -1.000000000000000000 ) ) ;
#1110 = DIRECTION ( 'NONE',  ( -1.000000000000000000, -6.278258087101726593E-17, 0.000000000000000000 ) ) ;
#1111 = DIRECTION ( 'NONE',  ( -1.000000000000000000, 0.000000000000000000, 0.000000000000000000 ) ) ;
#1112 = ADVANCED_FACE ( 'NONE', ( #205 ), #983, .F. ) ;
#1113 = CIRCLE ( 'NONE', #507, 2.599999999999998312 ) ;
#1114 = VERTEX_POINT ( 'NONE', #62 ) ;
#1115 = DIRECTION ( 'NONE',  ( 0.000000000000000000, -1.000000000000000000, 0.000000000000000000 ) ) ;
#1116 = AXIS2_PLACEMENT_3D ( 'NONE', #1343, #1308, #1790 ) ;
#1117 = ORIENTED_EDGE ( 'NONE', *, *, #1453, .F. ) ;
#1118 = VECTOR ( 'NONE', #424, 1000.000000000000000 ) ;
#1119 = EDGE_LOOP ( 'NONE', ( #849, #1344, #1570, #1905 ) ) ;
#1120 = CARTESIAN_POINT ( 'NONE',  ( 62.75782527412868461, 16.80652216361119855, -1.000000000000000000 ) ) ;
#1121 = CARTESIAN_POINT ( 'NONE',  ( 92.07673796124537091, 13.95580200546907612, -4.000000000000000000 ) ) ;
#1122 = ORIENTED_EDGE ( 'NONE', *, *, #290, .F. ) ;
#1123 = DIRECTION ( 'NONE',  ( -1.000000000000000000, 0.000000000000000000, 0.000000000000000000 ) ) ;
#1124 = AXIS2_PLACEMENT_3D ( 'NONE', #932, #172, #1549 ) ;
#1125 = DIRECTION ( 'NONE',  ( -1.000000000000000000, 0.000000000000000000, 0.000000000000000000 ) ) ;
#1126 = DIRECTION ( 'NONE',  ( -1.000000000000000000, 0.000000000000000000, 0.000000000000000000 ) ) ;
#1127 = EDGE_CURVE ( 'NONE', #1547, #753, #1309, .T. ) ;
#1128 = CARTESIAN_POINT ( 'NONE',  ( 58.33137082686367592, -15.50000000000000711, 6.000000000000000000 ) ) ;
#1129 = ORIENTED_EDGE ( 'NONE', *, *, #934, .T. ) ;
#1130 = EDGE_CURVE ( 'NONE', #1883, #1055, #400, .T. ) ;
#1131 = CARTESIAN_POINT ( 'NONE',  ( 75.34629865673041138, -0.08500000000000867972, -4.000000000000000000 ) ) ;
#1132 = VERTEX_POINT ( 'NONE', #800 ) ;
#1133 = ORIENTED_EDGE ( 'NONE', *, *, #589, .F. ) ;
#1134 = CARTESIAN_POINT ( 'NONE',  ( 42.79353932347663658, 23.82992782986672964, 6.000000000000000000 ) ) ;
#1135 = DIRECTION ( 'NONE',  ( -0.000000000000000000, -0.000000000000000000, 1.000000000000000000 ) ) ;
#1136 = DIRECTION ( 'NONE',  ( 0.000000000000000000, -0.000000000000000000, 1.000000000000000000 ) ) ;
#1137 = CARTESIAN_POINT ( 'NONE',  ( 59.93137082686367734, -15.50000000000000711, 6.000000000000000000 ) ) ;
#1138 = CARTESIAN_POINT ( 'NONE',  ( 59.93137082686367734, -15.50000000000000711, -1.000000000000000000 ) ) ;
#1139 = EDGE_LOOP ( 'NONE', ( #1353, #844, #85, #1037 ) ) ;
#1140 = DIRECTION ( 'NONE',  ( -0.000000000000000000, -0.000000000000000000, 1.000000000000000000 ) ) ;
#1141 = VERTEX_POINT ( 'NONE', #1407 ) ;
#1142 = ORIENTED_EDGE ( 'NONE', *, *, #1059, .F. ) ;
#1143 = ORIENTED_EDGE ( 'NONE', *, *, #380, .T. ) ;
#1144 = VECTOR ( 'NONE', #1772, 1000.000000000000114 ) ;
#1145 = DIRECTION ( 'NONE',  ( 0.000000000000000000, -1.000000000000000000, 0.000000000000000000 ) ) ;
#1146 = FILL_AREA_STYLE ('',( #1005 ) ) ;
#1147 = DIRECTION ( 'NONE',  ( -0.000000000000000000, -0.000000000000000000, -1.000000000000000000 ) ) ;
#1148 = DIRECTION ( 'NONE',  ( -1.000000000000000000, 0.000000000000000000, 0.000000000000000000 ) ) ;
#1149 = ORIENTED_EDGE ( 'NONE', *, *, #434, .T. ) ;
#1150 = DIRECTION ( 'NONE',  ( -1.000000000000000000, 0.000000000000000000, 0.000000000000000000 ) ) ;
#1151 = VERTEX_POINT ( 'NONE', #54 ) ;
#1152 = VECTOR ( 'NONE', #1663, 1000.000000000000000 ) ;
#1153 = CARTESIAN_POINT ( 'NONE',  ( 10.50000000000000178, 34.00000000000000000, 6.000000000000000000 ) ) ;
#1154 = EDGE_CURVE ( 'NONE', #861, #616, #1840, .T. ) ;
#1155 = VERTEX_POINT ( 'NONE', #1778 ) ;
#1156 = AXIS2_PLACEMENT_3D ( 'NONE', #1377, #23, #621 ) ;
#1157 = DIRECTION ( 'NONE',  ( 1.000000000000000000, 0.000000000000000000, 0.000000000000000000 ) ) ;
#1158 = EDGE_CURVE ( 'NONE', #861, #1132, #1932, .T. ) ;
#1159 = CARTESIAN_POINT ( 'NONE',  ( 92.07673796124537091, 13.95580200546907612, -4.000000000000000000 ) ) ;
#1160 = DIRECTION ( 'NONE',  ( -0.000000000000000000, -0.000000000000000000, 1.000000000000000000 ) ) ;
#1161 = CIRCLE ( 'NONE', #519, 3.999999999999996447 ) ;
#1162 = ADVANCED_FACE ( 'NONE', ( #719 ), #1168, .F. ) ;
#1163 = DIRECTION ( 'NONE',  ( -0.000000000000000000, -0.000000000000000000, 1.000000000000000000 ) ) ;
#1164 = ORIENTED_EDGE ( 'NONE', *, *, #1027, .F. ) ;
#1165 = FACE_BOUND ( 'NONE', #1455, .T. ) ;
#1166 = EDGE_LOOP ( 'NONE', ( #259, #504, #601, #898 ) ) ;
#1167 = SURFACE_STYLE_USAGE ( .BOTH. , #562 ) ;
#1168 = CYLINDRICAL_SURFACE ( 'NONE', #1688, 1.600000000000004086 ) ;
#1169 = CARTESIAN_POINT ( 'NONE',  ( 59.93137082686367734, -15.50000000000000711, -1.000000000000000000 ) ) ;
#1170 = ORIENTED_EDGE ( 'NONE', *, *, #766, .T. ) ;
#1171 = EDGE_CURVE ( 'NONE', #141, #1799, #1332, .T. ) ;
#1172 = ORIENTED_EDGE ( 'NONE', *, *, #903, .F. ) ;
#1173 = CIRCLE ( 'NONE', #1705, 3.999999999999996447 ) ;
#1174 = DIRECTION ( 'NONE',  ( 0.000000000000000000, -0.000000000000000000, -1.000000000000000000 ) ) ;
#1175 = EDGE_CURVE ( 'NONE', #1106, #695, #1633, .T. ) ;
#1176 = AXIS2_PLACEMENT_3D ( 'NONE', #1732, #367, #1286 ) ;
#1177 = FACE_BOUND ( 'NONE', #965, .T. ) ;
#1178 = EDGE_LOOP ( 'NONE', ( #803, #327 ) ) ;
#1179 = CIRCLE ( 'NONE', #115, 1.600000000000004086 ) ;
#1180 = EDGE_LOOP ( 'NONE', ( #360, #1299, #1673, #1374 ) ) ;
#1181 = CIRCLE ( 'NONE', #1156, 13.99999999999999822 ) ;
#1182 = CARTESIAN_POINT ( 'NONE',  ( 30.00000000000000000, -10.00000000000000000, 6.000000000000000000 ) ) ;
#1183 = CIRCLE ( 'NONE', #603, 3.999999999999996447 ) ;
#1184 = CIRCLE ( 'NONE', #559, 1.599999999999990319 ) ;
#1185 = ADVANCED_FACE ( 'NONE', ( #414 ), #1771, .F. ) ;
#1186 = FACE_OUTER_BOUND ( 'NONE', #1720, .T. ) ;
#1187 = ORIENTED_EDGE ( 'NONE', *, *, #1033, .T. ) ;
#1188 = EDGE_CURVE ( 'NONE', #774, #1348, #1599, .T. ) ;
#1189 = DIRECTION ( 'NONE',  ( 0.000000000000000000, 1.000000000000000000, 0.000000000000000000 ) ) ;
#1190 = CARTESIAN_POINT ( 'NONE',  ( 95.26129865673041763, -16.00000000000000000, -1.000000000000000000 ) ) ;
#1191 = ORIENTED_EDGE ( 'NONE', *, *, #1326, .F. ) ;
#1192 = LINE ( 'NONE', #1589, #477 ) ;
#1193 = ORIENTED_EDGE ( 'NONE', *, *, #238, .F. ) ;
#1194 = ORIENTED_EDGE ( 'NONE', *, *, #1264, .T. ) ;
#1195 = CYLINDRICAL_SURFACE ( 'NONE', #1624, 9.499999999999998224 ) ;
#1196 = AXIS2_PLACEMENT_3D ( 'NONE', #972, #1904, #114 ) ;
#1197 = ORIENTED_EDGE ( 'NONE', *, *, #1154, .F. ) ;
#1198 = CYLINDRICAL_SURFACE ( 'NONE', #1241, 2.599999999999998312 ) ;
#1199 = EDGE_CURVE ( 'NONE', #1724, #119, #1023, .T. ) ;
#1200 = DIRECTION ( 'NONE',  ( -0.000000000000000000, -0.000000000000000000, 1.000000000000000000 ) ) ;
#1201 = CARTESIAN_POINT ( 'NONE',  ( 90.46811716451779262, 17.82501087327788980, 6.000000000000000000 ) ) ;
#1202 = CIRCLE ( 'NONE', #1430, 1.600000000000004086 ) ;
#1203 = EDGE_LOOP ( 'NONE', ( #826, #732, #977, #249 ) ) ;
#1204 = ADVANCED_FACE ( 'NONE', ( #1634 ), #271, .F. ) ;
#1205 = FACE_OUTER_BOUND ( 'NONE', #1793, .T. ) ;
#1206 = CIRCLE ( 'NONE', #1432, 2.600000000000000089 ) ;
#1207 = EDGE_CURVE ( 'NONE', #269, #1336, #1025, .T. ) ;
#1208 = VECTOR ( 'NONE', #687, 1000.000000000000000 ) ;
#1209 = VECTOR ( 'NONE', #655, 1000.000000000000000 ) ;
#1210 = CARTESIAN_POINT ( 'NONE',  ( 12.59999999999999964, -10.00000000000000000, 6.000000000000000000 ) ) ;
#1211 = CARTESIAN_POINT ( 'NONE',  ( 20.00000000000000000, 34.00000000000000000, 6.000000000000000000 ) ) ;
#1212 = ORIENTED_EDGE ( 'NONE', *, *, #422, .F. ) ;
#1213 = LINE ( 'NONE', #931, #1552 ) ;
#1214 = LINE ( 'NONE', #1381, #270 ) ;
#1215 = ORIENTED_EDGE ( 'NONE', *, *, #1744, .F. ) ;
#1216 = LINE ( 'NONE', #460, #940 ) ;
#1217 = CYLINDRICAL_SURFACE ( 'NONE', #1080, 1.600000000000004086 ) ;
#1218 = CARTESIAN_POINT ( 'NONE',  ( 4.000000000000000000, -16.00000000000000000, -1.000000000000000000 ) ) ;
#1219 = ORIENTED_EDGE ( 'NONE', *, *, #1536, .T. ) ;
#1220 = DIRECTION ( 'NONE',  ( 0.3654646176781204403, -0.9308252323746843970, 0.000000000000000000 ) ) ;
#1221 = CYLINDRICAL_SURFACE ( 'NONE', #891, 4.000000000000003553 ) ;
#1222 = EDGE_LOOP ( 'NONE', ( #95, #691 ) ) ;
#1223 = EDGE_LOOP ( 'NONE', ( #798, #535, #1639, #1408, #1922 ) ) ;
#1224 = DIRECTION ( 'NONE',  ( 2.911840083380578691E-16, -1.000000000000000000, 0.000000000000000000 ) ) ;
#1225 = EDGE_CURVE ( 'NONE', #971, #1278, #995, .T. ) ;
#1226 = ADVANCED_FACE ( 'NONE', ( #1319 ), #1464, .F. ) ;
#1227 = AXIS2_PLACEMENT_3D ( 'NONE', #1138, #231, #1150 ) ;
#1228 = CARTESIAN_POINT ( 'NONE',  ( 7.433859362941761972, 38.93377233865462728, -1.000000000000000000 ) ) ;
#1229 = DIRECTION ( 'NONE',  ( -0.000000000000000000, -0.000000000000000000, 1.000000000000000000 ) ) ;
#1230 = ADVANCED_FACE ( 'NONE', ( #1484 ), #724, .F. ) ;
#1231 = ORIENTED_EDGE ( 'NONE', *, *, #1852, .F. ) ;
#1232 = CARTESIAN_POINT ( 'NONE',  ( 59.93137082686367734, -15.50000000000000711, -4.000000000000000000 ) ) ;
#1233 = CYLINDRICAL_SURFACE ( 'NONE', #1920, 2.599999999999998312 ) ;
#1234 = DIRECTION ( 'NONE',  ( -0.000000000000000000, -0.000000000000000000, -1.000000000000000000 ) ) ;
#1235 = ORIENTED_EDGE ( 'NONE', *, *, #187, .F. ) ;
#1236 = VERTEX_POINT ( 'NONE', #1626 ) ;
#1237 = AXIS2_PLACEMENT_3D ( 'NONE', #1710, #395, #1003 ) ;
#1238 = CARTESIAN_POINT ( 'NONE',  ( 30.00000000000000000, 10.00000000000000000, -1.000000000000000000 ) ) ;
#1239 = VECTOR ( 'NONE', #1848, 1000.000000000000114 ) ;
#1240 = ADVANCED_FACE ( 'NONE', ( #262 ), #1233, .F. ) ;
#1241 = AXIS2_PLACEMENT_3D ( 'NONE', #611, #768, #1821 ) ;
#1242 = ORIENTED_EDGE ( 'NONE', *, *, #1188, .F. ) ;
#1243 = AXIS2_PLACEMENT_3D ( 'NONE', #1030, #877, #707 ) ;
#1244 = VECTOR ( 'NONE', #1692, 1000.000000000000000 ) ;
#1245 = CARTESIAN_POINT ( 'NONE',  ( 93.25638170014156003, 15.03674633765412416, 6.000000000000000000 ) ) ;
#1246 = ORIENTED_EDGE ( 'NONE', *, *, #1453, .T. ) ;
#1247 = LINE ( 'NONE', #1868, #440 ) ;
#1248 = CYLINDRICAL_SURFACE ( 'NONE', #198, 1.600000000000004086 ) ;
#1249 = DIRECTION ( 'NONE',  ( 0.000000000000000000, 0.000000000000000000, -1.000000000000000000 ) ) ;
#1250 = ORIENTED_EDGE ( 'NONE', *, *, #1819, .T. ) ;
#1251 = ADVANCED_FACE ( 'NONE', ( #1664 ), #1248, .F. ) ;
#1252 = CARTESIAN_POINT ( 'NONE',  ( 62.61837608573242164, 15.21261064666438934, 6.000000000000000000 ) ) ;
#1253 = EDGE_LOOP ( 'NONE', ( #1767, #1172, #38, #299, #17 ) ) ;
#1254 = DIRECTION ( 'NONE',  ( -0.000000000000000000, -0.000000000000000000, 1.000000000000000000 ) ) ;
#1255 = VERTEX_POINT ( 'NONE', #1073 ) ;
#1256 = LINE ( 'NONE', #560, #1941 ) ;
#1257 = FACE_OUTER_BOUND ( 'NONE', #366, .T. ) ;
#1258 = LINE ( 'NONE', #1404, #1876 ) ;
#1259 = CARTESIAN_POINT ( 'NONE',  ( 42.79353932347663658, 19.82992782986672964, -1.000000000000000000 ) ) ;
#1260 = DIRECTION ( 'NONE',  ( 0.000000000000000000, 0.000000000000000000, -1.000000000000000000 ) ) ;
#1261 = ORIENTED_EDGE ( 'NONE', *, *, #1225, .F. ) ;
#1262 = DIRECTION ( 'NONE',  ( -0.000000000000000000, 0.000000000000000000, 1.000000000000000000 ) ) ;
#1263 = CIRCLE ( 'NONE', #1196, 1.600000000000011191 ) ;
#1264 = EDGE_CURVE ( 'NONE', #774, #1336, #608, .T. ) ;
#1265 = AXIS2_PLACEMENT_3D ( 'NONE', #1159, #1283, #1912 ) ;
#1266 = ORIENTED_EDGE ( 'NONE', *, *, #599, .T. ) ;
#1267 = DIRECTION ( 'NONE',  ( -0.000000000000000000, -0.000000000000000000, 1.000000000000000000 ) ) ;
#1268 = DIRECTION ( 'NONE',  ( 1.000000000000000000, 0.000000000000000000, 0.000000000000000000 ) ) ;
#1269 = ORIENTED_EDGE ( 'NONE', *, *, #1647, .F. ) ;
#1270 = CARTESIAN_POINT ( 'NONE',  ( 4.000000000000000000, -16.00000000000000000, 6.000000000000000000 ) ) ;
#1271 =( NAMED_UNIT ( * ) PLANE_ANGLE_UNIT ( ) SI_UNIT ( $, .RADIAN. ) );
#1272 = DIRECTION ( 'NONE',  ( 1.000000000000000000, 0.000000000000000000, 0.000000000000000000 ) ) ;
#1273 = CARTESIAN_POINT ( 'NONE',  ( 59.93137082686367734, -15.50000000000000711, -1.000000000000000000 ) ) ;
#1274 = AXIS2_PLACEMENT_3D ( 'NONE', #742, #1531, #1380 ) ;
#1275 = ORIENTED_EDGE ( 'NONE', *, *, #736, .T. ) ;
#1276 = CARTESIAN_POINT ( 'NONE',  ( 91.26129865673041763, -16.00000000000000000, 6.000000000000000000 ) ) ;
#1277 = CIRCLE ( 'NONE', #1493, 3.999999999999996447 ) ;
#1278 = VERTEX_POINT ( 'NONE', #1532 ) ;
#1279 = ORIENTED_EDGE ( 'NONE', *, *, #1175, .T. ) ;
#1280 = DIRECTION ( 'NONE',  ( -0.000000000000000000, -0.000000000000000000, -1.000000000000000000 ) ) ;
#1281 = CARTESIAN_POINT ( 'NONE',  ( 92.33043255132002969, -16.91457358424091950, -4.000000000000000000 ) ) ;
#1282 = DIRECTION ( 'NONE',  ( -0.000000000000000000, -0.000000000000000000, -1.000000000000000000 ) ) ;
#1283 = DIRECTION ( 'NONE',  ( -0.000000000000000000, -0.000000000000000000, 1.000000000000000000 ) ) ;
#1284 = CARTESIAN_POINT ( 'NONE',  ( 50.58033865110979121, -12.00000000000000000, 6.000000000000000000 ) ) ;
#1285 = ORIENTED_EDGE ( 'NONE', *, *, #1307, .F. ) ;
#1286 = DIRECTION ( 'NONE',  ( 1.000000000000000000, 0.000000000000000000, 0.000000000000000000 ) ) ;
#1287 = CARTESIAN_POINT ( 'NONE',  ( 41.99999999999999289, 11.82992782986672786, 0.000000000000000000 ) ) ;
#1288 = DIRECTION ( 'NONE',  ( 0.000000000000000000, -0.000000000000000000, -1.000000000000000000 ) ) ;
#1289 = ORIENTED_EDGE ( 'NONE', *, *, #397, .F. ) ;
#1290 = VERTEX_POINT ( 'NONE', #457 ) ;
#1291 = VERTEX_POINT ( 'NONE', #1201 ) ;
#1292 = CARTESIAN_POINT ( 'NONE',  ( 95.26129865673041763, -16.00000000000000000, 6.000000000000000000 ) ) ;
#1293 = CARTESIAN_POINT ( 'NONE',  ( 59.93137082686367734, -15.50000000000000711, -4.000000000000000000 ) ) ;
#1294 = DIRECTION ( 'NONE',  ( -0.000000000000000000, -0.000000000000000000, 1.000000000000000000 ) ) ;
#1295 = DIRECTION ( 'NONE',  ( 1.000000000000000000, 0.000000000000000000, 0.000000000000000000 ) ) ;
#1296 = EDGE_LOOP ( 'NONE', ( #1193, #1342, #1469, #1957 ) ) ;
#1297 = EDGE_CURVE ( 'NONE', #404, #160, #1495, .T. ) ;
#1298 = DIRECTION ( 'NONE',  ( -1.000000000000000000, 0.000000000000000000, 0.000000000000000000 ) ) ;
#1299 = ORIENTED_EDGE ( 'NONE', *, *, #1506, .T. ) ;
#1300 = ADVANCED_FACE ( 'NONE', ( #468 ), #795, .F. ) ;
#1301 = CYLINDRICAL_SURFACE ( 'NONE', #574, 4.000000000000003553 ) ;
#1302 = ORIENTED_EDGE ( 'NONE', *, *, #451, .T. ) ;
#1303 = EDGE_CURVE ( 'NONE', #961, #510, #772, .T. ) ;
#1304 = EDGE_LOOP ( 'NONE', ( #1810, #1053, #1736, #571 ) ) ;
#1305 = AXIS2_PLACEMENT_3D ( 'NONE', #1579, #564, #1298 ) ;
#1306 = DIRECTION ( 'NONE',  ( -1.000000000000000000, 0.000000000000000000, 0.000000000000000000 ) ) ;
#1307 = EDGE_CURVE ( 'NONE', #1600, #1391, #1214, .T. ) ;
#1308 = DIRECTION ( 'NONE',  ( -0.000000000000000000, -0.000000000000000000, 1.000000000000000000 ) ) ;
#1309 = LINE ( 'NONE', #1417, #634 ) ;
#1310 = DIRECTION ( 'NONE',  ( 0.000000000000000000, 0.000000000000000000, 1.000000000000000000 ) ) ;
#1311 = ORIENTED_EDGE ( 'NONE', *, *, #1667, .T. ) ;
#1312 = AXIS2_PLACEMENT_3D ( 'NONE', #511, #1107, #1013 ) ;
#1313 = CARTESIAN_POINT ( 'NONE',  ( 7.400000000000000355, 10.00000000000000000, 6.000000000000000000 ) ) ;
#1314 = CIRCLE ( 'NONE', #1518, 1.600000000000004086 ) ;
#1315 = ORIENTED_EDGE ( 'NONE', *, *, #1627, .T. ) ;
#1316 = DIRECTION ( 'NONE',  ( -1.000000000000000000, -1.255651617420345072E-16, 0.000000000000000000 ) ) ;
#1317 = VECTOR ( 'NONE', #1764, 1000.000000000000000 ) ;
#1318 = CYLINDRICAL_SURFACE ( 'NONE', #281, 13.50000000000000000 ) ;
#1319 = FACE_OUTER_BOUND ( 'NONE', #452, .T. ) ;
#1320 = AXIS2_PLACEMENT_3D ( 'NONE', #1065, #320, #1268 ) ;
#1321 = EDGE_CURVE ( 'NONE', #1478, #404, #306, .T. ) ;
#1322 = UNCERTAINTY_MEASURE_WITH_UNIT (LENGTH_MEASURE( 1.000000000000000082E-05 ), #1888, 'distance_accuracy_value', 'NONE');
#1323 = CYLINDRICAL_SURFACE ( 'NONE', #1745, 2.600000000000000089 ) ;
#1324 = ORIENTED_EDGE ( 'NONE', *, *, #1094, .T. ) ;
#1325 = EDGE_LOOP ( 'NONE', ( #1775, #1934, #717, #1143 ) ) ;
#1326 = EDGE_CURVE ( 'NONE', #1348, #269, #1521, .T. ) ;
#1327 = CARTESIAN_POINT ( 'NONE',  ( 10.00000000000000000, -10.00000000000000000, 6.000000000000000000 ) ) ;
#1328 = LINE ( 'NONE', #1481, #779 ) ;
#1329 = ORIENTED_EDGE ( 'NONE', *, *, #1158, .T. ) ;
#1330 = ORIENTED_EDGE ( 'NONE', *, *, #749, .F. ) ;
#1331 = ADVANCED_FACE ( 'NONE', ( #162 ), #1221, .T. ) ;
#1332 = LINE ( 'NONE', #1786, #1118 ) ;
#1333 = UNCERTAINTY_MEASURE_WITH_UNIT (LENGTH_MEASURE( 1.000000000000000082E-05 ), #1715, 'distance_accuracy_value', 'NONE');
#1334 = DIRECTION ( 'NONE',  ( -0.000000000000000000, -0.000000000000000000, -1.000000000000000000 ) ) ;
#1335 = EDGE_CURVE ( 'NONE', #955, #508, #1052, .T. ) ;
#1336 = VERTEX_POINT ( 'NONE', #488 ) ;
#1337 = FACE_OUTER_BOUND ( 'NONE', #502, .T. ) ;
#1338 = CARTESIAN_POINT ( 'NONE',  ( 20.00000000000000000, 34.00000000000000000, 6.000000000000000000 ) ) ;
#1339 = CIRCLE ( 'NONE', #1785, 1.600000000000004086 ) ;
#1340 = AXIS2_PLACEMENT_3D ( 'NONE', #646, #805, #72 ) ;
#1341 = CARTESIAN_POINT ( 'NONE',  ( 50.58031558623630275, 7.829927829866729638, -1.000000000000000000 ) ) ;
#1342 = ORIENTED_EDGE ( 'NONE', *, *, #1697, .T. ) ;
#1343 = CARTESIAN_POINT ( 'NONE',  ( 89.38717283233275168, 16.64536713438168647, -4.000000000000000000 ) ) ;
#1344 = ORIENTED_EDGE ( 'NONE', *, *, #275, .F. ) ;
#1345 = UNCERTAINTY_MEASURE_WITH_UNIT (LENGTH_MEASURE( 1.000000000000000082E-05 ), #405, 'distance_accuracy_value', 'NONE');
#1346 = DIRECTION ( 'NONE',  ( -0.000000000000000000, -0.000000000000000000, 1.000000000000000000 ) ) ;
#1347 = EDGE_CURVE ( 'NONE', #458, #1096, #783, .T. ) ;
#1348 = VERTEX_POINT ( 'NONE', #597 ) ;
#1349 = CARTESIAN_POINT ( 'NONE',  ( 93.67673796124536523, 13.95580200546907612, -1.000000000000000000 ) ) ;
#1350 = ADVANCED_FACE ( 'NONE', ( #1361 ), #1807, .T. ) ;
#1351 = ADVANCED_FACE ( 'NONE', ( #448 ), #1058, .T. ) ;
#1352 = CARTESIAN_POINT ( 'NONE',  ( 59.93137082686367734, -15.50000000000000711, -4.000000000000000000 ) ) ;
#1353 = ORIENTED_EDGE ( 'NONE', *, *, #325, .T. ) ;
#1354 = DIRECTION ( 'NONE',  ( -0.000000000000000000, 0.000000000000000000, 1.000000000000000000 ) ) ;
#1355 = CIRCLE ( 'NONE', #150, 9.499999999999998224 ) ;
#1356 = VERTEX_POINT ( 'NONE', #1835 ) ;
#1357 = FACE_OUTER_BOUND ( 'NONE', #1660, .T. ) ;
#1358 = CARTESIAN_POINT ( 'NONE',  ( 54.39046682785077280, 6.612246625271848366, -4.000000000000000000 ) ) ;
#1359 = ORIENTED_EDGE ( 'NONE', *, *, #1154, .T. ) ;
#1360 = CARTESIAN_POINT ( 'NONE',  ( 38.00000000000000000, 7.829927829866729638, -1.000000000000000000 ) ) ;
#1361 = FACE_OUTER_BOUND ( 'NONE', #1435, .T. ) ;
#1362 = FACE_OUTER_BOUND ( 'NONE', #93, .T. ) ;
#1363 = CIRCLE ( 'NONE', #42, 6.000000000000001776 ) ;
#1364 = AXIS2_PLACEMENT_3D ( 'NONE', #111, #723, #1794 ) ;
#1365 = AXIS2_PLACEMENT_3D ( 'NONE', #1672, #1098, #900 ) ;
#1366 = CARTESIAN_POINT ( 'NONE',  ( 57.24436556799494014, 15.21261064666438934, -4.000000000000000000 ) ) ;
#1367 = CYLINDRICAL_SURFACE ( 'NONE', #1782, 4.000000000000003553 ) ;
#1368 = ADVANCED_FACE ( 'NONE', ( #637 ), #10, .F. ) ;
#1369 = ORIENTED_EDGE ( 'NONE', *, *, #1347, .T. ) ;
#1370 = LINE ( 'NONE', #1824, #1152 ) ;
#1371 = CARTESIAN_POINT ( 'NONE',  ( 7.400000000000000355, -10.00000000000000000, 6.000000000000000000 ) ) ;
#1372 = ORIENTED_EDGE ( 'NONE', *, *, #1335, .T. ) ;
#1373 = EDGE_CURVE ( 'NONE', #616, #861, #120, .T. ) ;
#1374 = ORIENTED_EDGE ( 'NONE', *, *, #1031, .T. ) ;
#1375 = CYLINDRICAL_SURFACE ( 'NONE', #1483, 32.42992782986674882 ) ;
#1376 = EDGE_CURVE ( 'NONE', #1636, #1236, #140, .T. ) ;
#1377 = CARTESIAN_POINT ( 'NONE',  ( 75.34629865673041138, -0.08500000000000867972, 6.000000000000000000 ) ) ;
#1378 = DIRECTION ( 'NONE',  ( -1.000000000000000000, 0.000000000000000000, 0.000000000000000000 ) ) ;
#1379 = VERTEX_POINT ( 'NONE', #50 ) ;
#1380 = DIRECTION ( 'NONE',  ( -1.000000000000000000, -6.278258087101726593E-17, 0.000000000000000000 ) ) ;
#1381 = CARTESIAN_POINT ( 'NONE',  ( 41.99999999999999289, -12.00000000000000000, 6.000000000000000000 ) ) ;
#1382 = CARTESIAN_POINT ( 'NONE',  ( 20.00000000000000000, 34.00000000000000000, 6.000000000000000000 ) ) ;
#1383 = ORIENTED_EDGE ( 'NONE', *, *, #332, .T. ) ;
#1384 = EDGE_CURVE ( 'NONE', #1114, #1883, #394, .T. ) ;
#1385 = LINE ( 'NONE', #1820, #1960 ) ;
#1386 = AXIS2_PLACEMENT_3D ( 'NONE', #569, #889, #1666 ) ;
#1387 = ADVANCED_FACE ( 'NONE', ( #1857 ), #817, .F. ) ;
#1388 = ORIENTED_EDGE ( 'NONE', *, *, #208, .F. ) ;
#1389 = AXIS2_PLACEMENT_3D ( 'NONE', #1654, #1473, #423 ) ;
#1390 = DIRECTION ( 'NONE',  ( -1.000000000000000000, 0.000000000000000000, 0.000000000000000000 ) ) ;
#1391 = VERTEX_POINT ( 'NONE', #224 ) ;
#1392 = DIRECTION ( 'NONE',  ( 1.000000000000000000, 0.000000000000000000, 0.000000000000000000 ) ) ;
#1393 = DIRECTION ( 'NONE',  ( -0.000000000000000000, -0.000000000000000000, -1.000000000000000000 ) ) ;
#1394 = LINE ( 'NONE', #1281, #948 ) ;
#1395 = VECTOR ( 'NONE', #1456, 1000.000000000000000 ) ;
#1396 = DIRECTION ( 'NONE',  ( 0.000000000000000000, 0.000000000000000000, -1.000000000000000000 ) ) ;
#1397 = VECTOR ( 'NONE', #632, 1000.000000000000000 ) ;
#1398 = ORIENTED_EDGE ( 'NONE', *, *, #52, .F. ) ;
#1399 = AXIS2_PLACEMENT_3D ( 'NONE', #894, #733, #1754 ) ;
#1400 = CARTESIAN_POINT ( 'NONE',  ( 54.39048634428219486, -6.782307692307694147, 6.000000000000000000 ) ) ;
#1401 = ORIENTED_EDGE ( 'NONE', *, *, #1516, .F. ) ;
#1402 = CARTESIAN_POINT ( 'NONE',  ( 10.00000000000000000, 10.00000000000000000, 6.000000000000000000 ) ) ;
#1403 = DIRECTION ( 'NONE',  ( 0.000000000000000000, 0.000000000000000000, -1.000000000000000000 ) ) ;
#1404 = CARTESIAN_POINT ( 'NONE',  ( 0.000000000000000000, -16.00000000000000000, 6.000000000000000000 ) ) ;
#1405 = EDGE_LOOP ( 'NONE', ( #1197, #830 ) ) ;
#1406 = LINE ( 'NONE', #1067, #721 ) ;
#1407 = CARTESIAN_POINT ( 'NONE',  ( 0.000000000000000000, 20.00000000000000000, 6.000000000000000000 ) ) ;
#1408 = ORIENTED_EDGE ( 'NONE', *, *, #1602, .F. ) ;
#1409 = EDGE_CURVE ( 'NONE', #478, #1748, #980, .T. ) ;
#1410 = CARTESIAN_POINT ( 'NONE',  ( 90.89709422234915337, 12.87485767328402275, 6.000000000000000000 ) ) ;
#1411 = EDGE_LOOP ( 'NONE', ( #1644, #566 ) ) ;
#1412 = DIRECTION ( 'NONE',  ( 0.000000000000000000, 0.000000000000000000, 1.000000000000000000 ) ) ;
#1413 = CARTESIAN_POINT ( 'NONE',  ( 89.38717283233275168, 16.64536713438168647, -1.000000000000000000 ) ) ;
#1414 = CARTESIAN_POINT ( 'NONE',  ( 54.39046682785077280, 6.612246625271839484, -1.000000000000000000 ) ) ;
#1415 = ADVANCED_FACE ( 'NONE', ( #1257 ), #1566, .F. ) ;
#1416 = DIRECTION ( 'NONE',  ( 0.000000000000000000, 0.000000000000000000, -1.000000000000000000 ) ) ;
#1417 = CARTESIAN_POINT ( 'NONE',  ( 54.58033865110979832, -8.000000000000000000, -4.000000000000000000 ) ) ;
#1418 = ORIENTED_EDGE ( 'NONE', *, *, #1872, .F. ) ;
#1419 = CARTESIAN_POINT ( 'NONE',  ( 57.10491637959868427, 16.80652216361120566, -4.000000000000000000 ) ) ;
#1420 = VERTEX_POINT ( 'NONE', #1752 ) ;
#1421 = CIRCLE ( 'NONE', #465, 3.999999999999996447 ) ;
#1422 = DIRECTION ( 'NONE',  ( 0.000000000000000000, -0.000000000000000000, -1.000000000000000000 ) ) ;
#1423 = VERTEX_POINT ( 'NONE', #497 ) ;
#1424 = ORIENTED_EDGE ( 'NONE', *, *, #416, .T. ) ;
#1425 = CARTESIAN_POINT ( 'NONE',  ( 10.00000000000000000, -10.00000000000000000, 6.000000000000000000 ) ) ;
#1426 = DIRECTION ( 'NONE',  ( 1.000000000000000000, 0.000000000000000000, 0.000000000000000000 ) ) ;
#1427 = LINE ( 'NONE', #1443, #1721 ) ;
#1428 = ORIENTED_EDGE ( 'NONE', *, *, #1130, .F. ) ;
#1429 = CARTESIAN_POINT ( 'NONE',  ( 92.07673796124537091, 13.95580200546907612, -1.000000000000000000 ) ) ;
#1430 = AXIS2_PLACEMENT_3D ( 'NONE', #802, #1262, #1598 ) ;
#1431 = CARTESIAN_POINT ( 'NONE',  ( 57.38381475639119600, 13.61869912971759611, -1.000000000000000000 ) ) ;
#1432 = AXIS2_PLACEMENT_3D ( 'NONE', #227, #1740, #1911 ) ;
#1433 = LINE ( 'NONE', #1153, #226 ) ;
#1434 = AXIS2_PLACEMENT_3D ( 'NONE', #1137, #1578, #1295 ) ;
#1435 = EDGE_LOOP ( 'NONE', ( #1595, #412, #347, #79 ) ) ;
#1436 = AXIS2_PLACEMENT_3D ( 'NONE', #1169, #1620, #65 ) ;
#1437 = EDGE_LOOP ( 'NONE', ( #1896, #653, #624, #1870 ) ) ;
#1438 = CARTESIAN_POINT ( 'NONE',  ( 38.00000000000000000, -8.000000000000001776, 6.000000000000000000 ) ) ;
#1439 = DIRECTION ( 'NONE',  ( -1.000000000000000000, 0.000000000000000000, 0.000000000000000000 ) ) ;
#1440 = EDGE_CURVE ( 'NONE', #629, #402, #1161, .T. ) ;
#1441 = PLANE ( 'NONE',  #791 ) ;
#1442 = DIRECTION ( 'NONE',  ( -1.000000000000000000, 0.000000000000000000, 0.000000000000000000 ) ) ;
#1443 = CARTESIAN_POINT ( 'NONE',  ( 92.08385612850858593, -11.26704500639636741, -4.000000000000000000 ) ) ;
#1444 = CARTESIAN_POINT ( 'NONE',  ( 54.58033865110979121, -8.000000000000000000, -1.000000000000000000 ) ) ;
#1445 = ORIENTED_EDGE ( 'NONE', *, *, #1704, .F. ) ;
#1446 = CYLINDRICAL_SURFACE ( 'NONE', #1491, 13.99999999999999822 ) ;
#1447 = EDGE_CURVE ( 'NONE', #160, #1748, #831, .T. ) ;
#1448 = VERTEX_POINT ( 'NONE', #1438 ) ;
#1449 = ORIENTED_EDGE ( 'NONE', *, *, #1528, .F. ) ;
#1450 =( NAMED_UNIT ( * ) PLANE_ANGLE_UNIT ( ) SI_UNIT ( $, .RADIAN. ) );
#1451 = CARTESIAN_POINT ( 'NONE',  ( 0.000000000000000000, 20.00000000000000000, 6.000000000000000000 ) ) ;
#1452 = CARTESIAN_POINT ( 'NONE',  ( 0.000000000000000000, -16.00000000000000000, 6.000000000000000000 ) ) ;
#1453 = EDGE_CURVE ( 'NONE', #1603, #635, #1184, .T. ) ;
#1454 = CARTESIAN_POINT ( 'NONE',  ( 88.30622850014768233, 15.46572339548549202, -1.000000000000000000 ) ) ;
#1455 = EDGE_LOOP ( 'NONE', ( #738, #1623 ) ) ;
#1456 = DIRECTION ( 'NONE',  ( -0.000000000000000000, -0.000000000000000000, 1.000000000000000000 ) ) ;
#1457 = ORIENTED_EDGE ( 'NONE', *, *, #1458, .F. ) ;
#1458 = EDGE_CURVE ( 'NONE', #1448, #421, #1575, .T. ) ;
#1459 = CIRCLE ( 'NONE', #1227, 29.22992782986674598 ) ;
#1460 = LINE ( 'NONE', #1471, #663 ) ;
#1461 = ORIENTED_EDGE ( 'NONE', *, *, #1946, .F. ) ;
#1462 = AXIS2_PLACEMENT_3D ( 'NONE', #1238, #552, #997 ) ;
#1463 = DIRECTION ( 'NONE',  ( 0.000000000000000000, 0.000000000000000000, 1.000000000000000000 ) ) ;
#1464 = CYLINDRICAL_SURFACE ( 'NONE', #1243, 3.999999999999996447 ) ;
#1465 = CARTESIAN_POINT ( 'NONE',  ( 41.99999999999999289, -11.99999999999999822, -1.000000000000000000 ) ) ;
#1466 = VERTEX_POINT ( 'NONE', #1738 ) ;
#1467 = AXIS2_PLACEMENT_3D ( 'NONE', #289, #771, #1220 ) ;
#1468 = MECHANICAL_DESIGN_GEOMETRIC_PRESENTATION_REPRESENTATION (  '', ( #1021 ), #888 ) ;
#1469 = ORIENTED_EDGE ( 'NONE', *, *, #245, .T. ) ;
#1470 = VECTOR ( 'NONE', #157, 1000.000000000000000 ) ;
#1471 = CARTESIAN_POINT ( 'NONE',  ( 38.00000000000000000, 7.829927829866727862, -1.000000000000000000 ) ) ;
#1472 = CIRCLE ( 'NONE', #197, 2.599999999999998312 ) ;
#1473 = DIRECTION ( 'NONE',  ( 0.000000000000000000, 0.000000000000000000, 1.000000000000000000 ) ) ;
#1474 = DIRECTION ( 'NONE',  ( -0.000000000000000000, -0.000000000000000000, 1.000000000000000000 ) ) ;
#1475 = AXIS2_PLACEMENT_3D ( 'NONE', #1425, #1726, #362 ) ;
#1476 = CARTESIAN_POINT ( 'NONE',  ( 30.00000000000000000, 10.00000000000000000, 6.000000000000000000 ) ) ;
#1477 = ADVANCED_FACE ( 'NONE', ( #88 ), #668, .F. ) ;
#1478 = VERTEX_POINT ( 'NONE', #1711 ) ;
#1479 = ORIENTED_EDGE ( 'NONE', *, *, #1264, .F. ) ;
#1480 = DIRECTION ( 'NONE',  ( -1.000000000000000000, 0.000000000000000000, 0.000000000000000000 ) ) ;
#1481 = CARTESIAN_POINT ( 'NONE',  ( 64.21837608573243017, 15.21261064666438934, -4.000000000000000000 ) ) ;
#1482 = ORIENTED_EDGE ( 'NONE', *, *, #1641, .F. ) ;
#1483 = AXIS2_PLACEMENT_3D ( 'NONE', #1101, #1543, #799 ) ;
#1484 = FACE_OUTER_BOUND ( 'NONE', #1818, .T. ) ;
#1485 = CIRCLE ( 'NONE', #308, 1.599999999999990319 ) ;
#1486 = LINE ( 'NONE', #1950, #1105 ) ;
#1487 = ORIENTED_EDGE ( 'NONE', *, *, #1027, .T. ) ;
#1488 = CIRCLE ( 'NONE', #1756, 4.000000000000003553 ) ;
#1489 = CARTESIAN_POINT ( 'NONE',  ( 54.39048634428219486, -6.782307692307695035, -4.000000000000000000 ) ) ;
#1490 = VECTOR ( 'NONE', #84, 1000.000000000000000 ) ;
#1491 = AXIS2_PLACEMENT_3D ( 'NONE', #1131, #96, #369 ) ;
#1492 = EDGE_LOOP ( 'NONE', ( #1750, #34, #1029, #116 ) ) ;
#1493 = AXIS2_PLACEMENT_3D ( 'NONE', #982, #286, #1157 ) ;
#1494 = ADVANCED_FACE ( 'NONE', ( #349 ), #954, .T. ) ;
#1495 = CIRCLE ( 'NONE', #1124, 4.000000000000003553 ) ;
#1496 = DIRECTION ( 'NONE',  ( 0.000000000000000000, 0.000000000000000000, -1.000000000000000000 ) ) ;
#1497 = EDGE_CURVE ( 'NONE', #1290, #683, #710, .T. ) ;
#1498 = ORIENTED_EDGE ( 'NONE', *, *, #648, .T. ) ;
#1499 = EDGE_LOOP ( 'NONE', ( #1428, #613, #1733, #1076 ) ) ;
#1500 = EDGE_CURVE ( 'NONE', #1564, #1132, #1923, .T. ) ;
#1501 = CARTESIAN_POINT ( 'NONE',  ( 62.75782527412868461, 16.80652216361120566, -4.000000000000000000 ) ) ;
#1502 = FACE_OUTER_BOUND ( 'NONE', #1853, .T. ) ;
#1503 = ORIENTED_EDGE ( 'NONE', *, *, #1652, .F. ) ;
#1504 = CARTESIAN_POINT ( 'NONE',  ( 91.26129865673041763, -20.00000000000000000, -1.000000000000000000 ) ) ;
#1505 = DIRECTION ( 'NONE',  ( -1.000000000000000000, 0.000000000000000000, -0.000000000000000000 ) ) ;
#1506 = EDGE_CURVE ( 'NONE', #841, #961, #357, .T. ) ;
#1507 = EDGE_LOOP ( 'NONE', ( #542, #775, #427, #1330 ) ) ;
#1508 = DIRECTION ( 'NONE',  ( 1.000000000000000000, 0.000000000000000000, 0.000000000000000000 ) ) ;
#1509 = DIRECTION ( 'NONE',  ( -0.000000000000000000, -0.000000000000000000, 1.000000000000000000 ) ) ;
#1510 = DIRECTION ( 'NONE',  ( -0.000000000000000000, -0.000000000000000000, 1.000000000000000000 ) ) ;
#1511 = AXIS2_PLACEMENT_3D ( 'NONE', #598, #292, #896 ) ;
#1512 = PRODUCT_DEFINITION_FORMATION_WITH_SPECIFIED_SOURCE ( 'ANY', '', #1717, .NOT_KNOWN. ) ;
#1513 = EDGE_CURVE ( 'NONE', #1884, #565, #557, .T. ) ;
#1514 = DIRECTION ( 'NONE',  ( -0.000000000000000000, -0.000000000000000000, -1.000000000000000000 ) ) ;
#1515 = DIRECTION ( 'NONE',  ( -1.000000000000000000, 0.000000000000000000, 0.000000000000000000 ) ) ;
#1516 = EDGE_CURVE ( 'NONE', #704, #971, #218, .T. ) ;
#1517 = AXIS2_PLACEMENT_3D ( 'NONE', #1856, #1412, #850 ) ;
#1518 = AXIS2_PLACEMENT_3D ( 'NONE', #924, #1249, #1123 ) ;
#1519 = ORIENTED_EDGE ( 'NONE', *, *, #1792, .F. ) ;
#1520 = FACE_BOUND ( 'NONE', #1845, .T. ) ;
#1521 = LINE ( 'NONE', #1371, #288 ) ;
#1522 = ORIENTED_EDGE ( 'NONE', *, *, #1500, .T. ) ;
#1523 = CIRCLE ( 'NONE', #706, 4.000000000000003553 ) ;
#1524 = ORIENTED_EDGE ( 'NONE', *, *, #52, .T. ) ;
#1525 = CARTESIAN_POINT ( 'NONE',  ( 20.00000000000000000, 34.00000000000000000, 0.000000000000000000 ) ) ;
#1526 = AXIS2_PLACEMENT_3D ( 'NONE', #1338, #563, #1016 ) ;
#1527 = CARTESIAN_POINT ( 'NONE',  ( 10.00000000000000000, -10.00000000000000000, 6.000000000000000000 ) ) ;
#1528 = EDGE_CURVE ( 'NONE', #67, #455, #870, .T. ) ;
#1529 = CARTESIAN_POINT ( 'NONE',  ( 4.000000000000000000, -20.00000000000000000, 6.000000000000000000 ) ) ;
#1530 = ORIENTED_EDGE ( 'NONE', *, *, #246, .T. ) ;
#1531 = DIRECTION ( 'NONE',  ( -6.278258087101726593E-17, 1.000000000000000000, 0.000000000000000000 ) ) ;
#1532 = CARTESIAN_POINT ( 'NONE',  ( 57.38381475639119600, 13.61869912971759078, 6.000000000000000000 ) ) ;
#1533 = CARTESIAN_POINT ( 'NONE',  ( 30.00000000000000000, -10.00000000000000000, -1.000000000000000000 ) ) ;
#1534 = EDGE_LOOP ( 'NONE', ( #1573, #20, #1054, #383 ) ) ;
#1535 = EDGE_LOOP ( 'NONE', ( #1071, #291, #689, #921 ) ) ;
#1536 = EDGE_CURVE ( 'NONE', #213, #282, #243, .T. ) ;
#1537 = CARTESIAN_POINT ( 'NONE',  ( 38.00000000000000000, 1.106499231684619833E-14, -4.000000000000000000 ) ) ;
#1538 = LINE ( 'NONE', #1104, #1837 ) ;
#1539 = VERTEX_POINT ( 'NONE', #1766 ) ;
#1540 = CARTESIAN_POINT ( 'NONE',  ( 4.000000000000000000, -20.00000000000000000, -1.000000000000000000 ) ) ;
#1541 = CARTESIAN_POINT ( 'NONE',  ( 62.47892689733615867, 13.61869912971759966, -4.000000000000000000 ) ) ;
#1542 = CARTESIAN_POINT ( 'NONE',  ( 75.34629865673041138, -0.08500000000000867972, -1.000000000000000000 ) ) ;
#1543 = DIRECTION ( 'NONE',  ( -0.000000000000000000, -0.000000000000000000, 1.000000000000000000 ) ) ;
#1544 = AXIS2_PLACEMENT_3D ( 'NONE', #927, #483, #500 ) ;
#1545 = ORIENTED_EDGE ( 'NONE', *, *, #1528, .T. ) ;
#1546 = DIRECTION ( 'NONE',  ( 1.000000000000000000, 0.000000000000000000, 0.000000000000000000 ) ) ;
#1547 = VERTEX_POINT ( 'NONE', #1444 ) ;
#1548 = LINE ( 'NONE', #794, #188 ) ;
#1549 = DIRECTION ( 'NONE',  ( -1.000000000000000000, 0.000000000000000000, 0.000000000000000000 ) ) ;
#1550 =( NAMED_UNIT ( * ) SI_UNIT ( $, .STERADIAN. ) SOLID_ANGLE_UNIT ( ) );
#1551 = ORIENTED_EDGE ( 'NONE', *, *, #1303, .F. ) ;
#1552 = VECTOR ( 'NONE', #1200, 1000.000000000000000 ) ;
#1553 = DIRECTION ( 'NONE',  ( 0.000000000000000000, 0.000000000000000000, -1.000000000000000000 ) ) ;
#1554 = CARTESIAN_POINT ( 'NONE',  ( 32.59999999999999432, 10.00000000000000000, -1.000000000000000000 ) ) ;
#1555 = EDGE_CURVE ( 'NONE', #340, #1880, #690, .T. ) ;
#1556 = PRESENTATION_LAYER_ASSIGNMENT (  '', '', ( #1021 ) ) ;
#1557 = AXIS2_PLACEMENT_3D ( 'NONE', #1901, #1282, #398 ) ;
#1558 = ORIENTED_EDGE ( 'NONE', *, *, #290, .T. ) ;
#1559 = CIRCLE ( 'NONE', #1656, 6.000000000000001776 ) ;
#1560 = EDGE_CURVE ( 'NONE', #1930, #1712, #1041, .T. ) ;
#1561 = AXIS2_PLACEMENT_3D ( 'NONE', #626, #298, #19 ) ;
#1562 = CARTESIAN_POINT ( 'NONE',  ( 54.58031558623630275, 7.829927829866729638, -1.000000000000000000 ) ) ;
#1563 = EDGE_CURVE ( 'NONE', #665, #561, #182, .T. ) ;
#1564 = VERTEX_POINT ( 'NONE', #401 ) ;
#1565 = FACE_OUTER_BOUND ( 'NONE', #973, .T. ) ;
#1566 = CYLINDRICAL_SURFACE ( 'NONE', #1475, 2.600000000000000089 ) ;
#1567 = DIRECTION ( 'NONE',  ( -1.000000000000000000, 0.000000000000000000, 0.000000000000000000 ) ) ;
#1568 = FILL_AREA_STYLE ('',( #958 ) ) ;
#1569 = CARTESIAN_POINT ( 'NONE',  ( 20.00000000000000000, 34.00000000000000000, 0.000000000000000000 ) ) ;
#1570 = ORIENTED_EDGE ( 'NONE', *, *, #1011, .F. ) ;
#1571 = ORIENTED_EDGE ( 'NONE', *, *, #875, .T. ) ;
#1572 = CARTESIAN_POINT ( 'NONE',  ( 61.53137082686368586, -15.50000000000000711, -1.000000000000000000 ) ) ;
#1573 = ORIENTED_EDGE ( 'NONE', *, *, #1175, .F. ) ;
#1574 = EDGE_LOOP ( 'NONE', ( #1398, #396, #107, #1035 ) ) ;
#1575 = LINE ( 'NONE', #966, #1209 ) ;
#1576 = DIRECTION ( 'NONE',  ( 1.000000000000000000, 0.000000000000000000, 0.000000000000000000 ) ) ;
#1577 = DIRECTION ( 'NONE',  ( 0.000000000000000000, 0.000000000000000000, 1.000000000000000000 ) ) ;
#1578 = DIRECTION ( 'NONE',  ( 0.000000000000000000, 0.000000000000000000, 1.000000000000000000 ) ) ;
#1579 = CARTESIAN_POINT ( 'NONE',  ( 59.93137082686367734, -15.50000000000000711, -1.000000000000000000 ) ) ;
#1580 = ORIENTED_EDGE ( 'NONE', *, *, #408, .F. ) ;
#1581 = CIRCLE ( 'NONE', #1935, 1.600000000000004086 ) ;
#1582 = CARTESIAN_POINT ( 'NONE',  ( 27.40000000000000213, -10.00000000000000000, 6.000000000000000000 ) ) ;
#1583 = ADVANCED_FACE ( 'NONE', ( #103 ), #1323, .F. ) ;
#1584 = EDGE_LOOP ( 'NONE', ( #211, #682 ) ) ;
#1585 = ORIENTED_EDGE ( 'NONE', *, *, #962, .T. ) ;
#1586 = ORIENTED_EDGE ( 'NONE', *, *, #476, .T. ) ;
#1587 = CARTESIAN_POINT ( 'NONE',  ( 50.58031558623630275, 7.829927829866729638, -1.000000000000000000 ) ) ;
#1588 = CARTESIAN_POINT ( 'NONE',  ( 7.400000000000000355, -10.00000000000000000, -1.000000000000000000 ) ) ;
#1589 = CARTESIAN_POINT ( 'NONE',  ( 7.433859362941761972, 38.93377233865462728, 6.000000000000000000 ) ) ;
#1590 = CYLINDRICAL_SURFACE ( 'NONE', #1265, 1.600000000000004086 ) ;
#1591 = CARTESIAN_POINT ( 'NONE',  ( 41.99999999999999289, -8.000000000000000000, -4.000000000000000000 ) ) ;
#1592 = ORIENTED_EDGE ( 'NONE', *, *, #1082, .T. ) ;
#1593 = DIRECTION ( 'NONE',  ( -1.000000000000000000, 0.000000000000000000, 0.000000000000000000 ) ) ;
#1594 = CIRCLE ( 'NONE', #346, 4.000000000000003553 ) ;
#1595 = ORIENTED_EDGE ( 'NONE', *, *, #1347, .F. ) ;
#1596 = EDGE_LOOP ( 'NONE', ( #1215, #660, #882, #1530 ) ) ;
#1597 = AXIS2_PLACEMENT_3D ( 'NONE', #532, #1140, #1760 ) ;
#1598 = DIRECTION ( 'NONE',  ( 1.000000000000000000, 0.000000000000000000, 0.000000000000000000 ) ) ;
#1599 = CIRCLE ( 'NONE', #1881, 2.600000000000000089 ) ;
#1600 = VERTEX_POINT ( 'NONE', #1465 ) ;
#1601 = AXIS2_PLACEMENT_3D ( 'NONE', #1915, #1018, #520 ) ;
#1602 = EDGE_CURVE ( 'NONE', #718, #1291, #279, .T. ) ;
#1603 = VERTEX_POINT ( 'NONE', #1454 ) ;
#1604 = DIRECTION ( 'NONE',  ( 1.000000000000000000, 0.000000000000000000, 0.000000000000000000 ) ) ;
#1605 = PRESENTATION_STYLE_ASSIGNMENT (( #1167 ) ) ;
#1606 = LINE ( 'NONE', #1489, #1317 ) ;
#1607 = DIRECTION ( 'NONE',  ( 0.000000000000000000, 0.000000000000000000, 1.000000000000000000 ) ) ;
#1608 = DIRECTION ( 'NONE',  ( -0.000000000000000000, 0.000000000000000000, 1.000000000000000000 ) ) ;
#1609 = EDGE_CURVE ( 'NONE', #361, #458, #1263, .T. ) ;
#1610 = VERTEX_POINT ( 'NONE', #1742 ) ;
#1611 = DIRECTION ( 'NONE',  ( -0.000000000000000000, -0.000000000000000000, 1.000000000000000000 ) ) ;
#1612 = ORIENTED_EDGE ( 'NONE', *, *, #749, .T. ) ;
#1613 = EDGE_CURVE ( 'NONE', #840, #213, #541, .T. ) ;
#1614 = CYLINDRICAL_SURFACE ( 'NONE', #755, 2.600000000000000089 ) ;
#1615 = ORIENTED_EDGE ( 'NONE', *, *, #293, .F. ) ;
#1616 = DIRECTION ( 'NONE',  ( -0.000000000000000000, -0.000000000000000000, 1.000000000000000000 ) ) ;
#1617 = EDGE_LOOP ( 'NONE', ( #1122, #1580 ) ) ;
#1618 = CARTESIAN_POINT ( 'NONE',  ( 59.93137082686367734, -15.50000000000000711, 6.000000000000000000 ) ) ;
#1619 = DIRECTION ( 'NONE',  ( -0.000000000000000000, -0.000000000000000000, -1.000000000000000000 ) ) ;
#1620 = DIRECTION ( 'NONE',  ( 0.000000000000000000, 0.000000000000000000, -1.000000000000000000 ) ) ;
#1621 = EDGE_LOOP ( 'NONE', ( #1917, #1955, #1117, #285, #1826 ) ) ;
#1622 = FACE_BOUND ( 'NONE', #952, .T. ) ;
#1623 = ORIENTED_EDGE ( 'NONE', *, *, #1335, .F. ) ;
#1624 = AXIS2_PLACEMENT_3D ( 'NONE', #3, #1956, #1933 ) ;
#1625 = LINE ( 'NONE', #981, #1681 ) ;
#1626 = CARTESIAN_POINT ( 'NONE',  ( 89.16129865673042332, -15.50000000000000711, 6.000000000000000000 ) ) ;
#1627 = EDGE_CURVE ( 'NONE', #565, #1880, #341, .T. ) ;
#1628 = DIRECTION ( 'NONE',  ( 0.000000000000000000, 0.000000000000000000, -1.000000000000000000 ) ) ;
#1629 = AXIS2_PLACEMENT_3D ( 'NONE', #26, #1064, #1508 ) ;
#1630 = ORIENTED_EDGE ( 'NONE', *, *, #1706, .T. ) ;
#1631 = VERTEX_POINT ( 'NONE', #1892 ) ;
#1632 = CIRCLE ( 'NONE', #1719, 2.600000000000000089 ) ;
#1633 = CIRCLE ( 'NONE', #1808, 4.000000000000000000 ) ;
#1634 = FACE_OUTER_BOUND ( 'NONE', #722, .T. ) ;
#1635 = FACE_BOUND ( 'NONE', #1014, .T. ) ;
#1636 = VERTEX_POINT ( 'NONE', #530 ) ;
#1637 = DIRECTION ( 'NONE',  ( 0.000000000000000000, 0.000000000000000000, -1.000000000000000000 ) ) ;
#1638 = DIRECTION ( 'NONE',  ( 0.000000000000000000, 0.000000000000000000, -1.000000000000000000 ) ) ;
#1639 = ORIENTED_EDGE ( 'NONE', *, *, #1033, .F. ) ;
#1640 = CARTESIAN_POINT ( 'NONE',  ( 32.59999999999999432, 10.00000000000000000, 6.000000000000000000 ) ) ;
#1641 = EDGE_CURVE ( 'NONE', #788, #665, #1459, .T. ) ;
#1642 = EDGE_CURVE ( 'NONE', #138, #976, #1355, .T. ) ;
#1643 = CIRCLE ( 'NONE', #132, 2.600000000000000089 ) ;
#1644 = ORIENTED_EDGE ( 'NONE', *, *, #503, .F. ) ;
#1645 = ADVANCED_FACE ( 'NONE', ( #1186 ), #1049, .F. ) ;
#1646 = CARTESIAN_POINT ( 'NONE',  ( 27.40000000000000213, 10.00000000000000000, -1.000000000000000000 ) ) ;
#1647 = EDGE_CURVE ( 'NONE', #955, #976, #124, .T. ) ;
#1648 = ORIENTED_EDGE ( 'NONE', *, *, #1751, .F. ) ;
#1649 = CIRCLE ( 'NONE', #1517, 32.42992782986674882 ) ;
#1650 = LINE ( 'NONE', #374, #159 ) ;
#1651 = AXIS2_PLACEMENT_3D ( 'NONE', #1382, #967, #1693 ) ;
#1652 = EDGE_CURVE ( 'NONE', #361, #1379, #1328, .T. ) ;
#1653 = AXIS2_PLACEMENT_3D ( 'NONE', #313, #747, #906 ) ;
#1654 = CARTESIAN_POINT ( 'NONE',  ( 0.000000000000000000, 0.000000000000000000, 0.000000000000000000 ) ) ;
#1655 = DIRECTION ( 'NONE',  ( -0.000000000000000000, -0.000000000000000000, 1.000000000000000000 ) ) ;
#1656 = AXIS2_PLACEMENT_3D ( 'NONE', #1569, #365, #375 ) ;
#1657 = VECTOR ( 'NONE', #1885, 1000.000000000000000 ) ;
#1658 = DIRECTION ( 'NONE',  ( 1.000000000000000000, 0.000000000000000000, 0.000000000000000000 ) ) ;
#1659 = EDGE_CURVE ( 'NONE', #590, #1547, #1173, .T. ) ;
#1660 = EDGE_LOOP ( 'NONE', ( #781, #513, #1612, #1558 ) ) ;
#1661 = DIRECTION ( 'NONE',  ( -0.000000000000000000, -0.000000000000000000, 1.000000000000000000 ) ) ;
#1662 = EDGE_CURVE ( 'NONE', #960, #1670, #499, .T. ) ;
#1663 = DIRECTION ( 'NONE',  ( -0.000000000000000000, -0.000000000000000000, 1.000000000000000000 ) ) ;
#1664 = FACE_OUTER_BOUND ( 'NONE', #1842, .T. ) ;
#1665 = EDGE_LOOP ( 'NONE', ( #1802, #631 ) ) ;
#1666 = DIRECTION ( 'NONE',  ( 1.000000000000000000, 0.000000000000000000, 0.000000000000000000 ) ) ;
#1667 = EDGE_CURVE ( 'NONE', #683, #629, #1421, .T. ) ;
#1668 = LINE ( 'NONE', #1056, #1470 ) ;
#1669 = FACE_OUTER_BOUND ( 'NONE', #1203, .T. ) ;
#1670 = VERTEX_POINT ( 'NONE', #1800 ) ;
#1671 = CYLINDRICAL_SURFACE ( 'NONE', #413, 29.22992782986673888 ) ;
#1672 = CARTESIAN_POINT ( 'NONE',  ( -2.489948095290086351E-15, 19.82992782986672253, 6.000000000000000000 ) ) ;
#1673 = ORIENTED_EDGE ( 'NONE', *, *, #1303, .T. ) ;
#1674 = AXIS2_PLACEMENT_3D ( 'NONE', #1476, #129, #1791 ) ;
#1675 = CARTESIAN_POINT ( 'NONE',  ( 54.39046682785077991, 6.612246625271847478, 6.000000000000000000 ) ) ;
#1676 = COLOUR_RGB ( '',0.7921568627450980005, 0.8196078431372548767, 0.9333333333333333481 ) ;
#1677 = EDGE_CURVE ( 'NONE', #629, #662, #1040, .T. ) ;
#1678 = CARTESIAN_POINT ( 'NONE',  ( 54.58033865110979832, -8.000000000000000000, 6.000000000000000000 ) ) ;
#1679 = CYLINDRICAL_SURFACE ( 'NONE', #991, 1.600000000000004086 ) ;
#1680 = ADVANCED_FACE ( 'NONE', ( #716 ), #1195, .F. ) ;
#1681 = VECTOR ( 'NONE', #549, 1000.000000000000000 ) ;
#1682 = AXIS2_PLACEMENT_3D ( 'NONE', #988, #1288, #1864 ) ;
#1683 = ORIENTED_EDGE ( 'NONE', *, *, #380, .F. ) ;
#1684 = CARTESIAN_POINT ( 'NONE',  ( 27.40000000000000213, 10.00000000000000000, 6.000000000000000000 ) ) ;
#1685 = DIRECTION ( 'NONE',  ( 0.000000000000000000, 0.000000000000000000, -1.000000000000000000 ) ) ;
#1686 = ORIENTED_EDGE ( 'NONE', *, *, #439, .F. ) ;
#1687 = DIRECTION ( 'NONE',  ( -0.000000000000000000, -0.000000000000000000, 1.000000000000000000 ) ) ;
#1688 = AXIS2_PLACEMENT_3D ( 'NONE', #581, #1474, #1927 ) ;
#1689 = LINE ( 'NONE', #16, #829 ) ;
#1690 = ORIENTED_EDGE ( 'NONE', *, *, #838, .T. ) ;
#1691 = CARTESIAN_POINT ( 'NONE',  ( 10.50000000000000178, 34.00000000000000000, 0.000000000000000000 ) ) ;
#1692 = DIRECTION ( 'NONE',  ( -0.000000000000000000, -0.000000000000000000, 1.000000000000000000 ) ) ;
#1693 = DIRECTION ( 'NONE',  ( 1.000000000000000000, 0.000000000000000000, 0.000000000000000000 ) ) ;
#1694 = DIRECTION ( 'NONE',  ( -1.000000000000000000, 0.000000000000000000, 0.000000000000000000 ) ) ;
#1695 = EDGE_LOOP ( 'NONE', ( #1815, #1066 ) ) ;
#1696 = CARTESIAN_POINT ( 'NONE',  ( 90.73195539678907551, -16.84478256445629185, -4.000000000000000000 ) ) ;
#1697 = EDGE_CURVE ( 'NONE', #1539, #222, #105, .T. ) ;
#1698 = VERTEX_POINT ( 'NONE', #1646 ) ;
#1699 = DIRECTION ( 'NONE',  ( -1.000000000000000000, 0.000000000000000000, 0.000000000000000000 ) ) ;
#1700 = DIRECTION ( 'NONE',  ( -1.000000000000000000, 0.000000000000000000, 0.000000000000000000 ) ) ;
#1701 = DIRECTION ( 'NONE',  ( 0.000000000000000000, -0.000000000000000000, 1.000000000000000000 ) ) ;
#1702 = ORIENTED_EDGE ( 'NONE', *, *, #109, .T. ) ;
#1703 = CARTESIAN_POINT ( 'NONE',  ( -7.427134006769055409E-16, 11.82992782986672609, 6.000000000000000000 ) ) ;
#1704 = EDGE_CURVE ( 'NONE', #1763, #67, #856, .T. ) ;
#1705 = AXIS2_PLACEMENT_3D ( 'NONE', #1940, #582, #450 ) ;
#1706 = EDGE_CURVE ( 'NONE', #1877, #739, #700, .T. ) ;
#1707 = ORIENTED_EDGE ( 'NONE', *, *, #671, .T. ) ;
#1708 = DIRECTION ( 'NONE',  ( -1.000000000000000000, 0.000000000000000000, 0.000000000000000000 ) ) ;
#1709 = ORIENTED_EDGE ( 'NONE', *, *, #1949, .T. ) ;
#1710 = CARTESIAN_POINT ( 'NONE',  ( 90.73195539678907551, -16.84478256445629185, 6.000000000000000000 ) ) ;
#1711 = CARTESIAN_POINT ( 'NONE',  ( 91.26129865673041763, 19.82992782986673319, 6.000000000000000000 ) ) ;
#1712 = VERTEX_POINT ( 'NONE', #1060 ) ;
#1713 = LINE ( 'NONE', #1858, #1239 ) ;
#1714 = VECTOR ( 'NONE', #1267, 1000.000000000000000 ) ;
#1715 =( LENGTH_UNIT ( ) NAMED_UNIT ( * ) SI_UNIT ( .MILLI., .METRE. ) );
#1716 = DIRECTION ( 'NONE',  ( -0.000000000000000000, 0.000000000000000000, 1.000000000000000000 ) ) ;
#1717 = PRODUCT ( 'y bearing +motor holder ender 3v2', 'y bearing +motor holder ender 3v2', '', ( #1022 ) ) ;
#1718 = ORIENTED_EDGE ( 'NONE', *, *, #1894, .T. ) ;
#1719 = AXIS2_PLACEMENT_3D ( 'NONE', #1527, #602, #167 ) ;
#1720 = EDGE_LOOP ( 'NONE', ( #531, #482, #606, #518 ) ) ;
#1721 = VECTOR ( 'NONE', #1160, 1000.000000000000000 ) ;
#1722 = VECTOR ( 'NONE', #264, 1000.000000000000000 ) ;
#1723 = DIRECTION ( 'NONE',  ( 1.000000000000000000, 0.000000000000000000, 0.000000000000000000 ) ) ;
#1724 = VERTEX_POINT ( 'NONE', #1504 ) ;
#1725 = ORIENTED_EDGE ( 'NONE', *, *, #503, .T. ) ;
#1726 = DIRECTION ( 'NONE',  ( -0.000000000000000000, -0.000000000000000000, -1.000000000000000000 ) ) ;
#1727 = DIRECTION ( 'NONE',  ( 0.000000000000000000, 0.000000000000000000, -1.000000000000000000 ) ) ;
#1728 = DIRECTION ( 'NONE',  ( 0.000000000000000000, 0.000000000000000000, 1.000000000000000000 ) ) ;
#1729 = DIRECTION ( 'NONE',  ( -1.000000000000000000, 0.000000000000000000, 0.000000000000000000 ) ) ;
#1730 = ORIENTED_EDGE ( 'NONE', *, *, #1642, .F. ) ;
#1731 = EDGE_CURVE ( 'NONE', #947, #1255, #1643, .T. ) ;
#1732 = CARTESIAN_POINT ( 'NONE',  ( 59.93137082686367734, -15.50000000000000711, 6.000000000000000000 ) ) ;
#1733 = ORIENTED_EDGE ( 'NONE', *, *, #1536, .F. ) ;
#1734 = ADVANCED_FACE ( 'NONE', ( #575, #744, #1032, #1205, #1635, #1177, #1812, #869, #1026, #1779, #272, #873 ), #727, .T. ) ;
#1735 = DIRECTION ( 'NONE',  ( 0.000000000000000000, 1.000000000000000000, -0.000000000000000000 ) ) ;
#1736 = ORIENTED_EDGE ( 'NONE', *, *, #1894, .F. ) ;
#1737 = ORIENTED_EDGE ( 'NONE', *, *, #1085, .T. ) ;
#1738 = CARTESIAN_POINT ( 'NONE',  ( 93.25638170014157424, 15.03674633765413127, -1.000000000000000000 ) ) ;
#1739 = CARTESIAN_POINT ( 'NONE',  ( 39.07023839397790255, 22.36806935915424077, -1.000000000000000000 ) ) ;
#1740 = DIRECTION ( 'NONE',  ( -0.000000000000000000, 0.000000000000000000, 1.000000000000000000 ) ) ;
#1741 = FACE_OUTER_BOUND ( 'NONE', #1789, .T. ) ;
#1742 = CARTESIAN_POINT ( 'NONE',  ( 92.33043255132002969, -16.91457358424091950, 6.000000000000000000 ) ) ;
#1743 = ORIENTED_EDGE ( 'NONE', *, *, #1774, .T. ) ;
#1744 = EDGE_CURVE ( 'NONE', #695, #735, #1486, .T. ) ;
#1745 = AXIS2_PLACEMENT_3D ( 'NONE', #1009, #858, #1879 ) ;
#1746 = LINE ( 'NONE', #379, #419 ) ;
#1747 = VECTOR ( 'NONE', #1577, 1000.000000000000000 ) ;
#1748 = VERTEX_POINT ( 'NONE', #1190 ) ;
#1749 = ORIENTED_EDGE ( 'NONE', *, *, #471, .F. ) ;
#1750 = ORIENTED_EDGE ( 'NONE', *, *, #589, .T. ) ;
#1751 = EDGE_CURVE ( 'NONE', #1930, #1631, #1385, .T. ) ;
#1752 = CARTESIAN_POINT ( 'NONE',  ( 62.75782527412868461, 16.80652216361120566, 6.000000000000000000 ) ) ;
#1753 = DIRECTION ( 'NONE',  ( 1.000000000000000000, 0.000000000000000000, 0.000000000000000000 ) ) ;
#1754 = DIRECTION ( 'NONE',  ( -1.000000000000000000, 0.000000000000000000, 0.000000000000000000 ) ) ;
#1755 = CARTESIAN_POINT ( 'NONE',  ( 59.93137082686367734, -15.50000000000000711, -1.000000000000000000 ) ) ;
#1756 = AXIS2_PLACEMENT_3D ( 'NONE', #171, #1072, #1392 ) ;
#1757 = ORIENTED_EDGE ( 'NONE', *, *, #397, .T. ) ;
#1758 = CARTESIAN_POINT ( 'NONE',  ( 20.00000000000000000, 34.00000000000000000, 0.000000000000000000 ) ) ;
#1759 = VERTEX_POINT ( 'NONE', #183 ) ;
#1760 = DIRECTION ( 'NONE',  ( 1.000000000000000000, 0.000000000000000000, 0.000000000000000000 ) ) ;
#1761 = FACE_OUTER_BOUND ( 'NONE', #1296, .T. ) ;
#1762 = CIRCLE ( 'NONE', #951, 45.20010206398124097 ) ;
#1763 = VERTEX_POINT ( 'NONE', #1859 ) ;
#1764 = DIRECTION ( 'NONE',  ( -0.000000000000000000, -0.000000000000000000, 1.000000000000000000 ) ) ;
#1765 = CARTESIAN_POINT ( 'NONE',  ( 92.07673796124537091, 13.95580200546907612, 6.000000000000000000 ) ) ;
#1766 = CARTESIAN_POINT ( 'NONE',  ( 12.59999999999999964, 10.00000000000000000, 6.000000000000000000 ) ) ;
#1767 = ORIENTED_EDGE ( 'NONE', *, *, #462, .F. ) ;
#1768 = PLANE ( 'NONE',  #1312 ) ;
#1769 = EDGE_LOOP ( 'NONE', ( #666, #1275, #466, #426 ) ) ;
#1770 = ADVANCED_FACE ( 'NONE', ( #333 ), #1375, .F. ) ;
#1771 = CYLINDRICAL_SURFACE ( 'NONE', #1051, 2.599999999999998312 ) ;
#1772 = DIRECTION ( 'NONE',  ( 0.3654646176781204958, -0.9308252323746842860, 0.000000000000000000 ) ) ;
#1773 = EDGE_LOOP ( 'NONE', ( #1231, #1048, #1261, #449, #58 ) ) ;
#1774 = EDGE_CURVE ( 'NONE', #547, #1356, #256, .T. ) ;
#1775 = ORIENTED_EDGE ( 'NONE', *, *, #938, .T. ) ;
#1776 = ORIENTED_EDGE ( 'NONE', *, *, #266, .T. ) ;
#1777 = AXIS2_PLACEMENT_3D ( 'NONE', #1537, #619, #1224 ) ;
#1778 = CARTESIAN_POINT ( 'NONE',  ( 88.30622850014768233, 15.46572339548549202, 6.000000000000000000 ) ) ;
#1779 = FACE_BOUND ( 'NONE', #86, .T. ) ;
#1780 = CLOSED_SHELL ( 'NONE', ( #1204, #1226, #1477, #1162, #1387, #1368, #1770, #133, #1415, #1240, #880, #1230, #355, #1185, #148, #45, #1925, #741, #1092, #884, #1928, #1300, #786, #1251, #1680, #260, #1645, #1583, #734, #1351, #759, #273, #583, #1952, #1494, #863, #312, #123, #1350, #807, #70, #136, #545, #1788, #108, #587, #1112, #1801, #692, #382, #1331, #713, #494, #1734, #857, #36 ) ) ;
#1781 = AXIS2_PLACEMENT_3D ( 'NONE', #489, #1074, #28 ) ;
#1782 = AXIS2_PLACEMENT_3D ( 'NONE', #612, #1822, #1390 ) ;
#1783 = ORIENTED_EDGE ( 'NONE', *, *, #437, .T. ) ;
#1784 = AXIS2_PLACEMENT_3D ( 'NONE', #1062, #7, #1546 ) ;
#1785 = AXIS2_PLACEMENT_3D ( 'NONE', #239, #1463, #1954 ) ;
#1786 = CARTESIAN_POINT ( 'NONE',  ( 38.00000000000000000, 7.829927829866727862, 6.000000000000000000 ) ) ;
#1787 = CARTESIAN_POINT ( 'NONE',  ( 10.00000000000000000, 10.00000000000000000, -1.000000000000000000 ) ) ;
#1788 = ADVANCED_FACE ( 'NONE', ( #1362 ), #610, .F. ) ;
#1789 = EDGE_LOOP ( 'NONE', ( #1571, #1388, #1783, #579 ) ) ;
#1790 = DIRECTION ( 'NONE',  ( 1.000000000000000000, 0.000000000000000000, 0.000000000000000000 ) ) ;
#1791 = DIRECTION ( 'NONE',  ( -1.000000000000000000, 0.000000000000000000, 0.000000000000000000 ) ) ;
#1792 = EDGE_CURVE ( 'NONE', #930, #1897, #785, .T. ) ;
#1793 = EDGE_LOOP ( 'NONE', ( #48, #1002, #793, #1855, #219, #986, #1219, #294, #1909, #244, #29 ) ) ;
#1794 = DIRECTION ( 'NONE',  ( 1.000000000000000000, 0.000000000000000000, 0.000000000000000000 ) ) ;
#1795 = VECTOR ( 'NONE', #1110, 1000.000000000000000 ) ;
#1796 = CYLINDRICAL_SURFACE ( 'NONE', #987, 32.42992782986674882 ) ;
#1797 = ORIENTED_EDGE ( 'NONE', *, *, #974, .T. ) ;
#1798 = VECTOR ( 'NONE', #1687, 1000.000000000000000 ) ;
#1799 = VERTEX_POINT ( 'NONE', #649 ) ;
#1800 = CARTESIAN_POINT ( 'NONE',  ( 27.40000000000000213, 10.00000000000000000, 6.000000000000000000 ) ) ;
#1801 = ADVANCED_FACE ( 'NONE', ( #915 ), #935, .F. ) ;
#1802 = ORIENTED_EDGE ( 'NONE', *, *, #1207, .F. ) ;
#1803 = PLANE ( 'NONE',  #1653 ) ;
#1804 = CIRCLE ( 'NONE', #600, 2.599999999999998312 ) ;
#1805 = CIRCLE ( 'NONE', #351, 1.600000000000011191 ) ;
#1806 = CARTESIAN_POINT ( 'NONE',  ( 75.34629865673041138, -0.08500000000000867972, -4.000000000000000000 ) ) ;
#1807 = CYLINDRICAL_SURFACE ( 'NONE', #1561, 29.22992782986673888 ) ;
#1808 = AXIS2_PLACEMENT_3D ( 'NONE', #134, #1938, #715 ) ;
#1809 = EDGE_CURVE ( 'NONE', #874, #1636, #904, .T. ) ;
#1810 = ORIENTED_EDGE ( 'NONE', *, *, #1659, .T. ) ;
#1811 = AXIS2_PLACEMENT_3D ( 'NONE', #993, #1108, #1604 ) ;
#1812 = FACE_BOUND ( 'NONE', #1665, .T. ) ;
#1813 = DIRECTION ( 'NONE',  ( -0.000000000000000000, -0.000000000000000000, 1.000000000000000000 ) ) ;
#1814 = CARTESIAN_POINT ( 'NONE',  ( 41.99999999999999289, 7.829927829866729638, -4.000000000000000000 ) ) ;
#1815 = ORIENTED_EDGE ( 'NONE', *, *, #1642, .T. ) ;
#1816 = DIRECTION ( 'NONE',  ( 0.000000000000000000, -0.000000000000000000, -1.000000000000000000 ) ) ;
#1817 = CARTESIAN_POINT ( 'NONE',  ( 30.00000000000000000, 10.00000000000000000, 6.000000000000000000 ) ) ;
#1818 = EDGE_LOOP ( 'NONE', ( #1266, #1958, #1730, #905 ) ) ;
#1819 = EDGE_CURVE ( 'NONE', #635, #1291, #1216, .T. ) ;
#1820 = CARTESIAN_POINT ( 'NONE',  ( 26.00000000000000355, 34.00000000000000000, -1.000000000000000000 ) ) ;
#1821 = DIRECTION ( 'NONE',  ( -1.000000000000000000, 0.000000000000000000, 0.000000000000000000 ) ) ;
#1822 = DIRECTION ( 'NONE',  ( 0.000000000000000000, 0.000000000000000000, -1.000000000000000000 ) ) ;
#1823 = ORIENTED_EDGE ( 'NONE', *, *, #792, .F. ) ;
#1824 = CARTESIAN_POINT ( 'NONE',  ( 89.13347824225810712, -16.77499154467183828, -4.000000000000000000 ) ) ;
#1825 = DIRECTION ( 'NONE',  ( 0.000000000000000000, 0.000000000000000000, 1.000000000000000000 ) ) ;
#1826 = ORIENTED_EDGE ( 'NONE', *, *, #1506, .F. ) ;
#1827 = EDGE_LOOP ( 'NONE', ( #1479, #1833, #641, #941 ) ) ;
#1828 = AXIS2_PLACEMENT_3D ( 'NONE', #946, #1553, #1694 ) ;
#1829 = CARTESIAN_POINT ( 'NONE',  ( 57.38381475639119600, 13.61869912971759078, -4.000000000000000000 ) ) ;
#1830 = FACE_OUTER_BOUND ( 'NONE', #1695, .T. ) ;
#1831 = DIRECTION ( 'NONE',  ( 1.000000000000000000, 0.000000000000000000, 0.000000000000000000 ) ) ;
#1832 = AXIS2_PLACEMENT_3D ( 'NONE', #1099, #1234, #1567 ) ;
#1833 = ORIENTED_EDGE ( 'NONE', *, *, #828, .F. ) ;
#1834 = FACE_OUTER_BOUND ( 'NONE', #1042, .T. ) ;
#1835 = CARTESIAN_POINT ( 'NONE',  ( 32.59999999999999432, -10.00000000000000000, 6.000000000000000000 ) ) ;
#1836 = ORIENTED_EDGE ( 'NONE', *, *, #1012, .F. ) ;
#1837 = VECTOR ( 'NONE', #1254, 1000.000000000000000 ) ;
#1838 = EDGE_LOOP ( 'NONE', ( #278, #1020, #82, #777 ) ) ;
#1839 = DIRECTION ( 'NONE',  ( -0.000000000000000000, -0.000000000000000000, 1.000000000000000000 ) ) ;
#1840 = CIRCLE ( 'NONE', #556, 13.99999999999999822 ) ;
#1841 = AXIS2_PLACEMENT_3D ( 'NONE', #1899, #1280, #1869 ) ;
#1842 = EDGE_LOOP ( 'NONE', ( #964, #1737, #371, #436 ) ) ;
#1843 = EDGE_CURVE ( 'NONE', #1631, #97, #1906, .T. ) ;
#1844 = CARTESIAN_POINT ( 'NONE',  ( 20.00000000000000000, 34.00000000000000000, -1.000000000000000000 ) ) ;
#1845 = EDGE_LOOP ( 'NONE', ( #210, #1898, #871, #609, #544, #1235 ) ) ;
#1846 = DIRECTION ( 'NONE',  ( -0.000000000000000000, -0.000000000000000000, -1.000000000000000000 ) ) ;
#1847 = DIRECTION ( 'NONE',  ( -0.000000000000000000, -0.000000000000000000, -1.000000000000000000 ) ) ;
#1848 = DIRECTION ( 'NONE',  ( 0.3654646176781204958, 0.9308252323746842860, 0.000000000000000000 ) ) ;
#1849 = ORIENTED_EDGE ( 'NONE', *, *, #828, .T. ) ;
#1850 = EDGE_CURVE ( 'NONE', #976, #138, #63, .T. ) ;
#1851 = DIRECTION ( 'NONE',  ( 0.000000000000000000, 0.000000000000000000, 1.000000000000000000 ) ) ;
#1852 = EDGE_CURVE ( 'NONE', #1096, #1379, #1581, .T. ) ;
#1853 = EDGE_LOOP ( 'NONE', ( #521, #459, #593, #190 ) ) ;
#1854 = FACE_OUTER_BOUND ( 'NONE', #1325, .T. ) ;
#1855 = ORIENTED_EDGE ( 'NONE', *, *, #208, .T. ) ;
#1856 = CARTESIAN_POINT ( 'NONE',  ( 59.93137082686367734, -15.50000000000000711, 6.000000000000000000 ) ) ;
#1857 = FACE_OUTER_BOUND ( 'NONE', #1139, .T. ) ;
#1858 = CARTESIAN_POINT ( 'NONE',  ( -6.803673753499236199, 2.671287735492296367, 6.000000000000000000 ) ) ;
#1859 = CARTESIAN_POINT ( 'NONE',  ( 92.08385612850858593, -11.26704500639636386, -1.000000000000000000 ) ) ;
#1860 = CARTESIAN_POINT ( 'NONE',  ( 32.56614063705823980, 38.93377233865462728, 6.000000000000000000 ) ) ;
#1861 = ORIENTED_EDGE ( 'NONE', *, *, #862, .T. ) ;
#1862 = VERTEX_POINT ( 'NONE', #1259 ) ;
#1863 = EDGE_CURVE ( 'NONE', #665, #1236, #1406, .T. ) ;
#1864 = DIRECTION ( 'NONE',  ( 1.000000000000000000, 0.000000000000000000, 0.000000000000000000 ) ) ;
#1865 = ORIENTED_EDGE ( 'NONE', *, *, #1939, .F. ) ;
#1866 = ADVANCED_BREP_SHAPE_REPRESENTATION ( 'y bearing +motor holder ender 3v2', ( #331, #1389 ), #780 ) ;
#1867 = ORIENTED_EDGE ( 'NONE', *, *, #1744, .T. ) ;
#1868 = CARTESIAN_POINT ( 'NONE',  ( 95.26129865673041763, 15.82992782986673141, 6.000000000000000000 ) ) ;
#1869 = DIRECTION ( 'NONE',  ( 1.000000000000000000, 0.000000000000000000, 0.000000000000000000 ) ) ;
#1870 = ORIENTED_EDGE ( 'NONE', *, *, #1602, .T. ) ;
#1871 = CARTESIAN_POINT ( 'NONE',  ( 92.33043255132002969, -16.91457358424091950, -1.000000000000000000 ) ) ;
#1872 = EDGE_CURVE ( 'NONE', #1600, #421, #1068, .T. ) ;
#1873 = CIRCLE ( 'NONE', #885, 4.000000000000003553 ) ;
#1874 = CARTESIAN_POINT ( 'NONE',  ( 75.34629865673041138, -0.08500000000000867972, -1.000000000000000000 ) ) ;
#1875 = EDGE_CURVE ( 'NONE', #21, #1278, #195, .T. ) ;
#1876 = VECTOR ( 'NONE', #1089, 1000.000000000000000 ) ;
#1877 = VERTEX_POINT ( 'NONE', #1675 ) ;
#1878 = CIRCLE ( 'NONE', #708, 29.22992782986673888 ) ;
#1879 = DIRECTION ( 'NONE',  ( -1.000000000000000000, 0.000000000000000000, 0.000000000000000000 ) ) ;
#1880 = VERTEX_POINT ( 'NONE', #767 ) ;
#1881 = AXIS2_PLACEMENT_3D ( 'NONE', #1327, #1174, #866 ) ;
#1882 = CARTESIAN_POINT ( 'NONE',  ( 42.79353932347663658, 23.82992782986672964, 6.000000000000000000 ) ) ;
#1883 = VERTEX_POINT ( 'NONE', #310 ) ;
#1884 = VERTEX_POINT ( 'NONE', #1078 ) ;
#1885 = DIRECTION ( 'NONE',  ( 0.000000000000000000, 0.000000000000000000, -1.000000000000000000 ) ) ;
#1886 = CARTESIAN_POINT ( 'NONE',  ( 62.61837608573242164, 15.21261064666438934, 6.000000000000000000 ) ) ;
#1887 = DIRECTION ( 'NONE',  ( 0.000000000000000000, 0.000000000000000000, -1.000000000000000000 ) ) ;
#1888 =( LENGTH_UNIT ( ) NAMED_UNIT ( * ) SI_UNIT ( .MILLI., .METRE. ) );
#1889 = CARTESIAN_POINT ( 'NONE',  ( 41.99999999999999289, 7.829927829866729638, -1.000000000000000000 ) ) ;
#1890 = EDGE_CURVE ( 'NONE', #1712, #97, #22, .T. ) ;
#1891 = ORIENTED_EDGE ( 'NONE', *, *, #1850, .F. ) ;
#1892 = CARTESIAN_POINT ( 'NONE',  ( 26.00000000000000355, 34.00000000000000000, 0.000000000000000000 ) ) ;
#1893 = DIRECTION ( 'NONE',  ( -0.000000000000000000, 0.000000000000000000, -1.000000000000000000 ) ) ;
#1894 = EDGE_CURVE ( 'NONE', #739, #753, #595, .T. ) ;
#1895 = CYLINDRICAL_SURFACE ( 'NONE', #1597, 4.000000000000003553 ) ;
#1896 = ORIENTED_EDGE ( 'NONE', *, *, #1819, .F. ) ;
#1897 = VERTEX_POINT ( 'NONE', #31 ) ;
#1898 = ORIENTED_EDGE ( 'NONE', *, *, #1006, .F. ) ;
#1899 = CARTESIAN_POINT ( 'NONE',  ( 59.93137082686367734, -15.50000000000000711, 6.000000000000000000 ) ) ;
#1900 = DIRECTION ( 'NONE',  ( -0.000000000000000000, -0.000000000000000000, 1.000000000000000000 ) ) ;
#1901 = CARTESIAN_POINT ( 'NONE',  ( 10.00000000000000000, 10.00000000000000000, 6.000000000000000000 ) ) ;
#1902 = CARTESIAN_POINT ( 'NONE',  ( 26.00000000000000355, 34.00000000000000000, -1.000000000000000000 ) ) ;
#1903 = CARTESIAN_POINT ( 'NONE',  ( 59.93137082686367734, -15.50000000000000711, 6.000000000000000000 ) ) ;
#1904 = DIRECTION ( 'NONE',  ( 0.000000000000000000, 0.000000000000000000, -1.000000000000000000 ) ) ;
#1905 = ORIENTED_EDGE ( 'NONE', *, *, #584, .F. ) ;
#1906 = CIRCLE ( 'NONE', #432, 6.000000000000001776 ) ;
#1907 = DIRECTION ( 'NONE',  ( 1.000000000000000000, 0.000000000000000000, 0.000000000000000000 ) ) ;
#1908 = ORIENTED_EDGE ( 'NONE', *, *, #671, .F. ) ;
#1909 = ORIENTED_EDGE ( 'NONE', *, *, #1059, .T. ) ;
#1910 = FACE_OUTER_BOUND ( 'NONE', #1043, .T. ) ;
#1911 = DIRECTION ( 'NONE',  ( 1.000000000000000000, 0.000000000000000000, 0.000000000000000000 ) ) ;
#1912 = DIRECTION ( 'NONE',  ( 1.000000000000000000, 0.000000000000000000, 0.000000000000000000 ) ) ;
#1913 = DIRECTION ( 'NONE',  ( -1.000000000000000000, 0.000000000000000000, 0.000000000000000000 ) ) ;
#1914 = VECTOR ( 'NONE', #1893, 1000.000000000000000 ) ;
#1915 = CARTESIAN_POINT ( 'NONE',  ( 59.93137082686367734, -15.50000000000000711, -4.000000000000000000 ) ) ;
#1916 = CIRCLE ( 'NONE', #1781, 4.000000000000003553 ) ;
#1917 = ORIENTED_EDGE ( 'NONE', *, *, #325, .F. ) ;
#1918 = VECTOR ( 'NONE', #622, 1000.000000000000000 ) ;
#1919 = LINE ( 'NONE', #1097, #1714 ) ;
#1920 = AXIS2_PLACEMENT_3D ( 'NONE', #1817, #1847, #1700 ) ;
#1921 = EDGE_CURVE ( 'NONE', #1698, #1034, #184, .T. ) ;
#1922 = ORIENTED_EDGE ( 'NONE', *, *, #979, .F. ) ;
#1923 = CIRCLE ( 'NONE', #957, 13.99999999999999822 ) ;
#1924 = CARTESIAN_POINT ( 'NONE',  ( 92.07673796124537091, 13.95580200546907612, -1.000000000000000000 ) ) ;
#1925 = ADVANCED_FACE ( 'NONE', ( #658 ), #1318, .T. ) ;
#1926 = DIRECTION ( 'NONE',  ( 1.000000000000000000, 0.000000000000000000, 0.000000000000000000 ) ) ;
#1927 = DIRECTION ( 'NONE',  ( 1.000000000000000000, 0.000000000000000000, 0.000000000000000000 ) ) ;
#1928 = ADVANCED_FACE ( 'NONE', ( #352 ), #515, .F. ) ;
#1929 = DIRECTION ( 'NONE',  ( 0.000000000000000000, 0.000000000000000000, -1.000000000000000000 ) ) ;
#1930 = VERTEX_POINT ( 'NONE', #1902 ) ;
#1931 = ORIENTED_EDGE ( 'NONE', *, *, #1659, .F. ) ;
#1932 = LINE ( 'NONE', #568, #11 ) ;
#1933 = DIRECTION ( 'NONE',  ( -1.000000000000000000, 0.000000000000000000, 0.000000000000000000 ) ) ;
#1934 = ORIENTED_EDGE ( 'NONE', *, *, #126, .F. ) ;
#1935 = AXIS2_PLACEMENT_3D ( 'NONE', #1252, #1851, #166 ) ;
#1936 =( GEOMETRIC_REPRESENTATION_CONTEXT ( 3 ) GLOBAL_UNCERTAINTY_ASSIGNED_CONTEXT ( ( #1322 ) ) GLOBAL_UNIT_ASSIGNED_CONTEXT ( ( #1888, #1271, #527 ) ) REPRESENTATION_CONTEXT ( 'NONE', 'WORKASPACE' ) );
#1937 = APPLICATION_PROTOCOL_DEFINITION ( 'draft international standard', 'automotive_design', 1998, #316 ) ;
#1938 = DIRECTION ( 'NONE',  ( -0.000000000000000000, 0.000000000000000000, 1.000000000000000000 ) ) ;
#1939 = EDGE_CURVE ( 'NONE', #455, #788, #1485, .T. ) ;
#1940 = CARTESIAN_POINT ( 'NONE',  ( 50.58033865110979121, -8.000000000000000000, -1.000000000000000000 ) ) ;
#1941 = VECTOR ( 'NONE', #804, 1000.000000000000000 ) ;
#1942 = CIRCLE ( 'NONE', #1047, 29.22992782986673532 ) ;
#1943 = VECTOR ( 'NONE', #1661, 1000.000000000000000 ) ;
#1944 = ORIENTED_EDGE ( 'NONE', *, *, #275, .T. ) ;
#1945 = DIRECTION ( 'NONE',  ( -0.000000000000000000, -0.000000000000000000, -1.000000000000000000 ) ) ;
#1946 = EDGE_CURVE ( 'NONE', #683, #930, #698, .T. ) ;
#1947 = AXIS2_PLACEMENT_3D ( 'NONE', #253, #128, #406 ) ;
#1948 = DIRECTION ( 'NONE',  ( -0.000000000000000000, -0.000000000000000000, 1.000000000000000000 ) ) ;
#1949 = EDGE_CURVE ( 'NONE', #1420, #971, #908, .T. ) ;
#1950 = CARTESIAN_POINT ( 'NONE',  ( 0.000000000000000000, -20.00000000000000000, 6.000000000000000000 ) ) ;
#1951 = ORIENTED_EDGE ( 'NONE', *, *, #617, .F. ) ;
#1952 = ADVANCED_FACE ( 'NONE', ( #252 ), #1590, .F. ) ;
#1953 = ORIENTED_EDGE ( 'NONE', *, *, #680, .F. ) ;
#1954 = DIRECTION ( 'NONE',  ( 1.000000000000000000, 0.000000000000000000, 0.000000000000000000 ) ) ;
#1955 = ORIENTED_EDGE ( 'NONE', *, *, #1038, .F. ) ;
#1956 = DIRECTION ( 'NONE',  ( -0.000000000000000000, -0.000000000000000000, -1.000000000000000000 ) ) ;
#1957 = ORIENTED_EDGE ( 'NONE', *, *, #1731, .T. ) ;
#1958 = ORIENTED_EDGE ( 'NONE', *, *, #1647, .T. ) ;
#1959 = DIRECTION ( 'NONE',  ( 0.000000000000000000, 0.000000000000000000, -1.000000000000000000 ) ) ;
#1960 = VECTOR ( 'NONE', #1839, 1000.000000000000000 ) ;
#1961 = DIRECTION ( 'NONE',  ( 1.000000000000000000, 0.000000000000000000, 0.000000000000000000 ) ) ;
ENDSEC;
END-ISO-10303-21;
