ISO-10303-21;
HEADER;
FILE_DESCRIPTION (( 'STEP AP214' ),
    '1' );
FILE_NAME ('y bearing holder ender 3v2_alu.STEP',
    '2026-05-02T16:31:28',
    ( '' ),
    ( '' ),
    'SwSTEP 2.0',
    'SolidWorks 2021',
    '' );
FILE_SCHEMA (( 'AUTOMOTIVE_DESIGN' ));
ENDSEC;

DATA;
#1 = CIRCLE ( 'NONE', #1639, 4.000000000000003553 ) ;
#2 = ORIENTED_EDGE ( 'NONE', *, *, #199, .F. ) ;
#3 = ORIENTED_EDGE ( 'NONE', *, *, #404, .T. ) ;
#4 = CARTESIAN_POINT ( 'NONE',  ( 64.21837608573243017, 15.21261064666438934, -4.000000000000000000 ) ) ;
#5 = CIRCLE ( 'NONE', #1465, 3.999999999999996447 ) ;
#6 = DIRECTION ( 'NONE',  ( -1.000000000000000000, 0.000000000000000000, 0.000000000000000000 ) ) ;
#7 = VERTEX_POINT ( 'NONE', #1405 ) ;
#8 = CARTESIAN_POINT ( 'NONE',  ( 41.99999999999999289, -12.00000000000000000, 6.000000000000000000 ) ) ;
#9 = CIRCLE ( 'NONE', #1776, 13.99999999999999822 ) ;
#10 = ORIENTED_EDGE ( 'NONE', *, *, #1565, .T. ) ;
#11 = DIRECTION ( 'NONE',  ( 1.000000000000000000, 0.000000000000000000, 0.000000000000000000 ) ) ;
#12 = VERTEX_POINT ( 'NONE', #193 ) ;
#13 = AXIS2_PLACEMENT_3D ( 'NONE', #501, #1279, #1085 ) ;
#14 = CARTESIAN_POINT ( 'NONE',  ( 50.58033865110979121, -8.000000000000000000, -4.000000000000000000 ) ) ;
#15 = CARTESIAN_POINT ( 'NONE',  ( 75.34629865673041138, -0.08500000000000867972, 6.000000000000000000 ) ) ;
#16 = LINE ( 'NONE', #630, #1077 ) ;
#17 = VERTEX_POINT ( 'NONE', #1215 ) ;
#18 = DIRECTION ( 'NONE',  ( -0.000000000000000000, 1.000000000000000000, -0.000000000000000000 ) ) ;
#19 = CARTESIAN_POINT ( 'NONE',  ( 59.93137082686367734, -15.50000000000000711, -4.000000000000000000 ) ) ;
#20 = DIRECTION ( 'NONE',  ( -0.000000000000000000, -0.000000000000000000, 1.000000000000000000 ) ) ;
#21 = ORIENTED_EDGE ( 'NONE', *, *, #1726, .F. ) ;
#22 = APPLICATION_PROTOCOL_DEFINITION ( 'draft international standard', 'automotive_design', 1998, #303 ) ;
#23 = CARTESIAN_POINT ( 'NONE',  ( 95.26129865673041763, 0.000000000000000000, 6.000000000000000000 ) ) ;
#24 = CARTESIAN_POINT ( 'NONE',  ( 20.00000000000000000, 34.00000000000000000, 6.000000000000000000 ) ) ;
#25 = EDGE_LOOP ( 'NONE', ( #461, #975, #135, #416, #253, #1836, #371, #239, #247, #561, #117 ) ) ;
#26 = DIRECTION ( 'NONE',  ( 0.000000000000000000, 0.000000000000000000, -1.000000000000000000 ) ) ;
#27 = EDGE_LOOP ( 'NONE', ( #1892, #1301 ) ) ;
#28 = DIRECTION ( 'NONE',  ( -1.000000000000000000, 0.000000000000000000, 0.000000000000000000 ) ) ;
#29 = FACE_BOUND ( 'NONE', #729, .T. ) ;
#30 = VECTOR ( 'NONE', #1496, 1000.000000000000000 ) ;
#31 = DIRECTION ( 'NONE',  ( -0.000000000000000000, -0.000000000000000000, 1.000000000000000000 ) ) ;
#32 = CARTESIAN_POINT ( 'NONE',  ( 42.79353932347663658, 23.82992782986672964, 6.000000000000000000 ) ) ;
#33 = CARTESIAN_POINT ( 'NONE',  ( 50.58031558623630275, 7.829927829866729638, -1.000000000000000000 ) ) ;
#34 = CARTESIAN_POINT ( 'NONE',  ( 62.61837608573242164, 15.21261064666438934, -1.000000000000000000 ) ) ;
#35 = CARTESIAN_POINT ( 'NONE',  ( 41.99999999999999289, 7.829927829866729638, -1.000000000000000000 ) ) ;
#36 = AXIS2_PLACEMENT_3D ( 'NONE', #1347, #1492, #1612 ) ;
#37 = ORIENTED_EDGE ( 'NONE', *, *, #625, .F. ) ;
#38 = CARTESIAN_POINT ( 'NONE',  ( 75.34629865673041138, -0.08500000000000867972, -4.000000000000000000 ) ) ;
#39 = LINE ( 'NONE', #1847, #1179 ) ;
#40 = AXIS2_PLACEMENT_3D ( 'NONE', #582, #1030, #1304 ) ;
#41 = AXIS2_PLACEMENT_3D ( 'NONE', #1780, #1470, #417 ) ;
#42 = AXIS2_PLACEMENT_3D ( 'NONE', #964, #629, #1827 ) ;
#43 = CARTESIAN_POINT ( 'NONE',  ( 4.000000000000000000, -20.00000000000000000, 6.000000000000000000 ) ) ;
#44 = CARTESIAN_POINT ( 'NONE',  ( 7.433859362941761972, 38.93377233865462728, -1.000000000000000000 ) ) ;
#45 = DIRECTION ( 'NONE',  ( 0.3654646176781204403, -0.9308252323746843970, 0.000000000000000000 ) ) ;
#46 = LINE ( 'NONE', #766, #1114 ) ;
#47 = ORIENTED_EDGE ( 'NONE', *, *, #115, .F. ) ;
#48 = ADVANCED_FACE ( 'NONE', ( #796 ), #1520, .T. ) ;
#49 = CARTESIAN_POINT ( 'NONE',  ( 89.34629865673041138, -0.08500000000000867972, -1.000000000000000000 ) ) ;
#50 = CYLINDRICAL_SURFACE ( 'NONE', #709, 1.599999999999990319 ) ;
#51 = EDGE_CURVE ( 'NONE', #1509, #145, #545, .T. ) ;
#52 = DIRECTION ( 'NONE',  ( -0.000000000000000000, -0.000000000000000000, 1.000000000000000000 ) ) ;
#53 = EDGE_CURVE ( 'NONE', #846, #467, #883, .T. ) ;
#54 = ADVANCED_FACE ( 'NONE', ( #1870 ), #671, .F. ) ;
#55 = EDGE_CURVE ( 'NONE', #1781, #235, #967, .T. ) ;
#56 = ADVANCED_FACE ( 'NONE', ( #1421 ), #80, .T. ) ;
#57 = DIRECTION ( 'NONE',  ( -0.000000000000000000, -0.000000000000000000, -1.000000000000000000 ) ) ;
#58 = CYLINDRICAL_SURFACE ( 'NONE', #1076, 3.999999999999996447 ) ;
#59 = EDGE_CURVE ( 'NONE', #1666, #12, #419, .T. ) ;
#60 = DIRECTION ( 'NONE',  ( 0.000000000000000000, 0.000000000000000000, -1.000000000000000000 ) ) ;
#61 = CARTESIAN_POINT ( 'NONE',  ( 91.26129865673041763, -16.00000000000000000, 6.000000000000000000 ) ) ;
#62 = VERTEX_POINT ( 'NONE', #681 ) ;
#63 = FILL_AREA_STYLE ('',( #1415 ) ) ;
#64 = DIRECTION ( 'NONE',  ( -1.000000000000000000, 0.000000000000000000, 0.000000000000000000 ) ) ;
#65 = CARTESIAN_POINT ( 'NONE',  ( 61.34629865673041138, -0.08500000000000695888, 6.000000000000000000 ) ) ;
#66 = AXIS2_PLACEMENT_3D ( 'NONE', #1642, #1028, #1209 ) ;
#67 = DIRECTION ( 'NONE',  ( -0.000000000000000000, -0.000000000000000000, -1.000000000000000000 ) ) ;
#68 = ADVANCED_FACE ( 'NONE', ( #974 ), #1275, .F. ) ;
#69 = CYLINDRICAL_SURFACE ( 'NONE', #1750, 4.000000000000003553 ) ;
#70 = DIRECTION ( 'NONE',  ( -0.000000000000000000, -0.000000000000000000, 1.000000000000000000 ) ) ;
#71 = VERTEX_POINT ( 'NONE', #88 ) ;
#72 = FACE_OUTER_BOUND ( 'NONE', #528, .T. ) ;
#73 = FACE_OUTER_BOUND ( 'NONE', #1907, .T. ) ;
#74 = CIRCLE ( 'NONE', #862, 1.600000000000004086 ) ;
#75 = VERTEX_POINT ( 'NONE', #1881 ) ;
#76 = VECTOR ( 'NONE', #721, 1000.000000000000114 ) ;
#77 = CIRCLE ( 'NONE', #1184, 1.599999999999990319 ) ;
#78 = CYLINDRICAL_SURFACE ( 'NONE', #1174, 2.600000000000000089 ) ;
#79 = DIRECTION ( 'NONE',  ( -1.000000000000000000, 0.000000000000000000, 0.000000000000000000 ) ) ;
#80 = CYLINDRICAL_SURFACE ( 'NONE', #1712, 4.000000000000000000 ) ;
#81 = ORIENTED_EDGE ( 'NONE', *, *, #1703, .T. ) ;
#82 = ORIENTED_EDGE ( 'NONE', *, *, #199, .T. ) ;
#83 = DIRECTION ( 'NONE',  ( 0.000000000000000000, 0.000000000000000000, -1.000000000000000000 ) ) ;
#84 = EDGE_LOOP ( 'NONE', ( #243, #1339, #767, #1355 ) ) ;
#85 = ORIENTED_EDGE ( 'NONE', *, *, #891, .T. ) ;
#86 = DIRECTION ( 'NONE',  ( -1.000000000000000000, 0.000000000000000000, 0.000000000000000000 ) ) ;
#87 = DIRECTION ( 'NONE',  ( 1.000000000000000000, 0.000000000000000000, 0.000000000000000000 ) ) ;
#88 = CARTESIAN_POINT ( 'NONE',  ( 61.53137082686368586, -15.50000000000000711, -1.000000000000000000 ) ) ;
#89 = VERTEX_POINT ( 'NONE', #1117 ) ;
#90 = ORIENTED_EDGE ( 'NONE', *, *, #1866, .T. ) ;
#91 = FACE_OUTER_BOUND ( 'NONE', #374, .T. ) ;
#92 = DIRECTION ( 'NONE',  ( 1.000000000000000000, 0.000000000000000000, 0.000000000000000000 ) ) ;
#93 = VERTEX_POINT ( 'NONE', #522 ) ;
#94 = ORIENTED_EDGE ( 'NONE', *, *, #1364, .F. ) ;
#95 = CARTESIAN_POINT ( 'NONE',  ( 92.07673796124537091, 13.95580200546907612, -4.000000000000000000 ) ) ;
#96 = CARTESIAN_POINT ( 'NONE',  ( 32.56614063705823980, 38.93377233865462728, -1.000000000000000000 ) ) ;
#97 = CARTESIAN_POINT ( 'NONE',  ( 0.000000000000000000, 0.000000000000000000, 6.000000000000000000 ) ) ;
#98 = AXIS2_PLACEMENT_3D ( 'NONE', #1928, #1503, #1935 ) ;
#99 = VERTEX_POINT ( 'NONE', #543 ) ;
#100 = ADVANCED_FACE ( 'NONE', ( #1126 ), #1720, .F. ) ;
#101 = CARTESIAN_POINT ( 'NONE',  ( 92.07673796124537091, 13.95580200546907612, 6.000000000000000000 ) ) ;
#102 = ORIENTED_EDGE ( 'NONE', *, *, #1295, .F. ) ;
#103 = CLOSED_SHELL ( 'NONE', ( #1100, #273, #68, #1861, #1724, #525, #1656, #454, #1718, #1120, #453, #100, #153, #487, #1864, #949, #549, #1029, #256, #1508, #1603, #702, #1311, #403, #1608, #1660, #762, #260, #1171, #825, #242, #187, #1528, #952, #1514, #551, #1251, #1956, #48, #1322, #408, #1317, #54, #699, #813, #1898, #951, #1208, #338, #56, #1382, #1353, #1802, #472, #1482, #1318 ) ) ;
#104 = EDGE_LOOP ( 'NONE', ( #819, #1722, #836, #994 ) ) ;
#105 = FACE_OUTER_BOUND ( 'NONE', #1946, .T. ) ;
#106 = AXIS2_PLACEMENT_3D ( 'NONE', #1389, #1715, #497 ) ;
#107 = CYLINDRICAL_SURFACE ( 'NONE', #1775, 29.22992782986673888 ) ;
#108 = CARTESIAN_POINT ( 'NONE',  ( 89.13347824225810712, -16.77499154467183828, 6.000000000000000000 ) ) ;
#109 = VECTOR ( 'NONE', #438, 1000.000000000000000 ) ;
#110 = AXIS2_PLACEMENT_3D ( 'NONE', #1477, #1181, #1616 ) ;
#111 = ORIENTED_EDGE ( 'NONE', *, *, #1323, .T. ) ;
#112 = CIRCLE ( 'NONE', #327, 4.000000000000003553 ) ;
#113 = DIRECTION ( 'NONE',  ( 1.000000000000000000, 0.000000000000000000, 0.000000000000000000 ) ) ;
#114 = EDGE_CURVE ( 'NONE', #1034, #1489, #1518, .T. ) ;
#115 = EDGE_CURVE ( 'NONE', #1800, #1034, #354, .T. ) ;
#116 = EDGE_CURVE ( 'NONE', #308, #406, #531, .T. ) ;
#117 = ORIENTED_EDGE ( 'NONE', *, *, #953, .T. ) ;
#118 = CARTESIAN_POINT ( 'NONE',  ( 10.00000000000000000, -10.00000000000000000, 6.000000000000000000 ) ) ;
#119 = DIRECTION ( 'NONE',  ( -0.000000000000000000, -0.000000000000000000, 1.000000000000000000 ) ) ;
#120 = EDGE_CURVE ( 'NONE', #1871, #89, #479, .T. ) ;
#121 = EDGE_CURVE ( 'NONE', #743, #1957, #793, .T. ) ;
#122 = ORIENTED_EDGE ( 'NONE', *, *, #1450, .T. ) ;
#123 = CARTESIAN_POINT ( 'NONE',  ( 90.73195539678907551, -16.84478256445629185, -4.000000000000000000 ) ) ;
#124 = EDGE_LOOP ( 'NONE', ( #1761, #544, #324, #279 ) ) ;
#125 = DIRECTION ( 'NONE',  ( 0.000000000000000000, 0.000000000000000000, 1.000000000000000000 ) ) ;
#126 = DIRECTION ( 'NONE',  ( -1.000000000000000000, -2.911840083380578691E-16, 0.000000000000000000 ) ) ;
#127 = EDGE_CURVE ( 'NONE', #1709, #1282, #5, .T. ) ;
#128 = VERTEX_POINT ( 'NONE', #782 ) ;
#129 = VERTEX_POINT ( 'NONE', #340 ) ;
#130 = AXIS2_PLACEMENT_3D ( 'NONE', #1156, #1283, #855 ) ;
#131 = ORIENTED_EDGE ( 'NONE', *, *, #960, .F. ) ;
#132 = DIRECTION ( 'NONE',  ( 1.000000000000000000, 0.000000000000000000, 0.000000000000000000 ) ) ;
#133 = AXIS2_PLACEMENT_3D ( 'NONE', #1285, #662, #1890 ) ;
#134 = CARTESIAN_POINT ( 'NONE',  ( 30.00000000000000000, 10.00000000000000000, 6.000000000000000000 ) ) ;
#135 = ORIENTED_EDGE ( 'NONE', *, *, #53, .T. ) ;
#136 = DIRECTION ( 'NONE',  ( -0.000000000000000000, -0.000000000000000000, -1.000000000000000000 ) ) ;
#137 = ORIENTED_EDGE ( 'NONE', *, *, #1944, .F. ) ;
#138 = VECTOR ( 'NONE', #999, 1000.000000000000000 ) ;
#139 = PRESENTATION_LAYER_ASSIGNMENT (  '', '', ( #1186 ) ) ;
#140 = EDGE_CURVE ( 'NONE', #1650, #1813, #1105, .T. ) ;
#141 = CYLINDRICAL_SURFACE ( 'NONE', #1519, 2.600000000000000089 ) ;
#142 = EDGE_CURVE ( 'NONE', #730, #1844, #46, .T. ) ;
#143 = VERTEX_POINT ( 'NONE', #1373 ) ;
#144 = DIRECTION ( 'NONE',  ( 1.000000000000000000, 0.000000000000000000, 0.000000000000000000 ) ) ;
#145 = VERTEX_POINT ( 'NONE', #774 ) ;
#146 = DIRECTION ( 'NONE',  ( -0.000000000000000000, 0.000000000000000000, 1.000000000000000000 ) ) ;
#147 = ORIENTED_EDGE ( 'NONE', *, *, #1507, .F. ) ;
#148 = EDGE_LOOP ( 'NONE', ( #1873, #1141, #1609, #37 ) ) ;
#149 = ORIENTED_EDGE ( 'NONE', *, *, #1045, .F. ) ;
#150 = FACE_BOUND ( 'NONE', #481, .T. ) ;
#151 = DIRECTION ( 'NONE',  ( 1.000000000000000000, 0.000000000000000000, 0.000000000000000000 ) ) ;
#152 = ORIENTED_EDGE ( 'NONE', *, *, #1462, .T. ) ;
#153 = ADVANCED_FACE ( 'NONE', ( #499 ), #1221, .F. ) ;
#154 = AXIS2_PLACEMENT_3D ( 'NONE', #219, #713, #1888 ) ;
#155 = EDGE_LOOP ( 'NONE', ( #1953, #1741 ) ) ;
#156 = VERTEX_POINT ( 'NONE', #642 ) ;
#157 = DIRECTION ( 'NONE',  ( -1.000000000000000000, 0.000000000000000000, 0.000000000000000000 ) ) ;
#158 = ORIENTED_EDGE ( 'NONE', *, *, #1804, .T. ) ;
#159 = DIRECTION ( 'NONE',  ( -0.000000000000000000, -0.000000000000000000, 1.000000000000000000 ) ) ;
#160 = VECTOR ( 'NONE', #1923, 1000.000000000000000 ) ;
#161 = APPLICATION_CONTEXT ( 'automotive_design' ) ;
#162 = AXIS2_PLACEMENT_3D ( 'NONE', #641, #213, #1391 ) ;
#163 = VERTEX_POINT ( 'NONE', #1690 ) ;
#164 = DIRECTION ( 'NONE',  ( -0.000000000000000000, -0.000000000000000000, -1.000000000000000000 ) ) ;
#165 = VECTOR ( 'NONE', #517, 1000.000000000000000 ) ;
#166 = SURFACE_SIDE_STYLE ('',( #1525 ) ) ;
#167 = CARTESIAN_POINT ( 'NONE',  ( 0.000000000000000000, -20.00000000000000000, 6.000000000000000000 ) ) ;
#168 = CARTESIAN_POINT ( 'NONE',  ( 0.000000000000000000, 20.00000000000000000, -1.000000000000000000 ) ) ;
#169 = ORIENTED_EDGE ( 'NONE', *, *, #1882, .F. ) ;
#170 = CARTESIAN_POINT ( 'NONE',  ( 89.16129865673042332, -15.50000000000000711, -1.000000000000000000 ) ) ;
#171 = ORIENTED_EDGE ( 'NONE', *, *, #745, .F. ) ;
#172 = CARTESIAN_POINT ( 'NONE',  ( 93.67673796124536523, 13.95580200546907612, -1.000000000000000000 ) ) ;
#173 = CARTESIAN_POINT ( 'NONE',  ( 20.00000000000000000, 34.00000000000000000, 0.000000000000000000 ) ) ;
#174 = ORIENTED_EDGE ( 'NONE', *, *, #1920, .T. ) ;
#175 = DIRECTION ( 'NONE',  ( 0.000000000000000000, 0.000000000000000000, -1.000000000000000000 ) ) ;
#176 = FACE_OUTER_BOUND ( 'NONE', #1055, .T. ) ;
#177 = CARTESIAN_POINT ( 'NONE',  ( 10.00000000000000000, -10.00000000000000000, -1.000000000000000000 ) ) ;
#178 = DIRECTION ( 'NONE',  ( -0.000000000000000000, -0.000000000000000000, 1.000000000000000000 ) ) ;
#179 = ORIENTED_EDGE ( 'NONE', *, *, #486, .F. ) ;
#180 = FACE_OUTER_BOUND ( 'NONE', #987, .T. ) ;
#181 = CARTESIAN_POINT ( 'NONE',  ( 4.000000000000000000, -20.00000000000000000, 0.000000000000000000 ) ) ;
#182 = AXIS2_PLACEMENT_3D ( 'NONE', #1747, #1302, #1758 ) ;
#183 = CARTESIAN_POINT ( 'NONE',  ( 90.46811716451779262, 17.82501087327788980, 6.000000000000000000 ) ) ;
#184 = DIRECTION ( 'NONE',  ( 1.000000000000000000, 0.000000000000000000, 0.000000000000000000 ) ) ;
#185 = DIRECTION ( 'NONE',  ( 0.000000000000000000, -0.000000000000000000, -1.000000000000000000 ) ) ;
#186 = CARTESIAN_POINT ( 'NONE',  ( 12.59999999999999964, -10.00000000000000000, 6.000000000000000000 ) ) ;
#187 = ADVANCED_FACE ( 'NONE', ( #1820 ), #459, .F. ) ;
#188 = LINE ( 'NONE', #1244, #1396 ) ;
#189 = EDGE_CURVE ( 'NONE', #1555, #1509, #1854, .T. ) ;
#190 = AXIS2_PLACEMENT_3D ( 'NONE', #509, #1293, #233 ) ;
#191 = EDGE_CURVE ( 'NONE', #128, #1044, #920, .T. ) ;
#192 = EDGE_CURVE ( 'NONE', #1844, #7, #1908, .T. ) ;
#193 = CARTESIAN_POINT ( 'NONE',  ( 42.79353932347663658, 19.82992782986672964, -1.000000000000000000 ) ) ;
#194 = FACE_OUTER_BOUND ( 'NONE', #985, .T. ) ;
#195 = LINE ( 'NONE', #181, #947 ) ;
#196 = VERTEX_POINT ( 'NONE', #1708 ) ;
#197 = VECTOR ( 'NONE', #1645, 1000.000000000000000 ) ;
#198 = LINE ( 'NONE', #210, #712 ) ;
#199 = EDGE_CURVE ( 'NONE', #548, #743, #1273, .T. ) ;
#200 = DIRECTION ( 'NONE',  ( -0.000000000000000000, -0.000000000000000000, 1.000000000000000000 ) ) ;
#201 = CIRCLE ( 'NONE', #110, 6.000000000000001776 ) ;
#202 = EDGE_CURVE ( 'NONE', #1159, #732, #188, .T. ) ;
#203 = MECHANICAL_DESIGN_GEOMETRIC_PRESENTATION_REPRESENTATION (  '', ( #1186 ), #1839 ) ;
#204 = DIRECTION ( 'NONE',  ( 1.000000000000000000, -1.431146867680864591E-14, 0.000000000000000000 ) ) ;
#205 = LINE ( 'NONE', #369, #1018 ) ;
#206 = DIRECTION ( 'NONE',  ( -1.000000000000000000, 0.000000000000000000, 0.000000000000000000 ) ) ;
#207 = DIRECTION ( 'NONE',  ( -1.000000000000000000, 0.000000000000000000, 0.000000000000000000 ) ) ;
#208 = EDGE_LOOP ( 'NONE', ( #1220, #892, #1767, #82 ) ) ;
#209 = DIRECTION ( 'NONE',  ( -1.000000000000000000, 0.000000000000000000, 0.000000000000000000 ) ) ;
#210 = CARTESIAN_POINT ( 'NONE',  ( -6.803673753499236199, 2.671287735492296367, 6.000000000000000000 ) ) ;
#211 = CYLINDRICAL_SURFACE ( 'NONE', #1419, 13.99999999999999822 ) ;
#212 = CARTESIAN_POINT ( 'NONE',  ( 20.00000000000000000, 34.00000000000000000, 6.000000000000000000 ) ) ;
#213 = DIRECTION ( 'NONE',  ( 0.000000000000000000, -0.000000000000000000, -1.000000000000000000 ) ) ;
#214 = CARTESIAN_POINT ( 'NONE',  ( 0.000000000000000000, -12.00000000000000000, -4.000000000000000000 ) ) ;
#215 = EDGE_LOOP ( 'NONE', ( #1408, #415, #1631, #149 ) ) ;
#216 = CYLINDRICAL_SURFACE ( 'NONE', #716, 4.000000000000003553 ) ;
#217 = DIRECTION ( 'NONE',  ( -1.000000000000000000, 0.000000000000000000, 0.000000000000000000 ) ) ;
#218 = AXIS2_PLACEMENT_3D ( 'NONE', #118, #580, #720 ) ;
#219 = CARTESIAN_POINT ( 'NONE',  ( 59.93137082686367734, -15.50000000000000711, -1.000000000000000000 ) ) ;
#220 = CARTESIAN_POINT ( 'NONE',  ( 10.00000000000000000, -10.00000000000000000, 6.000000000000000000 ) ) ;
#221 = CARTESIAN_POINT ( 'NONE',  ( 54.39046682785077280, 6.612246625271848366, -4.000000000000000000 ) ) ;
#222 = ORIENTED_EDGE ( 'NONE', *, *, #603, .T. ) ;
#223 = VECTOR ( 'NONE', #362, 1000.000000000000000 ) ;
#224 = CARTESIAN_POINT ( 'NONE',  ( 10.00000000000000000, 10.00000000000000000, -1.000000000000000000 ) ) ;
#225 = CARTESIAN_POINT ( 'NONE',  ( -6.803673753499236199, 2.671287735492296367, 6.000000000000000000 ) ) ;
#226 = VERTEX_POINT ( 'NONE', #615 ) ;
#227 = AXIS2_PLACEMENT_3D ( 'NONE', #1657, #612, #1818 ) ;
#228 = ORIENTED_EDGE ( 'NONE', *, *, #960, .T. ) ;
#229 = AXIS2_PLACEMENT_3D ( 'NONE', #503, #52, #1702 ) ;
#230 = DIRECTION ( 'NONE',  ( 1.000000000000000000, 0.000000000000000000, 0.000000000000000000 ) ) ;
#231 = LINE ( 'NONE', #996, #828 ) ;
#232 = CIRCLE ( 'NONE', #799, 1.600000000000004086 ) ;
#233 = DIRECTION ( 'NONE',  ( 1.000000000000000000, 0.000000000000000000, 0.000000000000000000 ) ) ;
#234 = VERTEX_POINT ( 'NONE', #170 ) ;
#235 = VERTEX_POINT ( 'NONE', #1381 ) ;
#236 = DIRECTION ( 'NONE',  ( 1.000000000000000000, 0.000000000000000000, 0.000000000000000000 ) ) ;
#237 = CARTESIAN_POINT ( 'NONE',  ( 57.38381475639119600, 13.61869912971759078, -4.000000000000000000 ) ) ;
#238 = EDGE_LOOP ( 'NONE', ( #311, #1458, #586, #137 ) ) ;
#239 = ORIENTED_EDGE ( 'NONE', *, *, #59, .T. ) ;
#240 = DIRECTION ( 'NONE',  ( -1.000000000000000000, 0.000000000000000000, 0.000000000000000000 ) ) ;
#241 = FACE_BOUND ( 'NONE', #759, .T. ) ;
#242 = ADVANCED_FACE ( 'NONE', ( #1404 ), #489, .F. ) ;
#243 = ORIENTED_EDGE ( 'NONE', *, *, #1542, .F. ) ;
#244 = CARTESIAN_POINT ( 'NONE',  ( 90.89709422234916758, 12.87485767328402986, -1.000000000000000000 ) ) ;
#245 = DIRECTION ( 'NONE',  ( 0.000000000000000000, 0.000000000000000000, -1.000000000000000000 ) ) ;
#246 = ORIENTED_EDGE ( 'NONE', *, *, #1315, .F. ) ;
#247 = ORIENTED_EDGE ( 'NONE', *, *, #1016, .T. ) ;
#248 = LINE ( 'NONE', #1132, #666 ) ;
#249 = DIRECTION ( 'NONE',  ( -1.000000000000000000, 0.000000000000000000, 0.000000000000000000 ) ) ;
#250 = PLANE ( 'NONE',  #581 ) ;
#251 = AXIS2_PLACEMENT_3D ( 'NONE', #520, #1124, #1897 ) ;
#252 = VECTOR ( 'NONE', #596, 1000.000000000000000 ) ;
#253 = ORIENTED_EDGE ( 'NONE', *, *, #792, .T. ) ;
#254 = EDGE_CURVE ( 'NONE', #1848, #320, #1739, .T. ) ;
#255 = EDGE_CURVE ( 'NONE', #156, #903, #1830, .T. ) ;
#256 = ADVANCED_FACE ( 'NONE', ( #1814 ), #309, .T. ) ;
#257 = EDGE_CURVE ( 'NONE', #271, #1663, #1426, .T. ) ;
#258 = EDGE_CURVE ( 'NONE', #1199, #1354, #1644, .T. ) ;
#259 = CARTESIAN_POINT ( 'NONE',  ( 50.58031558623630275, 11.82992782986672964, 6.000000000000000000 ) ) ;
#260 = ADVANCED_FACE ( 'NONE', ( #1562 ), #1889, .F. ) ;
#261 = AXIS2_PLACEMENT_3D ( 'NONE', #1843, #26, #353 ) ;
#262 = ORIENTED_EDGE ( 'NONE', *, *, #1654, .T. ) ;
#263 = EDGE_CURVE ( 'NONE', #1282, #911, #1938, .T. ) ;
#264 = FACE_OUTER_BOUND ( 'NONE', #1021, .T. ) ;
#265 = DIRECTION ( 'NONE',  ( 0.000000000000000000, 0.000000000000000000, -1.000000000000000000 ) ) ;
#266 = AXIS2_PLACEMENT_3D ( 'NONE', #568, #1165, #1665 ) ;
#267 = CIRCLE ( 'NONE', #1942, 29.22992782986673888 ) ;
#268 = EDGE_LOOP ( 'NONE', ( #750, #717 ) ) ;
#269 = AXIS2_PLACEMENT_3D ( 'NONE', #998, #395, #184 ) ;
#270 = FACE_OUTER_BOUND ( 'NONE', #238, .T. ) ;
#271 = VERTEX_POINT ( 'NONE', #1125 ) ;
#272 = CYLINDRICAL_SURFACE ( 'NONE', #98, 1.600000000000004086 ) ;
#273 = ADVANCED_FACE ( 'NONE', ( #1737 ), #58, .F. ) ;
#274 = DIRECTION ( 'NONE',  ( -0.000000000000000000, 0.000000000000000000, 1.000000000000000000 ) ) ;
#275 = ORIENTED_EDGE ( 'NONE', *, *, #1397, .F. ) ;
#276 = VERTEX_POINT ( 'NONE', #789 ) ;
#277 = CARTESIAN_POINT ( 'NONE',  ( 88.91123257211239661, -11.68472882150054737, -1.000000000000000000 ) ) ;
#278 = CARTESIAN_POINT ( 'NONE',  ( 7.400000000000000355, -10.00000000000000000, 6.000000000000000000 ) ) ;
#279 = ORIENTED_EDGE ( 'NONE', *, *, #984, .T. ) ;
#280 = CIRCLE ( 'NONE', #1931, 42.00010206398123813 ) ;
#281 = DIRECTION ( 'NONE',  ( 0.000000000000000000, 0.000000000000000000, -1.000000000000000000 ) ) ;
#282 = EDGE_CURVE ( 'NONE', #89, #1957, #790, .T. ) ;
#283 = ORIENTED_EDGE ( 'NONE', *, *, #505, .T. ) ;
#284 = CIRCLE ( 'NONE', #414, 1.600000000000004086 ) ;
#285 = EDGE_CURVE ( 'NONE', #226, #235, #355, .T. ) ;
#286 = DIRECTION ( 'NONE',  ( -1.000000000000000000, 0.000000000000000000, 0.000000000000000000 ) ) ;
#287 = ORIENTED_EDGE ( 'NONE', *, *, #1751, .F. ) ;
#288 = FACE_OUTER_BOUND ( 'NONE', #1582, .T. ) ;
#289 = AXIS2_PLACEMENT_3D ( 'NONE', #1899, #1438, #87 ) ;
#290 = AXIS2_PLACEMENT_3D ( 'NONE', #1913, #1613, #11 ) ;
#291 = ORIENTED_EDGE ( 'NONE', *, *, #1097, .F. ) ;
#292 = CYLINDRICAL_SURFACE ( 'NONE', #1467, 29.22992782986673888 ) ;
#293 = EDGE_LOOP ( 'NONE', ( #858, #569, #122, #1269 ) ) ;
#294 = AXIS2_PLACEMENT_3D ( 'NONE', #359, #961, #217 ) ;
#295 = AXIS2_PLACEMENT_3D ( 'NONE', #1575, #797, #1406 ) ;
#296 = EDGE_LOOP ( 'NONE', ( #754, #1925, #473, #527 ) ) ;
#297 = ORIENTED_EDGE ( 'NONE', *, *, #1313, .T. ) ;
#298 = CARTESIAN_POINT ( 'NONE',  ( 12.59999999999999964, 10.00000000000000000, 6.000000000000000000 ) ) ;
#299 = EDGE_CURVE ( 'NONE', #156, #730, #1237, .T. ) ;
#300 = ORIENTED_EDGE ( 'NONE', *, *, #637, .T. ) ;
#301 = DIRECTION ( 'NONE',  ( -0.000000000000000000, -0.000000000000000000, 1.000000000000000000 ) ) ;
#302 = ORIENTED_EDGE ( 'NONE', *, *, #258, .F. ) ;
#303 = APPLICATION_CONTEXT ( 'automotive_design' ) ;
#304 = ORIENTED_EDGE ( 'NONE', *, *, #606, .T. ) ;
#305 = ORIENTED_EDGE ( 'NONE', *, *, #460, .T. ) ;
#306 = CARTESIAN_POINT ( 'NONE',  ( 50.58031558623630275, 7.829927829866729638, 6.000000000000000000 ) ) ;
#307 = CARTESIAN_POINT ( 'NONE',  ( 7.433859362941761972, 38.93377233865462728, 6.000000000000000000 ) ) ;
#308 = VERTEX_POINT ( 'NONE', #1101 ) ;
#309 = PLANE ( 'NONE',  #1936 ) ;
#310 = AXIS2_PLACEMENT_3D ( 'NONE', #803, #1078, #788 ) ;
#311 = ORIENTED_EDGE ( 'NONE', *, *, #603, .F. ) ;
#312 = DIRECTION ( 'NONE',  ( -1.000000000000000000, 0.000000000000000000, 0.000000000000000000 ) ) ;
#313 = VECTOR ( 'NONE', #348, 1000.000000000000000 ) ;
#314 = EDGE_CURVE ( 'NONE', #1159, #617, #386, .T. ) ;
#315 = CYLINDRICAL_SURFACE ( 'NONE', #1358, 1.600000000000004086 ) ;
#316 = DIRECTION ( 'NONE',  ( -0.000000000000000000, -0.000000000000000000, 1.000000000000000000 ) ) ;
#317 = VECTOR ( 'NONE', #1361, 1000.000000000000000 ) ;
#318 = CIRCLE ( 'NONE', #422, 2.599999999999998312 ) ;
#319 = CARTESIAN_POINT ( 'NONE',  ( 30.00000000000000000, 10.00000000000000000, 6.000000000000000000 ) ) ;
#320 = VERTEX_POINT ( 'NONE', #530 ) ;
#321 = DIRECTION ( 'NONE',  ( 1.000000000000000000, 0.000000000000000000, 0.000000000000000000 ) ) ;
#322 = VECTOR ( 'NONE', #1379, 1000.000000000000000 ) ;
#323 = AXIS2_PLACEMENT_3D ( 'NONE', #123, #1607, #92 ) ;
#324 = ORIENTED_EDGE ( 'NONE', *, *, #953, .F. ) ;
#325 = DIRECTION ( 'NONE',  ( 0.000000000000000000, 0.000000000000000000, -1.000000000000000000 ) ) ;
#326 = CARTESIAN_POINT ( 'NONE',  ( 88.30622850014768233, 15.46572339548549202, -1.000000000000000000 ) ) ;
#327 = AXIS2_PLACEMENT_3D ( 'NONE', #330, #814, #204 ) ;
#328 = ORIENTED_EDGE ( 'NONE', *, *, #254, .F. ) ;
#329 = EDGE_CURVE ( 'NONE', #345, #1771, #1678, .T. ) ;
#330 = CARTESIAN_POINT ( 'NONE',  ( 50.58033865110979121, -8.000000000000000000, 6.000000000000000000 ) ) ;
#331 = DIRECTION ( 'NONE',  ( -1.000000000000000000, 0.000000000000000000, 0.000000000000000000 ) ) ;
#332 = DIRECTION ( 'NONE',  ( 0.000000000000000000, 0.000000000000000000, -1.000000000000000000 ) ) ;
#333 = EDGE_LOOP ( 'NONE', ( #968, #1307, #705, #448 ) ) ;
#334 = CARTESIAN_POINT ( 'NONE',  ( 50.58033865110979121, -12.00000000000000000, 6.000000000000000000 ) ) ;
#335 = LINE ( 'NONE', #931, #1559 ) ;
#336 = CARTESIAN_POINT ( 'NONE',  ( 88.30622850014768233, 15.46572339548549202, -4.000000000000000000 ) ) ;
#337 = CARTESIAN_POINT ( 'NONE',  ( 0.000000000000000000, -16.00000000000000000, 6.000000000000000000 ) ) ;
#338 = ADVANCED_FACE ( 'NONE', ( #507 ), #1088, .F. ) ;
#339 = CARTESIAN_POINT ( 'NONE',  ( 50.58033865110979121, -12.00000000000000000, -1.000000000000000000 ) ) ;
#340 = CARTESIAN_POINT ( 'NONE',  ( 50.58031558623630275, 11.82992782986672964, -1.000000000000000000 ) ) ;
#341 = EDGE_CURVE ( 'NONE', #849, #71, #205, .T. ) ;
#342 = VERTEX_POINT ( 'NONE', #660 ) ;
#343 = DIRECTION ( 'NONE',  ( 0.000000000000000000, 0.000000000000000000, 1.000000000000000000 ) ) ;
#344 = CARTESIAN_POINT ( 'NONE',  ( 20.00000000000000000, 34.00000000000000000, 6.000000000000000000 ) ) ;
#345 = VERTEX_POINT ( 'NONE', #1265 ) ;
#346 = DIRECTION ( 'NONE',  ( -1.000000000000000000, 0.000000000000000000, 0.000000000000000000 ) ) ;
#347 = AXIS2_PLACEMENT_3D ( 'NONE', #368, #980, #86 ) ;
#348 = DIRECTION ( 'NONE',  ( -0.000000000000000000, -0.000000000000000000, -1.000000000000000000 ) ) ;
#349 = AXIS2_PLACEMENT_3D ( 'NONE', #14, #200, #1850 ) ;
#350 = DIRECTION ( 'NONE',  ( 0.000000000000000000, 1.000000000000000000, 0.000000000000000000 ) ) ;
#351 = CARTESIAN_POINT ( 'NONE',  ( 50.58031558623630275, 7.829927829866729638, -4.000000000000000000 ) ) ;
#352 = CARTESIAN_POINT ( 'NONE',  ( 32.59999999999999432, 10.00000000000000000, 6.000000000000000000 ) ) ;
#353 = DIRECTION ( 'NONE',  ( -1.000000000000000000, 0.000000000000000000, 0.000000000000000000 ) ) ;
#354 = CIRCLE ( 'NONE', #133, 32.42992782986674172 ) ;
#355 = CIRCLE ( 'NONE', #640, 3.999999999999996447 ) ;
#356 = ORIENTED_EDGE ( 'NONE', *, *, #1473, .F. ) ;
#357 = DIRECTION ( 'NONE',  ( -0.000000000000000000, -0.000000000000000000, 1.000000000000000000 ) ) ;
#358 = CIRCLE ( 'NONE', #1914, 29.22992782986674598 ) ;
#359 = CARTESIAN_POINT ( 'NONE',  ( 30.00000000000000000, 10.00000000000000000, 6.000000000000000000 ) ) ;
#360 = CIRCLE ( 'NONE', #1592, 29.22992782986674598 ) ;
#361 = CYLINDRICAL_SURFACE ( 'NONE', #310, 42.00010206398123813 ) ;
#362 = DIRECTION ( 'NONE',  ( -0.000000000000000000, -0.000000000000000000, 1.000000000000000000 ) ) ;
#363 = CARTESIAN_POINT ( 'NONE',  ( 95.26129865673041763, 15.82992782986673141, -1.000000000000000000 ) ) ;
#364 = DIRECTION ( 'NONE',  ( -0.000000000000000000, 0.000000000000000000, 1.000000000000000000 ) ) ;
#365 = VERTEX_POINT ( 'NONE', #337 ) ;
#366 = DIRECTION ( 'NONE',  ( -0.000000000000000000, -0.000000000000000000, 1.000000000000000000 ) ) ;
#367 = DIRECTION ( 'NONE',  ( 0.000000000000000000, 1.000000000000000000, -0.000000000000000000 ) ) ;
#368 = CARTESIAN_POINT ( 'NONE',  ( 30.00000000000000000, -10.00000000000000000, -1.000000000000000000 ) ) ;
#369 = CARTESIAN_POINT ( 'NONE',  ( 61.53137082686368586, -15.50000000000000711, 6.000000000000000000 ) ) ;
#370 = DIRECTION ( 'NONE',  ( 0.000000000000000000, 0.000000000000000000, -1.000000000000000000 ) ) ;
#371 = ORIENTED_EDGE ( 'NONE', *, *, #456, .T. ) ;
#372 = CARTESIAN_POINT ( 'NONE',  ( 7.400000000000000355, 10.00000000000000000, 6.000000000000000000 ) ) ;
#373 = CARTESIAN_POINT ( 'NONE',  ( 7.400000000000000355, 10.00000000000000000, 6.000000000000000000 ) ) ;
#374 = EDGE_LOOP ( 'NONE', ( #1352, #1195 ) ) ;
#375 = AXIS2_PLACEMENT_3D ( 'NONE', #1472, #443, #1335 ) ;
#376 = VERTEX_POINT ( 'NONE', #680 ) ;
#377 = DIRECTION ( 'NONE',  ( -0.000000000000000000, 0.000000000000000000, 1.000000000000000000 ) ) ;
#378 = MECHANICAL_DESIGN_GEOMETRIC_PRESENTATION_REPRESENTATION (  '', ( #728 ), #977 ) ;
#379 = DIRECTION ( 'NONE',  ( 0.000000000000000000, 0.000000000000000000, 1.000000000000000000 ) ) ;
#380 = CARTESIAN_POINT ( 'NONE',  ( 42.79353932347663658, 23.82992782986672964, -1.000000000000000000 ) ) ;
#381 = VERTEX_POINT ( 'NONE', #44 ) ;
#382 = ORIENTED_EDGE ( 'NONE', *, *, #1455, .F. ) ;
#383 = AXIS2_PLACEMENT_3D ( 'NONE', #983, #370, #207 ) ;
#384 = LINE ( 'NONE', #842, #959 ) ;
#385 = CYLINDRICAL_SURFACE ( 'NONE', #294, 2.599999999999998312 ) ;
#386 = CIRCLE ( 'NONE', #578, 2.599999999999998312 ) ;
#387 = VERTEX_POINT ( 'NONE', #651 ) ;
#388 = VECTOR ( 'NONE', #463, 1000.000000000000000 ) ;
#389 = EDGE_LOOP ( 'NONE', ( #1815, #1921, #1324, #431 ) ) ;
#390 = CIRCLE ( 'NONE', #1649, 1.600000000000004086 ) ;
#391 = DIRECTION ( 'NONE',  ( 1.000000000000000000, 0.000000000000000000, 0.000000000000000000 ) ) ;
#392 = CARTESIAN_POINT ( 'NONE',  ( 10.00000000000000000, 10.00000000000000000, 6.000000000000000000 ) ) ;
#393 = CIRCLE ( 'NONE', #13, 13.50000000000000000 ) ;
#394 = ORIENTED_EDGE ( 'NONE', *, *, #1510, .F. ) ;
#395 = DIRECTION ( 'NONE',  ( -0.000000000000000000, 0.000000000000000000, 1.000000000000000000 ) ) ;
#396 = CARTESIAN_POINT ( 'NONE',  ( 91.26129865673041763, -20.00000000000000000, -1.000000000000000000 ) ) ;
#397 = ORIENTED_EDGE ( 'NONE', *, *, #460, .F. ) ;
#398 = ORIENTED_EDGE ( 'NONE', *, *, #933, .F. ) ;
#399 = CARTESIAN_POINT ( 'NONE',  ( 50.58031558623630275, 7.829927829866729638, -1.000000000000000000 ) ) ;
#400 = LINE ( 'NONE', #848, #160 ) ;
#401 = CARTESIAN_POINT ( 'NONE',  ( 54.58031558623630275, 7.829927829866729638, -4.000000000000000000 ) ) ;
#402 = EDGE_CURVE ( 'NONE', #1058, #1668, #1865, .T. ) ;
#403 = ADVANCED_FACE ( 'NONE', ( #1284 ), #1571, .F. ) ;
#404 = EDGE_CURVE ( 'NONE', #1871, #1393, #1146, .T. ) ;
#405 = EDGE_CURVE ( 'NONE', #617, #539, #400, .T. ) ;
#406 = VERTEX_POINT ( 'NONE', #856 ) ;
#407 = PLANE ( 'NONE',  #868 ) ;
#408 = ADVANCED_FACE ( 'NONE', ( #1952 ), #1143, .F. ) ;
#409 = CARTESIAN_POINT ( 'NONE',  ( 27.40000000000000213, 10.00000000000000000, -1.000000000000000000 ) ) ;
#410 = ORIENTED_EDGE ( 'NONE', *, *, #1040, .F. ) ;
#411 = CARTESIAN_POINT ( 'NONE',  ( 93.67673796124536523, 13.95580200546907612, 6.000000000000000000 ) ) ;
#412 = CARTESIAN_POINT ( 'NONE',  ( 32.59999999999999432, -10.00000000000000000, 6.000000000000000000 ) ) ;
#413 = AXIS2_PLACEMENT_3D ( 'NONE', #95, #972, #1611 ) ;
#414 = AXIS2_PLACEMENT_3D ( 'NONE', #572, #751, #144 ) ;
#415 = ORIENTED_EDGE ( 'NONE', *, *, #553, .T. ) ;
#416 = ORIENTED_EDGE ( 'NONE', *, *, #810, .T. ) ;
#417 = DIRECTION ( 'NONE',  ( 1.000000000000000000, 0.000000000000000000, 0.000000000000000000 ) ) ;
#418 = EDGE_CURVE ( 'NONE', #571, #1471, #1522, .T. ) ;
#419 = CIRCLE ( 'NONE', #826, 3.999999999999996447 ) ;
#420 = EDGE_LOOP ( 'NONE', ( #1930, #1487 ) ) ;
#421 = DIRECTION ( 'NONE',  ( 0.000000000000000000, 0.000000000000000000, 1.000000000000000000 ) ) ;
#422 = AXIS2_PLACEMENT_3D ( 'NONE', #542, #1463, #286 ) ;
#423 = DIRECTION ( 'NONE',  ( -1.000000000000000000, 0.000000000000000000, 0.000000000000000000 ) ) ;
#424 = AXIS2_PLACEMENT_3D ( 'NONE', #34, #477, #1707 ) ;
#425 = AXIS2_PLACEMENT_3D ( 'NONE', #966, #948, #45 ) ;
#426 = EDGE_LOOP ( 'NONE', ( #854, #1248, #626, #1316 ) ) ;
#427 = DIRECTION ( 'NONE',  ( -1.000000000000000000, 0.000000000000000000, 0.000000000000000000 ) ) ;
#428 = VERTEX_POINT ( 'NONE', #593 ) ;
#429 = LINE ( 'NONE', #4, #1297 ) ;
#430 = DIRECTION ( 'NONE',  ( -1.000000000000000000, 0.000000000000000000, 0.000000000000000000 ) ) ;
#431 = ORIENTED_EDGE ( 'NONE', *, *, #592, .F. ) ;
#432 = ORIENTED_EDGE ( 'NONE', *, *, #1295, .T. ) ;
#433 = EDGE_LOOP ( 'NONE', ( #1414, #840, #1733, #1501 ) ) ;
#434 = FACE_OUTER_BOUND ( 'NONE', #25, .T. ) ;
#435 = ORIENTED_EDGE ( 'NONE', *, *, #1869, .T. ) ;
#436 = CARTESIAN_POINT ( 'NONE',  ( 93.25638170014157424, 15.03674633765413127, -1.000000000000000000 ) ) ;
#437 = VERTEX_POINT ( 'NONE', #1912 ) ;
#438 = DIRECTION ( 'NONE',  ( -0.000000000000000000, -0.000000000000000000, -1.000000000000000000 ) ) ;
#439 = ORIENTED_EDGE ( 'NONE', *, *, #605, .F. ) ;
#440 = ORIENTED_EDGE ( 'NONE', *, *, #592, .T. ) ;
#441 = ORIENTED_EDGE ( 'NONE', *, *, #1452, .T. ) ;
#442 = EDGE_CURVE ( 'NONE', #732, #539, #318, .T. ) ;
#443 = DIRECTION ( 'NONE',  ( -0.000000000000000000, 0.000000000000000000, 1.000000000000000000 ) ) ;
#444 = CIRCLE ( 'NONE', #289, 4.000000000000003553 ) ;
#445 = AXIS2_PLACEMENT_3D ( 'NONE', #764, #146, #1371 ) ;
#446 = ORIENTED_EDGE ( 'NONE', *, *, #1510, .T. ) ;
#447 = DIRECTION ( 'NONE',  ( -0.000000000000000000, -0.000000000000000000, -1.000000000000000000 ) ) ;
#448 = ORIENTED_EDGE ( 'NONE', *, *, #1473, .T. ) ;
#449 = VECTOR ( 'NONE', #1539, 1000.000000000000000 ) ;
#450 = VERTEX_POINT ( 'NONE', #838 ) ;
#451 = EDGE_LOOP ( 'NONE', ( #131, #1832, #1786, #302 ) ) ;
#452 = DIRECTION ( 'NONE',  ( -0.000000000000000000, -0.000000000000000000, 1.000000000000000000 ) ) ;
#453 = ADVANCED_FACE ( 'NONE', ( #1748 ), #141, .F. ) ;
#454 = ADVANCED_FACE ( 'NONE', ( #1638 ), #107, .T. ) ;
#455 = ORIENTED_EDGE ( 'NONE', *, *, #255, .T. ) ;
#456 = EDGE_CURVE ( 'NONE', #450, #1666, #1157, .T. ) ;
#457 = DIRECTION ( 'NONE',  ( -1.000000000000000000, 0.000000000000000000, 0.000000000000000000 ) ) ;
#458 = ORIENTED_EDGE ( 'NONE', *, *, #1506, .F. ) ;
#459 = CYLINDRICAL_SURFACE ( 'NONE', #1773, 32.42992782986674882 ) ;
#460 = EDGE_CURVE ( 'NONE', #903, #387, #444, .T. ) ;
#461 = ORIENTED_EDGE ( 'NONE', *, *, #1194, .T. ) ;
#462 = EDGE_CURVE ( 'NONE', #7, #129, #231, .T. ) ;
#463 = DIRECTION ( 'NONE',  ( -0.000000000000000000, -0.000000000000000000, 1.000000000000000000 ) ) ;
#464 = EDGE_LOOP ( 'NONE', ( #1746, #94, #1131, #841 ) ) ;
#465 = DIRECTION ( 'NONE',  ( 0.000000000000000000, 0.000000000000000000, -1.000000000000000000 ) ) ;
#466 = DIRECTION ( 'NONE',  ( 0.000000000000000000, 0.000000000000000000, 1.000000000000000000 ) ) ;
#467 = VERTEX_POINT ( 'NONE', #1765 ) ;
#468 = CARTESIAN_POINT ( 'NONE',  ( 0.000000000000000000, 20.00000000000000000, 6.000000000000000000 ) ) ;
#469 = AXIS2_PLACEMENT_3D ( 'NONE', #23, #1851, #496 ) ;
#470 = ORIENTED_EDGE ( 'NONE', *, *, #1869, .F. ) ;
#471 = DIRECTION ( 'NONE',  ( -0.000000000000000000, -0.000000000000000000, 1.000000000000000000 ) ) ;
#472 = ADVANCED_FACE ( 'NONE', ( #1601, #1320, #241, #434, #1036, #1292, #884, #738, #1198, #1792, #29, #502 ), #646, .T. ) ;
#473 = ORIENTED_EDGE ( 'NONE', *, *, #1932, .T. ) ;
#474 = PRESENTATION_STYLE_ASSIGNMENT (( #770 ) ) ;
#475 = FACE_OUTER_BOUND ( 'NONE', #333, .T. ) ;
#476 = AXIS2_PLACEMENT_3D ( 'NONE', #1133, #1400, #79 ) ;
#477 = DIRECTION ( 'NONE',  ( 0.000000000000000000, 0.000000000000000000, -1.000000000000000000 ) ) ;
#478 = ORIENTED_EDGE ( 'NONE', *, *, #816, .F. ) ;
#479 = LINE ( 'NONE', #1083, #1557 ) ;
#480 = AXIS2_PLACEMENT_3D ( 'NONE', #1633, #1628, #574 ) ;
#481 = EDGE_LOOP ( 'NONE', ( #179, #691 ) ) ;
#482 = CARTESIAN_POINT ( 'NONE',  ( 20.00000000000000000, 34.00000000000000000, -1.000000000000000000 ) ) ;
#483 = DIRECTION ( 'NONE',  ( -1.000000000000000000, 0.000000000000000000, 0.000000000000000000 ) ) ;
#484 = DIRECTION ( 'NONE',  ( 1.000000000000000000, 0.000000000000000000, 0.000000000000000000 ) ) ;
#485 = DIRECTION ( 'NONE',  ( 1.000000000000000000, 0.000000000000000000, 0.000000000000000000 ) ) ;
#486 = EDGE_CURVE ( 'NONE', #1948, #849, #74, .T. ) ;
#487 = ADVANCED_FACE ( 'NONE', ( #1110 ), #1086, .F. ) ;
#488 = LINE ( 'NONE', #1116, #1623 ) ;
#489 = CYLINDRICAL_SURFACE ( 'NONE', #912, 1.600000000000004086 ) ;
#490 = ORIENTED_EDGE ( 'NONE', *, *, #1955, .T. ) ;
#491 = FACE_OUTER_BOUND ( 'NONE', #654, .T. ) ;
#492 = FACE_OUTER_BOUND ( 'NONE', #1025, .T. ) ;
#493 = EDGE_LOOP ( 'NONE', ( #1819, #1334, #1108, #297 ) ) ;
#494 = CARTESIAN_POINT ( 'NONE',  ( 92.07673796124537091, 13.95580200546907612, -1.000000000000000000 ) ) ;
#495 =( LENGTH_UNIT ( ) NAMED_UNIT ( * ) SI_UNIT ( .MILLI., .METRE. ) );
#496 = DIRECTION ( 'NONE',  ( 0.000000000000000000, 0.000000000000000000, 1.000000000000000000 ) ) ;
#497 = DIRECTION ( 'NONE',  ( -1.000000000000000000, 0.000000000000000000, 0.000000000000000000 ) ) ;
#498 = LINE ( 'NONE', #1875, #1241 ) ;
#499 = FACE_OUTER_BOUND ( 'NONE', #1330, .T. ) ;
#500 = ORIENTED_EDGE ( 'NONE', *, *, #984, .F. ) ;
#501 = CARTESIAN_POINT ( 'NONE',  ( 20.00000000000000000, 34.00000000000000000, -1.000000000000000000 ) ) ;
#502 = FACE_BOUND ( 'NONE', #673, .T. ) ;
#503 = CARTESIAN_POINT ( 'NONE',  ( 20.00000000000000000, 34.00000000000000000, -1.000000000000000000 ) ) ;
#504 = AXIS2_PLACEMENT_3D ( 'NONE', #1618, #1272, #688 ) ;
#505 = EDGE_CURVE ( 'NONE', #467, #365, #39, .T. ) ;
#506 = DIRECTION ( 'NONE',  ( -1.000000000000000000, 0.000000000000000000, 0.000000000000000000 ) ) ;
#507 = FACE_OUTER_BOUND ( 'NONE', #1372, .T. ) ;
#508 = DIRECTION ( 'NONE',  ( 0.000000000000000000, 0.000000000000000000, -1.000000000000000000 ) ) ;
#509 = CARTESIAN_POINT ( 'NONE',  ( 50.58033865110979121, -8.000000000000000000, -4.000000000000000000 ) ) ;
#510 = ORIENTED_EDGE ( 'NONE', *, *, #655, .F. ) ;
#511 = AXIS2_PLACEMENT_3D ( 'NONE', #61, #364, #1573 ) ;
#512 = ORIENTED_EDGE ( 'NONE', *, *, #405, .F. ) ;
#513 = AXIS2_PLACEMENT_3D ( 'NONE', #973, #379, #935 ) ;
#514 = ORIENTED_EDGE ( 'NONE', *, *, #1872, .T. ) ;
#515 = DIRECTION ( 'NONE',  ( 1.000000000000000000, 0.000000000000000000, 0.000000000000000000 ) ) ;
#516 = VECTOR ( 'NONE', #1104, 1000.000000000000000 ) ;
#517 = DIRECTION ( 'NONE',  ( -0.000000000000000000, -0.000000000000000000, 1.000000000000000000 ) ) ;
#518 = AXIS2_PLACEMENT_3D ( 'NONE', #1769, #708, #1009 ) ;
#519 = COLOUR_RGB ( '',0.7921568627450980005, 0.8196078431372548767, 0.9333333333333333481 ) ;
#520 = CARTESIAN_POINT ( 'NONE',  ( 10.00000000000000000, 10.00000000000000000, 6.000000000000000000 ) ) ;
#521 = CARTESIAN_POINT ( 'NONE',  ( 92.07673796124537091, 13.95580200546907612, -1.000000000000000000 ) ) ;
#522 = CARTESIAN_POINT ( 'NONE',  ( 57.10491637959868427, 16.80652216361120566, -1.000000000000000000 ) ) ;
#523 = ORIENTED_EDGE ( 'NONE', *, *, #1193, .F. ) ;
#524 = DIRECTION ( 'NONE',  ( -1.000000000000000000, 0.000000000000000000, 0.000000000000000000 ) ) ;
#525 = ADVANCED_FACE ( 'NONE', ( #492 ), #923, .F. ) ;
#526 = CARTESIAN_POINT ( 'NONE',  ( 27.40000000000000213, -10.00000000000000000, 6.000000000000000000 ) ) ;
#527 = ORIENTED_EDGE ( 'NONE', *, *, #694, .T. ) ;
#528 = EDGE_LOOP ( 'NONE', ( #1027, #356, #1574, #1011 ) ) ;
#529 = CARTESIAN_POINT ( 'NONE',  ( 10.50000000000000178, 34.00000000000000000, 6.000000000000000000 ) ) ;
#530 = CARTESIAN_POINT ( 'NONE',  ( 88.91123257211239661, -11.68472882150054915, 6.000000000000000000 ) ) ;
#531 = LINE ( 'NONE', #1134, #1144 ) ;
#532 = VERTEX_POINT ( 'NONE', #1693 ) ;
#533 = EDGE_LOOP ( 'NONE', ( #1617, #741, #283, #1626 ) ) ;
#534 = CARTESIAN_POINT ( 'NONE',  ( 20.00000000000000000, 34.00000000000000000, 6.000000000000000000 ) ) ;
#535 = CARTESIAN_POINT ( 'NONE',  ( 95.26129865673041763, -16.00000000000000000, 6.000000000000000000 ) ) ;
#536 = ORIENTED_EDGE ( 'NONE', *, *, #1799, .T. ) ;
#537 = CARTESIAN_POINT ( 'NONE',  ( 0.000000000000000000, 0.000000000000000000, 0.000000000000000000 ) ) ;
#538 = CIRCLE ( 'NONE', #1106, 2.600000000000000089 ) ;
#539 = VERTEX_POINT ( 'NONE', #777 ) ;
#540 = CARTESIAN_POINT ( 'NONE',  ( 54.39048634428219486, -6.782307692307695035, -1.000000000000000000 ) ) ;
#541 = CIRCLE ( 'NONE', #1867, 3.999999999999996447 ) ;
#542 = CARTESIAN_POINT ( 'NONE',  ( 30.00000000000000000, -10.00000000000000000, -1.000000000000000000 ) ) ;
#543 = CARTESIAN_POINT ( 'NONE',  ( 13.99999999999999822, 34.00000000000000000, 0.000000000000000000 ) ) ;
#544 = ORIENTED_EDGE ( 'NONE', *, *, #1102, .T. ) ;
#545 = CIRCLE ( 'NONE', #511, 4.000000000000003553 ) ;
#546 = DIRECTION ( 'NONE',  ( -1.000000000000000000, 0.000000000000000000, -0.000000000000000000 ) ) ;
#547 = LINE ( 'NONE', #695, #1429 ) ;
#548 = VERTEX_POINT ( 'NONE', #326 ) ;
#549 = ADVANCED_FACE ( 'NONE', ( #1093 ), #1700, .T. ) ;
#550 = CIRCLE ( 'NONE', #1560, 6.000000000000001776 ) ;
#551 = ADVANCED_FACE ( 'NONE', ( #1385 ), #50, .F. ) ;
#552 = ORIENTED_EDGE ( 'NONE', *, *, #1313, .F. ) ;
#553 = EDGE_CURVE ( 'NONE', #234, #830, #335, .T. ) ;
#554 = CIRCLE ( 'NONE', #919, 1.600000000000004086 ) ;
#555 = FACE_OUTER_BOUND ( 'NONE', #979, .T. ) ;
#556 = DIRECTION ( 'NONE',  ( 1.000000000000000000, 0.000000000000000000, 0.000000000000000000 ) ) ;
#557 = DIRECTION ( 'NONE',  ( 0.000000000000000000, 0.000000000000000000, -1.000000000000000000 ) ) ;
#558 = VECTOR ( 'NONE', #1298, 1000.000000000000000 ) ;
#559 = EDGE_CURVE ( 'NONE', #1555, #846, #195, .T. ) ;
#560 = EDGE_CURVE ( 'NONE', #1296, #1337, #1407, .T. ) ;
#561 = ORIENTED_EDGE ( 'NONE', *, *, #1951, .T. ) ;
#562 = DIRECTION ( 'NONE',  ( -0.000000000000000000, 0.000000000000000000, 1.000000000000000000 ) ) ;
#563 = FACE_OUTER_BOUND ( 'NONE', #1050, .T. ) ;
#564 = APPLICATION_PROTOCOL_DEFINITION ( 'draft international standard', 'automotive_design', 1998, #161 ) ;
#565 = ORIENTED_EDGE ( 'NONE', *, *, #462, .F. ) ;
#566 = CYLINDRICAL_SURFACE ( 'NONE', #182, 32.42992782986674882 ) ;
#567 = CARTESIAN_POINT ( 'NONE',  ( 59.93137082686367734, -15.50000000000000711, -4.000000000000000000 ) ) ;
#568 = CARTESIAN_POINT ( 'NONE',  ( 59.93137082686367734, -15.50000000000000711, 6.000000000000000000 ) ) ;
#569 = ORIENTED_EDGE ( 'NONE', *, *, #1797, .T. ) ;
#570 = CARTESIAN_POINT ( 'NONE',  ( 54.58033865110979121, -8.000000000000000000, -1.000000000000000000 ) ) ;
#571 = VERTEX_POINT ( 'NONE', #1261 ) ;
#572 = CARTESIAN_POINT ( 'NONE',  ( 90.49754435031049127, -11.47588691394846272, 6.000000000000000000 ) ) ;
#573 = AXIS2_PLACEMENT_3D ( 'NONE', #15, #1410, #1840 ) ;
#574 = DIRECTION ( 'NONE',  ( -1.000000000000000000, 0.000000000000000000, 0.000000000000000000 ) ) ;
#575 = ORIENTED_EDGE ( 'NONE', *, *, #1542, .T. ) ;
#576 = CYLINDRICAL_SURFACE ( 'NONE', #643, 45.20010206398124808 ) ;
#577 = AXIS2_PLACEMENT_3D ( 'NONE', #214, #818, #839 ) ;
#578 = AXIS2_PLACEMENT_3D ( 'NONE', #639, #185, #965 ) ;
#579 = ORIENTED_EDGE ( 'NONE', *, *, #1845, .T. ) ;
#580 = DIRECTION ( 'NONE',  ( 0.000000000000000000, -0.000000000000000000, -1.000000000000000000 ) ) ;
#581 = AXIS2_PLACEMENT_3D ( 'NONE', #704, #126, #727 ) ;
#582 = CARTESIAN_POINT ( 'NONE',  ( -2.489948095290086351E-15, 19.82992782986672253, 6.000000000000000000 ) ) ;
#583 = CIRCLE ( 'NONE', #1527, 32.42992782986675593 ) ;
#584 = CIRCLE ( 'NONE', #1943, 2.599999999999998312 ) ;
#585 = VERTEX_POINT ( 'NONE', #1395 ) ;
#586 = ORIENTED_EDGE ( 'NONE', *, *, #55, .F. ) ;
#587 = ORIENTED_EDGE ( 'NONE', *, *, #895, .F. ) ;
#588 = FACE_BOUND ( 'NONE', #1094, .T. ) ;
#589 = ORIENTED_EDGE ( 'NONE', *, *, #752, .F. ) ;
#590 = LINE ( 'NONE', #1812, #1713 ) ;
#591 = ORIENTED_EDGE ( 'NONE', *, *, #1098, .F. ) ;
#592 = EDGE_CURVE ( 'NONE', #99, #1337, #1491, .T. ) ;
#593 = CARTESIAN_POINT ( 'NONE',  ( 57.38381475639119600, 13.61869912971759611, -1.000000000000000000 ) ) ;
#594 = ORIENTED_EDGE ( 'NONE', *, *, #1932, .F. ) ;
#595 = ORIENTED_EDGE ( 'NONE', *, *, #1797, .F. ) ;
#596 = DIRECTION ( 'NONE',  ( -0.000000000000000000, -0.000000000000000000, -1.000000000000000000 ) ) ;
#597 = ORIENTED_EDGE ( 'NONE', *, *, #748, .F. ) ;
#598 = AXIS2_PLACEMENT_3D ( 'NONE', #1253, #1378, #779 ) ;
#599 = DIRECTION ( 'NONE',  ( -0.000000000000000000, -0.000000000000000000, 1.000000000000000000 ) ) ;
#600 = VERTEX_POINT ( 'NONE', #1336 ) ;
#601 = PRESENTATION_LAYER_ASSIGNMENT (  '', '', ( #728 ) ) ;
#602 = ORIENTED_EDGE ( 'NONE', *, *, #114, .T. ) ;
#603 = EDGE_CURVE ( 'NONE', #226, #276, #1158, .T. ) ;
#604 = FACE_OUTER_BOUND ( 'NONE', #84, .T. ) ;
#605 = EDGE_CURVE ( 'NONE', #1448, #548, #763, .T. ) ;
#606 = EDGE_CURVE ( 'NONE', #677, #143, #1619, .T. ) ;
#607 = EDGE_CURVE ( 'NONE', #365, #1650, #1216, .T. ) ;
#608 = EDGE_CURVE ( 'NONE', #75, #1296, #550, .T. ) ;
#609 = VECTOR ( 'NONE', #1759, 1000.000000000000114 ) ;
#610 = EDGE_CURVE ( 'NONE', #234, #1848, #358, .T. ) ;
#611 = CIRCLE ( 'NONE', #888, 32.42992782986674172 ) ;
#612 = DIRECTION ( 'NONE',  ( -6.278258087101726593E-17, 1.000000000000000000, 0.000000000000000000 ) ) ;
#613 = ORIENTED_EDGE ( 'NONE', *, *, #1825, .T. ) ;
#614 = CIRCLE ( 'NONE', #1716, 32.42992782986674882 ) ;
#615 = CARTESIAN_POINT ( 'NONE',  ( 54.58031558623630275, 7.829927829866729638, -1.000000000000000000 ) ) ;
#616 = AXIS2_PLACEMENT_3D ( 'NONE', #1692, #1109, #1680 ) ;
#617 = VERTEX_POINT ( 'NONE', #412 ) ;
#618 = LINE ( 'NONE', #1177, #388 ) ;
#619 = EDGE_LOOP ( 'NONE', ( #1360, #228, #394, #1793 ) ) ;
#620 =( NAMED_UNIT ( * ) SI_UNIT ( $, .STERADIAN. ) SOLID_ANGLE_UNIT ( ) );
#621 = CARTESIAN_POINT ( 'NONE',  ( 91.26129865673041763, -20.00000000000000000, 6.000000000000000000 ) ) ;
#622 = LINE ( 'NONE', #1056, #1648 ) ;
#623 = EDGE_LOOP ( 'NONE', ( #1927, #1445, #1042, #1498 ) ) ;
#624 = CARTESIAN_POINT ( 'NONE',  ( 50.58033865110979121, -8.000000000000000000, -1.000000000000000000 ) ) ;
#625 = EDGE_CURVE ( 'NONE', #1909, #342, #1682, .T. ) ;
#626 = ORIENTED_EDGE ( 'NONE', *, *, #1882, .T. ) ;
#627 = CARTESIAN_POINT ( 'NONE',  ( 59.93137082686367734, -15.50000000000000711, 6.000000000000000000 ) ) ;
#628 = ORIENTED_EDGE ( 'NONE', *, *, #1955, .F. ) ;
#629 = DIRECTION ( 'NONE',  ( 0.000000000000000000, 0.000000000000000000, -1.000000000000000000 ) ) ;
#630 = CARTESIAN_POINT ( 'NONE',  ( 93.67673796124536523, 13.95580200546907612, -4.000000000000000000 ) ) ;
#631 = ORIENTED_EDGE ( 'NONE', *, *, #1798, .F. ) ;
#632 = CARTESIAN_POINT ( 'NONE',  ( 59.93137082686367734, -15.50000000000000711, 6.000000000000000000 ) ) ;
#633 = ORIENTED_EDGE ( 'NONE', *, *, #1005, .T. ) ;
#634 = CARTESIAN_POINT ( 'NONE',  ( 92.33043255132002969, -16.91457358424091950, -4.000000000000000000 ) ) ;
#635 = CARTESIAN_POINT ( 'NONE',  ( 30.00000000000000000, -10.00000000000000000, 6.000000000000000000 ) ) ;
#636 = EDGE_CURVE ( 'NONE', #308, #1800, #611, .T. ) ;
#637 = EDGE_CURVE ( 'NONE', #1287, #1441, #1238, .T. ) ;
#638 = DIRECTION ( 'NONE',  ( 1.000000000000000000, 0.000000000000000000, 0.000000000000000000 ) ) ;
#639 = CARTESIAN_POINT ( 'NONE',  ( 30.00000000000000000, -10.00000000000000000, 6.000000000000000000 ) ) ;
#640 = AXIS2_PLACEMENT_3D ( 'NONE', #33, #1240, #1728 ) ;
#641 = CARTESIAN_POINT ( 'NONE',  ( 41.99999999999999289, 7.829927829866729638, 6.000000000000000000 ) ) ;
#642 = CARTESIAN_POINT ( 'NONE',  ( 41.99999999999999289, -11.99999999999999822, -1.000000000000000000 ) ) ;
#643 = AXIS2_PLACEMENT_3D ( 'NONE', #851, #1017, #1161 ) ;
#644 = VERTEX_POINT ( 'NONE', #1024 ) ;
#645 = CARTESIAN_POINT ( 'NONE',  ( 59.93137082686367734, -15.50000000000000711, 6.000000000000000000 ) ) ;
#646 = PLANE ( 'NONE',  #914 ) ;
#647 = AXIS2_PLACEMENT_3D ( 'NONE', #860, #831, #1731 ) ;
#648 = CYLINDRICAL_SURFACE ( 'NONE', #229, 6.000000000000001776 ) ;
#649 = DIRECTION ( 'NONE',  ( 0.000000000000000000, 0.000000000000000000, -1.000000000000000000 ) ) ;
#650 = LINE ( 'NONE', #1862, #1357 ) ;
#651 = CARTESIAN_POINT ( 'NONE',  ( 38.00000000000000000, -8.000000000000001776, 6.000000000000000000 ) ) ;
#652 = DIRECTION ( 'NONE',  ( -0.000000000000000000, -0.000000000000000000, -1.000000000000000000 ) ) ;
#653 = DIRECTION ( 'NONE',  ( -0.000000000000000000, -0.000000000000000000, -1.000000000000000000 ) ) ;
#654 = EDGE_LOOP ( 'NONE', ( #1643, #1621, #997, #1809 ) ) ;
#655 = EDGE_CURVE ( 'NONE', #1444, #1162, #1014, .T. ) ;
#656 = CYLINDRICAL_SURFACE ( 'NONE', #1342, 6.000000000000001776 ) ;
#657 = CARTESIAN_POINT ( 'NONE',  ( 26.00000000000000355, 34.00000000000000000, -1.000000000000000000 ) ) ;
#658 = DIRECTION ( 'NONE',  ( -0.3654646176781204403, -0.9308252323746843970, 0.000000000000000000 ) ) ;
#659 = DIRECTION ( 'NONE',  ( -1.000000000000000000, 0.000000000000000000, 0.000000000000000000 ) ) ;
#660 = CARTESIAN_POINT ( 'NONE',  ( 10.50000000000000178, 34.00000000000000000, 0.000000000000000000 ) ) ;
#661 = CARTESIAN_POINT ( 'NONE',  ( 92.07673796124537091, 13.95580200546907612, -4.000000000000000000 ) ) ;
#662 = DIRECTION ( 'NONE',  ( 0.000000000000000000, 0.000000000000000000, -1.000000000000000000 ) ) ;
#663 = ORIENTED_EDGE ( 'NONE', *, *, #605, .T. ) ;
#664 = SURFACE_STYLE_FILL_AREA ( #63 ) ;
#665 = LINE ( 'NONE', #237, #1563 ) ;
#666 = VECTOR ( 'NONE', #668, 1000.000000000000000 ) ;
#667 = EDGE_CURVE ( 'NONE', #902, #904, #1427, .T. ) ;
#668 = DIRECTION ( 'NONE',  ( 0.000000000000000000, -0.000000000000000000, -1.000000000000000000 ) ) ;
#669 = CARTESIAN_POINT ( 'NONE',  ( 50.58033865110979121, -8.000000000000000000, 6.000000000000000000 ) ) ;
#670 = EDGE_CURVE ( 'NONE', #12, #1155, #618, .T. ) ;
#671 = PLANE ( 'NONE',  #577 ) ;
#672 = AXIS2_PLACEMENT_3D ( 'NONE', #1816, #1486, #867 ) ;
#673 = EDGE_LOOP ( 'NONE', ( #909, #1886, #287, #1803, #1348 ) ) ;
#674 = FACE_OUTER_BOUND ( 'NONE', #389, .T. ) ;
#675 = CIRCLE ( 'NONE', #1277, 1.600000000000004086 ) ;
#676 = DIRECTION ( 'NONE',  ( -0.000000000000000000, -0.000000000000000000, 1.000000000000000000 ) ) ;
#677 = VERTEX_POINT ( 'NONE', #758 ) ;
#678 = VECTOR ( 'NONE', #367, 1000.000000000000000 ) ;
#679 = CARTESIAN_POINT ( 'NONE',  ( 50.58031558623630275, 7.829927829866729638, 6.000000000000000000 ) ) ;
#680 = CARTESIAN_POINT ( 'NONE',  ( 89.34629865673041138, -0.08500000000000867972, 6.000000000000000000 ) ) ;
#681 = CARTESIAN_POINT ( 'NONE',  ( 32.59999999999999432, 10.00000000000000000, -1.000000000000000000 ) ) ;
#682 = ORIENTED_EDGE ( 'NONE', *, *, #1653, .F. ) ;
#683 = EDGE_CURVE ( 'NONE', #911, #156, #873, .T. ) ;
#684 = ORIENTED_EDGE ( 'NONE', *, *, #1098, .T. ) ;
#685 = CARTESIAN_POINT ( 'NONE',  ( 62.75782527412868461, 16.80652216361120566, 6.000000000000000000 ) ) ;
#686 = ORIENTED_EDGE ( 'NONE', *, *, #1658, .F. ) ;
#687 = ORIENTED_EDGE ( 'NONE', *, *, #1168, .F. ) ;
#688 = DIRECTION ( 'NONE',  ( 1.000000000000000000, 0.000000000000000000, 0.000000000000000000 ) ) ;
#689 = DIRECTION ( 'NONE',  ( -0.000000000000000000, -0.000000000000000000, 1.000000000000000000 ) ) ;
#690 = DIRECTION ( 'NONE',  ( -1.000000000000000000, 0.000000000000000000, 0.000000000000000000 ) ) ;
#691 = ORIENTED_EDGE ( 'NONE', *, *, #1367, .F. ) ;
#692 = ORIENTED_EDGE ( 'NONE', *, *, #121, .F. ) ;
#693 = CARTESIAN_POINT ( 'NONE',  ( 91.26129865673041763, -16.00000000000000000, 0.000000000000000000 ) ) ;
#694 = EDGE_CURVE ( 'NONE', #1207, #71, #1778, .T. ) ;
#695 = CARTESIAN_POINT ( 'NONE',  ( 38.00000000000000000, 7.829927829866727862, 6.000000000000000000 ) ) ;
#696 = ORIENTED_EDGE ( 'NONE', *, *, #1103, .F. ) ;
#697 = CIRCLE ( 'NONE', #1637, 1.600000000000004086 ) ;
#698 = ORIENTED_EDGE ( 'NONE', *, *, #897, .T. ) ;
#699 = ADVANCED_FACE ( 'NONE', ( #1774 ), #250, .F. ) ;
#700 = CARTESIAN_POINT ( 'NONE',  ( 10.00000000000000000, -10.00000000000000000, 6.000000000000000000 ) ) ;
#701 =( GEOMETRIC_REPRESENTATION_CONTEXT ( 3 ) GLOBAL_UNCERTAINTY_ASSIGNED_CONTEXT ( ( #1333 ) ) GLOBAL_UNIT_ASSIGNED_CONTEXT ( ( #495, #1672, #787 ) ) REPRESENTATION_CONTEXT ( 'NONE', 'WORKASPACE' ) );
#702 = ADVANCED_FACE ( 'NONE', ( #1321 ), #1937, .F. ) ;
#703 = DIRECTION ( 'NONE',  ( -1.000000000000000000, 0.000000000000000000, 0.000000000000000000 ) ) ;
#704 = CARTESIAN_POINT ( 'NONE',  ( 38.00000000000000000, 1.106499231684619833E-14, -4.000000000000000000 ) ) ;
#705 = ORIENTED_EDGE ( 'NONE', *, *, #1249, .F. ) ;
#706 = VECTOR ( 'NONE', #653, 1000.000000000000000 ) ;
#707 = DIRECTION ( 'NONE',  ( -1.000000000000000000, -6.278258087101726593E-17, 0.000000000000000000 ) ) ;
#708 = DIRECTION ( 'NONE',  ( -0.000000000000000000, -0.000000000000000000, 1.000000000000000000 ) ) ;
#709 = AXIS2_PLACEMENT_3D ( 'NONE', #941, #20, #1247 ) ;
#710 = CIRCLE ( 'NONE', #1020, 1.600000000000004086 ) ;
#711 = VERTEX_POINT ( 'NONE', #1464 ) ;
#712 = VECTOR ( 'NONE', #1424, 1000.000000000000114 ) ;
#713 = DIRECTION ( 'NONE',  ( -0.000000000000000000, -0.000000000000000000, 1.000000000000000000 ) ) ;
#714 = DIRECTION ( 'NONE',  ( -0.000000000000000000, -0.000000000000000000, 1.000000000000000000 ) ) ;
#715 = CARTESIAN_POINT ( 'NONE',  ( 27.40000000000000213, -10.00000000000000000, -1.000000000000000000 ) ) ;
#716 = AXIS2_PLACEMENT_3D ( 'NONE', #1856, #1710, #1423 ) ;
#717 = ORIENTED_EDGE ( 'NONE', *, *, #1222, .F. ) ;
#718 = FACE_OUTER_BOUND ( 'NONE', #942, .T. ) ;
#719 = VERTEX_POINT ( 'NONE', #108 ) ;
#720 = DIRECTION ( 'NONE',  ( 1.000000000000000000, 0.000000000000000000, 0.000000000000000000 ) ) ;
#721 = DIRECTION ( 'NONE',  ( -0.3654646176781204958, 0.9308252323746842860, 0.000000000000000000 ) ) ;
#722 = VERTEX_POINT ( 'NONE', #1188 ) ;
#723 = CARTESIAN_POINT ( 'NONE',  ( 91.26129865673041763, -16.00000000000000000, -1.000000000000000000 ) ) ;
#724 = ORIENTED_EDGE ( 'NONE', *, *, #1661, .F. ) ;
#725 = FACE_BOUND ( 'NONE', #1598, .T. ) ;
#726 = CIRCLE ( 'NONE', #1705, 2.600000000000000089 ) ;
#727 = DIRECTION ( 'NONE',  ( 2.911840083380578691E-16, -1.000000000000000000, 0.000000000000000000 ) ) ;
#728 = STYLED_ITEM ( 'NONE', ( #474 ), #1314 ) ;
#729 = EDGE_LOOP ( 'NONE', ( #1204, #458, #2, #439, #591 ) ) ;
#730 = VERTEX_POINT ( 'NONE', #1783 ) ;
#731 = VECTOR ( 'NONE', #321, 1000.000000000000000 ) ;
#732 = VERTEX_POINT ( 'NONE', #715 ) ;
#733 = CARTESIAN_POINT ( 'NONE',  ( 38.00000000000000000, 1.106499231684619833E-14, 6.000000000000000000 ) ) ;
#734 = AXIS2_PLACEMENT_3D ( 'NONE', #534, #562, #236 ) ;
#735 = ORIENTED_EDGE ( 'NONE', *, *, #859, .F. ) ;
#736 = FACE_OUTER_BOUND ( 'NONE', #1552, .T. ) ;
#737 = ORIENTED_EDGE ( 'NONE', *, *, #282, .F. ) ;
#738 = FACE_BOUND ( 'NONE', #757, .T. ) ;
#739 = ORIENTED_EDGE ( 'NONE', *, *, #1577, .T. ) ;
#740 = LINE ( 'NONE', #298, #30 ) ;
#741 = ORIENTED_EDGE ( 'NONE', *, *, #810, .F. ) ;
#742 = DIRECTION ( 'NONE',  ( 0.000000000000000000, 0.000000000000000000, -1.000000000000000000 ) ) ;
#743 = VERTEX_POINT ( 'NONE', #1924 ) ;
#744 = EDGE_CURVE ( 'NONE', #830, #719, #1398, .T. ) ;
#745 = EDGE_CURVE ( 'NONE', #1393, #1794, #16, .T. ) ;
#746 = EDGE_CURVE ( 'NONE', #711, #7, #622, .T. ) ;
#747 = EDGE_CURVE ( 'NONE', #773, #381, #753, .T. ) ;
#748 = EDGE_CURVE ( 'NONE', #376, #1668, #9, .T. ) ;
#749 = EDGE_LOOP ( 'NONE', ( #262, #158 ) ) ;
#750 = ORIENTED_EDGE ( 'NONE', *, *, #954, .F. ) ;
#751 = DIRECTION ( 'NONE',  ( 0.000000000000000000, 0.000000000000000000, 1.000000000000000000 ) ) ;
#752 = EDGE_CURVE ( 'NONE', #1350, #1058, #1526, .T. ) ;
#753 = LINE ( 'NONE', #1359, #109 ) ;
#754 = ORIENTED_EDGE ( 'NONE', *, *, #341, .F. ) ;
#755 = CARTESIAN_POINT ( 'NONE',  ( 88.91123257211239661, -11.68472882150054915, -4.000000000000000000 ) ) ;
#756 = VECTOR ( 'NONE', #1343, 1000.000000000000000 ) ;
#757 = EDGE_LOOP ( 'NONE', ( #628, #1069 ) ) ;
#758 = CARTESIAN_POINT ( 'NONE',  ( 39.07023839397790255, 22.36806935915424077, 6.000000000000000000 ) ) ;
#759 = EDGE_LOOP ( 'NONE', ( #1640, #852 ) ) ;
#760 = CARTESIAN_POINT ( 'NONE',  ( 13.99999999999999822, 34.00000000000000000, -1.000000000000000000 ) ) ;
#761 = AXIS2_PLACEMENT_3D ( 'NONE', #35, #1231, #1062 ) ;
#762 = ADVANCED_FACE ( 'NONE', ( #736 ), #1801, .F. ) ;
#763 = CIRCLE ( 'NONE', #480, 42.00010206398124524 ) ;
#764 = CARTESIAN_POINT ( 'NONE',  ( 4.000000000000000000, -16.00000000000000000, 6.000000000000000000 ) ) ;
#765 = EDGE_LOOP ( 'NONE', ( #1895, #1595, #1784, #1887 ) ) ;
#766 = CARTESIAN_POINT ( 'NONE',  ( 38.00000000000000000, 7.829927829866727862, -1.000000000000000000 ) ) ;
#767 = ORIENTED_EDGE ( 'NONE', *, *, #59, .F. ) ;
#768 = DIRECTION ( 'NONE',  ( -0.000000000000000000, -0.000000000000000000, 1.000000000000000000 ) ) ;
#769 = ORIENTED_EDGE ( 'NONE', *, *, #1506, .T. ) ;
#770 = SURFACE_STYLE_USAGE ( .BOTH. , #166 ) ;
#771 = CARTESIAN_POINT ( 'NONE',  ( 20.00000000000000000, 34.00000000000000000, 6.000000000000000000 ) ) ;
#772 = PLANE ( 'NONE',  #227 ) ;
#773 = VERTEX_POINT ( 'NONE', #307 ) ;
#774 = CARTESIAN_POINT ( 'NONE',  ( 95.26129865673041763, -16.00000000000000000, 6.000000000000000000 ) ) ;
#775 = ORIENTED_EDGE ( 'NONE', *, *, #1329, .T. ) ;
#776 = CARTESIAN_POINT ( 'NONE',  ( 26.00000000000000355, 34.00000000000000000, -1.000000000000000000 ) ) ;
#777 = CARTESIAN_POINT ( 'NONE',  ( 32.59999999999999432, -10.00000000000000000, -1.000000000000000000 ) ) ;
#778 = CARTESIAN_POINT ( 'NONE',  ( 58.33137082686367592, -15.50000000000000711, 6.000000000000000000 ) ) ;
#779 = DIRECTION ( 'NONE',  ( -1.000000000000000000, 0.000000000000000000, 0.000000000000000000 ) ) ;
#780 = DIRECTION ( 'NONE',  ( 0.000000000000000000, 0.000000000000000000, 1.000000000000000000 ) ) ;
#781 = DIRECTION ( 'NONE',  ( 0.000000000000000000, 0.000000000000000000, -1.000000000000000000 ) ) ;
#782 = CARTESIAN_POINT ( 'NONE',  ( 62.75782527412868461, 16.80652216361119855, -1.000000000000000000 ) ) ;
#783 = CIRCLE ( 'NONE', #1824, 4.000000000000003553 ) ;
#784 = ORIENTED_EDGE ( 'NONE', *, *, #1734, .T. ) ;
#785 = CARTESIAN_POINT ( 'NONE',  ( 92.36129865673042616, -15.50000000000000711, 6.000000000000000000 ) ) ;
#786 = DIRECTION ( 'NONE',  ( -1.000000000000000000, 0.000000000000000000, 0.000000000000000000 ) ) ;
#787 =( NAMED_UNIT ( * ) SI_UNIT ( $, .STERADIAN. ) SOLID_ANGLE_UNIT ( ) );
#788 = DIRECTION ( 'NONE',  ( 1.000000000000000000, 0.000000000000000000, 0.000000000000000000 ) ) ;
#789 = CARTESIAN_POINT ( 'NONE',  ( 54.58031558623630275, 7.829927829866729638, 6.000000000000000000 ) ) ;
#790 = CIRCLE ( 'NONE', #513, 45.20010206398124808 ) ;
#791 = LINE ( 'NONE', #1696, #449 ) ;
#792 = EDGE_CURVE ( 'NONE', #1813, #381, #1959, .T. ) ;
#793 = LINE ( 'NONE', #908, #1046 ) ;
#794 = AXIS2_PLACEMENT_3D ( 'NONE', #319, #447, #6 ) ;
#795 = CIRCLE ( 'NONE', #1915, 2.599999999999998312 ) ;
#796 = FACE_OUTER_BOUND ( 'NONE', #104, .T. ) ;
#797 = DIRECTION ( 'NONE',  ( 0.000000000000000000, 0.000000000000000000, -1.000000000000000000 ) ) ;
#798 = DIRECTION ( 'NONE',  ( 0.000000000000000000, 0.000000000000000000, -1.000000000000000000 ) ) ;
#799 = AXIS2_PLACEMENT_3D ( 'NONE', #1538, #1387, #484 ) ;
#800 = ORIENTED_EDGE ( 'NONE', *, *, #1799, .F. ) ;
#801 = CARTESIAN_POINT ( 'NONE',  ( 7.400000000000000355, -10.00000000000000000, -1.000000000000000000 ) ) ;
#802 =( LENGTH_UNIT ( ) NAMED_UNIT ( * ) SI_UNIT ( .MILLI., .METRE. ) );
#803 = CARTESIAN_POINT ( 'NONE',  ( 59.93137082686367734, -15.50000000000000711, -4.000000000000000000 ) ) ;
#804 = DIRECTION ( 'NONE',  ( 1.000000000000000000, 0.000000000000000000, 0.000000000000000000 ) ) ;
#805 = FACE_OUTER_BOUND ( 'NONE', #1622, .T. ) ;
#806 = CARTESIAN_POINT ( 'NONE',  ( 4.000000000000000000, -16.00000000000000000, 6.000000000000000000 ) ) ;
#807 = VERTEX_POINT ( 'NONE', #1229 ) ;
#808 = EDGE_CURVE ( 'NONE', #904, #1185, #906, .T. ) ;
#809 = DIRECTION ( 'NONE',  ( -0.000000000000000000, -0.000000000000000000, -1.000000000000000000 ) ) ;
#810 = EDGE_CURVE ( 'NONE', #467, #1813, #1949, .T. ) ;
#811 = CARTESIAN_POINT ( 'NONE',  ( 92.33043255132002969, -16.91457358424091950, -1.000000000000000000 ) ) ;
#812 = EDGE_CURVE ( 'NONE', #365, #1555, #1308, .T. ) ;
#813 = ADVANCED_FACE ( 'NONE', ( #1351 ), #772, .F. ) ;
#814 = DIRECTION ( 'NONE',  ( 0.000000000000000000, -0.000000000000000000, -1.000000000000000000 ) ) ;
#815 = DIRECTION ( 'NONE',  ( -0.000000000000000000, -0.000000000000000000, -1.000000000000000000 ) ) ;
#816 = EDGE_CURVE ( 'NONE', #600, #1044, #710, .T. ) ;
#817 = PLANE ( 'NONE',  #425 ) ;
#818 = DIRECTION ( 'NONE',  ( 0.000000000000000000, -1.000000000000000000, 0.000000000000000000 ) ) ;
#819 = ORIENTED_EDGE ( 'NONE', *, *, #257, .F. ) ;
#820 = CIRCLE ( 'NONE', #130, 2.599999999999998312 ) ;
#821 = FACE_OUTER_BOUND ( 'NONE', #1533, .T. ) ;
#822 = LINE ( 'NONE', #1576, #1022 ) ;
#823 = DIRECTION ( 'NONE',  ( 0.000000000000000000, -0.000000000000000000, -1.000000000000000000 ) ) ;
#824 = CARTESIAN_POINT ( 'NONE',  ( 41.99999999999999289, 7.829927829866729638, -4.000000000000000000 ) ) ;
#825 = ADVANCED_FACE ( 'NONE', ( #1345 ), #292, .T. ) ;
#826 = AXIS2_PLACEMENT_3D ( 'NONE', #380, #70, #1439 ) ;
#827 = DIRECTION ( 'NONE',  ( 1.000000000000000000, 0.000000000000000000, 0.000000000000000000 ) ) ;
#828 = VECTOR ( 'NONE', #1164, 1000.000000000000000 ) ;
#829 = AXIS2_PLACEMENT_3D ( 'NONE', #173, #1857, #786 ) ;
#830 = VERTEX_POINT ( 'NONE', #1068 ) ;
#831 = DIRECTION ( 'NONE',  ( 0.000000000000000000, 0.000000000000000000, -1.000000000000000000 ) ) ;
#832 = CIRCLE ( 'NONE', #989, 2.600000000000000089 ) ;
#833 = DIRECTION ( 'NONE',  ( 1.000000000000000000, 7.158257364650285600E-17, 0.000000000000000000 ) ) ;
#834 = EDGE_LOOP ( 'NONE', ( #1422, #880 ) ) ;
#835 = AXIS2_PLACEMENT_3D ( 'NONE', #1384, #809, #930 ) ;
#836 = ORIENTED_EDGE ( 'NONE', *, *, #1166, .T. ) ;
#837 = DIRECTION ( 'NONE',  ( -0.000000000000000000, -0.000000000000000000, -1.000000000000000000 ) ) ;
#838 = CARTESIAN_POINT ( 'NONE',  ( 32.56614063705823980, 38.93377233865462728, -1.000000000000000000 ) ) ;
#839 = DIRECTION ( 'NONE',  ( 0.000000000000000000, -0.000000000000000000, -1.000000000000000000 ) ) ;
#840 = ORIENTED_EDGE ( 'NONE', *, *, #505, .F. ) ;
#841 = ORIENTED_EDGE ( 'NONE', *, *, #844, .F. ) ;
#842 = CARTESIAN_POINT ( 'NONE',  ( 91.26129865673041763, -20.00000000000000000, 6.000000000000000000 ) ) ;
#843 = DIRECTION ( 'NONE',  ( -0.000000000000000000, -0.000000000000000000, 1.000000000000000000 ) ) ;
#844 = EDGE_CURVE ( 'NONE', #143, #773, #1183, .T. ) ;
#845 = ORIENTED_EDGE ( 'NONE', *, *, #748, .T. ) ;
#846 = VERTEX_POINT ( 'NONE', #1675 ) ;
#847 = CARTESIAN_POINT ( 'NONE',  ( 62.61837608573242164, 15.21261064666438934, -1.000000000000000000 ) ) ;
#848 = CARTESIAN_POINT ( 'NONE',  ( 32.59999999999999432, -10.00000000000000000, 6.000000000000000000 ) ) ;
#849 = VERTEX_POINT ( 'NONE', #1203 ) ;
#850 = CARTESIAN_POINT ( 'NONE',  ( 92.36129865673042616, -15.50000000000000711, -4.000000000000000000 ) ) ;
#851 = CARTESIAN_POINT ( 'NONE',  ( 59.93137082686367734, -15.50000000000000711, -4.000000000000000000 ) ) ;
#852 = ORIENTED_EDGE ( 'NONE', *, *, #1670, .F. ) ;
#853 = CIRCLE ( 'NONE', #347, 2.599999999999998312 ) ;
#854 = ORIENTED_EDGE ( 'NONE', *, *, #746, .T. ) ;
#855 = DIRECTION ( 'NONE',  ( 1.000000000000000000, 0.000000000000000000, 0.000000000000000000 ) ) ;
#856 = CARTESIAN_POINT ( 'NONE',  ( 92.08385612850858593, -11.26704500639636741, 6.000000000000000000 ) ) ;
#857 = CARTESIAN_POINT ( 'NONE',  ( 41.46109828251464791, 16.27863524249076832, 6.000000000000000000 ) ) ;
#858 = ORIENTED_EDGE ( 'NONE', *, *, #1795, .T. ) ;
#859 = EDGE_CURVE ( 'NONE', #387, #730, #590, .T. ) ;
#860 = CARTESIAN_POINT ( 'NONE',  ( 90.49754435031049127, -11.47588691394846272, -1.000000000000000000 ) ) ;
#861 = CARTESIAN_POINT ( 'NONE',  ( 54.58033865110979832, -8.000000000000000000, 6.000000000000000000 ) ) ;
#862 = AXIS2_PLACEMENT_3D ( 'NONE', #627, #1234, #1822 ) ;
#863 = VECTOR ( 'NONE', #1060, 1000.000000000000000 ) ;
#864 = EDGE_LOOP ( 'NONE', ( #435, #1752, #1808, #1586 ) ) ;
#865 = CIRCLE ( 'NONE', #41, 32.42992782986674882 ) ;
#866 = FACE_BOUND ( 'NONE', #420, .T. ) ;
#867 = DIRECTION ( 'NONE',  ( 1.000000000000000000, 0.000000000000000000, 0.000000000000000000 ) ) ;
#868 = AXIS2_PLACEMENT_3D ( 'NONE', #693, #1905, #546 ) ;
#869 = ORIENTED_EDGE ( 'NONE', *, *, #1182, .T. ) ;
#870 = CARTESIAN_POINT ( 'NONE',  ( 92.33043255132002969, -16.91457358424091950, 6.000000000000000000 ) ) ;
#871 = EDGE_LOOP ( 'NONE', ( #1655, #398 ) ) ;
#872 = DIRECTION ( 'NONE',  ( 1.000000000000000000, 0.000000000000000000, 0.000000000000000000 ) ) ;
#873 = LINE ( 'NONE', #879, #1590 ) ;
#874 = EDGE_CURVE ( 'NONE', #1771, #342, #1789, .T. ) ;
#875 = ORIENTED_EDGE ( 'NONE', *, *, #192, .T. ) ;
#876 = ORIENTED_EDGE ( 'NONE', *, *, #1167, .T. ) ;
#877 = FACE_BOUND ( 'NONE', #1740, .T. ) ;
#878 = VECTOR ( 'NONE', #1099, 1000.000000000000000 ) ;
#879 = CARTESIAN_POINT ( 'NONE',  ( 41.99999999999999289, -12.00000000000000000, -1.000000000000000000 ) ) ;
#880 = ORIENTED_EDGE ( 'NONE', *, *, #1450, .F. ) ;
#881 = CARTESIAN_POINT ( 'NONE',  ( 75.34629865673041138, -0.08500000000000867972, 6.000000000000000000 ) ) ;
#882 = EDGE_LOOP ( 'NONE', ( #800, #886, #1300, #1768 ) ) ;
#883 = CIRCLE ( 'NONE', #383, 4.000000000000000000 ) ;
#884 = FACE_BOUND ( 'NONE', #268, .T. ) ;
#885 = AXIS2_PLACEMENT_3D ( 'NONE', #1004, #689, #1303 ) ;
#886 = ORIENTED_EDGE ( 'NONE', *, *, #898, .T. ) ;
#887 = FACE_BOUND ( 'NONE', #1502, .T. ) ;
#888 = AXIS2_PLACEMENT_3D ( 'NONE', #1669, #557, #430 ) ;
#889 = CIRCLE ( 'NONE', #1401, 1.600000000000004086 ) ;
#890 = CIRCLE ( 'NONE', #1719, 2.600000000000000089 ) ;
#891 = EDGE_CURVE ( 'NONE', #1337, #99, #1118, .T. ) ;
#892 = ORIENTED_EDGE ( 'NONE', *, *, #1168, .T. ) ;
#893 = EDGE_CURVE ( 'NONE', #677, #1666, #1515, .T. ) ;
#894 = CARTESIAN_POINT ( 'NONE',  ( 10.50000000000000178, 34.00000000000000000, 6.000000000000000000 ) ) ;
#895 = EDGE_CURVE ( 'NONE', #1471, #1155, #488, .T. ) ;
#896 = ORIENTED_EDGE ( 'NONE', *, *, #1255, .F. ) ;
#897 = EDGE_CURVE ( 'NONE', #1567, #711, #1878, .T. ) ;
#898 = EDGE_CURVE ( 'NONE', #437, #271, #1276, .T. ) ;
#899 = ORIENTED_EDGE ( 'NONE', *, *, #1449, .T. ) ;
#900 = CARTESIAN_POINT ( 'NONE',  ( 0.000000000000000000, -12.00000000000000000, 6.000000000000000000 ) ) ;
#901 = CARTESIAN_POINT ( 'NONE',  ( 62.61837608573242164, 15.21261064666438934, 6.000000000000000000 ) ) ;
#902 = VERTEX_POINT ( 'NONE', #352 ) ;
#903 = VERTEX_POINT ( 'NONE', #1402 ) ;
#904 = VERTEX_POINT ( 'NONE', #1266 ) ;
#905 = CIRCLE ( 'NONE', #1451, 3.999999999999996447 ) ;
#906 = LINE ( 'NONE', #917, #197 ) ;
#907 = ORIENTED_EDGE ( 'NONE', *, *, #1182, .F. ) ;
#908 = CARTESIAN_POINT ( 'NONE',  ( 90.46811716451779262, 17.82501087327788980, -4.000000000000000000 ) ) ;
#909 = ORIENTED_EDGE ( 'NONE', *, *, #962, .F. ) ;
#910 = CARTESIAN_POINT ( 'NONE',  ( 59.93137082686367734, -15.50000000000000711, -1.000000000000000000 ) ) ;
#911 = VERTEX_POINT ( 'NONE', #339 ) ;
#912 = AXIS2_PLACEMENT_3D ( 'NONE', #1090, #1566, #1697 ) ;
#913 = LINE ( 'NONE', #760, #1390 ) ;
#914 = AXIS2_PLACEMENT_3D ( 'NONE', #1554, #1073, #1521 ) ;
#915 = AXIS2_PLACEMENT_3D ( 'NONE', #1196, #281, #157 ) ;
#916 = PLANE ( 'NONE',  #469 ) ;
#917 = CARTESIAN_POINT ( 'NONE',  ( 27.40000000000000213, 10.00000000000000000, 6.000000000000000000 ) ) ;
#918 = ORIENTED_EDGE ( 'NONE', *, *, #1016, .F. ) ;
#919 = AXIS2_PLACEMENT_3D ( 'NONE', #494, #1095, #64 ) ;
#920 = LINE ( 'NONE', #1532, #1075 ) ;
#921 = ORIENTED_EDGE ( 'NONE', *, *, #115, .T. ) ;
#922 = CYLINDRICAL_SURFACE ( 'NONE', #1753, 22.00000000000000711 ) ;
#923 = CYLINDRICAL_SURFACE ( 'NONE', #1911, 13.99999999999999822 ) ;
#924 = ORIENTED_EDGE ( 'NONE', *, *, #189, .T. ) ;
#925 = DIRECTION ( 'NONE',  ( -0.000000000000000000, -0.000000000000000000, 1.000000000000000000 ) ) ;
#926 = DIRECTION ( 'NONE',  ( -0.000000000000000000, -0.000000000000000000, 1.000000000000000000 ) ) ;
#927 = DIRECTION ( 'NONE',  ( -0.000000000000000000, -0.000000000000000000, 1.000000000000000000 ) ) ;
#928 = DIRECTION ( 'NONE',  ( 1.000000000000000000, 0.000000000000000000, 0.000000000000000000 ) ) ;
#929 = ORIENTED_EDGE ( 'NONE', *, *, #1167, .F. ) ;
#930 = DIRECTION ( 'NONE',  ( 1.000000000000000000, 0.000000000000000000, 0.000000000000000000 ) ) ;
#931 = CARTESIAN_POINT ( 'NONE',  ( 89.16129865673042332, -15.50000000000000711, -4.000000000000000000 ) ) ;
#932 = FACE_OUTER_BOUND ( 'NONE', #451, .T. ) ;
#933 = EDGE_CURVE ( 'NONE', #71, #1207, #675, .T. ) ;
#934 = FACE_OUTER_BOUND ( 'NONE', #124, .T. ) ;
#935 = DIRECTION ( 'NONE',  ( 1.000000000000000000, 0.000000000000000000, 0.000000000000000000 ) ) ;
#936 = DIRECTION ( 'NONE',  ( -1.000000000000000000, 0.000000000000000000, 0.000000000000000000 ) ) ;
#937 = DIRECTION ( 'NONE',  ( -0.000000000000000000, -0.000000000000000000, 1.000000000000000000 ) ) ;
#938 = CIRCLE ( 'NONE', #504, 13.99999999999999822 ) ;
#939 = EDGE_LOOP ( 'NONE', ( #696, #291, #147, #552, #478 ) ) ;
#940 = DIRECTION ( 'NONE',  ( 1.000000000000000000, 0.000000000000000000, 0.000000000000000000 ) ) ;
#941 = CARTESIAN_POINT ( 'NONE',  ( 89.38717283233275168, 16.64536713438168647, -4.000000000000000000 ) ) ;
#942 = EDGE_LOOP ( 'NONE', ( #692, #769, #1500, #1698 ) ) ;
#943 = LINE ( 'NONE', #535, #1119 ) ;
#944 = DIRECTION ( 'NONE',  ( -1.000000000000000000, 0.000000000000000000, 0.000000000000000000 ) ) ;
#945 = CARTESIAN_POINT ( 'NONE',  ( 90.89709422234915337, 12.87485767328402275, -4.000000000000000000 ) ) ;
#946 = DIRECTION ( 'NONE',  ( -1.000000000000000000, 0.000000000000000000, 0.000000000000000000 ) ) ;
#947 = VECTOR ( 'NONE', #798, 1000.000000000000000 ) ;
#948 = DIRECTION ( 'NONE',  ( -0.9308252323746843970, -0.3654646176781204403, 0.000000000000000000 ) ) ;
#949 = ADVANCED_FACE ( 'NONE', ( #1420 ), #817, .F. ) ;
#950 = DIRECTION ( 'NONE',  ( -0.000000000000000000, -0.000000000000000000, -1.000000000000000000 ) ) ;
#951 = ADVANCED_FACE ( 'NONE', ( #1564 ), #69, .F. ) ;
#952 = ADVANCED_FACE ( 'NONE', ( #805 ), #1242, .F. ) ;
#953 = EDGE_CURVE ( 'NONE', #585, #722, #1717, .T. ) ;
#954 = EDGE_CURVE ( 'NONE', #1162, #807, #1779, .T. ) ;
#955 = PRODUCT_DEFINITION_SHAPE ( 'NONE', 'NONE',  #1688 ) ;
#956 = AXIS2_PLACEMENT_3D ( 'NONE', #177, #1689, #331 ) ;
#957 = EDGE_LOOP ( 'NONE', ( #1756, #1225, #1344, #1374 ) ) ;
#958 = DIRECTION ( 'NONE',  ( -1.000000000000000000, 0.000000000000000000, 0.000000000000000000 ) ) ;
#959 = VECTOR ( 'NONE', #1442, 1000.000000000000000 ) ;
#960 = EDGE_CURVE ( 'NONE', #1282, #1199, #791, .T. ) ;
#961 = DIRECTION ( 'NONE',  ( -0.000000000000000000, -0.000000000000000000, -1.000000000000000000 ) ) ;
#962 = EDGE_CURVE ( 'NONE', #93, #128, #583, .T. ) ;
#963 = DIRECTION ( 'NONE',  ( 1.000000000000000000, 0.000000000000000000, 0.000000000000000000 ) ) ;
#964 = CARTESIAN_POINT ( 'NONE',  ( 59.93137082686367734, -15.50000000000000711, -1.000000000000000000 ) ) ;
#965 = DIRECTION ( 'NONE',  ( 1.000000000000000000, 0.000000000000000000, 0.000000000000000000 ) ) ;
#966 = CARTESIAN_POINT ( 'NONE',  ( 41.46109828251464791, 16.27863524249076832, 6.000000000000000000 ) ) ;
#967 = LINE ( 'NONE', #221, #1745 ) ;
#968 = ORIENTED_EDGE ( 'NONE', *, *, #189, .F. ) ;
#969 = CYLINDRICAL_SURFACE ( 'NONE', #1154, 1.600000000000004086 ) ;
#970 = CARTESIAN_POINT ( 'NONE',  ( 59.93137082686367734, -15.50000000000000711, -1.000000000000000000 ) ) ;
#971 = EDGE_CURVE ( 'NONE', #1634, #807, #1550, .T. ) ;
#972 = DIRECTION ( 'NONE',  ( -0.000000000000000000, -0.000000000000000000, 1.000000000000000000 ) ) ;
#973 = CARTESIAN_POINT ( 'NONE',  ( 59.93137082686367734, -15.50000000000000711, 6.000000000000000000 ) ) ;
#974 = FACE_OUTER_BOUND ( 'NONE', #619, .T. ) ;
#975 = ORIENTED_EDGE ( 'NONE', *, *, #1249, .T. ) ;
#976 = CARTESIAN_POINT ( 'NONE',  ( 95.26129865673041763, 0.000000000000000000, 6.000000000000000000 ) ) ;
#977 =( GEOMETRIC_REPRESENTATION_CONTEXT ( 3 ) GLOBAL_UNCERTAINTY_ASSIGNED_CONTEXT ( ( #1524 ) ) GLOBAL_UNIT_ASSIGNED_CONTEXT ( ( #802, #1684, #620 ) ) REPRESENTATION_CONTEXT ( 'NONE', 'WORKASPACE' ) );
#978 = ORIENTED_EDGE ( 'NONE', *, *, #745, .T. ) ;
#979 = EDGE_LOOP ( 'NONE', ( #3, #978, #579, #1197 ) ) ;
#980 = DIRECTION ( 'NONE',  ( 0.000000000000000000, 0.000000000000000000, -1.000000000000000000 ) ) ;
#981 = DIRECTION ( 'NONE',  ( -1.000000000000000000, 0.000000000000000000, 0.000000000000000000 ) ) ;
#982 = AXIS2_PLACEMENT_3D ( 'NONE', #1580, #1413, #690 ) ;
#983 = CARTESIAN_POINT ( 'NONE',  ( 4.000000000000000000, -16.00000000000000000, -1.000000000000000000 ) ) ;
#984 = EDGE_CURVE ( 'NONE', #585, #571, #498, .T. ) ;
#985 = EDGE_LOOP ( 'NONE', ( #512, #1788, #1048, #1903 ) ) ;
#986 = AXIS2_PLACEMENT_3D ( 'NONE', #134, #274, #1929 ) ;
#987 = EDGE_LOOP ( 'NONE', ( #111, #1213, #1494, #1785 ) ) ;
#988 = SURFACE_STYLE_USAGE ( .BOTH. , #1432 ) ;
#989 = AXIS2_PLACEMENT_3D ( 'NONE', #1456, #1933, #1151 ) ;
#990 = CARTESIAN_POINT ( 'NONE',  ( 42.79353932347663658, 19.82992782986672964, 6.000000000000000000 ) ) ;
#991 = ORIENTED_EDGE ( 'NONE', *, *, #636, .T. ) ;
#992 = DIRECTION ( 'NONE',  ( 0.000000000000000000, 0.000000000000000000, 1.000000000000000000 ) ) ;
#993 = AXIS2_PLACEMENT_3D ( 'NONE', #1846, #357, #958 ) ;
#994 = ORIENTED_EDGE ( 'NONE', *, *, #1097, .T. ) ;
#995 = CARTESIAN_POINT ( 'NONE',  ( 10.00000000000000000, -10.00000000000000000, 6.000000000000000000 ) ) ;
#996 = CARTESIAN_POINT ( 'NONE',  ( 50.58031558623630275, 11.82992782986672964, -1.000000000000000000 ) ) ;
#997 = ORIENTED_EDGE ( 'NONE', *, *, #1019, .T. ) ;
#998 = CARTESIAN_POINT ( 'NONE',  ( 10.00000000000000000, 10.00000000000000000, 6.000000000000000000 ) ) ;
#999 = DIRECTION ( 'NONE',  ( -1.000000000000000000, 0.000000000000000000, 0.000000000000000000 ) ) ;
#1000 = ORIENTED_EDGE ( 'NONE', *, *, #1460, .F. ) ;
#1001 = SHAPE_DEFINITION_REPRESENTATION ( #955, #1314 ) ;
#1002 = ORIENTED_EDGE ( 'NONE', *, *, #1606, .T. ) ;
#1003 = CARTESIAN_POINT ( 'NONE',  ( 32.59999999999999432, 10.00000000000000000, 6.000000000000000000 ) ) ;
#1004 = CARTESIAN_POINT ( 'NONE',  ( 59.93137082686367734, -15.50000000000000711, -4.000000000000000000 ) ) ;
#1005 = EDGE_CURVE ( 'NONE', #145, #571, #1894, .T. ) ;
#1006 = CARTESIAN_POINT ( 'NONE',  ( 20.00000000000000000, 34.00000000000000000, -1.000000000000000000 ) ) ;
#1007 = EDGE_LOOP ( 'NONE', ( #595, #1130, #1636, #775 ) ) ;
#1008 = CARTESIAN_POINT ( 'NONE',  ( -7.427134006769055409E-16, 11.82992782986672609, 6.000000000000000000 ) ) ;
#1009 = DIRECTION ( 'NONE',  ( 1.000000000000000000, 0.000000000000000000, 0.000000000000000000 ) ) ;
#1010 = AXIS2_PLACEMENT_3D ( 'NONE', #847, #1764, #1425 ) ;
#1011 = ORIENTED_EDGE ( 'NONE', *, *, #1102, .F. ) ;
#1012 = CARTESIAN_POINT ( 'NONE',  ( 10.00000000000000000, 10.00000000000000000, 6.000000000000000000 ) ) ;
#1013 = AXIS2_PLACEMENT_3D ( 'NONE', #537, #992, #963 ) ;
#1014 = LINE ( 'NONE', #278, #1835 ) ;
#1015 = ORIENTED_EDGE ( 'NONE', *, *, #1944, .T. ) ;
#1016 = EDGE_CURVE ( 'NONE', #12, #644, #1569, .T. ) ;
#1017 = DIRECTION ( 'NONE',  ( -0.000000000000000000, -0.000000000000000000, 1.000000000000000000 ) ) ;
#1018 = VECTOR ( 'NONE', #1706, 1000.000000000000000 ) ;
#1019 = EDGE_CURVE ( 'NONE', #1709, #196, #822, .T. ) ;
#1020 = AXIS2_PLACEMENT_3D ( 'NONE', #901, #466, #151 ) ;
#1021 = EDGE_LOOP ( 'NONE', ( #991, #441, #869, #1960 ) ) ;
#1022 = VECTOR ( 'NONE', #1584, 1000.000000000000000 ) ;
#1023 = FACE_BOUND ( 'NONE', #1763, .T. ) ;
#1024 = CARTESIAN_POINT ( 'NONE',  ( 91.26129865673041763, 19.82992782986673319, -1.000000000000000000 ) ) ;
#1025 = EDGE_LOOP ( 'NONE', ( #1855, #1436, #1063, #929 ) ) ;
#1026 = CYLINDRICAL_SURFACE ( 'NONE', #518, 3.999999999999996447 ) ;
#1027 = ORIENTED_EDGE ( 'NONE', *, *, #51, .F. ) ;
#1028 = DIRECTION ( 'NONE',  ( 0.000000000000000000, 0.000000000000000000, 1.000000000000000000 ) ) ;
#1029 = ADVANCED_FACE ( 'NONE', ( #1858 ), #1250, .T. ) ;
#1030 = DIRECTION ( 'NONE',  ( 1.255651617420345072E-16, -1.000000000000000000, 0.000000000000000000 ) ) ;
#1031 = ORIENTED_EDGE ( 'NONE', *, *, #1670, .T. ) ;
#1032 = EDGE_LOOP ( 'NONE', ( #1683, #1614, #876, #845 ) ) ;
#1033 = CARTESIAN_POINT ( 'NONE',  ( 59.93137082686367734, -15.50000000000000711, -4.000000000000000000 ) ) ;
#1034 = VERTEX_POINT ( 'NONE', #811 ) ;
#1035 = EDGE_LOOP ( 'NONE', ( #1701, #90, #328, #899 ) ) ;
#1036 = FACE_BOUND ( 'NONE', #1091, .T. ) ;
#1037 = ORIENTED_EDGE ( 'NONE', *, *, #1462, .F. ) ;
#1038 = LINE ( 'NONE', #900, #1513 ) ;
#1039 = VECTOR ( 'NONE', #316, 1000.000000000000000 ) ;
#1040 = EDGE_CURVE ( 'NONE', #1489, #234, #360, .T. ) ;
#1041 = ORIENTED_EDGE ( 'NONE', *, *, #812, .T. ) ;
#1042 = ORIENTED_EDGE ( 'NONE', *, *, #1511, .T. ) ;
#1043 = DIRECTION ( 'NONE',  ( -0.000000000000000000, 0.000000000000000000, -1.000000000000000000 ) ) ;
#1044 = VERTEX_POINT ( 'NONE', #685 ) ;
#1045 = EDGE_CURVE ( 'NONE', #1489, #719, #1443, .T. ) ;
#1046 = VECTOR ( 'NONE', #937, 1000.000000000000000 ) ;
#1047 = AXIS2_PLACEMENT_3D ( 'NONE', #220, #67, #981 ) ;
#1048 = ORIENTED_EDGE ( 'NONE', *, *, #202, .T. ) ;
#1049 = UNCERTAINTY_MEASURE_WITH_UNIT (LENGTH_MEASURE( 1.000000000000000082E-05 ), #1596, 'distance_accuracy_value', 'NONE');
#1050 = EDGE_LOOP ( 'NONE', ( #1057, #1691, #246, #602 ) ) ;
#1051 = DIRECTION ( 'NONE',  ( 1.000000000000000000, 0.000000000000000000, 0.000000000000000000 ) ) ;
#1052 = VECTOR ( 'NONE', #1219, 1000.000000000000114 ) ;
#1053 = AXIS2_PLACEMENT_3D ( 'NONE', #723, #245, #427 ) ;
#1054 = CIRCLE ( 'NONE', #616, 1.600000000000004086 ) ;
#1055 = EDGE_LOOP ( 'NONE', ( #1536, #663, #1629, #1289 ) ) ;
#1056 = CARTESIAN_POINT ( 'NONE',  ( 41.99999999999999289, 11.82992782986672786, 0.000000000000000000 ) ) ;
#1057 = ORIENTED_EDGE ( 'NONE', *, *, #1045, .T. ) ;
#1058 = VERTEX_POINT ( 'NONE', #1711 ) ;
#1059 = FACE_BOUND ( 'NONE', #27, .T. ) ;
#1060 = DIRECTION ( 'NONE',  ( -0.000000000000000000, -0.000000000000000000, -1.000000000000000000 ) ) ;
#1061 = ORIENTED_EDGE ( 'NONE', *, *, #1255, .T. ) ;
#1062 = DIRECTION ( 'NONE',  ( -1.000000000000000000, 0.000000000000000000, 0.000000000000000000 ) ) ;
#1063 = ORIENTED_EDGE ( 'NONE', *, *, #1653, .T. ) ;
#1064 = DIRECTION ( 'NONE',  ( -0.000000000000000000, -0.000000000000000000, 1.000000000000000000 ) ) ;
#1065 = CYLINDRICAL_SURFACE ( 'NONE', #349, 4.000000000000003553 ) ;
#1066 = PLANE ( 'NONE',  #1369 ) ;
#1067 = CIRCLE ( 'NONE', #1010, 1.600000000000011191 ) ;
#1068 = CARTESIAN_POINT ( 'NONE',  ( 89.16129865673042332, -15.50000000000000711, 6.000000000000000000 ) ) ;
#1069 = ORIENTED_EDGE ( 'NONE', *, *, #1511, .F. ) ;
#1070 = DIRECTION ( 'NONE',  ( -0.000000000000000000, -0.000000000000000000, -1.000000000000000000 ) ) ;
#1071 = ORIENTED_EDGE ( 'NONE', *, *, #897, .F. ) ;
#1072 = CARTESIAN_POINT ( 'NONE',  ( 12.59999999999999964, 10.00000000000000000, 6.000000000000000000 ) ) ;
#1073 = DIRECTION ( 'NONE',  ( 0.000000000000000000, 0.000000000000000000, -1.000000000000000000 ) ) ;
#1074 = EDGE_LOOP ( 'NONE', ( #1735, #921, #1896, #300 ) ) ;
#1075 = VECTOR ( 'NONE', #178, 1000.000000000000000 ) ;
#1076 = AXIS2_PLACEMENT_3D ( 'NONE', #351, #1589, #804 ) ;
#1077 = VECTOR ( 'NONE', #599, 1000.000000000000000 ) ;
#1078 = DIRECTION ( 'NONE',  ( -0.000000000000000000, -0.000000000000000000, 1.000000000000000000 ) ) ;
#1079 = VECTOR ( 'NONE', #676, 1000.000000000000000 ) ;
#1080 = DIRECTION ( 'NONE',  ( -1.000000000000000000, -1.255651617420345072E-16, 0.000000000000000000 ) ) ;
#1081 = ORIENTED_EDGE ( 'NONE', *, *, #1804, .F. ) ;
#1082 = CIRCLE ( 'NONE', #993, 22.00000000000000000 ) ;
#1083 = CARTESIAN_POINT ( 'NONE',  ( 93.25638170014156003, 15.03674633765412416, -4.000000000000000000 ) ) ;
#1084 = ORIENTED_EDGE ( 'NONE', *, *, #971, .T. ) ;
#1085 = DIRECTION ( 'NONE',  ( -1.000000000000000000, 0.000000000000000000, 0.000000000000000000 ) ) ;
#1086 = CYLINDRICAL_SURFACE ( 'NONE', #1647, 2.599999999999998312 ) ;
#1087 = CARTESIAN_POINT ( 'NONE',  ( 30.00000000000000000, 10.00000000000000000, -1.000000000000000000 ) ) ;
#1088 = CYLINDRICAL_SURFACE ( 'NONE', #1588, 4.000000000000003553 ) ;
#1089 = CARTESIAN_POINT ( 'NONE',  ( 59.93137082686367734, -15.50000000000000711, -1.000000000000000000 ) ) ;
#1090 = CARTESIAN_POINT ( 'NONE',  ( 90.49754435031049127, -11.47588691394846272, -4.000000000000000000 ) ) ;
#1091 = EDGE_LOOP ( 'NONE', ( #102, #1646 ) ) ;
#1092 = DIRECTION ( 'NONE',  ( 1.000000000000000000, 0.000000000000000000, 0.000000000000000000 ) ) ;
#1093 = FACE_OUTER_BOUND ( 'NONE', #464, .T. ) ;
#1094 = EDGE_LOOP ( 'NONE', ( #382, #1346, #1015, #10, #446, #1206, #1516, #305, #470, #698 ) ) ;
#1095 = DIRECTION ( 'NONE',  ( 0.000000000000000000, 0.000000000000000000, -1.000000000000000000 ) ) ;
#1096 = FACE_OUTER_BOUND ( 'NONE', #882, .T. ) ;
#1097 = EDGE_CURVE ( 'NONE', #163, #1663, #267, .T. ) ;
#1098 = EDGE_CURVE ( 'NONE', #1393, #1448, #554, .T. ) ;
#1099 = DIRECTION ( 'NONE',  ( -0.000000000000000000, -0.000000000000000000, 1.000000000000000000 ) ) ;
#1100 = ADVANCED_FACE ( 'NONE', ( #73 ), #648, .F. ) ;
#1101 = CARTESIAN_POINT ( 'NONE',  ( 92.08385612850858593, -11.26704500639636386, -1.000000000000000000 ) ) ;
#1102 = EDGE_CURVE ( 'NONE', #145, #722, #943, .T. ) ;
#1103 = EDGE_CURVE ( 'NONE', #1663, #600, #889, .T. ) ;
#1104 = DIRECTION ( 'NONE',  ( 0.000000000000000000, 0.000000000000000000, -1.000000000000000000 ) ) ;
#1105 = LINE ( 'NONE', #468, #706 ) ;
#1106 = AXIS2_PLACEMENT_3D ( 'NONE', #1012, #377, #1587 ) ;
#1107 = PRODUCT_RELATED_PRODUCT_CATEGORY ( 'part', '', ( #1263 ) ) ;
#1108 = ORIENTED_EDGE ( 'NONE', *, *, #191, .T. ) ;
#1109 = DIRECTION ( 'NONE',  ( -0.000000000000000000, 0.000000000000000000, 1.000000000000000000 ) ) ;
#1110 = FACE_OUTER_BOUND ( 'NONE', #1230, .T. ) ;
#1111 = DIRECTION ( 'NONE',  ( -0.9308252323746843970, 0.3654646176781204403, 0.000000000000000000 ) ) ;
#1112 = LINE ( 'NONE', #778, #313 ) ;
#1113 = DIRECTION ( 'NONE',  ( 0.000000000000000000, -0.000000000000000000, 1.000000000000000000 ) ) ;
#1114 = VECTOR ( 'NONE', #18, 1000.000000000000000 ) ;
#1115 = DIRECTION ( 'NONE',  ( 0.000000000000000000, -0.000000000000000000, -1.000000000000000000 ) ) ;
#1116 = CARTESIAN_POINT ( 'NONE',  ( -2.489948095290086351E-15, 19.82992782986672253, 6.000000000000000000 ) ) ;
#1117 = CARTESIAN_POINT ( 'NONE',  ( 93.25638170014156003, 15.03674633765412416, 6.000000000000000000 ) ) ;
#1118 = CIRCLE ( 'NONE', #1366, 6.000000000000001776 ) ;
#1119 = VECTOR ( 'NONE', #83, 1000.000000000000000 ) ;
#1120 = ADVANCED_FACE ( 'NONE', ( #1138 ), #385, .F. ) ;
#1121 = ORIENTED_EDGE ( 'NONE', *, *, #874, .F. ) ;
#1122 = DIRECTION ( 'NONE',  ( -0.000000000000000000, -0.000000000000000000, 1.000000000000000000 ) ) ;
#1123 = LINE ( 'NONE', #1725, #1079 ) ;
#1124 = DIRECTION ( 'NONE',  ( -0.000000000000000000, -0.000000000000000000, -1.000000000000000000 ) ) ;
#1125 = CARTESIAN_POINT ( 'NONE',  ( 62.47892689733615867, 13.61869912971759611, -1.000000000000000000 ) ) ;
#1126 = FACE_OUTER_BOUND ( 'NONE', #1478, .T. ) ;
#1127 = ORIENTED_EDGE ( 'NONE', *, *, #637, .F. ) ;
#1128 = LINE ( 'NONE', #850, #558 ) ;
#1129 = DIRECTION ( 'NONE',  ( 1.000000000000000000, 0.000000000000000000, 0.000000000000000000 ) ) ;
#1130 = ORIENTED_EDGE ( 'NONE', *, *, #1497, .T. ) ;
#1131 = ORIENTED_EDGE ( 'NONE', *, *, #747, .F. ) ;
#1132 = CARTESIAN_POINT ( 'NONE',  ( 50.58033865110979121, -12.00000000000000000, -4.000000000000000000 ) ) ;
#1133 = CARTESIAN_POINT ( 'NONE',  ( 41.99999999999999289, -8.000000000000000000, -1.000000000000000000 ) ) ;
#1134 = CARTESIAN_POINT ( 'NONE',  ( 92.08385612850858593, -11.26704500639636741, -4.000000000000000000 ) ) ;
#1135 = ORIENTED_EDGE ( 'NONE', *, *, #1721, .F. ) ;
#1136 = ORIENTED_EDGE ( 'NONE', *, *, #1449, .F. ) ;
#1137 = AXIS2_PLACEMENT_3D ( 'NONE', #1632, #1479, #1627 ) ;
#1138 = FACE_OUTER_BOUND ( 'NONE', #623, .T. ) ;
#1139 = CIRCLE ( 'NONE', #1457, 2.599999999999998312 ) ;
#1140 = EDGE_LOOP ( 'NONE', ( #1169, #1178, #1326, #1175 ) ) ;
#1141 = ORIENTED_EDGE ( 'NONE', *, *, #329, .T. ) ;
#1142 = CARTESIAN_POINT ( 'NONE',  ( 0.000000000000000000, 20.00000000000000000, 6.000000000000000000 ) ) ;
#1143 = CYLINDRICAL_SURFACE ( 'NONE', #885, 32.42992782986674882 ) ;
#1144 = VECTOR ( 'NONE', #1667, 1000.000000000000000 ) ;
#1145 = DIRECTION ( 'NONE',  ( -1.000000000000000000, 0.000000000000000000, 0.000000000000000000 ) ) ;
#1146 = CIRCLE ( 'NONE', #1490, 1.600000000000004086 ) ;
#1147 = EDGE_LOOP ( 'NONE', ( #784, #222, #1135, #169 ) ) ;
#1148 = AXIS2_PLACEMENT_3D ( 'NONE', #910, #1363, #423 ) ;
#1149 =( NAMED_UNIT ( * ) SI_UNIT ( $, .STERADIAN. ) SOLID_ANGLE_UNIT ( ) );
#1150 = VECTOR ( 'NONE', #833, 1000.000000000000000 ) ;
#1151 = DIRECTION ( 'NONE',  ( -1.000000000000000000, 0.000000000000000000, 0.000000000000000000 ) ) ;
#1152 = ORIENTED_EDGE ( 'NONE', *, *, #329, .F. ) ;
#1153 = EDGE_CURVE ( 'NONE', #1650, #773, #198, .T. ) ;
#1154 = AXIS2_PLACEMENT_3D ( 'NONE', #1833, #1884, #1260 ) ;
#1155 = VERTEX_POINT ( 'NONE', #990 ) ;
#1156 = CARTESIAN_POINT ( 'NONE',  ( 30.00000000000000000, -10.00000000000000000, 6.000000000000000000 ) ) ;
#1157 = LINE ( 'NONE', #96, #609 ) ;
#1158 = LINE ( 'NONE', #401, #1939 ) ;
#1159 = VERTEX_POINT ( 'NONE', #526 ) ;
#1160 = FACE_BOUND ( 'NONE', #1940, .T. ) ;
#1161 = DIRECTION ( 'NONE',  ( 1.000000000000000000, 0.000000000000000000, 0.000000000000000000 ) ) ;
#1162 = VERTEX_POINT ( 'NONE', #801 ) ;
#1163 = DIRECTION ( 'NONE',  ( 0.000000000000000000, -0.000000000000000000, -1.000000000000000000 ) ) ;
#1164 = DIRECTION ( 'NONE',  ( 1.000000000000000000, -0.000000000000000000, -0.000000000000000000 ) ) ;
#1165 = DIRECTION ( 'NONE',  ( -0.000000000000000000, -0.000000000000000000, -1.000000000000000000 ) ) ;
#1166 = EDGE_CURVE ( 'NONE', #428, #163, #665, .T. ) ;
#1167 = EDGE_CURVE ( 'NONE', #1350, #376, #1123, .T. ) ;
#1168 = EDGE_CURVE ( 'NONE', #1957, #1281, #77, .T. ) ;
#1169 = ORIENTED_EDGE ( 'NONE', *, *, #971, .F. ) ;
#1170 = EDGE_CURVE ( 'NONE', #1454, #1585, #1732, .T. ) ;
#1171 = ADVANCED_FACE ( 'NONE', ( #563 ), #1172, .F. ) ;
#1172 = CYLINDRICAL_SURFACE ( 'NONE', #323, 1.600000000000004086 ) ;
#1173 = CIRCLE ( 'NONE', #1900, 13.99999999999999822 ) ;
#1174 = AXIS2_PLACEMENT_3D ( 'NONE', #995, #1600, #240 ) ;
#1175 = ORIENTED_EDGE ( 'NONE', *, *, #954, .T. ) ;
#1176 = FACE_BOUND ( 'NONE', #155, .T. ) ;
#1177 = CARTESIAN_POINT ( 'NONE',  ( 42.79353932347663658, 19.82992782986672964, 6.000000000000000000 ) ) ;
#1178 = ORIENTED_EDGE ( 'NONE', *, *, #1654, .F. ) ;
#1179 = VECTOR ( 'NONE', #768, 1000.000000000000000 ) ;
#1180 = VERTEX_POINT ( 'NONE', #1325 ) ;
#1181 = DIRECTION ( 'NONE',  ( 0.000000000000000000, 0.000000000000000000, -1.000000000000000000 ) ) ;
#1182 = EDGE_CURVE ( 'NONE', #1441, #406, #865, .T. ) ;
#1183 = CIRCLE ( 'NONE', #1210, 13.50000000000000178 ) ;
#1184 = AXIS2_PLACEMENT_3D ( 'NONE', #1280, #1885, #1129 ) ;
#1185 = VERTEX_POINT ( 'NONE', #409 ) ;
#1186 = STYLED_ITEM ( 'NONE', ( #1918 ), #1430 ) ;
#1187 = CYLINDRICAL_SURFACE ( 'NONE', #66, 4.000000000000003553 ) ;
#1188 = CARTESIAN_POINT ( 'NONE',  ( 95.26129865673041763, -16.00000000000000000, -1.000000000000000000 ) ) ;
#1189 = ORIENTED_EDGE ( 'NONE', *, *, #142, .F. ) ;
#1190 = ORIENTED_EDGE ( 'NONE', *, *, #486, .T. ) ;
#1191 = ORIENTED_EDGE ( 'NONE', *, *, #51, .T. ) ;
#1192 = LINE ( 'NONE', #1787, #1770 ) ;
#1193 = EDGE_CURVE ( 'NONE', #1844, #1567, #547, .T. ) ;
#1194 = EDGE_CURVE ( 'NONE', #722, #17, #1685, .T. ) ;
#1195 = ORIENTED_EDGE ( 'NONE', *, *, #625, .T. ) ;
#1196 = CARTESIAN_POINT ( 'NONE',  ( 75.34629865673041138, -0.08500000000000867972, -1.000000000000000000 ) ) ;
#1197 = ORIENTED_EDGE ( 'NONE', *, *, #120, .F. ) ;
#1198 = FACE_BOUND ( 'NONE', #1950, .T. ) ;
#1199 = VERTEX_POINT ( 'NONE', #861 ) ;
#1200 = ORIENTED_EDGE ( 'NONE', *, *, #844, .T. ) ;
#1201 = FACE_BOUND ( 'NONE', #749, .T. ) ;
#1202 = ORIENTED_EDGE ( 'NONE', *, *, #746, .F. ) ;
#1203 = CARTESIAN_POINT ( 'NONE',  ( 61.53137082686368586, -15.50000000000000711, 6.000000000000000000 ) ) ;
#1204 = ORIENTED_EDGE ( 'NONE', *, *, #404, .F. ) ;
#1205 = VECTOR ( 'NONE', #1535, 1000.000000000000000 ) ;
#1206 = ORIENTED_EDGE ( 'NONE', *, *, #258, .T. ) ;
#1207 = VERTEX_POINT ( 'NONE', #1331 ) ;
#1208 = ADVANCED_FACE ( 'NONE', ( #270 ), #1026, .F. ) ;
#1209 = DIRECTION ( 'NONE',  ( 1.000000000000000000, 0.000000000000000000, 0.000000000000000000 ) ) ;
#1210 = AXIS2_PLACEMENT_3D ( 'NONE', #24, #1488, #1212 ) ;
#1211 = CIRCLE ( 'NONE', #647, 1.600000000000004086 ) ;
#1212 = DIRECTION ( 'NONE',  ( 1.000000000000000000, 0.000000000000000000, 0.000000000000000000 ) ) ;
#1213 = ORIENTED_EDGE ( 'NONE', *, *, #1507, .T. ) ;
#1214 = DIRECTION ( 'NONE',  ( 0.000000000000000000, 0.000000000000000000, 1.000000000000000000 ) ) ;
#1215 = CARTESIAN_POINT ( 'NONE',  ( 91.26129865673041763, -20.00000000000000000, -1.000000000000000000 ) ) ;
#1216 = LINE ( 'NONE', #97, #1806 ) ;
#1217 = EDGE_LOOP ( 'NONE', ( #587, #739, #918, #1941 ) ) ;
#1218 = DIRECTION ( 'NONE',  ( 0.000000000000000000, 0.000000000000000000, -1.000000000000000000 ) ) ;
#1219 = DIRECTION ( 'NONE',  ( 0.3654646176781204958, 0.9308252323746842860, 0.000000000000000000 ) ) ;
#1220 = ORIENTED_EDGE ( 'NONE', *, *, #121, .T. ) ;
#1221 = CYLINDRICAL_SURFACE ( 'NONE', #1620, 1.600000000000004086 ) ;
#1222 = EDGE_CURVE ( 'NONE', #807, #1162, #832, .T. ) ;
#1223 = ORIENTED_EDGE ( 'NONE', *, *, #456, .F. ) ;
#1224 = DIRECTION ( 'NONE',  ( -1.000000000000000000, 0.000000000000000000, 0.000000000000000000 ) ) ;
#1225 = ORIENTED_EDGE ( 'NONE', *, *, #792, .F. ) ;
#1226 = CARTESIAN_POINT ( 'NONE',  ( 58.33137082686367592, -15.50000000000000711, 6.000000000000000000 ) ) ;
#1227 = CARTESIAN_POINT ( 'NONE',  ( 75.34629865673041138, -0.08500000000000867972, -4.000000000000000000 ) ) ;
#1228 = CIRCLE ( 'NONE', #375, 9.499999999999998224 ) ;
#1229 = CARTESIAN_POINT ( 'NONE',  ( 12.59999999999999964, -10.00000000000000000, -1.000000000000000000 ) ) ;
#1230 = EDGE_LOOP ( 'NONE', ( #21, #1823, #1031, #1531 ) ) ;
#1231 = DIRECTION ( 'NONE',  ( 0.000000000000000000, 0.000000000000000000, -1.000000000000000000 ) ) ;
#1232 = VERTEX_POINT ( 'NONE', #259 ) ;
#1233 = CYLINDRICAL_SURFACE ( 'NONE', #1469, 2.599999999999998312 ) ;
#1234 = DIRECTION ( 'NONE',  ( -0.000000000000000000, 0.000000000000000000, 1.000000000000000000 ) ) ;
#1235 = ORIENTED_EDGE ( 'NONE', *, *, #191, .F. ) ;
#1236 = VECTOR ( 'NONE', #1214, 1000.000000000000000 ) ;
#1237 = CIRCLE ( 'NONE', #476, 3.999999999999996447 ) ;
#1238 = CIRCLE ( 'NONE', #672, 32.42992782986674882 ) ;
#1239 = DIRECTION ( 'NONE',  ( 1.000000000000000000, 0.000000000000000000, 0.000000000000000000 ) ) ;
#1240 = DIRECTION ( 'NONE',  ( 0.000000000000000000, 0.000000000000000000, -1.000000000000000000 ) ) ;
#1241 = VECTOR ( 'NONE', #1416, 1000.000000000000000 ) ;
#1242 = CYLINDRICAL_SURFACE ( 'NONE', #1340, 1.600000000000004086 ) ;
#1243 = VECTOR ( 'NONE', #1583, 1000.000000000000000 ) ;
#1244 = CARTESIAN_POINT ( 'NONE',  ( 27.40000000000000213, -10.00000000000000000, 6.000000000000000000 ) ) ;
#1245 = ORIENTED_EDGE ( 'NONE', *, *, #816, .T. ) ;
#1246 = CARTESIAN_POINT ( 'NONE',  ( 91.26129865673041763, -16.00000000000000000, 6.000000000000000000 ) ) ;
#1247 = DIRECTION ( 'NONE',  ( 1.000000000000000000, 0.000000000000000000, 0.000000000000000000 ) ) ;
#1248 = ORIENTED_EDGE ( 'NONE', *, *, #462, .T. ) ;
#1249 = EDGE_CURVE ( 'NONE', #17, #846, #1755, .T. ) ;
#1250 = PLANE ( 'NONE',  #1493 ) ;
#1251 = ADVANCED_FACE ( 'NONE', ( #718 ), #576, .F. ) ;
#1252 = DIRECTION ( 'NONE',  ( 0.000000000000000000, -0.000000000000000000, -1.000000000000000000 ) ) ;
#1253 = CARTESIAN_POINT ( 'NONE',  ( 57.24436556799494014, 15.21261064666438934, -1.000000000000000000 ) ) ;
#1254 = CARTESIAN_POINT ( 'NONE',  ( 61.34629865673041138, -0.08500000000000695888, -4.000000000000000000 ) ) ;
#1255 = EDGE_CURVE ( 'NONE', #1180, #1794, #390, .T. ) ;
#1256 = EDGE_CURVE ( 'NONE', #904, #902, #795, .T. ) ;
#1257 = CARTESIAN_POINT ( 'NONE',  ( 59.93137082686367734, -15.50000000000000711, -1.000000000000000000 ) ) ;
#1258 = CARTESIAN_POINT ( 'NONE',  ( 59.93137082686367734, -15.50000000000000711, -4.000000000000000000 ) ) ;
#1259 = VERTEX_POINT ( 'NONE', #1762 ) ;
#1260 = DIRECTION ( 'NONE',  ( 1.000000000000000000, 0.000000000000000000, 0.000000000000000000 ) ) ;
#1261 = CARTESIAN_POINT ( 'NONE',  ( 95.26129865673041763, 15.82992782986673141, 6.000000000000000000 ) ) ;
#1262 = CARTESIAN_POINT ( 'NONE',  ( 62.61837608573242164, 15.21261064666438934, 6.000000000000000000 ) ) ;
#1263 = PRODUCT ( 'y bearing holder ender 3v2_alu', 'y bearing holder ender 3v2_alu', '', ( #1435 ) ) ;
#1264 = CARTESIAN_POINT ( 'NONE',  ( 12.59999999999999964, -10.00000000000000000, 6.000000000000000000 ) ) ;
#1265 = CARTESIAN_POINT ( 'NONE',  ( 29.50000000000000000, 34.00000000000000000, 6.000000000000000000 ) ) ;
#1266 = CARTESIAN_POINT ( 'NONE',  ( 27.40000000000000213, 10.00000000000000000, 6.000000000000000000 ) ) ;
#1267 = DIRECTION ( 'NONE',  ( 0.000000000000000000, 0.000000000000000000, -1.000000000000000000 ) ) ;
#1268 = VECTOR ( 'NONE', #1291, 1000.000000000000000 ) ;
#1269 = ORIENTED_EDGE ( 'NONE', *, *, #1170, .F. ) ;
#1270 = LINE ( 'NONE', #634, #1368 ) ;
#1271 = DIRECTION ( 'NONE',  ( -0.000000000000000000, -0.000000000000000000, 1.000000000000000000 ) ) ;
#1272 = DIRECTION ( 'NONE',  ( 0.000000000000000000, 0.000000000000000000, 1.000000000000000000 ) ) ;
#1273 = CIRCLE ( 'NONE', #261, 1.599999999999990319 ) ;
#1274 = DIRECTION ( 'NONE',  ( -1.000000000000000000, 0.000000000000000000, 0.000000000000000000 ) ) ;
#1275 = CYLINDRICAL_SURFACE ( 'NONE', #190, 4.000000000000003553 ) ;
#1276 = CIRCLE ( 'NONE', #424, 1.600000000000011191 ) ;
#1277 = AXIS2_PLACEMENT_3D ( 'NONE', #1257, #508, #1853 ) ;
#1278 = ORIENTED_EDGE ( 'NONE', *, *, #1512, .F. ) ;
#1279 = DIRECTION ( 'NONE',  ( 0.000000000000000000, 0.000000000000000000, -1.000000000000000000 ) ) ;
#1280 = CARTESIAN_POINT ( 'NONE',  ( 89.38717283233275168, 16.64536713438168647, 6.000000000000000000 ) ) ;
#1281 = VERTEX_POINT ( 'NONE', #1630 ) ;
#1282 = VERTEX_POINT ( 'NONE', #570 ) ;
#1283 = DIRECTION ( 'NONE',  ( 0.000000000000000000, -0.000000000000000000, -1.000000000000000000 ) ) ;
#1284 = FACE_OUTER_BOUND ( 'NONE', #296, .T. ) ;
#1285 = CARTESIAN_POINT ( 'NONE',  ( 59.93137082686367734, -15.50000000000000711, -1.000000000000000000 ) ) ;
#1286 = ORIENTED_EDGE ( 'NONE', *, *, #808, .T. ) ;
#1287 = VERTEX_POINT ( 'NONE', #870 ) ;
#1288 = DIRECTION ( 'NONE',  ( -0.000000000000000000, -0.000000000000000000, -1.000000000000000000 ) ) ;
#1289 = ORIENTED_EDGE ( 'NONE', *, *, #1661, .T. ) ;
#1290 = ORIENTED_EDGE ( 'NONE', *, *, #636, .F. ) ;
#1291 = DIRECTION ( 'NONE',  ( -0.000000000000000000, -0.000000000000000000, -1.000000000000000000 ) ) ;
#1292 = FACE_BOUND ( 'NONE', #1934, .T. ) ;
#1293 = DIRECTION ( 'NONE',  ( -0.000000000000000000, -0.000000000000000000, 1.000000000000000000 ) ) ;
#1294 = ORIENTED_EDGE ( 'NONE', *, *, #893, .T. ) ;
#1295 = EDGE_CURVE ( 'NONE', #1296, #75, #201, .T. ) ;
#1296 = VERTEX_POINT ( 'NONE', #776 ) ;
#1297 = VECTOR ( 'NONE', #452, 1000.000000000000000 ) ;
#1298 = DIRECTION ( 'NONE',  ( -0.000000000000000000, -0.000000000000000000, 1.000000000000000000 ) ) ;
#1299 = DIRECTION ( 'NONE',  ( 0.000000000000000000, 0.000000000000000000, 1.000000000000000000 ) ) ;
#1300 = ORIENTED_EDGE ( 'NONE', *, *, #257, .T. ) ;
#1301 = ORIENTED_EDGE ( 'NONE', *, *, #1726, .T. ) ;
#1302 = DIRECTION ( 'NONE',  ( -0.000000000000000000, -0.000000000000000000, 1.000000000000000000 ) ) ;
#1303 = DIRECTION ( 'NONE',  ( 1.000000000000000000, 0.000000000000000000, 0.000000000000000000 ) ) ;
#1304 = DIRECTION ( 'NONE',  ( 1.000000000000000000, 1.255651617420345072E-16, 0.000000000000000000 ) ) ;
#1305 = AXIS2_PLACEMENT_3D ( 'NONE', #1729, #1428, #1145 ) ;
#1306 = AXIS2_PLACEMENT_3D ( 'NONE', #344, #1681, #1224 ) ;
#1307 = ORIENTED_EDGE ( 'NONE', *, *, #559, .T. ) ;
#1308 = CIRCLE ( 'NONE', #445, 4.000000000000000000 ) ;
#1309 = CARTESIAN_POINT ( 'NONE',  ( 32.56614063705823980, 38.93377233865462728, 6.000000000000000000 ) ) ;
#1310 = DIRECTION ( 'NONE',  ( 0.000000000000000000, 0.000000000000000000, 1.000000000000000000 ) ) ;
#1311 = ADVANCED_FACE ( 'NONE', ( #194 ), #1233, .F. ) ;
#1312 = CIRCLE ( 'NONE', #734, 9.499999999999998224 ) ;
#1313 = EDGE_CURVE ( 'NONE', #1044, #532, #614, .T. ) ;
#1314 = ADVANCED_BREP_SHAPE_REPRESENTATION ( 'y bearing holder ender 3v2_alu', ( #1430, #1013 ), #701 ) ;
#1315 = EDGE_CURVE ( 'NONE', #1034, #1287, #1270, .T. ) ;
#1316 = ORIENTED_EDGE ( 'NONE', *, *, #1455, .T. ) ;
#1317 = ADVANCED_FACE ( 'NONE', ( #491 ), #922, .T. ) ;
#1318 = ADVANCED_FACE ( 'NONE', ( #674 ), #656, .F. ) ;
#1319 = CYLINDRICAL_SURFACE ( 'NONE', #413, 1.600000000000004086 ) ;
#1320 = FACE_BOUND ( 'NONE', #834, .T. ) ;
#1321 = FACE_OUTER_BOUND ( 'NONE', #1217, .T. ) ;
#1322 = ADVANCED_FACE ( 'NONE', ( #180 ), #969, .F. ) ;
#1323 = EDGE_CURVE ( 'NONE', #93, #532, #1699, .T. ) ;
#1324 = ORIENTED_EDGE ( 'NONE', *, *, #560, .T. ) ;
#1325 = CARTESIAN_POINT ( 'NONE',  ( 90.89709422234915337, 12.87485767328402275, 6.000000000000000000 ) ) ;
#1326 = ORIENTED_EDGE ( 'NONE', *, *, #655, .T. ) ;
#1327 = CARTESIAN_POINT ( 'NONE',  ( 38.00000000000000000, 7.829927829866729638, -1.000000000000000000 ) ) ;
#1328 = CARTESIAN_POINT ( 'NONE',  ( 59.93137082686367734, -15.50000000000000711, -1.000000000000000000 ) ) ;
#1329 = EDGE_CURVE ( 'NONE', #1585, #1259, #1495, .T. ) ;
#1330 = EDGE_LOOP ( 'NONE', ( #1190, #1757, #1376, #594 ) ) ;
#1331 = CARTESIAN_POINT ( 'NONE',  ( 58.33137082686367592, -15.50000000000000711, -1.000000000000000000 ) ) ;
#1332 = CIRCLE ( 'NONE', #598, 1.600000000000011191 ) ;
#1333 = UNCERTAINTY_MEASURE_WITH_UNIT (LENGTH_MEASURE( 1.000000000000000082E-05 ), #495, 'distance_accuracy_value', 'NONE');
#1334 = ORIENTED_EDGE ( 'NONE', *, *, #962, .T. ) ;
#1335 = DIRECTION ( 'NONE',  ( 1.000000000000000000, 0.000000000000000000, 0.000000000000000000 ) ) ;
#1336 = CARTESIAN_POINT ( 'NONE',  ( 64.21837608573243017, 15.21261064666438934, 6.000000000000000000 ) ) ;
#1337 = VERTEX_POINT ( 'NONE', #1534 ) ;
#1338 = AXIS2_PLACEMENT_3D ( 'NONE', #669, #1115, #1411 ) ;
#1339 = ORIENTED_EDGE ( 'NONE', *, *, #670, .F. ) ;
#1340 = AXIS2_PLACEMENT_3D ( 'NONE', #661, #927, #1842 ) ;
#1341 = ORIENTED_EDGE ( 'NONE', *, *, #1845, .F. ) ;
#1342 = AXIS2_PLACEMENT_3D ( 'NONE', #482, #1394, #1092 ) ;
#1343 = DIRECTION ( 'NONE',  ( 2.911840083380578691E-16, -1.000000000000000000, 0.000000000000000000 ) ) ;
#1344 = ORIENTED_EDGE ( 'NONE', *, *, #140, .F. ) ;
#1345 = FACE_OUTER_BOUND ( 'NONE', #765, .T. ) ;
#1346 = ORIENTED_EDGE ( 'NONE', *, *, #1721, .T. ) ;
#1347 = CARTESIAN_POINT ( 'NONE',  ( 91.26129865673041763, 15.82992782986673141, 6.000000000000000000 ) ) ;
#1348 = ORIENTED_EDGE ( 'NONE', *, *, #1703, .F. ) ;
#1349 = CARTESIAN_POINT ( 'NONE',  ( 0.000000000000000000, 20.00000000000000000, -1.000000000000000000 ) ) ;
#1350 = VERTEX_POINT ( 'NONE', #49 ) ;
#1351 = FACE_OUTER_BOUND ( 'NONE', #426, .T. ) ;
#1352 = ORIENTED_EDGE ( 'NONE', *, *, #1798, .T. ) ;
#1353 = ADVANCED_FACE ( 'NONE', ( #821 ), #216, .T. ) ;
#1354 = VERTEX_POINT ( 'NONE', #334 ) ;
#1355 = ORIENTED_EDGE ( 'NONE', *, *, #893, .F. ) ;
#1356 = CARTESIAN_POINT ( 'NONE',  ( 29.50000000000000000, 34.00000000000000000, 6.000000000000000000 ) ) ;
#1357 = VECTOR ( 'NONE', #465, 1000.000000000000000 ) ;
#1358 = AXIS2_PLACEMENT_3D ( 'NONE', #1826, #31, #1859 ) ;
#1359 = CARTESIAN_POINT ( 'NONE',  ( 7.433859362941761972, 38.93377233865462728, 6.000000000000000000 ) ) ;
#1360 = ORIENTED_EDGE ( 'NONE', *, *, #127, .T. ) ;
#1361 = DIRECTION ( 'NONE',  ( -0.000000000000000000, -0.000000000000000000, 1.000000000000000000 ) ) ;
#1362 = VERTEX_POINT ( 'NONE', #1072 ) ;
#1363 = DIRECTION ( 'NONE',  ( 0.000000000000000000, 0.000000000000000000, -1.000000000000000000 ) ) ;
#1364 = EDGE_CURVE ( 'NONE', #381, #450, #393, .T. ) ;
#1365 = FILL_AREA_STYLE ('',( #1837 ) ) ;
#1366 = AXIS2_PLACEMENT_3D ( 'NONE', #1499, #742, #457 ) ;
#1367 = EDGE_CURVE ( 'NONE', #849, #1948, #1054, .T. ) ;
#1368 = VECTOR ( 'NONE', #1122, 1000.000000000000000 ) ;
#1369 = AXIS2_PLACEMENT_3D ( 'NONE', #167, #350, #1113 ) ;
#1370 = EDGE_CURVE ( 'NONE', #235, #1709, #1082, .T. ) ;
#1371 = DIRECTION ( 'NONE',  ( 1.000000000000000000, 0.000000000000000000, 0.000000000000000000 ) ) ;
#1372 = EDGE_LOOP ( 'NONE', ( #523, #875, #1202, #1071 ) ) ;
#1373 = CARTESIAN_POINT ( 'NONE',  ( 32.56614063705823980, 38.93377233865462728, 6.000000000000000000 ) ) ;
#1374 = ORIENTED_EDGE ( 'NONE', *, *, #1153, .T. ) ;
#1375 = CARTESIAN_POINT ( 'NONE',  ( 75.34629865673041138, -0.08500000000000867972, -4.000000000000000000 ) ) ;
#1376 = ORIENTED_EDGE ( 'NONE', *, *, #933, .T. ) ;
#1377 = CARTESIAN_POINT ( 'NONE',  ( 91.26129865673041763, 15.82992782986673141, -1.000000000000000000 ) ) ;
#1378 = DIRECTION ( 'NONE',  ( 0.000000000000000000, 0.000000000000000000, -1.000000000000000000 ) ) ;
#1379 = DIRECTION ( 'NONE',  ( 0.000000000000000000, 1.000000000000000000, 0.000000000000000000 ) ) ;
#1380 = ORIENTED_EDGE ( 'NONE', *, *, #1951, .F. ) ;
#1381 = CARTESIAN_POINT ( 'NONE',  ( 54.39046682785077280, 6.612246625271839484, -1.000000000000000000 ) ) ;
#1382 = ADVANCED_FACE ( 'NONE', ( #72 ), #1568, .T. ) ;
#1383 = ORIENTED_EDGE ( 'NONE', *, *, #891, .F. ) ;
#1384 = CARTESIAN_POINT ( 'NONE',  ( 59.93137082686367734, -15.50000000000000711, 6.000000000000000000 ) ) ;
#1385 = FACE_OUTER_BOUND ( 'NONE', #208, .T. ) ;
#1386 = DIRECTION ( 'NONE',  ( -1.000000000000000000, 0.000000000000000000, 0.000000000000000000 ) ) ;
#1387 = DIRECTION ( 'NONE',  ( 0.000000000000000000, 0.000000000000000000, 1.000000000000000000 ) ) ;
#1388 = CIRCLE ( 'NONE', #1961, 3.999999999999996447 ) ;
#1389 = CARTESIAN_POINT ( 'NONE',  ( 50.58033865110979121, -8.000000000000000000, -1.000000000000000000 ) ) ;
#1390 = VECTOR ( 'NONE', #925, 1000.000000000000000 ) ;
#1391 = DIRECTION ( 'NONE',  ( 1.000000000000000000, 0.000000000000000000, 0.000000000000000000 ) ) ;
#1392 = DIRECTION ( 'NONE',  ( -1.000000000000000000, 0.000000000000000000, 0.000000000000000000 ) ) ;
#1393 = VERTEX_POINT ( 'NONE', #172 ) ;
#1394 = DIRECTION ( 'NONE',  ( -0.000000000000000000, -0.000000000000000000, 1.000000000000000000 ) ) ;
#1395 = CARTESIAN_POINT ( 'NONE',  ( 95.26129865673041763, 15.82992782986673141, -1.000000000000000000 ) ) ;
#1396 = VECTOR ( 'NONE', #950, 1000.000000000000000 ) ;
#1397 = EDGE_CURVE ( 'NONE', #320, #830, #1403, .T. ) ;
#1398 = CIRCLE ( 'NONE', #266, 29.22992782986673888 ) ;
#1399 = DIRECTION ( 'NONE',  ( 0.000000000000000000, -0.000000000000000000, -1.000000000000000000 ) ) ;
#1400 = DIRECTION ( 'NONE',  ( 0.000000000000000000, 0.000000000000000000, -1.000000000000000000 ) ) ;
#1401 = AXIS2_PLACEMENT_3D ( 'NONE', #1262, #1409, #1556 ) ;
#1402 = CARTESIAN_POINT ( 'NONE',  ( 41.99999999999999289, -12.00000000000000000, 6.000000000000000000 ) ) ;
#1403 = CIRCLE ( 'NONE', #835, 29.22992782986673888 ) ;
#1404 = FACE_OUTER_BOUND ( 'NONE', #1035, .T. ) ;
#1405 = CARTESIAN_POINT ( 'NONE',  ( 41.99999999999999289, 11.82992782986672786, -1.000000000000000000 ) ) ;
#1406 = DIRECTION ( 'NONE',  ( -1.000000000000000000, 0.000000000000000000, 0.000000000000000000 ) ) ;
#1407 = LINE ( 'NONE', #657, #1205 ) ;
#1408 = ORIENTED_EDGE ( 'NONE', *, *, #1040, .T. ) ;
#1409 = DIRECTION ( 'NONE',  ( 0.000000000000000000, 0.000000000000000000, 1.000000000000000000 ) ) ;
#1410 = DIRECTION ( 'NONE',  ( -0.000000000000000000, 0.000000000000000000, 1.000000000000000000 ) ) ;
#1411 = DIRECTION ( 'NONE',  ( 1.000000000000000000, 0.000000000000000000, 0.000000000000000000 ) ) ;
#1412 = CARTESIAN_POINT ( 'NONE',  ( 41.99999999999999289, -8.000000000000000000, -4.000000000000000000 ) ) ;
#1413 = DIRECTION ( 'NONE',  ( 0.000000000000000000, 0.000000000000000000, -1.000000000000000000 ) ) ;
#1414 = ORIENTED_EDGE ( 'NONE', *, *, #812, .F. ) ;
#1415 = FILL_AREA_STYLE_COLOUR ( '', #519 ) ;
#1416 = DIRECTION ( 'NONE',  ( -0.000000000000000000, -0.000000000000000000, 1.000000000000000000 ) ) ;
#1417 = LINE ( 'NONE', #1003, #1268 ) ;
#1418 = CARTESIAN_POINT ( 'NONE',  ( 62.47892689733615867, 13.61869912971759966, -4.000000000000000000 ) ) ;
#1419 = AXIS2_PLACEMENT_3D ( 'NONE', #1227, #926, #638 ) ;
#1420 = FACE_OUTER_BOUND ( 'NONE', #1790, .T. ) ;
#1421 = FACE_OUTER_BOUND ( 'NONE', #433, .T. ) ;
#1422 = ORIENTED_EDGE ( 'NONE', *, *, #1329, .F. ) ;
#1423 = DIRECTION ( 'NONE',  ( -1.000000000000000000, 0.000000000000000000, 0.000000000000000000 ) ) ;
#1424 = DIRECTION ( 'NONE',  ( 0.3654646176781204958, 0.9308252323746842860, 0.000000000000000000 ) ) ;
#1425 = DIRECTION ( 'NONE',  ( -1.000000000000000000, 0.000000000000000000, 0.000000000000000000 ) ) ;
#1426 = LINE ( 'NONE', #1418, #223 ) ;
#1427 = CIRCLE ( 'NONE', #986, 2.599999999999998312 ) ;
#1428 = DIRECTION ( 'NONE',  ( -0.000000000000000000, -0.000000000000000000, -1.000000000000000000 ) ) ;
#1429 = VECTOR ( 'NONE', #1299, 1000.000000000000000 ) ;
#1430 = MANIFOLD_SOLID_BREP ( 'Boss-Extrude2', #103 ) ;
#1431 = ORIENTED_EDGE ( 'NONE', *, *, #683, .T. ) ;
#1432 = SURFACE_SIDE_STYLE ('',( #664 ) ) ;
#1433 = CARTESIAN_POINT ( 'NONE',  ( 89.13347824225810712, -16.77499154467183828, -4.000000000000000000 ) ) ;
#1434 = ORIENTED_EDGE ( 'NONE', *, *, #255, .F. ) ;
#1435 = PRODUCT_CONTEXT ( 'NONE', #303, 'mechanical' ) ;
#1436 = ORIENTED_EDGE ( 'NONE', *, *, #402, .T. ) ;
#1437 = CARTESIAN_POINT ( 'NONE',  ( 39.07023839397790255, 22.36806935915424077, -1.000000000000000000 ) ) ;
#1438 = DIRECTION ( 'NONE',  ( 0.000000000000000000, -0.000000000000000000, -1.000000000000000000 ) ) ;
#1439 = DIRECTION ( 'NONE',  ( -1.000000000000000000, 0.000000000000000000, 0.000000000000000000 ) ) ;
#1440 = ORIENTED_EDGE ( 'NONE', *, *, #610, .F. ) ;
#1441 = VERTEX_POINT ( 'NONE', #785 ) ;
#1442 = DIRECTION ( 'NONE',  ( -0.000000000000000000, -0.000000000000000000, 1.000000000000000000 ) ) ;
#1443 = LINE ( 'NONE', #1433, #165 ) ;
#1444 = VERTEX_POINT ( 'NONE', #1605 ) ;
#1445 = ORIENTED_EDGE ( 'NONE', *, *, #1658, .T. ) ;
#1446 = FACE_OUTER_BOUND ( 'NONE', #1007, .T. ) ;
#1447 = DIRECTION ( 'NONE',  ( -0.000000000000000000, -0.000000000000000000, -1.000000000000000000 ) ) ;
#1448 = VERTEX_POINT ( 'NONE', #244 ) ;
#1449 = EDGE_CURVE ( 'NONE', #1848, #308, #1211, .T. ) ;
#1450 = EDGE_CURVE ( 'NONE', #1259, #1585, #890, .T. ) ;
#1451 = AXIS2_PLACEMENT_3D ( 'NONE', #679, #1163, #391 ) ;
#1452 = EDGE_CURVE ( 'NONE', #1800, #1441, #1128, .T. ) ;
#1453 = LINE ( 'NONE', #1309, #1243 ) ;
#1454 = VERTEX_POINT ( 'NONE', #372 ) ;
#1455 = EDGE_CURVE ( 'NONE', #1232, #711, #1468, .T. ) ;
#1456 = CARTESIAN_POINT ( 'NONE',  ( 10.00000000000000000, -10.00000000000000000, -1.000000000000000000 ) ) ;
#1457 = AXIS2_PLACEMENT_3D ( 'NONE', #1537, #175, #1386 ) ;
#1458 = ORIENTED_EDGE ( 'NONE', *, *, #285, .T. ) ;
#1459 = ORIENTED_EDGE ( 'NONE', *, *, #1577, .F. ) ;
#1460 = EDGE_CURVE ( 'NONE', #143, #450, #1453, .T. ) ;
#1461 = DIRECTION ( 'NONE',  ( -1.000000000000000000, 0.000000000000000000, 0.000000000000000000 ) ) ;
#1462 = EDGE_CURVE ( 'NONE', #1771, #345, #1312, .T. ) ;
#1463 = DIRECTION ( 'NONE',  ( 0.000000000000000000, 0.000000000000000000, -1.000000000000000000 ) ) ;
#1464 = CARTESIAN_POINT ( 'NONE',  ( 41.99999999999999289, 11.82992782986672964, 6.000000000000000000 ) ) ;
#1465 = AXIS2_PLACEMENT_3D ( 'NONE', #624, #332, #1392 ) ;
#1466 = ORIENTED_EDGE ( 'NONE', *, *, #418, .F. ) ;
#1467 = AXIS2_PLACEMENT_3D ( 'NONE', #1033, #301, #1635 ) ;
#1468 = LINE ( 'NONE', #1008, #1810 ) ;
#1469 = AXIS2_PLACEMENT_3D ( 'NONE', #1874, #1544, #28 ) ;
#1470 = DIRECTION ( 'NONE',  ( 0.000000000000000000, 0.000000000000000000, 1.000000000000000000 ) ) ;
#1471 = VERTEX_POINT ( 'NONE', #1742 ) ;
#1472 = CARTESIAN_POINT ( 'NONE',  ( 20.00000000000000000, 34.00000000000000000, 0.000000000000000000 ) ) ;
#1473 = EDGE_CURVE ( 'NONE', #17, #1509, #384, .T. ) ;
#1474 = DIRECTION ( 'NONE',  ( -0.000000000000000000, -0.000000000000000000, -1.000000000000000000 ) ) ;
#1475 = ORIENTED_EDGE ( 'NONE', *, *, #299, .F. ) ;
#1476 = EDGE_LOOP ( 'NONE', ( #1593, #1041, #924, #1191, #633, #1505, #1730, #575, #304, #1200, #1904 ) ) ;
#1477 = CARTESIAN_POINT ( 'NONE',  ( 20.00000000000000000, 34.00000000000000000, -1.000000000000000000 ) ) ;
#1478 = EDGE_LOOP ( 'NONE', ( #152, #514, #631, #1121 ) ) ;
#1479 = DIRECTION ( 'NONE',  ( 0.000000000000000000, 0.000000000000000000, 1.000000000000000000 ) ) ;
#1480 = DIRECTION ( 'NONE',  ( -1.000000000000000000, -0.000000000000000000, -0.000000000000000000 ) ) ;
#1481 = ORIENTED_EDGE ( 'NONE', *, *, #192, .F. ) ;
#1482 = ADVANCED_FACE ( 'NONE', ( #91, #1160 ), #407, .F. ) ;
#1483 = CIRCLE ( 'NONE', #573, 22.00000000000000711 ) ;
#1484 = ORIENTED_EDGE ( 'NONE', *, *, #285, .F. ) ;
#1485 = CARTESIAN_POINT ( 'NONE',  ( 0.000000000000000000, 0.000000000000000000, 6.000000000000000000 ) ) ;
#1486 = DIRECTION ( 'NONE',  ( 0.000000000000000000, 0.000000000000000000, 1.000000000000000000 ) ) ;
#1487 = ORIENTED_EDGE ( 'NONE', *, *, #1497, .F. ) ;
#1488 = DIRECTION ( 'NONE',  ( -0.000000000000000000, 0.000000000000000000, 1.000000000000000000 ) ) ;
#1489 = VERTEX_POINT ( 'NONE', #1754 ) ;
#1490 = AXIS2_PLACEMENT_3D ( 'NONE', #521, #1579, #703 ) ;
#1491 = CIRCLE ( 'NONE', #829, 6.000000000000001776 ) ;
#1492 = DIRECTION ( 'NONE',  ( -0.000000000000000000, 0.000000000000000000, 1.000000000000000000 ) ) ;
#1493 = AXIS2_PLACEMENT_3D ( 'NONE', #225, #1111, #658 ) ;
#1494 = ORIENTED_EDGE ( 'NONE', *, *, #1166, .F. ) ;
#1495 = CIRCLE ( 'NONE', #295, 2.600000000000000089 ) ;
#1496 = DIRECTION ( 'NONE',  ( -0.000000000000000000, -0.000000000000000000, -1.000000000000000000 ) ) ;
#1497 = EDGE_CURVE ( 'NONE', #1362, #1454, #1686, .T. ) ;
#1498 = ORIENTED_EDGE ( 'NONE', *, *, #808, .F. ) ;
#1499 = CARTESIAN_POINT ( 'NONE',  ( 20.00000000000000000, 34.00000000000000000, 0.000000000000000000 ) ) ;
#1500 = ORIENTED_EDGE ( 'NONE', *, *, #120, .T. ) ;
#1501 = ORIENTED_EDGE ( 'NONE', *, *, #559, .F. ) ;
#1502 = EDGE_LOOP ( 'NONE', ( #896, #724, #687, #737, #1341 ) ) ;
#1503 = DIRECTION ( 'NONE',  ( -0.000000000000000000, -0.000000000000000000, 1.000000000000000000 ) ) ;
#1504 = DIRECTION ( 'NONE',  ( 0.000000000000000000, 0.000000000000000000, 1.000000000000000000 ) ) ;
#1505 = ORIENTED_EDGE ( 'NONE', *, *, #418, .T. ) ;
#1506 = EDGE_CURVE ( 'NONE', #743, #1871, #1651, .T. ) ;
#1507 = EDGE_CURVE ( 'NONE', #532, #163, #232, .T. ) ;
#1508 = ADVANCED_FACE ( 'NONE', ( #475 ), #1066, .F. ) ;
#1509 = VERTEX_POINT ( 'NONE', #621 ) ;
#1510 = EDGE_CURVE ( 'NONE', #196, #1199, #112, .T. ) ;
#1511 = EDGE_CURVE ( 'NONE', #62, #1185, #584, .T. ) ;
#1512 = EDGE_CURVE ( 'NONE', #1058, #1350, #1173, .T. ) ;
#1513 = VECTOR ( 'NONE', #1051, 1000.000000000000000 ) ;
#1514 = ADVANCED_FACE ( 'NONE', ( #176 ), #361, .T. ) ;
#1515 = LINE ( 'NONE', #1868, #516 ) ;
#1516 = ORIENTED_EDGE ( 'NONE', *, *, #1825, .F. ) ;
#1517 = CARTESIAN_POINT ( 'NONE',  ( 0.000000000000000000, 0.000000000000000000, 6.000000000000000000 ) ) ;
#1518 = CIRCLE ( 'NONE', #982, 1.599999999999990319 ) ;
#1519 = AXIS2_PLACEMENT_3D ( 'NONE', #392, #1447, #249 ) ;
#1520 = CYLINDRICAL_SURFACE ( 'NONE', #1876, 29.22992782986673888 ) ;
#1521 = DIRECTION ( 'NONE',  ( -1.000000000000000000, 0.000000000000000000, -0.000000000000000000 ) ) ;
#1522 = CIRCLE ( 'NONE', #36, 4.000000000000003553 ) ;
#1523 = ORIENTED_EDGE ( 'NONE', *, *, #299, .T. ) ;
#1524 = UNCERTAINTY_MEASURE_WITH_UNIT (LENGTH_MEASURE( 1.000000000000000082E-05 ), #802, 'distance_accuracy_value', 'NONE');
#1525 = SURFACE_STYLE_FILL_AREA ( #1365 ) ;
#1526 = CIRCLE ( 'NONE', #915, 13.99999999999999822 ) ;
#1527 = AXIS2_PLACEMENT_3D ( 'NONE', #1089, #781, #936 ) ;
#1528 = ADVANCED_FACE ( 'NONE', ( #1547 ), #211, .F. ) ;
#1529 = CYLINDRICAL_SURFACE ( 'NONE', #1671, 9.499999999999998224 ) ;
#1530 = CARTESIAN_POINT ( 'NONE',  ( 0.000000000000000000, -16.00000000000000000, -1.000000000000000000 ) ) ;
#1531 = ORIENTED_EDGE ( 'NONE', *, *, #202, .F. ) ;
#1532 = CARTESIAN_POINT ( 'NONE',  ( 62.75782527412868461, 16.80652216361120566, -4.000000000000000000 ) ) ;
#1533 = EDGE_LOOP ( 'NONE', ( #1466, #500, #1380, #1459 ) ) ;
#1534 = CARTESIAN_POINT ( 'NONE',  ( 26.00000000000000355, 34.00000000000000000, 0.000000000000000000 ) ) ;
#1535 = DIRECTION ( 'NONE',  ( -0.000000000000000000, -0.000000000000000000, 1.000000000000000000 ) ) ;
#1536 = ORIENTED_EDGE ( 'NONE', *, *, #1606, .F. ) ;
#1537 = CARTESIAN_POINT ( 'NONE',  ( 30.00000000000000000, 10.00000000000000000, -1.000000000000000000 ) ) ;
#1538 = CARTESIAN_POINT ( 'NONE',  ( 57.24436556799494014, 15.21261064666438934, 6.000000000000000000 ) ) ;
#1539 = DIRECTION ( 'NONE',  ( -0.000000000000000000, -0.000000000000000000, 1.000000000000000000 ) ) ;
#1540 = DIRECTION ( 'NONE',  ( -1.000000000000000000, 0.000000000000000000, 0.000000000000000000 ) ) ;
#1541 = EDGE_CURVE ( 'NONE', #428, #93, #1332, .T. ) ;
#1542 = EDGE_CURVE ( 'NONE', #1155, #677, #783, .T. ) ;
#1543 = ORIENTED_EDGE ( 'NONE', *, *, #1370, .F. ) ;
#1544 = DIRECTION ( 'NONE',  ( -0.000000000000000000, -0.000000000000000000, -1.000000000000000000 ) ) ;
#1545 = DIRECTION ( 'NONE',  ( -0.000000000000000000, -0.000000000000000000, 1.000000000000000000 ) ) ;
#1546 = CARTESIAN_POINT ( 'NONE',  ( 29.50000000000000000, 34.00000000000000000, 0.000000000000000000 ) ) ;
#1547 = FACE_OUTER_BOUND ( 'NONE', #1032, .T. ) ;
#1548 = CIRCLE ( 'NONE', #218, 2.600000000000000089 ) ;
#1549 = DIRECTION ( 'NONE',  ( -1.000000000000000000, 0.000000000000000000, 0.000000000000000000 ) ) ;
#1550 = LINE ( 'NONE', #186, #1624 ) ;
#1551 = DIRECTION ( 'NONE',  ( -0.000000000000000000, -0.000000000000000000, 1.000000000000000000 ) ) ;
#1552 = EDGE_LOOP ( 'NONE', ( #686, #1916, #1286, #490 ) ) ;
#1553 = DIRECTION ( 'NONE',  ( -0.000000000000000000, -0.000000000000000000, 1.000000000000000000 ) ) ;
#1554 = CARTESIAN_POINT ( 'NONE',  ( 91.26129865673041763, -16.00000000000000000, -1.000000000000000000 ) ) ;
#1555 = VERTEX_POINT ( 'NONE', #43 ) ;
#1556 = DIRECTION ( 'NONE',  ( 1.000000000000000000, 0.000000000000000000, 0.000000000000000000 ) ) ;
#1557 = VECTOR ( 'NONE', #159, 1000.000000000000000 ) ;
#1558 = DIRECTION ( 'NONE',  ( 1.000000000000000000, 0.000000000000000000, 0.000000000000000000 ) ) ;
#1559 = VECTOR ( 'NONE', #1545, 1000.000000000000000 ) ;
#1560 = AXIS2_PLACEMENT_3D ( 'NONE', #1006, #265, #312 ) ;
#1561 = DIRECTION ( 'NONE',  ( 0.000000000000000000, 0.000000000000000000, -1.000000000000000000 ) ) ;
#1562 = FACE_OUTER_BOUND ( 'NONE', #1140, .T. ) ;
#1563 = VECTOR ( 'NONE', #843, 1000.000000000000000 ) ;
#1564 = FACE_OUTER_BOUND ( 'NONE', #1662, .T. ) ;
#1565 = EDGE_CURVE ( 'NONE', #1781, #196, #1483, .T. ) ;
#1566 = DIRECTION ( 'NONE',  ( -0.000000000000000000, -0.000000000000000000, 1.000000000000000000 ) ) ;
#1567 = VERTEX_POINT ( 'NONE', #1817 ) ;
#1568 = CYLINDRICAL_SURFACE ( 'NONE', #1594, 4.000000000000003553 ) ;
#1569 = LINE ( 'NONE', #1743, #1150 ) ;
#1570 = CARTESIAN_POINT ( 'NONE',  ( 75.34629865673041138, -0.08500000000000867972, -1.000000000000000000 ) ) ;
#1571 = CYLINDRICAL_SURFACE ( 'NONE', #1877, 1.600000000000004086 ) ;
#1572 = DIRECTION ( 'NONE',  ( 0.000000000000000000, -1.000000000000000000, 0.000000000000000000 ) ) ;
#1573 = DIRECTION ( 'NONE',  ( 1.000000000000000000, 0.000000000000000000, 0.000000000000000000 ) ) ;
#1574 = ORIENTED_EDGE ( 'NONE', *, *, #1194, .F. ) ;
#1575 = CARTESIAN_POINT ( 'NONE',  ( 10.00000000000000000, 10.00000000000000000, -1.000000000000000000 ) ) ;
#1576 = CARTESIAN_POINT ( 'NONE',  ( 54.39048634428219486, -6.782307692307695035, -4.000000000000000000 ) ) ;
#1577 = EDGE_CURVE ( 'NONE', #1471, #644, #650, .T. ) ;
#1578 = CARTESIAN_POINT ( 'NONE',  ( 59.93137082686367734, -15.50000000000000711, 6.000000000000000000 ) ) ;
#1579 = DIRECTION ( 'NONE',  ( 0.000000000000000000, 0.000000000000000000, -1.000000000000000000 ) ) ;
#1580 = CARTESIAN_POINT ( 'NONE',  ( 90.73195539678907551, -16.84478256445629185, -1.000000000000000000 ) ) ;
#1581 = ORIENTED_EDGE ( 'NONE', *, *, #1866, .F. ) ;
#1582 = EDGE_LOOP ( 'NONE', ( #81, #536, #1245, #1235 ) ) ;
#1583 = DIRECTION ( 'NONE',  ( -0.000000000000000000, -0.000000000000000000, -1.000000000000000000 ) ) ;
#1584 = DIRECTION ( 'NONE',  ( -0.000000000000000000, -0.000000000000000000, 1.000000000000000000 ) ) ;
#1585 = VERTEX_POINT ( 'NONE', #1674 ) ;
#1586 = ORIENTED_EDGE ( 'NONE', *, *, #1193, .T. ) ;
#1587 = DIRECTION ( 'NONE',  ( 1.000000000000000000, 0.000000000000000000, 0.000000000000000000 ) ) ;
#1588 = AXIS2_PLACEMENT_3D ( 'NONE', #824, #1695, #1549 ) ;
#1589 = DIRECTION ( 'NONE',  ( -0.000000000000000000, -0.000000000000000000, 1.000000000000000000 ) ) ;
#1590 = VECTOR ( 'NONE', #1480, 1000.000000000000000 ) ;
#1591 = DIRECTION ( 'NONE',  ( 0.000000000000000000, -0.000000000000000000, 1.000000000000000000 ) ) ;
#1592 = AXIS2_PLACEMENT_3D ( 'NONE', #970, #1271, #346 ) ;
#1593 = ORIENTED_EDGE ( 'NONE', *, *, #607, .F. ) ;
#1594 = AXIS2_PLACEMENT_3D ( 'NONE', #1246, #325, #209 ) ;
#1595 = ORIENTED_EDGE ( 'NONE', *, *, #610, .T. ) ;
#1596 =( LENGTH_UNIT ( ) NAMED_UNIT ( * ) SI_UNIT ( .MILLI., .METRE. ) );
#1597 = CARTESIAN_POINT ( 'NONE',  ( 59.93137082686367734, -15.50000000000000711, 6.000000000000000000 ) ) ;
#1598 = EDGE_LOOP ( 'NONE', ( #1821, #1610, #275, #1581, #907, #1127 ) ) ;
#1599 = ORIENTED_EDGE ( 'NONE', *, *, #1641, .T. ) ;
#1600 = DIRECTION ( 'NONE',  ( -0.000000000000000000, -0.000000000000000000, -1.000000000000000000 ) ) ;
#1601 = FACE_BOUND ( 'NONE', #871, .T. ) ;
#1602 = EDGE_CURVE ( 'NONE', #548, #1281, #1694, .T. ) ;
#1603 = ADVANCED_FACE ( 'NONE', ( #934 ), #916, .F. ) ;
#1604 = ORIENTED_EDGE ( 'NONE', *, *, #114, .F. ) ;
#1605 = CARTESIAN_POINT ( 'NONE',  ( 7.400000000000000355, -10.00000000000000000, 6.000000000000000000 ) ) ;
#1606 = EDGE_CURVE ( 'NONE', #1448, #1180, #1714, .T. ) ;
#1607 = DIRECTION ( 'NONE',  ( -0.000000000000000000, -0.000000000000000000, 1.000000000000000000 ) ) ;
#1608 = ADVANCED_FACE ( 'NONE', ( #1704 ), #1529, .F. ) ;
#1609 = ORIENTED_EDGE ( 'NONE', *, *, #874, .T. ) ;
#1610 = ORIENTED_EDGE ( 'NONE', *, *, #744, .F. ) ;
#1611 = DIRECTION ( 'NONE',  ( 1.000000000000000000, 0.000000000000000000, 0.000000000000000000 ) ) ;
#1612 = DIRECTION ( 'NONE',  ( 1.000000000000000000, 0.000000000000000000, 0.000000000000000000 ) ) ;
#1613 = DIRECTION ( 'NONE',  ( -0.000000000000000000, 0.000000000000000000, 1.000000000000000000 ) ) ;
#1614 = ORIENTED_EDGE ( 'NONE', *, *, #1512, .T. ) ;
#1615 =( NAMED_UNIT ( * ) PLANE_ANGLE_UNIT ( ) SI_UNIT ( $, .RADIAN. ) );
#1616 = DIRECTION ( 'NONE',  ( -1.000000000000000000, 0.000000000000000000, 0.000000000000000000 ) ) ;
#1617 = ORIENTED_EDGE ( 'NONE', *, *, #140, .T. ) ;
#1618 = CARTESIAN_POINT ( 'NONE',  ( 75.34629865673041138, -0.08500000000000867972, 6.000000000000000000 ) ) ;
#1619 = LINE ( 'NONE', #857, #76 ) ;
#1620 = AXIS2_PLACEMENT_3D ( 'NONE', #632, #1070, #1540 ) ;
#1621 = ORIENTED_EDGE ( 'NONE', *, *, #1370, .T. ) ;
#1622 = EDGE_LOOP ( 'NONE', ( #171, #684, #1002, #1061 ) ) ;
#1623 = VECTOR ( 'NONE', #1080, 1000.000000000000000 ) ;
#1624 = VECTOR ( 'NONE', #652, 1000.000000000000000 ) ;
#1625 = DIRECTION ( 'NONE',  ( -0.000000000000000000, 0.000000000000000000, 1.000000000000000000 ) ) ;
#1626 = ORIENTED_EDGE ( 'NONE', *, *, #607, .T. ) ;
#1627 = DIRECTION ( 'NONE',  ( 1.000000000000000000, 0.000000000000000000, 0.000000000000000000 ) ) ;
#1628 = DIRECTION ( 'NONE',  ( -0.000000000000000000, -0.000000000000000000, 1.000000000000000000 ) ) ;
#1629 = ORIENTED_EDGE ( 'NONE', *, *, #1602, .T. ) ;
#1630 = CARTESIAN_POINT ( 'NONE',  ( 88.30622850014768233, 15.46572339548549202, 6.000000000000000000 ) ) ;
#1631 = ORIENTED_EDGE ( 'NONE', *, *, #744, .T. ) ;
#1632 = CARTESIAN_POINT ( 'NONE',  ( 90.73195539678907551, -16.84478256445629185, 6.000000000000000000 ) ) ;
#1633 = CARTESIAN_POINT ( 'NONE',  ( 59.93137082686367734, -15.50000000000000711, -1.000000000000000000 ) ) ;
#1634 = VERTEX_POINT ( 'NONE', #1264 ) ;
#1635 = DIRECTION ( 'NONE',  ( 1.000000000000000000, 0.000000000000000000, 0.000000000000000000 ) ) ;
#1636 = ORIENTED_EDGE ( 'NONE', *, *, #1170, .T. ) ;
#1637 = AXIS2_PLACEMENT_3D ( 'NONE', #1811, #125, #872 ) ;
#1638 = FACE_OUTER_BOUND ( 'NONE', #215, .T. ) ;
#1639 = AXIS2_PLACEMENT_3D ( 'NONE', #1377, #649, #944 ) ;
#1640 = ORIENTED_EDGE ( 'NONE', *, *, #442, .F. ) ;
#1641 = EDGE_CURVE ( 'NONE', #1354, #911, #248, .T. ) ;
#1642 = CARTESIAN_POINT ( 'NONE',  ( 42.79353932347663658, 23.82992782986672964, 6.000000000000000000 ) ) ;
#1643 = ORIENTED_EDGE ( 'NONE', *, *, #55, .T. ) ;
#1644 = CIRCLE ( 'NONE', #1338, 4.000000000000003553 ) ;
#1645 = DIRECTION ( 'NONE',  ( -0.000000000000000000, -0.000000000000000000, -1.000000000000000000 ) ) ;
#1646 = ORIENTED_EDGE ( 'NONE', *, *, #608, .F. ) ;
#1647 = AXIS2_PLACEMENT_3D ( 'NONE', #635, #164, #483 ) ;
#1648 = VECTOR ( 'NONE', #1043, 1000.000000000000000 ) ;
#1649 = AXIS2_PLACEMENT_3D ( 'NONE', #101, #1310, #113 ) ;
#1650 = VERTEX_POINT ( 'NONE', #1142 ) ;
#1651 = CIRCLE ( 'NONE', #42, 45.20010206398124097 ) ;
#1652 = CARTESIAN_POINT ( 'NONE',  ( 92.36129865673042616, -15.50000000000000711, -1.000000000000000000 ) ) ;
#1653 = EDGE_CURVE ( 'NONE', #1668, #376, #938, .T. ) ;
#1654 = EDGE_CURVE ( 'NONE', #1444, #1634, #726, .T. ) ;
#1655 = ORIENTED_EDGE ( 'NONE', *, *, #694, .F. ) ;
#1656 = ADVANCED_FACE ( 'NONE', ( #264 ), #566, .F. ) ;
#1657 = CARTESIAN_POINT ( 'NONE',  ( -7.427134006769055409E-16, 11.82992782986672609, -4.000000000000000000 ) ) ;
#1658 = EDGE_CURVE ( 'NONE', #902, #62, #1417, .T. ) ;
#1659 = ORIENTED_EDGE ( 'NONE', *, *, #1222, .T. ) ;
#1660 = ADVANCED_FACE ( 'NONE', ( #1446 ), #1879, .F. ) ;
#1661 = EDGE_CURVE ( 'NONE', #1281, #1180, #280, .T. ) ;
#1662 = EDGE_LOOP ( 'NONE', ( #1434, #1523, #735, #397 ) ) ;
#1663 = VERTEX_POINT ( 'NONE', #1727 ) ;
#1664 = FACE_BOUND ( 'NONE', #939, .T. ) ;
#1665 = DIRECTION ( 'NONE',  ( 1.000000000000000000, 0.000000000000000000, 0.000000000000000000 ) ) ;
#1666 = VERTEX_POINT ( 'NONE', #1437 ) ;
#1667 = DIRECTION ( 'NONE',  ( -0.000000000000000000, -0.000000000000000000, 1.000000000000000000 ) ) ;
#1668 = VERTEX_POINT ( 'NONE', #65 ) ;
#1669 = CARTESIAN_POINT ( 'NONE',  ( 59.93137082686367734, -15.50000000000000711, -1.000000000000000000 ) ) ;
#1670 = EDGE_CURVE ( 'NONE', #539, #732, #853, .T. ) ;
#1671 = AXIS2_PLACEMENT_3D ( 'NONE', #771, #57, #659 ) ;
#1672 =( NAMED_UNIT ( * ) PLANE_ANGLE_UNIT ( ) SI_UNIT ( $, .RADIAN. ) );
#1673 = COLOUR_RGB ( '',0.7921568627450980005, 0.8196078431372548767, 0.9333333333333333481 ) ;
#1674 = CARTESIAN_POINT ( 'NONE',  ( 7.400000000000000355, 10.00000000000000000, -1.000000000000000000 ) ) ;
#1675 = CARTESIAN_POINT ( 'NONE',  ( 4.000000000000000000, -20.00000000000000000, -1.000000000000000000 ) ) ;
#1676 = ORIENTED_EDGE ( 'NONE', *, *, #127, .F. ) ;
#1677 = CARTESIAN_POINT ( 'NONE',  ( 0.000000000000000000, -20.00000000000000000, 6.000000000000000000 ) ) ;
#1678 = CIRCLE ( 'NONE', #1805, 9.499999999999998224 ) ;
#1679 = ORIENTED_EDGE ( 'NONE', *, *, #1734, .F. ) ;
#1680 = DIRECTION ( 'NONE',  ( 1.000000000000000000, 0.000000000000000000, 0.000000000000000000 ) ) ;
#1681 = DIRECTION ( 'NONE',  ( -0.000000000000000000, -0.000000000000000000, -1.000000000000000000 ) ) ;
#1682 = CIRCLE ( 'NONE', #290, 9.499999999999998224 ) ;
#1683 = ORIENTED_EDGE ( 'NONE', *, *, #402, .F. ) ;
#1684 =( NAMED_UNIT ( * ) PLANE_ANGLE_UNIT ( ) SI_UNIT ( $, .RADIAN. ) );
#1685 = CIRCLE ( 'NONE', #1053, 4.000000000000003553 ) ;
#1686 = CIRCLE ( 'NONE', #269, 2.600000000000000089 ) ;
#1687 = DIRECTION ( 'NONE',  ( -1.000000000000000000, 0.000000000000000000, 0.000000000000000000 ) ) ;
#1688 = PRODUCT_DEFINITION ( 'UNKNOWN', '', #1902, #1945 ) ;
#1689 = DIRECTION ( 'NONE',  ( 0.000000000000000000, 0.000000000000000000, -1.000000000000000000 ) ) ;
#1690 = CARTESIAN_POINT ( 'NONE',  ( 57.38381475639119600, 13.61869912971759078, 6.000000000000000000 ) ) ;
#1691 = ORIENTED_EDGE ( 'NONE', *, *, #1860, .T. ) ;
#1692 = CARTESIAN_POINT ( 'NONE',  ( 59.93137082686367734, -15.50000000000000711, 6.000000000000000000 ) ) ;
#1693 = CARTESIAN_POINT ( 'NONE',  ( 57.10491637959868427, 16.80652216361120566, 6.000000000000000000 ) ) ;
#1694 = LINE ( 'NONE', #336, #1039 ) ;
#1695 = DIRECTION ( 'NONE',  ( 0.000000000000000000, 0.000000000000000000, -1.000000000000000000 ) ) ;
#1696 = CARTESIAN_POINT ( 'NONE',  ( 54.58033865110979832, -8.000000000000000000, -4.000000000000000000 ) ) ;
#1697 = DIRECTION ( 'NONE',  ( 1.000000000000000000, 0.000000000000000000, 0.000000000000000000 ) ) ;
#1698 = ORIENTED_EDGE ( 'NONE', *, *, #282, .T. ) ;
#1699 = LINE ( 'NONE', #1723, #1917 ) ;
#1700 = CYLINDRICAL_SURFACE ( 'NONE', #1306, 13.50000000000000000 ) ;
#1701 = ORIENTED_EDGE ( 'NONE', *, *, #116, .T. ) ;
#1702 = DIRECTION ( 'NONE',  ( 1.000000000000000000, 0.000000000000000000, 0.000000000000000000 ) ) ;
#1703 = EDGE_CURVE ( 'NONE', #128, #437, #1067, .T. ) ;
#1704 = FACE_OUTER_BOUND ( 'NONE', #148, .T. ) ;
#1705 = AXIS2_PLACEMENT_3D ( 'NONE', #700, #823, #230 ) ;
#1706 = DIRECTION ( 'NONE',  ( -0.000000000000000000, -0.000000000000000000, -1.000000000000000000 ) ) ;
#1707 = DIRECTION ( 'NONE',  ( -1.000000000000000000, 0.000000000000000000, 0.000000000000000000 ) ) ;
#1708 = CARTESIAN_POINT ( 'NONE',  ( 54.39048634428219486, -6.782307692307694147, 6.000000000000000000 ) ) ;
#1709 = VERTEX_POINT ( 'NONE', #540 ) ;
#1710 = DIRECTION ( 'NONE',  ( 0.000000000000000000, 0.000000000000000000, -1.000000000000000000 ) ) ;
#1711 = CARTESIAN_POINT ( 'NONE',  ( 61.34629865673041138, -0.08500000000000695888, -1.000000000000000000 ) ) ;
#1712 = AXIS2_PLACEMENT_3D ( 'NONE', #806, #1591, #1901 ) ;
#1713 = VECTOR ( 'NONE', #136, 1000.000000000000000 ) ;
#1714 = LINE ( 'NONE', #945, #878 ) ;
#1715 = DIRECTION ( 'NONE',  ( 0.000000000000000000, 0.000000000000000000, -1.000000000000000000 ) ) ;
#1716 = AXIS2_PLACEMENT_3D ( 'NONE', #645, #343, #940 ) ;
#1717 = LINE ( 'NONE', #363, #1807 ) ;
#1718 = ADVANCED_FACE ( 'NONE', ( #105 ), #78, .F. ) ;
#1719 = AXIS2_PLACEMENT_3D ( 'NONE', #224, #1893, #524 ) ;
#1720 = CYLINDRICAL_SURFACE ( 'NONE', #1305, 9.499999999999998224 ) ;
#1721 = EDGE_CURVE ( 'NONE', #1232, #276, #905, .T. ) ;
#1722 = ORIENTED_EDGE ( 'NONE', *, *, #1751, .T. ) ;
#1723 = CARTESIAN_POINT ( 'NONE',  ( 57.10491637959868427, 16.80652216361120566, -4.000000000000000000 ) ) ;
#1724 = ADVANCED_FACE ( 'NONE', ( #555 ), #1319, .F. ) ;
#1725 = CARTESIAN_POINT ( 'NONE',  ( 89.34629865673041138, -0.08500000000000867972, -4.000000000000000000 ) ) ;
#1726 = EDGE_CURVE ( 'NONE', #617, #1159, #820, .T. ) ;
#1727 = CARTESIAN_POINT ( 'NONE',  ( 62.47892689733615867, 13.61869912971759966, 6.000000000000000000 ) ) ;
#1728 = DIRECTION ( 'NONE',  ( -1.000000000000000000, 0.000000000000000000, 0.000000000000000000 ) ) ;
#1729 = CARTESIAN_POINT ( 'NONE',  ( 20.00000000000000000, 34.00000000000000000, 6.000000000000000000 ) ) ;
#1730 = ORIENTED_EDGE ( 'NONE', *, *, #895, .T. ) ;
#1731 = DIRECTION ( 'NONE',  ( -1.000000000000000000, 0.000000000000000000, 0.000000000000000000 ) ) ;
#1732 = LINE ( 'NONE', #373, #1838 ) ;
#1733 = ORIENTED_EDGE ( 'NONE', *, *, #53, .F. ) ;
#1734 = EDGE_CURVE ( 'NONE', #129, #226, #1388, .T. ) ;
#1735 = ORIENTED_EDGE ( 'NONE', *, *, #1452, .F. ) ;
#1736 = DIRECTION ( 'NONE',  ( 0.000000000000000000, 0.000000000000000000, -1.000000000000000000 ) ) ;
#1737 = FACE_OUTER_BOUND ( 'NONE', #1147, .T. ) ;
#1738 = CIRCLE ( 'NONE', #1137, 1.600000000000004086 ) ;
#1739 = LINE ( 'NONE', #755, #317 ) ;
#1740 = EDGE_LOOP ( 'NONE', ( #1037, #1152 ) ) ;
#1741 = ORIENTED_EDGE ( 'NONE', *, *, #667, .F. ) ;
#1742 = CARTESIAN_POINT ( 'NONE',  ( 91.26129865673041763, 19.82992782986673319, 6.000000000000000000 ) ) ;
#1743 = CARTESIAN_POINT ( 'NONE',  ( 42.79353932347663658, 19.82992782986672964, -1.000000000000000000 ) ) ;
#1744 = ORIENTED_EDGE ( 'NONE', *, *, #560, .F. ) ;
#1745 = VECTOR ( 'NONE', #1267, 1000.000000000000000 ) ;
#1746 = ORIENTED_EDGE ( 'NONE', *, *, #1460, .T. ) ;
#1747 = CARTESIAN_POINT ( 'NONE',  ( 59.93137082686367734, -15.50000000000000711, -4.000000000000000000 ) ) ;
#1748 = FACE_OUTER_BOUND ( 'NONE', #293, .T. ) ;
#1749 = DIRECTION ( 'NONE',  ( -0.000000000000000000, -0.000000000000000000, 1.000000000000000000 ) ) ;
#1750 = AXIS2_PLACEMENT_3D ( 'NONE', #1412, #60, #206 ) ;
#1751 = EDGE_CURVE ( 'NONE', #271, #428, #1863, .T. ) ;
#1752 = ORIENTED_EDGE ( 'NONE', *, *, #859, .T. ) ;
#1753 = AXIS2_PLACEMENT_3D ( 'NONE', #38, #1553, #515 ) ;
#1754 = CARTESIAN_POINT ( 'NONE',  ( 89.13347824225810712, -16.77499154467182763, -1.000000000000000000 ) ) ;
#1755 = LINE ( 'NONE', #396, #138 ) ;
#1756 = ORIENTED_EDGE ( 'NONE', *, *, #747, .T. ) ;
#1757 = ORIENTED_EDGE ( 'NONE', *, *, #341, .T. ) ;
#1758 = DIRECTION ( 'NONE',  ( 1.000000000000000000, 0.000000000000000000, 0.000000000000000000 ) ) ;
#1759 = DIRECTION ( 'NONE',  ( 0.3654646176781204958, -0.9308252323746842860, 0.000000000000000000 ) ) ;
#1760 = DIRECTION ( 'NONE',  ( 0.000000000000000000, 1.000000000000000000, -0.000000000000000000 ) ) ;
#1761 = ORIENTED_EDGE ( 'NONE', *, *, #1005, .F. ) ;
#1762 = CARTESIAN_POINT ( 'NONE',  ( 12.59999999999999964, 10.00000000000000000, -1.000000000000000000 ) ) ;
#1763 = EDGE_LOOP ( 'NONE', ( #597, #682 ) ) ;
#1764 = DIRECTION ( 'NONE',  ( 0.000000000000000000, 0.000000000000000000, -1.000000000000000000 ) ) ;
#1765 = CARTESIAN_POINT ( 'NONE',  ( 0.000000000000000000, -16.00000000000000000, -1.000000000000000000 ) ) ;
#1766 = DIRECTION ( 'NONE',  ( -1.000000000000000000, 0.000000000000000000, 0.000000000000000000 ) ) ;
#1767 = ORIENTED_EDGE ( 'NONE', *, *, #1602, .F. ) ;
#1768 = ORIENTED_EDGE ( 'NONE', *, *, #1103, .T. ) ;
#1769 = CARTESIAN_POINT ( 'NONE',  ( 50.58031558623630275, 7.829927829866729638, -4.000000000000000000 ) ) ;
#1770 = VECTOR ( 'NONE', #421, 1000.000000000000000 ) ;
#1771 = VERTEX_POINT ( 'NONE', #529 ) ;
#1772 = LINE ( 'NONE', #733, #756 ) ;
#1773 = AXIS2_PLACEMENT_3D ( 'NONE', #1258, #1551, #928 ) ;
#1774 = FACE_OUTER_BOUND ( 'NONE', #864, .T. ) ;
#1775 = AXIS2_PLACEMENT_3D ( 'NONE', #567, #714, #556 ) ;
#1776 = AXIS2_PLACEMENT_3D ( 'NONE', #881, #1504, #1828 ) ;
#1777 = ORIENTED_EDGE ( 'NONE', *, *, #263, .F. ) ;
#1778 = CIRCLE ( 'NONE', #1148, 1.600000000000004086 ) ;
#1779 = CIRCLE ( 'NONE', #956, 2.600000000000000089 ) ;
#1780 = CARTESIAN_POINT ( 'NONE',  ( 59.93137082686367734, -15.50000000000000711, 6.000000000000000000 ) ) ;
#1781 = VERTEX_POINT ( 'NONE', #1922 ) ;
#1782 = FACE_OUTER_BOUND ( 'NONE', #1476, .T. ) ;
#1783 = CARTESIAN_POINT ( 'NONE',  ( 38.00000000000000000, -8.000000000000001776, -1.000000000000000000 ) ) ;
#1784 = ORIENTED_EDGE ( 'NONE', *, *, #254, .T. ) ;
#1785 = ORIENTED_EDGE ( 'NONE', *, *, #1541, .T. ) ;
#1786 = ORIENTED_EDGE ( 'NONE', *, *, #1641, .F. ) ;
#1787 = CARTESIAN_POINT ( 'NONE',  ( 50.58031558623630275, 11.82992782986672964, -4.000000000000000000 ) ) ;
#1788 = ORIENTED_EDGE ( 'NONE', *, *, #314, .F. ) ;
#1789 = LINE ( 'NONE', #894, #863 ) ;
#1790 = EDGE_LOOP ( 'NONE', ( #1958, #1294, #1223, #1000 ) ) ;
#1791 = AXIS2_PLACEMENT_3D ( 'NONE', #1485, #1954, #132 ) ;
#1792 = FACE_BOUND ( 'NONE', #1891, .T. ) ;
#1793 = ORIENTED_EDGE ( 'NONE', *, *, #1019, .F. ) ;
#1794 = VERTEX_POINT ( 'NONE', #411 ) ;
#1795 = EDGE_CURVE ( 'NONE', #1454, #1362, #538, .T. ) ;
#1796 = PLANE ( 'NONE',  #1791 ) ;
#1797 = EDGE_CURVE ( 'NONE', #1362, #1259, #740, .T. ) ;
#1798 = EDGE_CURVE ( 'NONE', #342, #1909, #1228, .T. ) ;
#1799 = EDGE_CURVE ( 'NONE', #437, #600, #429, .T. ) ;
#1800 = VERTEX_POINT ( 'NONE', #1652 ) ;
#1801 = CYLINDRICAL_SURFACE ( 'NONE', #794, 2.599999999999998312 ) ;
#1802 = ADVANCED_FACE ( 'NONE', ( #604 ), #1187, .F. ) ;
#1803 = ORIENTED_EDGE ( 'NONE', *, *, #898, .F. ) ;
#1804 = EDGE_CURVE ( 'NONE', #1634, #1444, #1548, .T. ) ;
#1805 = AXIS2_PLACEMENT_3D ( 'NONE', #212, #1841, #485 ) ;
#1806 = VECTOR ( 'NONE', #1760, 1000.000000000000000 ) ;
#1807 = VECTOR ( 'NONE', #1572, 1000.000000000000000 ) ;
#1808 = ORIENTED_EDGE ( 'NONE', *, *, #142, .T. ) ;
#1809 = ORIENTED_EDGE ( 'NONE', *, *, #1565, .F. ) ;
#1810 = VECTOR ( 'NONE', #707, 1000.000000000000000 ) ;
#1811 = CARTESIAN_POINT ( 'NONE',  ( 92.07673796124537091, 13.95580200546907612, 6.000000000000000000 ) ) ;
#1812 = CARTESIAN_POINT ( 'NONE',  ( 38.00000000000000000, -8.000000000000001776, 0.000000000000000000 ) ) ;
#1813 = VERTEX_POINT ( 'NONE', #1349 ) ;
#1814 = FACE_OUTER_BOUND ( 'NONE', #533, .T. ) ;
#1815 = ORIENTED_EDGE ( 'NONE', *, *, #1920, .F. ) ;
#1816 = CARTESIAN_POINT ( 'NONE',  ( 59.93137082686367734, -15.50000000000000711, 6.000000000000000000 ) ) ;
#1817 = CARTESIAN_POINT ( 'NONE',  ( 38.00000000000000000, 7.829927829866727862, 6.000000000000000000 ) ) ;
#1818 = DIRECTION ( 'NONE',  ( -1.000000000000000000, -6.278258087101726593E-17, 0.000000000000000000 ) ) ;
#1819 = ORIENTED_EDGE ( 'NONE', *, *, #1323, .F. ) ;
#1820 = FACE_OUTER_BOUND ( 'NONE', #1074, .T. ) ;
#1821 = ORIENTED_EDGE ( 'NONE', *, *, #1860, .F. ) ;
#1822 = DIRECTION ( 'NONE',  ( 1.000000000000000000, 0.000000000000000000, 0.000000000000000000 ) ) ;
#1823 = ORIENTED_EDGE ( 'NONE', *, *, #405, .T. ) ;
#1824 = AXIS2_PLACEMENT_3D ( 'NONE', #32, #1399, #1239 ) ;
#1825 = EDGE_CURVE ( 'NONE', #903, #1354, #1038, .T. ) ;
#1826 = CARTESIAN_POINT ( 'NONE',  ( 62.61837608573242164, 15.21261064666438934, -4.000000000000000000 ) ) ;
#1827 = DIRECTION ( 'NONE',  ( -1.000000000000000000, 0.000000000000000000, 0.000000000000000000 ) ) ;
#1828 = DIRECTION ( 'NONE',  ( 1.000000000000000000, 0.000000000000000000, 0.000000000000000000 ) ) ;
#1829 = EDGE_LOOP ( 'NONE', ( #613, #1599, #1431, #455 ) ) ;
#1830 = LINE ( 'NONE', #8, #1236 ) ;
#1831 = VECTOR ( 'NONE', #1852, 1000.000000000000000 ) ;
#1832 = ORIENTED_EDGE ( 'NONE', *, *, #263, .T. ) ;
#1833 = CARTESIAN_POINT ( 'NONE',  ( 57.24436556799494014, 15.21261064666438934, -4.000000000000000000 ) ) ;
#1834 = DIRECTION ( 'NONE',  ( 1.000000000000000000, 0.000000000000000000, 0.000000000000000000 ) ) ;
#1835 = VECTOR ( 'NONE', #1474, 1000.000000000000000 ) ;
#1836 = ORIENTED_EDGE ( 'NONE', *, *, #1364, .T. ) ;
#1837 = FILL_AREA_STYLE_COLOUR ( '', #1673 ) ;
#1838 = VECTOR ( 'NONE', #1906, 1000.000000000000000 ) ;
#1839 =( GEOMETRIC_REPRESENTATION_CONTEXT ( 3 ) GLOBAL_UNCERTAINTY_ASSIGNED_CONTEXT ( ( #1049 ) ) GLOBAL_UNIT_ASSIGNED_CONTEXT ( ( #1596, #1615, #1149 ) ) REPRESENTATION_CONTEXT ( 'NONE', 'WORKASPACE' ) );
#1840 = DIRECTION ( 'NONE',  ( 1.000000000000000000, 0.000000000000000000, 0.000000000000000000 ) ) ;
#1841 = DIRECTION ( 'NONE',  ( -0.000000000000000000, 0.000000000000000000, 1.000000000000000000 ) ) ;
#1842 = DIRECTION ( 'NONE',  ( 1.000000000000000000, 0.000000000000000000, 0.000000000000000000 ) ) ;
#1843 = CARTESIAN_POINT ( 'NONE',  ( 89.38717283233275168, 16.64536713438168647, -1.000000000000000000 ) ) ;
#1844 = VERTEX_POINT ( 'NONE', #1327 ) ;
#1845 = EDGE_CURVE ( 'NONE', #1794, #89, #697, .T. ) ;
#1846 = CARTESIAN_POINT ( 'NONE',  ( 75.34629865673041138, -0.08500000000000867972, -1.000000000000000000 ) ) ;
#1847 = CARTESIAN_POINT ( 'NONE',  ( 0.000000000000000000, -16.00000000000000000, 6.000000000000000000 ) ) ;
#1848 = VERTEX_POINT ( 'NONE', #277 ) ;
#1849 = DIRECTION ( 'NONE',  ( 1.000000000000000000, 0.000000000000000000, 0.000000000000000000 ) ) ;
#1850 = DIRECTION ( 'NONE',  ( 1.000000000000000000, 0.000000000000000000, 0.000000000000000000 ) ) ;
#1851 = DIRECTION ( 'NONE',  ( -1.000000000000000000, 0.000000000000000000, 0.000000000000000000 ) ) ;
#1852 = DIRECTION ( 'NONE',  ( -0.000000000000000000, -0.000000000000000000, 1.000000000000000000 ) ) ;
#1853 = DIRECTION ( 'NONE',  ( -1.000000000000000000, 0.000000000000000000, 0.000000000000000000 ) ) ;
#1854 = LINE ( 'NONE', #1677, #731 ) ;
#1855 = ORIENTED_EDGE ( 'NONE', *, *, #752, .T. ) ;
#1856 = CARTESIAN_POINT ( 'NONE',  ( 91.26129865673041763, 15.82992782986673141, 6.000000000000000000 ) ) ;
#1857 = DIRECTION ( 'NONE',  ( 0.000000000000000000, 0.000000000000000000, -1.000000000000000000 ) ) ;
#1858 = FACE_OUTER_BOUND ( 'NONE', #957, .T. ) ;
#1859 = DIRECTION ( 'NONE',  ( 1.000000000000000000, 0.000000000000000000, 0.000000000000000000 ) ) ;
#1860 = EDGE_CURVE ( 'NONE', #719, #1287, #1738, .T. ) ;
#1861 = ADVANCED_FACE ( 'NONE', ( #288 ), #272, .F. ) ;
#1862 = CARTESIAN_POINT ( 'NONE',  ( 91.26129865673041763, 19.82992782986673319, 6.000000000000000000 ) ) ;
#1863 = CIRCLE ( 'NONE', #154, 29.22992782986673532 ) ;
#1864 = ADVANCED_FACE ( 'NONE', ( #1664, #887, #1023, #725, #1176, #866, #877, #1782, #150, #1059, #1201, #588 ), #1796, .T. ) ;
#1865 = LINE ( 'NONE', #1254, #1831 ) ;
#1866 = EDGE_CURVE ( 'NONE', #406, #320, #284, .T. ) ;
#1867 = AXIS2_PLACEMENT_3D ( 'NONE', #306, #1252, #1558 ) ;
#1868 = CARTESIAN_POINT ( 'NONE',  ( 39.07023839397790255, 22.36806935915424788, 6.000000000000000000 ) ) ;
#1869 = EDGE_CURVE ( 'NONE', #1567, #387, #1772, .T. ) ;
#1870 = FACE_OUTER_BOUND ( 'NONE', #1829, .T. ) ;
#1871 = VERTEX_POINT ( 'NONE', #436 ) ;
#1872 = EDGE_CURVE ( 'NONE', #345, #1909, #1947, .T. ) ;
#1873 = ORIENTED_EDGE ( 'NONE', *, *, #1872, .F. ) ;
#1874 = CARTESIAN_POINT ( 'NONE',  ( 30.00000000000000000, -10.00000000000000000, 6.000000000000000000 ) ) ;
#1875 = CARTESIAN_POINT ( 'NONE',  ( 95.26129865673041763, 15.82992782986673141, 6.000000000000000000 ) ) ;
#1876 = AXIS2_PLACEMENT_3D ( 'NONE', #19, #1749, #827 ) ;
#1877 = AXIS2_PLACEMENT_3D ( 'NONE', #1880, #815, #1274 ) ;
#1878 = CIRCLE ( 'NONE', #162, 4.000000000000003553 ) ;
#1879 = CYLINDRICAL_SURFACE ( 'NONE', #251, 2.600000000000000089 ) ;
#1880 = CARTESIAN_POINT ( 'NONE',  ( 59.93137082686367734, -15.50000000000000711, 6.000000000000000000 ) ) ;
#1881 = CARTESIAN_POINT ( 'NONE',  ( 13.99999999999999822, 34.00000000000000000, -1.000000000000000000 ) ) ;
#1882 = EDGE_CURVE ( 'NONE', #129, #1232, #1192, .T. ) ;
#1883 = ORIENTED_EDGE ( 'NONE', *, *, #683, .F. ) ;
#1884 = DIRECTION ( 'NONE',  ( -0.000000000000000000, -0.000000000000000000, 1.000000000000000000 ) ) ;
#1885 = DIRECTION ( 'NONE',  ( 0.000000000000000000, 0.000000000000000000, 1.000000000000000000 ) ) ;
#1886 = ORIENTED_EDGE ( 'NONE', *, *, #1541, .F. ) ;
#1887 = ORIENTED_EDGE ( 'NONE', *, *, #1397, .T. ) ;
#1888 = DIRECTION ( 'NONE',  ( -1.000000000000000000, 0.000000000000000000, 0.000000000000000000 ) ) ;
#1889 = CYLINDRICAL_SURFACE ( 'NONE', #1047, 2.600000000000000089 ) ;
#1890 = DIRECTION ( 'NONE',  ( -1.000000000000000000, 0.000000000000000000, 0.000000000000000000 ) ) ;
#1891 = EDGE_LOOP ( 'NONE', ( #1290, #1136, #1440, #410, #1604, #47 ) ) ;
#1892 = ORIENTED_EDGE ( 'NONE', *, *, #314, .T. ) ;
#1893 = DIRECTION ( 'NONE',  ( 0.000000000000000000, 0.000000000000000000, -1.000000000000000000 ) ) ;
#1894 = LINE ( 'NONE', #976, #678 ) ;
#1895 = ORIENTED_EDGE ( 'NONE', *, *, #553, .F. ) ;
#1896 = ORIENTED_EDGE ( 'NONE', *, *, #1315, .T. ) ;
#1897 = DIRECTION ( 'NONE',  ( -1.000000000000000000, 0.000000000000000000, 0.000000000000000000 ) ) ;
#1898 = ADVANCED_FACE ( 'NONE', ( #932 ), #1065, .F. ) ;
#1899 = CARTESIAN_POINT ( 'NONE',  ( 41.99999999999999289, -8.000000000000000000, 6.000000000000000000 ) ) ;
#1900 = AXIS2_PLACEMENT_3D ( 'NONE', #1570, #1561, #506 ) ;
#1901 = DIRECTION ( 'NONE',  ( 1.000000000000000000, 0.000000000000000000, 0.000000000000000000 ) ) ;
#1902 = PRODUCT_DEFINITION_FORMATION_WITH_SPECIFIED_SOURCE ( 'ANY', '', #1263, .NOT_KNOWN. ) ;
#1903 = ORIENTED_EDGE ( 'NONE', *, *, #442, .T. ) ;
#1904 = ORIENTED_EDGE ( 'NONE', *, *, #1153, .F. ) ;
#1905 = DIRECTION ( 'NONE',  ( 0.000000000000000000, 0.000000000000000000, -1.000000000000000000 ) ) ;
#1906 = DIRECTION ( 'NONE',  ( -0.000000000000000000, -0.000000000000000000, -1.000000000000000000 ) ) ;
#1907 = EDGE_LOOP ( 'NONE', ( #432, #174, #1383, #1744 ) ) ;
#1908 = CIRCLE ( 'NONE', #761, 3.999999999999996447 ) ;
#1909 = VERTEX_POINT ( 'NONE', #1546 ) ;
#1910 = DIRECTION ( 'NONE',  ( 1.000000000000000000, 0.000000000000000000, 0.000000000000000000 ) ) ;
#1911 = AXIS2_PLACEMENT_3D ( 'NONE', #1375, #471, #1834 ) ;
#1912 = CARTESIAN_POINT ( 'NONE',  ( 64.21837608573243017, 15.21261064666438934, -1.000000000000000000 ) ) ;
#1913 = CARTESIAN_POINT ( 'NONE',  ( 20.00000000000000000, 34.00000000000000000, 0.000000000000000000 ) ) ;
#1914 = AXIS2_PLACEMENT_3D ( 'NONE', #1328, #1064, #1766 ) ;
#1915 = AXIS2_PLACEMENT_3D ( 'NONE', #1919, #1625, #1926 ) ;
#1916 = ORIENTED_EDGE ( 'NONE', *, *, #667, .T. ) ;
#1917 = VECTOR ( 'NONE', #366, 1000.000000000000000 ) ;
#1918 = PRESENTATION_STYLE_ASSIGNMENT (( #988 ) ) ;
#1919 = CARTESIAN_POINT ( 'NONE',  ( 30.00000000000000000, 10.00000000000000000, 6.000000000000000000 ) ) ;
#1920 = EDGE_CURVE ( 'NONE', #75, #99, #913, .T. ) ;
#1921 = ORIENTED_EDGE ( 'NONE', *, *, #608, .T. ) ;
#1922 = CARTESIAN_POINT ( 'NONE',  ( 54.39046682785077991, 6.612246625271847478, 6.000000000000000000 ) ) ;
#1923 = DIRECTION ( 'NONE',  ( -0.000000000000000000, -0.000000000000000000, -1.000000000000000000 ) ) ;
#1924 = CARTESIAN_POINT ( 'NONE',  ( 90.46811716451779262, 17.82501087327788980, -1.000000000000000000 ) ) ;
#1925 = ORIENTED_EDGE ( 'NONE', *, *, #1367, .T. ) ;
#1926 = DIRECTION ( 'NONE',  ( 1.000000000000000000, 0.000000000000000000, 0.000000000000000000 ) ) ;
#1927 = ORIENTED_EDGE ( 'NONE', *, *, #1256, .T. ) ;
#1928 = CARTESIAN_POINT ( 'NONE',  ( 62.61837608573242164, 15.21261064666438934, -4.000000000000000000 ) ) ;
#1929 = DIRECTION ( 'NONE',  ( 1.000000000000000000, 0.000000000000000000, 0.000000000000000000 ) ) ;
#1930 = ORIENTED_EDGE ( 'NONE', *, *, #1795, .F. ) ;
#1931 = AXIS2_PLACEMENT_3D ( 'NONE', #1578, #837, #1910 ) ;
#1932 = EDGE_CURVE ( 'NONE', #1948, #1207, #1112, .T. ) ;
#1933 = DIRECTION ( 'NONE',  ( 0.000000000000000000, 0.000000000000000000, -1.000000000000000000 ) ) ;
#1934 = EDGE_LOOP ( 'NONE', ( #1543, #1484, #1679, #565, #1481, #1189, #1475, #1883, #1777, #1676 ) ) ;
#1935 = DIRECTION ( 'NONE',  ( 1.000000000000000000, 0.000000000000000000, 0.000000000000000000 ) ) ;
#1936 = AXIS2_PLACEMENT_3D ( 'NONE', #1517, #946, #780 ) ;
#1937 = PLANE ( 'NONE',  #40 ) ;
#1938 = CIRCLE ( 'NONE', #106, 3.999999999999996447 ) ;
#1939 = VECTOR ( 'NONE', #119, 1000.000000000000000 ) ;
#1940 = EDGE_LOOP ( 'NONE', ( #85, #440 ) ) ;
#1941 = ORIENTED_EDGE ( 'NONE', *, *, #670, .T. ) ;
#1942 = AXIS2_PLACEMENT_3D ( 'NONE', #1597, #1288, #1849 ) ;
#1943 = AXIS2_PLACEMENT_3D ( 'NONE', #1087, #1218, #1687 ) ;
#1944 = EDGE_CURVE ( 'NONE', #276, #1781, #541, .T. ) ;
#1945 = PRODUCT_DEFINITION_CONTEXT ( 'detailed design', #161, 'design' ) ;
#1946 = EDGE_LOOP ( 'NONE', ( #1081, #1084, #1659, #510 ) ) ;
#1947 = LINE ( 'NONE', #1356, #252 ) ;
#1948 = VERTEX_POINT ( 'NONE', #1226 ) ;
#1949 = LINE ( 'NONE', #1530, #322 ) ;
#1950 = EDGE_LOOP ( 'NONE', ( #589, #1278 ) ) ;
#1951 = EDGE_CURVE ( 'NONE', #644, #585, #1, .T. ) ;
#1952 = FACE_OUTER_BOUND ( 'NONE', #493, .T. ) ;
#1953 = ORIENTED_EDGE ( 'NONE', *, *, #1256, .F. ) ;
#1954 = DIRECTION ( 'NONE',  ( -0.000000000000000000, 0.000000000000000000, 1.000000000000000000 ) ) ;
#1955 = EDGE_CURVE ( 'NONE', #1185, #62, #1139, .T. ) ;
#1956 = ADVANCED_FACE ( 'NONE', ( #1096 ), #315, .F. ) ;
#1957 = VERTEX_POINT ( 'NONE', #183 ) ;
#1958 = ORIENTED_EDGE ( 'NONE', *, *, #606, .F. ) ;
#1959 = LINE ( 'NONE', #168, #1052 ) ;
#1960 = ORIENTED_EDGE ( 'NONE', *, *, #116, .F. ) ;
#1961 = AXIS2_PLACEMENT_3D ( 'NONE', #399, #1736, #1461 ) ;
ENDSEC;
END-ISO-10303-21;
